13,14,0.3455045098269718,2502.6202949945623,3.521927775228335
14,13,0.41440027951072,5444.00301031937,3.6634442485166328
14,15,0.3455045098269709,5444.00301031937,3.521927775230522
15,14,0.41440027951072,1090.639699317568,3.6634442485189074
15,16,0.18066007864023526,690.1045800214998,5.546300271723516
15,67,0.3455045098269718,1090.639699317568,3.5219277752305223
16,15,0.16177692588651826,1073.9022708285186,5.386540876132706
16,18,0.04,2726.5047465489224,3.637051085256606
16,68,0.26241640067183436,1908.2937123157697,4.27445162722126
18,16,0.12007108191537963,2665.221442408883,3.8322495482260215
18,19,0.04,410.90554131319874,4.37211274502836
18,70,0.15765536909438493,1143.9077105156389,5.234640430946903
19,18,0.04,2340.524833851407,3.9418844954257497
19,71,0.04,2340.524833851405,4.37211274502836
20,21,0.38780915876290045,1252.2995613316164,5.595329533249828
20,72,0.49044432694726536,1377.9632042848475,5.795078793612469
21,20,0.3707721915965707,2625.173450605943,5.076744601816799
21,22,0.4756866291131314,90.19486319454398,5.132000280797545
21,73,0.6663333289430793,1847.1310152190013,6.6661220971748945
22,21,0.4352789575709055,986.1402733292508,5.73418979062382
22,23,0.12802988821820094,2253.8156791586366,4.779007109339244
22,74,0.16666350794993345,417.0696265338912,3.950635619503158
23,22,0.2638586394246536,1872.2488967413717,4.660842987899462
23,75,0.36082837760994874,2614.4885554413977,6.188958434100352
24,25,0.3356993648672888,919.8093339452341,4.437632703287251
24,76,0.4299478375493621,3170.8915394770197,5.817653543173234
25,24,0.19652792815880504,5570.164516450885,4.620860295849353
25,26,0.22405994190121117,5676.1221295468185,3.968984790202286
25,77,0.04,2672.747914614415,3.324909946666169
26,25,0.15301199776070334,4729.3527740664285,4.066326206436898
26,27,0.3353470148757562,4584.427850042055,4.607195695378633
27,26,0.2842624000615886,3040.993833625395,4.856495229204033
27,29,0.2641652392427045,1237.2325015180334,3.302862645771212
27,79,0.16541295900793246,1735.7945438930403,3.795035911810535
29,27,0.22540713507294718,1870.5494713505136,3.410137906116681
29,30,0.5091565326536386,2915.6782880773435,4.607519258459014
30,29,0.3772826148550849,3095.269119347673,4.2334120261909325
30,31,0.5091565326536386,3095.269119347673,4.607519258459014
31,30,0.37728261485508496,1160.6568484445872,4.2334120261909325
31,32,0.6491487485176268,1922.5412030893608,5.746581739236225
31,83,0.15447620236955117,1037.5721518521505,6.280990482971973
32,31,0.06287985212168401,880.656848444587,4.923171700053821
32,33,0.032643652836088916,969.1635752546265,5.191619115422828
32,84,0.8543182419599172,1730.5478640977906,6.581835994732871
33,32,0.062084145722477224,3227.817459305199,5.431829361591798
33,34,0.10235187901745046,3227.817459305199,5.690725502148502
34,33,0.062084145722476336,619.0883059515259,5.431829361591798
34,86,0.04,1128.0438140649865,3.9614167546943246
35,36,0.29452757189869283,628.1909146639157,4.808559175834685
35,87,0.264723520166778,3185.4229106780585,4.51883255014992
36,35,0.37229069435910445,3032.173443324022,5.445987736411884
36,88,0.29452757189869283,3032.1734433240076,4.808559175828714
38,40,0.12952427376046494,655.7878239116752,4.0464715584399125
40,38,0.19687146531615918,2828.6958769451244,3.941266685299419
40,92,2.247075669757879,384.0782865263178,7.075994697095671
41,42,0.13272600130430057,2341.531754987828,4.530377867179719
41,93,0.16207996601563224,2341.531754987828,4.4732708067891735
42,41,0.16207996601563224,3614.8838272139296,4.4732708067891735
42,43,0.1787207357876908,2342.2122089267627,3.3211985225717156
42,94,0.04,2329.339176230091,3.3350024662061895
43,42,0.06789012149310486,3122.3506063160576,5.24459834833513
43,44,0.32861061357733734,386.90665162583,4.570986612382597
44,43,0.5402643355561082,3434.0779104506414,5.819274426326481
44,45,0.25738372605330584,5140.912061190849,6.041573141837158
44,96,0.5771894954347752,3026.075036106579,5.763394446229256
45,44,0.32824428736265165,2257.0687401706073,4.449361445545212
45,46,0.24468666692240681,4788.545105955118,4.695250621896339
45,97,0.30581583205749796,3601.377761112307,3.89063822131975
46,45,0.18246634104618265,1120.2387991290286,4.608150864589905
46,47,0.04,1716.1555602267367,5.068779553029719
47,46,0.04,481.3675265632415,5.192383365977026
47,48,0.06559401194382097,2933.87532047619,4.948724184878922
47,99,0.04,2933.8753204761874,5.050477937370981
48,47,0.04,1231.1593737615287,5.050477937367845
48,100,0.22605105258685576,1400.0599474071355,4.233500559157907
51,103,0.22783965245032967,779.2020830308663,6.159624193811072
52,104,0.6486846119505278,3014.49747468399,3.985229848604731
67,15,0.41440027951072,2883.8217996199423,3.6634442485189074
67,68,0.3455045098269709,2883.821799619942,3.521927775230522
68,16,0.04,1201.716747889502,4.351442918065807
68,67,0.41440027951072,862.7785743508258,3.6634442485189074
68,70,0.29394768032970564,1751.1081893793862,5.351136290042495
70,18,0.34092408923762596,2615.919850057332,5.465451480457461
70,68,0.1640380302524589,3287.907680397266,5.358698337266384
70,124,0.6602185563569797,461.6884373073317,9.176278768481575
71,19,0.04,1241.4452212809376,3.9418844954257497
71,72,0.7001145583694934,4597.892515474209,5.778069140314883
71,125,0.49575791168007655,3356.447294193283,5.667141724749312
72,20,0.3374157665057238,538.615798415347,4.539881572860286
72,71,0.4389670832711207,1475.275950130761,5.055000766288586
72,73,0.04,345.95321824640314,5.4415414728268665
73,21,7.599360072415681,304.56591919084025,25.462343363847612
73,72,0.04,1080.590071079104,3.0649575290650137
73,74,1.1470435576092262,2718.9927671474475,9.193489079218695
73,127,0.258897079634266,3017.7287791751655,5.149382723517043
74,22,0.12220015363844583,2719.0321040187687,4.741061420542861
74,73,3.7673808349185025,4333.787168518134,9.643466592779925
74,75,1.7172652653648761,3086.9848480983487,5.8427372787736935
75,23,0.26889759657692286,1663.9469034422264,5.589303960454341
75,74,0.8083448887171398,1127.647849280076,5.305741498329433
75,76,0.03183163806143336,3511.9330157108725,4.301989922921943
75,129,1.0724086828596495,1489.973305551955,7.948474515888626
76,24,0.028297189072751028,431.3147510320707,5.288120364578077
76,75,0.03846007551283134,3277.81980449081,3.488184214340813
76,130,0.02,2842.3391680197815,5.162962411340466
77,25,0.04,249.20454344448692,3.4162853443874592
79,27,0.03969434874235133,3385.0889549522726,4.745244568867158
79,81,0.22540713507294763,51.73283481668983,3.410137906114564
79,133,0.04,3333.356120135583,4.750199526250058
81,79,0.2641652392427045,3709.365860341939,3.302862645769161
81,135,0.22540713507294763,3709.3658603419394,3.410137906114564
82,83,1.1376693173136303,319.77317599123296,3.926274178302275
82,136,0.19752509369171722,118.77677713710722,3.6141358951513975
83,31,0.19598058492737014,687.488814691949,6.03402570548273
83,82,0.04,276.0121875039141,3.2878205748613754
83,84,0.3677385282706125,1221.026490268504,7.03009996674125
83,137,0.03484838601072622,524.9117420106948,5.030124260746976
84,32,0.2484896170084712,4065.5968962253196,4.608532628057051
84,83,0.48852969062545815,1499.0344762755954,6.975714122218845
84,138,0.6228609102453041,428.3163877556286,6.314006017779684
86,34,0.04,854.5084958185437,3.600382029964451
86,87,0.7108013590532871,4120.822469033612,4.433895275075433
86,140,5.888937364760583,186.00360935525055,18.942840215754643
87,35,0.4735918469385718,1092.4225530437782,4.771356765424256
87,86,0.13109480298793752,1791.9431268833598,3.765901218785808
87,88,0.04,749.0487790401849,4.61645068805949
87,141,0.9205701896276945,2675.892558613055,6.292040161426037
88,36,0.3722906943591049,425.5325430963875,5.445987736405122
88,87,0.04,3405.9292911237685,4.186361951029654
88,89,0.04439505139432703,3831.4618342201484,4.637786777750102
89,88,0.3250994356941743,4597.271564523172,5.1386657909457405
89,90,0.21388666996547354,5744.213929521837,4.654313035815651
90,89,0.3713700296965053,3419.897178896827,5.36556952177263
90,92,0.3415347531736565,4952.272450890427,4.852714986808641
90,144,0.04,556.4037357097556,6.037318313130109
92,40,0.27653755038195804,2975.6054111224166,4.676442468482205
92,90,0.4246925886464352,4810.36491289363,5.135036127096683
92,93,0.2929808856338858,2695.474899885665,4.617766381664793
93,41,0.13272600130430057,1093.2066296824985,4.530377867179719
93,92,0.46510448421061307,4480.496310501336,4.652579099279067
93,94,0.4095934359831359,3387.289680818836,4.784275696217017
94,42,0.17987559339198178,1767.5746122657708,3.316996680486671
94,93,0.48087682415380284,3090.9616811669416,4.710448674253065
94,148,0.8537263633005381,1322.6945070791105,6.322640778209877
95,96,0.44687876127452597,3772.4867214242463,5.328995709243828
95,149,0.5771894954347752,3772.4867214242727,5.763394446229256
96,44,0.4468787612745264,644.1031636199458,5.328995709247137
96,95,0.5771894954347752,644.1031636199458,5.763394446225677
97,45,0.3095674363234586,2341.0061944187228,5.222457370807418
97,98,0.2141596381950266,2012.1595917208624,3.379792515175436
97,151,0.3470722679837279,2012.159591720859,4.253661202889515
98,97,0.34707226798372837,225.80403470406367,4.2536612028974385
98,99,0.061207681948121984,2151.11984685205,3.7143339136224904
99,47,0.06559401194382097,1652.9909178691994,4.9487241848819945
99,98,0.14507368052514158,1497.5197634547392,3.4727711362750577
99,100,0.07047522689452501,346.62237216899183,4.463260681699523
99,153,0.053472852015428174,1434.3492692875493,5.249850700115318
100,48,0.18630546790579094,1397.2192732064434,4.392997555570607
100,99,0.039761801049936984,1304.5908312666047,5.147484244894645
100,101,0.17843684079893096,1697.8355756027258,3.983763910642511
100,154,0.17439929655689745,1456.4203370994148,4.5538741228989075
101,100,0.10639971703079043,3014.4974746830585,4.333010136125926
101,103,0.17843684079893096,3014.4974746830585,3.9837639106474576
103,51,0.04,580.0010191369636,5.844887750440861
103,101,0.10639971703078954,1088.7329668921982,4.333010136131306
103,104,0.18230800181438056,280.9788133315742,3.1903382959029427
103,157,0.20049327942693385,1771.4199149586786,5.050412495876075
104,52,0.042599332585139926,501.8639341471159,3.08168285085478
104,103,0.08703973721401326,2592.3054579158875,3.750368787476819
104,105,0.47457762703052797,403.0498811434397,3.993408079385091
104,158,0.06041783255220068,2309.7046083468767,4.477772127207473
105,104,0.23969968635729977,3006.2132034337337,4.518927596958945
105,106,0.47457762703052797,3006.2132034337337,3.9831084843708777
106,105,0.239699686357298,436.0922544821539,4.5072726087328485
106,107,0.3786811188198227,2748.9434588925214,4.291323011810678
106,160,0.1284476009433786,1569.0548967723216,4.421471508506236
107,106,0.09731025853698938,1366.9848130952134,4.546827764778547
107,161,0.3786811188198236,1366.9848130952128,4.03206869664524
124,70,0.5641466266748231,3359.5416851602504,8.3459236858496
124,125,0.3273489154326153,1390.9498593825783,7.8025444426539154
124,177,0.19453889662243196,187.5546103652981,5.484903720221845
125,71,0.7586173630633231,660.8950190295849,6.298088582082225
125,124,0.3032784035365091,1572.4253550069616,6.018817122776557
125,126,0.8450688837821017,3482.1846667599843,6.449473267357764
126,125,1.218738034277261,1804.8463549183032,6.302941379179291
126,127,0.21001577990376705,986.8853387758048,3.744182357161565
127,73,0.36046621162384085,3545.7221574618097,5.680434392407427
127,126,0.03183176384866416,927.0778985968135,2.889101734073623
127,180,1.944682934665186,2025.0689131793383,5.499035754119202
129,75,0.31248698373539296,2540.5923123742896,5.81356216872995
129,130,1.1043536545266275,3142.081093979784,7.538450986463261
130,76,0.026281353285992015,695.5035444548366,5.296474490699565
130,129,0.3031813993193556,865.4286411246724,5.182657521041231
130,131,0.04,279.53186200909363,4.743178281199462
130,183,0.149026296863457,1253.7590829784608,6.468100989340834
131,130,0.44129753108141223,494.463087357023,6.023847478923836
131,132,0.048592100242534464,274.55130435712636,6.097335504415044
131,184,0.3273850017981519,514.3492692875492,6.892242618264168
132,131,0.10624055056588588,1162.224371801616,6.011042195848307
132,133,0.10784185177568606,1915.6738906122212,4.713545678112787
132,185,0.1670421636881212,3077.898262413836,5.405419013243403
133,79,0.04,374.2903410192401,4.767629967572205
133,132,0.25950736878800296,1312.2388073331404,4.985638687770329
133,135,0.34621570720221406,1142.0386777705564,3.72670738568579
133,186,0.14888853378985267,3575.301950163234,3.931190039560587
135,81,0.2641652392427045,54.04894752351327,3.302862645769161
135,133,0.04,1777.3473240295743,3.5505756291226738
135,136,8.126301081882024,1461.8528219491286,13.963878115032422
135,188,1.3713870965175987,3082.3139148503674,5.047602948092462
136,82,0.08664846056818565,293.68108879600254,3.4878933209256133
136,135,0.7480265729052098,3205.22156919797,5.317762940047711
136,137,8.126301081882023,3205.2215691979686,13.96387811503242
137,83,0.20273288742284803,1488.4334957808662,4.740046519511806
137,136,0.7480265729052098,711.514712820856,5.317762940047711
137,138,7.8275460646951505,697.5412030893601,13.502397336469862
137,190,0.30202327110922,4935.632880334617,5.339946594542801
138,84,0.6264928049789157,5042.887325516895,5.602376966179164
138,137,0.31386747081880007,638.0832553157798,5.3050138033437815
138,139,0.04,3336.733050349607,3.638543821776332
138,191,0.6971499679712599,3562.078048462704,6.5311633212044065
139,138,0.8935918025499754,268.394729079259,5.390347303423691
139,140,0.5827362459313519,3488.9477663606413,5.8464601895677015
139,192,0.5159062036996156,938.2202513764382,5.249281317134375
140,86,0.5827362459313519,435.78022281327975,5.846460189565887
140,139,5.888937364760584,435.78022281327975,18.942840215760523
141,87,0.04,3062.1320343559632,4.722383619946435
141,194,0.9205701896276937,3062.1320343559637,6.2920401614338495
144,90,0.04,2334.743801275984,4.7583902527458255
144,146,0.04,1002.6024659191564,3.407947556995389
144,197,18.31045347315753,3378.0955975776337,30.841091188193325
146,144,0.04,3332.9669790484004,3.5090082335578785
146,147,0.04,3332.9669790484,3.407947556995389
147,146,0.04,3210.114098906328,3.5090082335578785
147,148,0.04,3210.1140989063274,3.407947556995389
148,94,0.0696991641138407,3173.969696196702,5.630049955624494
148,147,0.04,3021.0517353846626,3.5090082335578785
148,149,0.04,3021.0517353846626,3.4079475569953885
148,201,0.8537263633005363,3173.96969619669,6.322640778213802
149,95,0.44687876127452597,3024.852813742385,5.328995709247137
149,148,0.04,713.1374404687376,3.5090082335578785
149,202,0.5627496674796078,3737.990254211123,5.314019982549806
150,203,0.04,73.49140491128014,3.1581187374741244
151,97,0.21415963819502704,1658.077137583644,3.3797925151691413
151,152,0.02,309.5513043552637,4.133203931724427
151,204,0.06978460554735832,1346.4203370994148,4.725642651948454
152,151,0.07114850348845003,1582.0172381396603,5.191963426642192
153,99,0.04,3008.2842712474617,5.072048180032393
153,206,0.05347285201542995,3008.2842712474617,5.249850700121837
154,100,0.2415411083428598,3024.852813742385,4.49418016672613
154,207,0.17439929655689745,3024.8528137423855,4.5538741229031485
157,103,0.08256520374502596,2755.722579602556,4.942922400079655
157,158,0.04104330870764983,297.547355826498,4.063057431797208
157,210,0.4547172168465501,1946.099270136141,5.374795084696312
158,104,0.1681255070920029,2270.5035444548366,4.478394558133066
158,157,0.04,2780.0009841328906,4.187815934626374
158,159,0.04,331.3341523909016,4.413338301502748
158,211,0.14059832982544496,736.4203370994146,4.600979040654725
159,158,0.04,3178.5172695747665,4.585160379045496
159,160,0.04,3178.5172695747674,4.413338301497268
160,159,0.04,3072.081935659093,4.585160379039803
160,161,0.12156911890434419,5516.147077426591,3.294592545776601
161,107,0.09731025853698849,256.9010392994471,4.272137485093567
161,160,0.1148489977028877,2171.2284504669497,3.403109206585154
161,214,0.05826808520692062,214.70460834687657,7.436963231020684
166,167,0.15488976679552646,5908.486117861374,3.3285377844706887
166,222,0.3005784860562226,5280.70380991806,3.300981157325051
167,166,0.2902019374477227,5689.00016601547,3.3028672909765824
167,168,0.1638249847955482,5586.025611082634,3.326778562877297
167,223,0.14707637898845682,634.4282347314006,3.33008388057776
168,167,0.22209608073404485,1074.6372147170864,3.3155325189534643
177,124,0.2572282107160335,3694.7938615191815,5.99848001389477
177,178,0.2900608678799266,2286.7634056894676,5.628109710761801
177,233,0.19453889662243196,3694.793861519181,5.48490372021844
178,177,0.3318847804240157,1191.0183402410526,5.535962098524789
178,179,0.3109542140805299,128.12379538081586,4.241038425847959
178,234,0.10429322806913044,2856.6270486240874,3.839526277266612
179,178,2.981305862914005,1411.4346458463417,7.563132166116016
179,180,0.04,1499.545151618126,4.787416884324713
180,127,0.5493160694062327,2727.995294861391,5.023821672931231
180,179,0.04,1227.942221797167,5.257687926391121
180,181,2.020345143514843,4837.7291631527205,6.638737024665388
180,236,0.28394732369812115,1837.061292396468,5.637218625391256
181,180,0.49162080914145334,4050.344306865123,4.380648276930797
181,182,0.5520289768763783,1989.2810868864315,4.097235425620858
181,237,0.3125483454500184,467.13101521900074,5.8238834064640965
182,181,3.688480801690467,2823.731184792491,9.660608968710577
182,183,0.24671994382019924,982.0866607925694,6.48065102096319
183,130,0.08749509890567547,2728.236225325161,6.020860097511885
183,182,0.3314402078902867,3246.3181022651156,6.730127992871301
183,184,0.20865809428782445,417.46079419722815,5.302022295384511
183,239,0.06021825956342308,1859.0449583972654,6.247183405081304
184,131,0.3515481885105638,1524.559460365055,6.573380497553615
184,183,0.04,475.8234770502338,5.490389417250282
184,185,0.0861519978879306,1746.1736765261182,5.654357818354288
184,240,0.02,435.2071336647496,4.359961984534028
185,132,0.10740345424905051,1095.1243935047264,5.00949870057496
185,184,0.04,1310.8973912857473,6.029101231647831
185,186,0.31936236735907375,1121.5361524554771,5.771719599774099
185,241,0.2428980811554592,881.6274707650956,6.236136070466252
186,133,0.04,1294.4736627922762,4.79907062082344
186,185,0.3284240334601525,1540.804034702201,6.101989073609312
186,188,0.34277371306689197,477.0624160294737,3.6396456427237593
186,242,0.07203566785151505,1965.5372195546631,4.951127561715871
188,135,0.28511967648304815,3393.5028842553725,3.4323166747016707
188,244,1.164555549371861,6077.897959979545,4.425757421520806
189,190,0.04,1098.6284981114366,3.9088756227880537
189,245,0.2800834435344397,1098.6284981114366,4.423673571508472
190,137,0.13248398475364745,3113.052903552126,4.1865287050012086
190,189,0.2800834435344406,676.5533823838979,4.423673571511218
190,191,0.28927846542245916,1549.928940397512,5.629818411983175
190,246,0.3662513565223904,1458.8467439715391,4.774879246771098
191,138,0.9435038791639212,5017.26790720386,6.8185993432504
191,190,0.20453106731454618,514.1269755127047,4.113636740349873
191,192,0.43808916101142037,875.8793040071648,7.707857284821434
191,247,0.1565583498914388,3586.6974562378105,6.146935727632254
192,139,0.849224553475927,1978.7703194609746,6.574811574974653
192,191,0.20569677730248692,1497.0243750115544,7.624431562453569
192,193,1.7919543420987498,2358.9015927807077,6.5657006020578965
192,248,0.18286281611361663,1227.131015219001,5.536634378867974
193,192,0.3580050547722715,3061.9461785371705,4.885530835074971
193,194,1.7919543420987507,3061.9461785371695,6.565700602057897
194,141,0.04,1082.5746122667022,4.722383619952299
194,193,0.3580050547722715,1783.7716364533778,4.885530835074971
194,195,2.850295409964624,1099.8402406070015,5.719170252081355
194,250,0.04,2097.1057620495876,4.46988957338421
195,194,0.5536115235686969,3117.87760984506,3.50501971098092
195,196,2.850295409964625,3117.8776098450603,5.719170252077804
196,195,0.5536115235686978,1946.2744003939456,3.505019710978744
196,197,2.304681956302155,3284.6736045922116,6.956946540795292
196,252,2.6256781428179643,1242.1305930793092,8.249908492673306
197,144,0.7965211790469731,443.53967176088025,5.931818990483033
197,196,4.075162421429797,3022.931369154381,7.24707250106761
197,253,5.600532411208558,2579.3916973934956,8.574918178294354
200,201,4.482607806847927,1854.1087264454584,18.976297243404204
200,256,0.11030205556468076,1854.1087264454584,5.7819910883221715
201,148,0.0696991641138398,293.7878157022984,5.63004995562799
201,200,0.11030205556468076,294.59083126846724,5.7819910883221715
201,202,0.44687876127452597,604.7594571588395,5.328995709253754
201,257,0.1898842197110693,1211.4802845074812,7.190055174446056
202,149,0.25306875192491457,3860.423911701829,4.213728064005542
202,201,0.5771894954347743,1494.800003206214,5.763394446236412
202,203,0.04,2365.6239084956155,3.407947556991157
203,202,0.04,85.24314529325619,3.5090082335535207
203,204,0.04,2752.2215774028505,3.8227656664770175
204,151,0.16172758849297608,776.8639341480473,5.314155799201425
204,203,0.04,2890.6925618211317,3.2246123844822008
204,205,0.04,331.6223721671292,4.829935070849077
204,260,0.02,2411.958575791972,5.137558472912824
205,204,0.05132405471817236,3016.5685424967864,5.293332888237031
205,206,0.04,3016.5685424967864,4.829935070849076
206,153,0.04,758.9350019599128,5.072048180038691
206,205,0.05132405471817236,1495.4486956428736,5.293332888237031
206,207,0.7292487120500475,1644.6955344263838,4.85927803659637
206,262,0.04,3552.079067603516,5.22802386716064
207,154,0.24154110834286024,1326.0060697717784,4.494180166730315
207,206,0.5263357969312423,1447.2640605025535,5.007935228506098
207,208,0.6551510331604824,1742.7716528694982,4.700357899258586
207,263,0.19840269515663822,1653.4914049122117,4.4780448908038375
208,207,0.6397141452351729,3377.120197580939,4.867486377541544
208,210,0.6551510331604824,3377.1201975809304,4.700357899258586
210,157,0.3456299501917499,2928.4767681681833,5.646879787408575
210,208,0.6397141452351729,1000.8411893573808,4.867486377541544
210,211,0.14246841834095053,1081.8358472614227,3.453121389699708
210,266,0.2204811422911046,1193.699557713925,5.12849523013611
211,158,0.3392647879022377,913.0771375836435,4.4210257320251465
211,210,0.02,2790.4124453488257,4.358504025989051
211,212,0.19036281179988013,1179.4084219174897,3.862201266202683
211,267,0.1665578894791957,1179.4084219174897,4.223638183849001
212,211,0.16655788947919525,3445.254734020979,4.223638183851623
212,213,0.19036281179988013,3445.2547340209835,3.862201266195489
213,212,0.16655788947919525,2521.0670013127374,4.2236381838437556
213,214,0.09468360921457201,1797.3125580767914,4.055140396449113
213,269,0.04,554.9123390085106,4.570873958668652
214,161,0.1852751543000144,756.0670363158774,7.769146372594704
214,213,0.0313992487084159,2002.0229373845089,4.673658827703037
214,270,0.04,359.3492692884805,3.649949581394371
219,275,0.22209608073404397,6237.6738319564265,3.3155325189514055
222,166,0.14707637898845682,354.85895558313314,3.33008388057776
222,275,0.3005784860562226,354.85895558313314,3.3009811573250514
223,167,0.3005784860562226,864.560753779329,3.300981157325051
223,224,0.18395548436783038,1719.3840989875234,3.3228494042149164
224,223,0.29088105364721617,4783.78199220782,3.3027435037499706
224,280,0.1470763789884577,4204.407957801927,3.330083880576727
231,233,0.29434049762043024,3277.6926968150915,4.655825360979568
233,177,0.2572282107160335,691.1302963859401,5.9984800138910455
233,231,0.30589044504629515,5017.105277829558,3.944028498039736
233,234,0.2831207730890468,5781.691160372971,4.503485451740064
233,289,0.2169755184272617,923.0306296556636,4.4091883778694285
234,178,0.1834657295187796,3245.6373790227076,3.735419498786033
234,233,0.22368725408797374,3018.8055288280852,4.371746259475878
234,235,0.02,449.9212582475334,3.351354802377569
235,234,0.03311982199962582,2935.297354759438,3.9455874277770873
235,291,0.02,2935.2973547594393,3.351354802374447
236,180,0.1662680808862449,3702.949852598643,5.328359224429086
236,292,0.28394732369812203,3702.949852598651,5.637218625389506
237,181,0.8472466780197898,3519.5331880577414,6.772034813538982
237,293,0.3125483454500184,3519.533188057732,5.823883406462289
238,239,0.12159411951631416,1138.5083239415665,4.726809613393252
238,294,0.25981259866253126,1138.5083239415655,4.587156408784358
239,183,0.29243518639236754,2045.2483648652646,6.001888268884836
239,238,0.25981259866253126,1417.0141026489534,4.587156408784358
239,240,0.18629455096514835,1145.284712326517,5.897209024992031
239,295,0.4949163008462485,1679.7620953400055,7.358526940422059
240,184,0.02,746.863934147116,4.272304775785828
240,239,0.06949009594727773,1241.5886628889025,5.736082825920154
240,241,0.21348360476247089,2223.8052800106684,6.813446361661832
240,296,0.6613049965931446,1427.753610207791,7.596516773746617
241,185,0.30344562878334214,2105.651749848483,6.787824292047594
241,240,0.37890422260961243,1604.5756711555791,7.146029583033397
241,242,0.17180288713191905,2219.279228822956,5.897293344077361
241,297,0.22193647337923483,635.3538977826705,6.407867049446967
242,186,0.04,3000.2091719386763,5.0403657478499895
242,241,0.16149475202722385,1891.822501729712,6.666115780121105
242,298,0.32551269836296104,2287.033261167805,3.713075059241635
244,188,0.28511967648304815,884.9909260759405,3.4323166746995395
244,242,0.3427737130668911,1173.833622137076,3.639645642723759
244,245,1.0203820591428991,2491.8639751808287,4.526796033034752
245,189,0.04,1520.772663799719,3.9088756227856263
245,244,0.6740519015291087,2497.6439597074977,4.011860218390984
245,246,0.15709116050867955,491.62237216899183,5.2820888788906455
245,301,0.41282196231061646,2439.454600991632,4.935676094832576
246,190,0.37295220133426943,1393.43247664204,4.836696083094073
246,245,0.2645098630090139,1550.804034702201,5.205308355796028
246,247,1.8931852116051573,3154.514938992361,8.585540818522142
246,302,0.1475858234873435,1696.6793633877708,6.751200741354293
247,191,0.19553372496084157,4317.440346627049,6.175666904283491
247,246,0.15430457473008286,177.65178960132707,6.516377652710207
247,248,0.9132510050976004,760.7645077908601,8.263509634132273
247,303,0.03217151020405566,3391.982809824423,6.78757945601347
248,192,0.2695953809079815,1240.001019136964,5.988018479568279
248,247,0.07805455342749745,628.7329668921982,6.821378282805887
248,249,0.40758037020912496,2514.6955344237467,5.611282936923815
248,304,0.5384395240477776,1816.62848990206,3.838303912385956
249,248,0.698899728605527,1782.177840791674,6.386658409507878
249,250,0.06825533567053998,411.62237216899183,4.900458229883352
249,305,0.39381504423183566,1796.6270486254032,6.594065387921541
250,194,0.04,1362.2192732064436,4.376993526702626
250,249,0.28723948975975233,1330.804034702201,4.745869153634685
250,251,1.6762182452934065,1898.5819670979304,7.232965905818952
250,306,0.04,1797.608287366529,4.5128035776172455
251,250,0.04,1937.2863574836117,4.438716375543249
251,252,0.4208062387743201,1126.1198468501875,4.076230549950462
251,307,0.76003004147266,2069.6793551783944,5.271844281240073
252,196,0.2603503272453507,1579.0930705615597,4.319659961844755
252,251,0.36822319149178906,975.7178149905488,4.47830519707288
252,253,0.2282865780734886,2254.526051187711,5.0514710660837165
252,308,0.04,1847.9636264258563,4.732339014655531
253,197,0.04,967.3702049389882,3.189959611011328
253,252,0.3581912546517414,3047.6345596729057,5.158454099744658
253,255,1.0246840620086903,4676.688103324983,6.128855102553235
253,309,0.5659887554555906,2195.328047615985,7.557765869056114
255,253,0.33809655539590067,1068.6862740862987,6.123093292194223
255,256,0.02954963806316638,1999.7464079068263,4.55752345969008
255,311,0.35577279976302345,2739.5916941882233,6.054990746322642
256,200,4.482607806847927,607.2192732064434,18.976297243404204
256,255,0.580068559656856,3747.883819007209,4.381486201447414
256,257,0.04339863154217569,3081.6051422342116,6.3151897090562485
256,312,0.3443244135600675,797.3367076070931,6.895467280165595
257,201,1.691857613286207,1272.7228176603487,9.577671482537752
257,256,0.22171569548286052,727.7451461912328,6.503529390365283
257,258,0.4153627888422129,970.1147962181676,5.3913928294192095
257,313,6.274130332701613,209.7046083478079,33.80928733336863
258,257,0.9745916381720603,3165.685424949234,6.3822053129250715
258,259,0.4153627888422129,3165.6854249492344,5.3913928294192095
259,258,0.9745916381720603,3293.9057734616067,6.3822053129250715
259,260,0.4153627888422129,3293.905773461599,5.3913928294192095
260,204,0.04512227163994442,2488.8487822454663,4.700903909788456
260,259,0.9745916381720603,2301.502876047701,6.3822053129250715
260,261,0.23790445364417145,646.1808133942864,4.9017505735046285
260,316,0.11917974891869143,881.4802845074814,6.531871990714088
261,260,0.11572558794471899,810.4472543680795,5.23657790118225
261,317,0.23790445364417234,810.4472543680798,4.901750573500063
262,206,0.04,310.0634269577195,4.047360756422269
262,318,0.21725097741068122,2495.4505777014497,4.311949536781567
263,207,0.09691985410855075,3057.634559672906,4.2271056545896855
263,319,0.19840269515663866,3057.6345596729034,4.478044890803838
266,210,0.05626393203202085,3304.177426858718,4.9175459198891955
266,267,0.19036281179988013,1.5913847532933918,3.862201266202683
266,322,0.22047156094046194,3305.7688116119984,5.128059635333602
267,211,0.19036281179987924,3922.019061766168,3.862201266200284
267,266,0.16655788947919525,3922.0190617661888,4.223638183851623
268,269,0.04,204.87667513508464,4.620288181255515
268,324,0.04,1277.1053399085777,5.441683606962121
269,213,0.04,2861.4808230772055,4.620288181258384
269,268,0.04,2861.480823077208,4.570873958665814
270,214,0.11841370397008522,3120.1219330881963,3.786130432878128
270,326,0.04,3120.1219330881963,4.374722757314833
273,274,0.14707637898845682,1883.1870733670528,3.330083880575693
273,329,0.3005784860562226,1883.187073367053,3.3009811573240264
274,273,0.3005784860562217,3741.08680227034,3.3009811573230015
274,275,0.14707637898845682,3741.08680227034,3.33008388057776
275,219,0.2496401682201741,1631.2517533593364,3.310349709190404
275,222,0.1470763789884577,996.8178965620988,3.33008388057776
275,274,0.3005784860562226,415.8092097427402,3.300981157325051
276,332,0.14707637898845682,831.1513137491517,2.157260267282215
280,224,0.3005784860562217,5036.0343507819625,3.300981157324026
280,281,0.14707637898845682,5036.034350781963,3.330083880575693
281,280,0.3005784860562217,1569.957464248345,3.3009811573230015
281,337,0.14707637898845682,1569.957464248345,3.33008388057776
288,299,0.14707637898845682,1760.714841468655,3.330083880579828
288,344,0.24741183206927708,5375.050817283521,3.169142019470056
289,233,0.21151911972546023,4122.976547046042,3.701596673086968
289,290,0.29648640684443706,1899.645091208683,4.454555457646068
290,289,0.08735871365032821,472.74385556313007,4.149465365570564
290,291,0.040371631700260036,4331.235362346824,5.1877727810934
290,346,0.3343875380606822,472.74385556313007,4.370056744628889
291,235,0.03311982199962582,368.3650512738555,3.945587427773413
291,290,0.02,368.3650512738555,3.351354802375488
291,292,0.06010899697687222,1178.856410074274,4.531817058834121
291,347,0.9818611378741569,3281.1771557095885,5.220750548280477
292,236,0.1662680808862449,364.4924571369472,5.328359224427432
292,291,0.09309413574920633,4632.877409686202,3.8593054266723694
292,293,0.16636727742786217,3735.234577950407,3.8217576079986806
293,237,0.8472466780197894,2159.8895462540363,6.772034813536879
293,292,0.10248915399196346,1272.561629566562,3.640318017521795
293,294,0.046451881051833725,1440.2503250031175,5.99222996590622
293,349,0.2334793522781573,1597.9632042841888,6.831495113118616
294,238,0.12159411951631416,2916.529515498312,4.726809613393252
294,293,0.041435016520107185,329.43004931224,6.376755376448701
294,295,0.05907875885615057,2371.296593745348,2.790582976797057
295,239,0.602735647628817,636.0070889078104,7.189889720637882
295,294,0.05495373707699645,156.31127147951088,2.652798987143834
295,296,0.0435239746099145,875.5502022520088,3.4895676111451204
295,351,0.05490101117067651,1523.7352179341763,2.7810126496989382
296,240,0.06980679282401826,1287.5869358873883,5.4977729153093815
296,295,0.043479145794553684,241.0183402429151,4.319874477636235
296,297,1.9787227174818534,948.3351447331725,4.88502102835186
296,352,0.514681493530566,803.6118967208462,5.389397088335299
297,241,0.04,1572.671714324249,5.720054507787974
297,296,0.07496571846076219,1753.3048245111231,3.4117432044795453
297,298,0.11077126551000699,1502.8355756045885,3.6538444981517246
298,242,0.04,1487.2802397505432,5.648645298157234
298,297,0.4859714320056932,1590.3015093852598,4.070091220074432
298,300,2.031445432642263,2507.5905616581035,4.638494281717033
298,354,0.04994400128919185,1640.6234392672457,6.138691653054117
299,288,0.3005784860562226,691.4794910199462,3.3009811573271004
299,355,0.1470763789884586,691.4794910199462,2.74574715714189
300,298,0.04679104912184649,3610.6651977934735,3.1638251862692495
300,301,10.52113662161181,765.1784807187463,10.06796312985693
300,356,0.634386307264688,857.8203846990997,3.975902364950253
301,245,0.269811269176931,3269.8758274222987,4.059526619144107
301,300,0.9334729371975058,4546.9394387890525,4.531153656489929
301,302,7.245346105233071,3528.814541378716,10.62393868477766
301,357,4.536225289113093,1438.4571514524644,5.139071473257983
302,246,0.04,273.07713758271234,6.240226611064116
302,301,0.4674147155266331,3552.36252735123,4.090839641802219
302,303,0.22064727118209793,1847.7321259626535,6.725435989645625
302,358,2.4239748788541444,3175.466203163738,7.022295042658485
303,247,0.06064906041454314,718.7278682942317,6.609044620344929
303,302,0.3793222662730202,2250.171553056066,7.3215578956472
303,304,0.32267130655777543,1664.6661005715684,7.406166072433034
303,359,0.08854547606371185,2547.814401891519,6.097419886749387
304,248,0.026093393295489157,536.7167478895017,4.108234773655075
304,303,0.1052604896621112,869.8923406555894,7.605571991473381
304,305,0.10918311445455631,2671.5361524536106,6.692223417407638
304,360,0.05116579909313824,4425.474868731386,5.2578229751672385
305,249,0.31357308067412903,462.2192732064433,6.247908410516433
305,304,0.20359008855283145,1046.870051882046,7.012652349412694
305,306,0.6642534266293834,1864.0000164187538,4.467009531598882
305,361,1.2653996045652998,2949.6646107754386,5.092329199105898
306,250,0.04,621.863934147116,5.076505452289344
306,305,15.476210638533693,1844.6753072627205,18.180671089849472
306,307,2.625146114966842,633.6833469224669,5.810133101440087
307,251,0.2571390064917156,1694.2041213047955,4.375729312699952
307,306,0.2322833818774765,2392.036772263562,4.823895322118323
307,308,0.4012759550314956,2583.279245233808,8.940055474067925
307,363,1.2652759409958343,3960.5910257755486,5.7050363055249775
308,252,0.04,1713.0518844132987,5.205847465004313
308,307,0.19923375077159386,979.6839590503789,6.206666161486754
308,309,4.163743591084062,2926.8305249707055,13.420279898101915
308,364,0.02,449.9224320688763,5.291470787905187
309,253,0.09467921543521322,3062.3422254316074,7.059629419974293
309,308,0.4646915400262275,814.088305949663,5.330198630696403
309,311,2.707056341243134,2022.0170503770082,9.850431852707372
309,365,0.22474173053584856,2663.0992783455176,5.717400784465117
311,255,0.06599833786611098,1514.535648471363,5.962025375086133
311,309,0.07700780170945515,2016.103800370062,6.249899352371918
311,312,0.10603090310419194,634.2792288203211,5.332729751469763
311,367,1.8480057514497605,806.417454542149,7.5420481123157
312,256,0.24958559188674972,964.1914216100224,6.079294170291086
312,311,0.925105557655777,703.5396717615394,6.211405946160362
312,313,0.18482246814405437,1763.9423732027594,7.5552013631631425
312,368,1.4273362083833119,2996.696611952497,10.362807841948907
313,257,0.20406709000717882,970.6965371472264,9.316556368380756
313,312,4.258470540178066,4670.871413543031,14.315374910089922
313,314,0.26141070008119494,4775.689115431359,7.008038756612083
313,369,1.1269578091209862,305.64827029592317,8.59094100828616
314,258,2.2056489364515084,43.93500195898139,12.212919030689022
314,313,5.070375021161924,303.7178067793092,21.811952299512857
314,315,0.02,2863.876339613156,5.023633216649792
315,314,0.19607321366130703,3101.482322779548,5.298666060918094
315,316,0.02,3101.482322779548,5.02363321665603
316,260,0.02,321.00606977084686,6.590203955183738
316,315,0.1960732136613066,1884.5908312684671,5.298666060924674
316,371,0.14908954781096462,2716.983828960456,5.604497933754333
317,261,0.11572558794471988,2433.938747433911,5.236577901177373
317,318,0.18965074229458612,3296.2533553221783,4.959655810842443
318,262,0.04,584.1183237309716,4.579473762138799
318,317,0.07757873490452649,1908.8841050219517,5.078598360507148
318,319,1.132382158408209,3314.856137077624,4.752720146026651
318,373,0.04168857957130445,1368.30338323249,5.226505513963227
319,263,0.09691985410855031,2001.006069770847,4.2271056545896855
319,318,0.7555316195573036,1614.1492724937634,4.565005534499967
319,320,0.43190133960016297,1538.6072202654807,5.161364330628913
319,374,0.02,998.49140491128,4.77853726010217
320,319,0.32030037680894896,3347.939392393391,4.911254306315632
320,322,0.43190133960016297,3347.9393923933976,5.1613643306353225
322,266,0.15387727149590352,2022.819919718826,4.317798300850457
322,320,0.32030037680894896,1011.8686106034138,4.91125430632173
322,323,0.030899088739456602,623.587135702171,4.218664231039743
322,377,0.3945940394441686,3335.89681292769,5.964395166841377
323,322,0.031924546751007074,2076.69244384891,3.8776368814948174
323,324,0.04,1922.522102657084,4.97770002632219
323,378,0.11676783382018797,3007.724474269673,4.2662023157151845
324,268,0.04,2789.987632446709,4.977700026322189
324,323,0.029380709914432274,5948.3507280281865,4.3865439652484275
324,379,0.24358630217582178,2839.1105598551235,5.269437974349506
325,324,0.0511486205583318,3114.355775438023,3.454470463309829
326,270,0.11841370397008344,3076.6295090380904,4.537945140750855
326,325,0.0511486205583318,635.6928659815507,3.3523926725226056
326,381,0.04,3076.6295090380904,4.215260180754233
328,329,0.14707637898845682,2595.396908246156,3.3300838805818955
328,384,0.3005784860562226,2595.396908246156,3.300981157326076
329,273,0.1470763789884577,3470.0585452349483,3.3300838805767268
329,328,0.3005784860562226,3470.058545234949,3.3009811573291503
332,276,0.3005784860562217,2502.0722650943467,2.138407244116959
332,333,0.1470763789884577,2502.072265094346,3.0456508146105175
333,332,0.3005784860562217,4287.908036072991,3.019033847602881
333,344,0.1470763789884577,4287.908036072991,2.9455527867867497
336,337,0.22209608073404485,1993.0326818907713,3.315532518951406
337,281,0.3005784860562226,2111.3592520202124,3.300981157325051
337,336,0.20544412562055747,3786.039393430914,3.3187067417281377
337,391,0.14707637898845682,1285.4755454077635,3.33008388057776
344,288,0.1863545707184855,8772.972815511828,3.180263394488301
344,333,0.3005784860562226,4130.903616244966,2.9198106101166443
345,399,0.2287759915199863,295.04115306536943,5.184178206755644
346,290,0.08735871365032821,2821.752232087652,4.149465365575717
346,345,0.2287759915199863,1153.3997455089432,5.184178206752425
346,347,0.45674226021077313,2462.2763912098153,4.893909599882299
346,400,0.1121279365063037,824.409813693546,4.454841865601797
347,291,0.36513431134161145,1050.479732564054,4.216923021213411
347,346,0.4619698223088511,2934.5212244973573,4.493568588890325
348,347,0.33815745774423434,393.4249986809908,4.3642957365470005
348,349,0.28522554855738935,2095.9967164964573,4.045510043408535
348,402,0.19572637280601546,2211.7237285457777,5.036154214072558
349,293,1.1534736135251586,1718.9469034438143,6.933037728997047
349,348,0.0618647096570899,152.86150681731615,4.571144878782603
350,351,0.17832446734550267,889.5451516181258,5.7922972289392645
350,404,0.04,2417.841271198621,5.271291931491955
351,295,0.45844091971691353,4421.2914144373835,4.554781656901421
351,350,0.04,2568.480460488789,6.283581911100203
351,405,1.0097212907920161,511.7742348846061,6.809387726513776
352,296,0.1635443322596409,1034.048283268354,4.773288397163937
352,353,0.5196159867566479,743.5447388135175,5.537764847095256
353,352,0.20407705491985872,1971.477622875657,5.286364110121975
353,407,0.4525842954892427,2666.6122556628497,5.873471820749959
354,298,0.04,516.716747890433,6.168500820649792
354,408,2.094429796745911,2109.7403217234255,7.611932113479212
355,299,0.30057848605622084,3871.800950976883,2.721751149082672
355,366,0.14707637898845682,3871.800950976882,3.2577695515891794
356,300,0.36426696347446175,894.9324121760612,3.3101238747042356
356,357,0.6343863072646876,447.4662060880306,3.97590236494655
357,301,1.8064962536620224,588.1756809217952,3.9373456666765256
357,356,0.36426696347446086,5643.590264100469,3.3101238747011523
357,410,0.6834011987985505,2936.873872587217,3.9339025381656114
358,302,0.5435217250319933,1798.1875784370466,4.885217350199736
358,359,0.6736016134826719,1217.5697795940123,5.249485631596744
358,411,0.1416308326284376,1743.551949317278,6.149340662106115
359,303,0.11549242534712656,939.4395655526441,6.0812638773382
359,358,4.870609478076049,663.8872900179806,8.677365898369475
359,360,0.10511434576114188,3239.0925156495045,5.866897972102113
359,412,2.097542576686073,2224.1134029062514,9.698227087806536
360,304,0.1587765547260412,1928.8936264368888,5.663669241424942
360,359,0.2355819238850041,1428.3086380522736,6.198790566536944
360,361,1.2600171759028793,5027.042141772461,6.156410374854386
360,413,4.998413221288986,105.91781178433564,13.405694295649676
361,305,0.5167889756407116,3696.0843370947096,5.011164942811135
361,360,0.8787581345686561,1223.0158599469453,4.267561414632857
361,414,0.40499113113948315,4392.337304607543,6.539082377167805
362,363,0.09302500790119517,744.0086682011446,5.86001614823166
362,415,2.7656910772977525,744.0086682011446,8.986458155997836
363,307,0.38660305107575066,2911.998787858044,4.578712808036188
363,362,2.7656910772977534,1684.7261807484315,8.986458155992258
363,364,1.7990342437673275,1718.1656614926385,5.332658030825693
364,308,0.02,1996.8138499499555,5.1049241514584995
364,363,0.38369391829047,537.0172381396601,3.2659657604792733
364,365,0.2759902597317119,2761.9495018705315,5.574326289221627
364,417,1.9630473781293376,2799.7998469915296,5.55030588316362
365,309,0.39633530033728714,2048.5053446709726,5.747933439554528
365,364,0.17786569942651465,1282.7413326500805,5.787158499745705
365,367,0.21955691301223013,2469.087815750109,5.105064477502291
365,418,0.07596683697339479,2114.3593073547186,5.329408257884529
366,355,0.3005784860562226,3512.4785664642854,3.22929880758361
366,376,0.1470763789884577,3512.4785664642854,3.2665167046590633
367,311,0.09759229066898628,2244.806209098715,5.01662775065945
367,365,0.06689591729503658,1780.1971733723622,5.1885395799514225
367,368,0.3214468150709764,435.3741249390885,6.312268573129685
367,420,0.03364771749200863,727.1184617468772,5.975217454324628
368,312,0.046528144964944396,1782.8423364073935,5.859603427335573
368,367,0.0855236750075341,3597.63669420632,5.4852408360418226
368,369,0.07114193009302205,778.4102522469948,6.1315672215787025
368,421,0.03243934340476193,3524.736787179642,5.816097267104404
369,313,0.32581609590415805,2843.098480134908,6.77058794707168
369,368,0.14922201883918706,1118.228697861262,6.347682781806876
371,316,0.02,2441.716747890433,5.491735183070636
371,372,0.1977063341574481,1204.2569318400358,4.810292560423459
371,425,0.02,730.2676780698145,5.633134375775749
372,371,0.24372677282874733,3311.8124086731814,5.391039446857087
372,373,0.1977063341574481,3311.8124086731723,4.810292560423459
373,318,0.08886365693430864,2811.311324633006,5.01968866210615
373,372,0.24372677282874733,1335.0071368700324,5.391039446857087
373,427,0.6471668615777961,430.0599474080666,4.771666359469182
374,319,0.02,3012.426406873056,4.107980692826969
374,428,0.02,3012.4264068730554,4.77853726010217
376,366,0.3005784860562226,7242.067966353815,3.237969516340326
376,384,0.14707637898845682,7242.067966353815,3.330083880575693
377,322,0.37447894155918215,1249.9786485257446,5.599003910609401
377,378,0.07268161198026757,392.15589575129735,6.007752370466377
377,431,0.11425383203151884,3092.705521773496,4.93994014164669
378,323,0.18796155878019025,3495.246277090236,4.587010887374283
378,377,0.06812504369425534,4390.161661468647,3.744098348253463
378,432,0.1775501721120616,3006.213203437459,5.036182216408779
379,324,0.17500739730751436,3000.033048623604,4.536064373617667
379,433,0.24358630217582178,3000.033048623604,5.269437974349506
381,326,0.11841370397008433,3070.4163056052876,4.372532961607656
381,435,0.04,3070.4163056052867,4.293094295844463
382,383,0.04,1775.6829995403475,3.564596314653095
382,436,2.8973241176463134,1775.6829995403496,9.275856386058264
383,382,2.897324117646315,688.3272391938815,7.733302166587217
384,328,0.1470763789884577,4966.886304895538,3.330083880578794
384,376,0.3005784860562217,4966.886304895538,3.300981157323001
391,337,0.3005784860562226,3990.7406051915223,3.300981157325051
391,445,0.14707637898845682,3990.740605191521,3.3300838805777597
392,393,0.14707637898845682,1444.3828852425545,3.330083880579828
392,446,0.3005784860562226,1444.3828852425545,3.3009811573240264
393,392,0.3005784860562226,154.13960850401622,3.3009811573271004
393,447,0.1470763789884577,154.13960850401622,3.3300838805777606
394,395,0.1470763789884577,4244.602205274191,3.3300838805798283
394,448,0.3005784860562226,4244.602205274191,3.3009811573240264
395,394,0.3005784860562226,1514.3194239931818,3.3009811573271004
395,449,0.1470763789884577,1514.3194239931815,3.3300838805777606
396,450,0.4004163854610754,2570.6874219311026,3.4101662268481325
399,400,0.04,2890.352509657411,4.347270182320497
399,452,1.388096887476963,393.8467439715389,5.048748670449283
400,346,0.04,290.78637554592126,4.347270182325896
400,399,0.11212793650630282,290.78637554592126,4.454841865596265
401,402,0.6864877036244827,2841.625660498292,3.8375953619904655
401,454,0.4080431411028007,2841.625660498287,3.531664459892263
402,348,0.3409987211867693,3936.918007828849,5.040779745006789
402,401,0.4080431411028007,391.37367930224246,3.5316644598933595
402,403,0.4319965155056347,4161.253987511092,5.291593359521029
403,402,0.15158007535682824,1839.7124582652236,5.086341871484841
403,404,0.2178967855097227,2807.3823593590823,6.779367465070069
404,350,0.15337105195925727,1539.620849047256,5.820971844755302
404,403,0.16065489208965822,332.1508286986614,6.089624071659302
404,405,0.18408474020026366,3103.0985422113954,6.593141275952243
405,351,0.14087610474935514,2229.958412897284,5.787866478502754
405,404,0.03876431893331356,735.4295952124583,6.729188158854461
405,406,0.11699459700553719,1358.0756844057678,6.3019227456291045
405,458,0.027097900571425804,1032.278201476615,5.39867300408661
406,405,1.0695455635720215,593.8600986297483,8.0955555074413
406,407,0.2768233264435062,4709.967977107423,6.001634890628411
406,459,0.857861563547075,1783.3070090104443,8.700403283982187
407,353,0.46196446080368325,2282.657573348596,5.8739385719358035
407,406,0.7109574174782414,2421.8263799699844,6.882240081886791
407,408,3.3624589940414085,136.69849882411694,7.311356140756794
407,460,0.2977872361690852,969.263049574966,4.943543005977712
408,354,0.04,2631.3361556598247,4.800173685131884
408,407,8.464259467631479,75.989890522857,13.665504782185147
408,461,11.574871888760333,256.2731508427317,19.073048917377925
410,357,0.39808176226010666,9561.071863327052,3.0214072625478834
410,464,1.2498420120144187,6373.952131781117,3.4399969798792127
411,358,0.17006773337256084,4033.41708667995,5.9278253505683125
411,465,0.14163083262843829,4033.417086679947,6.149340662104207
412,359,0.02110766657094133,3215.356358194428,5.401547850356858
412,413,0.8255796771282427,3159.6948824310366,7.729433214533209
412,466,1.970316275999715,4453.897617453683,12.009292643750404
413,412,0.02938295416658864,673.6702566341038,6.174509664623643
413,414,0.02,1381.704616554551,5.408243294655449
413,467,0.6005308523605031,2600.5513605260903,7.4025123734668705
414,361,0.02,1879.7553356085089,5.506072000149108
414,413,0.7848343016162129,1754.9000614540923,7.937287468591269
414,468,1.0021526771802334,3048.552371456308,8.77353793809605
415,362,0.09302500790119517,985.981238740466,5.860016148235298
415,416,0.07699156063746448,272.3330502876466,7.878918895855298
415,469,0.3161783308665304,3813.490982772516,5.768042404763566
416,363,0.05232306676761421,398.7664964505718,2.94750892881814
416,415,0.5515102282048088,1104.7989840683183,9.675578604341062
416,417,0.5034370636497245,2040.345245998305,8.475631756032204
416,470,6.226409292070611,587.4013240443518,5.027834886697182
417,364,0.0336980598526232,3578.860683725806,5.526550990286232
417,416,0.10390716096248775,1092.619399564515,7.201496493676704
417,418,0.5717774353901499,1277.8669738759897,3.751953191023379
417,471,0.2108150250779931,3035.4243053950795,6.152941406595623
418,365,1.4600139130181784,1023.321425898145,7.35856612524886
418,417,0.0422650551925943,2141.476252915032,4.161362570132178
418,420,0.06224941171637832,1455.751458545975,6.049811458538352
418,472,1.8827916345198688,2338.8811553783917,3.3646338189531826
420,367,0.35944250187537746,3180.745171135648,6.59785420637497
420,418,0.02,2534.331447544697,5.806679046811437
420,421,0.31235047272692895,1680.0444061927608,6.330444293187212
420,474,0.22652056781058869,1093.2064273987485,6.934089737502276
421,368,0.25051219909511047,3019.609535631176,6.466460992371938
421,420,0.3044022588631794,2126.4573957225234,6.793172014036601
421,422,0.0355016311310923,538.6833469179701,6.207087491267009
421,475,0.031965196071873904,1584.676050485384,5.806066399006294
422,421,1.3699053025415286,2290.3577760281028,8.61911588171098
422,423,0.2910867343871377,683.6934399808573,6.2853659204289745
422,476,0.025574252668035848,3495.3118133751855,5.153993936648324
423,422,0.34980741313301816,157.51976345473912,6.91755596384259
423,424,0.260485762483489,2842.835575604588,4.649906984761432
424,423,1.5002825723742943,3496.635626772091,6.270409195873067
424,425,0.6441223311043638,1553.8751492728468,4.310992243733154
424,478,0.260485762483489,3496.6356267720844,4.649906984767207
425,371,0.02,3134.5336101967664,5.426394674244966
425,424,4.693772762830521,2461.665685493487,13.685023243896609
425,479,0.1370792022644631,5596.199295690263,5.051548241002152
427,373,0.18519075474502866,3074.5584412262265,4.178154919169127
427,481,0.6471668615777952,3074.558441226224,4.7716663594677
428,374,0.02,219.79286633431911,4.107980692826969
428,429,0.42753494828580374,1492.6883893451122,4.796188417370398
428,482,0.04399912752996693,2933.9072883759404,4.512577263149368
429,428,0.47966774726439976,3468.06132548159,4.605747884504591
429,431,0.42249605865314127,3768.848130252731,4.687185594778864
431,377,0.04,2110.747410629374,4.745037977657049
431,429,0.4796677472643993,1085.6315952770356,4.60574788451031
431,432,0.04,289.2630845790361,4.724100710310862
431,485,0.04,515.8539626859912,4.233341049410658
432,378,0.195994362376811,2291.0060697699155,4.355893023362042
432,431,0.04,2656.838645973632,4.677995006676712
432,433,0.04,571.3341523909016,5.420516635048181
433,379,0.1750073973075139,2584.679930945126,4.536064373617666
433,432,0.04,3169.8275605711046,5.655564361051502
433,434,0.04,3169.8275605711087,5.420516635044816
433,487,0.32473555761396744,528.0587837844517,4.9576237959826885
434,433,0.04,2677.660796977078,5.655564361047991
434,435,0.04,433.8215258043306,6.281332391586825
435,381,0.11841370397008433,732.929951324167,4.453271093816782
435,434,0.92621932549736,1076.6205599600494,6.341078981527
435,436,0.04,2104.176457224338,4.543708444475618
435,489,0.31872855226300967,683.5523714563108,5.09908212548083
436,382,0.04,2071.445109697933,4.2756228551181055
436,435,2.897324117646315,2071.445109697933,9.857461338205848
445,391,0.3005784860562226,1231.5270380181692,3.300981157325051
445,446,0.14707637898845682,1231.5270380181692,3.330083880575693
446,392,0.1470763789884577,4997.956115930037,3.3300838805767268
446,445,0.3005784860562217,4997.9561159300365,3.3009811573230015
447,393,0.3005784860562217,4827.624634812884,3.3009811573250505
447,448,0.14707637898845682,4827.624634812887,3.33008388057776
448,394,0.1470763789884577,1208.910419855604,3.3300838805767268
448,447,0.3005784860562226,1208.910419855604,3.3009811573250514
449,395,0.3005784860562226,4339.980632402627,3.300981157325051
449,450,0.14707637898845682,4339.980632402628,3.330083880575693
450,396,0.14424041696298318,990.2069108997496,3.3972185881352988
450,449,0.3005784860562217,864.2520699310417,3.3009811573230015
450,451,0.6244202804432835,125.9548409687079,3.662969834806117
451,450,0.12752254676588404,3543.280504959288,3.8578702750861584
451,452,0.543060804629623,3884.622100309801,3.661201051344397
452,399,0.04,3903.436478020575,3.6428402771170743
452,451,0.9331325245591993,6113.424141909298,4.6182490843206985
452,453,0.6864877036244827,125.63091723185885,3.8375953619857
452,505,0.6244202804432835,2209.987663888723,3.6629698348072544
453,452,0.4080431411028007,3463.9246945915256,3.5316644598889737
453,454,0.6864877036244827,3463.924694591523,3.8375953619904655
454,401,0.6864877036244836,693.2985799934579,3.8375953619892744
454,453,0.4080431411028016,693.2985799934572,3.5316644598933595
457,458,0.0715341009881243,138.3502553370133,5.054486964239637
457,510,0.2607595598487835,799.7900804913135,5.337419824301241
458,405,0.0715341009881243,3182.7510530739855,5.0544869642443455
458,457,0.027097900571425804,3182.7510530739733,5.398673004081581
459,406,0.32980944898834474,278.9101709292583,6.736520119343678
459,460,1.3940035419008403,3083.4846351881283,11.22611668613432
459,512,7.971491260799093,2284.252956515645,29.54092976960911
460,407,0.7535745324747611,860.1229522251629,5.421740808127229
460,459,8.882742270853775,259.7228574131925,32.55653522031388
460,513,0.5219485488804279,2863.7914916551454,7.678607006239009
461,408,1.6063986733499922,3159.472221512706,7.120923910862135
461,514,11.574871888760333,3159.472221512709,19.073048917377925
463,464,0.3909032702915149,10919.738808475402,3.0213242742080677
463,516,2.109620224914209,730.978356185835,4.463275149443368
464,410,0.42136044926008087,100.15503149247165,2.618654751561579
464,463,0.021202610670357728,2659.263487858347,4.698983602538624
464,465,0.2658547659450097,3804.138322088937,8.174863097591723
465,411,0.17006773337256084,416.00606977084686,5.927825350566472
465,464,0.23549843098800283,754.5370015925365,7.488423132343976
465,466,0.40316961319923333,4680.732117753276,6.122141517723925
465,518,3.4201865922982435,198.49140491128017,7.279142964691226
466,412,0.02,894.9410717298283,5.855429195584033
466,465,0.4226007536316483,155.8973912857473,5.646578702583914
466,467,0.39170816841282574,2076.026490264779,4.651074519249208
466,519,0.024508829703533852,858.7843361478762,6.448488647954832
467,413,0.02,1542.6517580552256,5.135618746601327
467,466,0.9327839187209331,1315.9583578335714,6.7444590809284914
467,468,0.8861594547955097,897.0548570159117,7.48663963652789
467,520,0.11199219408919259,1989.995649497829,6.381620818343521
468,414,0.46805005277792233,2857.168766867611,6.702017522221045
468,467,0.29707826870806997,1871.768672060141,5.938100273245369
468,469,0.9664592205436876,674.9066434164538,3.7780755474133993
468,521,0.2775705209080015,1835.977759188677,7.01193776861646
469,415,0.3404084577204438,2190.773085939411,5.919866722724403
469,468,3.492882292459609,888.230441573394,6.186068295807093
469,470,0.391591682507204,545.5786519720668,5.034415316513847
469,522,0.13644314670631233,1588.1960132581569,6.834555859789952
470,416,0.037276436276307744,306.8975447311284,3.258252840309103
470,469,2.7873817394060776,317.5584330177808,8.666440287694005
470,471,0.9788638812408325,3159.687378413958,5.110642991095192
470,523,7.10590971288935,1326.9117502174372,18.292739321166064
471,417,0.25750404485437817,2464.4851421325357,5.940358987885942
471,470,0.025343512518300186,264.36751835836196,6.396094905332316
471,472,0.03941484518765259,2399.5401921608413,5.771484179039334
471,524,0.03915980247865013,3133.5155839489253,3.774089312911548
472,418,1.98639795359591,2595.898287900815,5.593788822970143
472,471,0.02,2732.0987579455577,4.975733422982129
472,474,0.5902849055172665,1009.3238973447952,6.021699870972041
472,525,0.5618502302801063,925.6743127529556,7.04751094665106
474,420,0.31953828541199486,2634.1940743103114,6.461727904578073
474,472,0.7158550768219855,2582.3554079337728,5.989947478354733
474,475,0.4081164057449188,423.6964372018365,6.771810777191796
475,421,0.08700241444955918,1801.7052596183603,6.14429653512115
475,474,0.11131791422280021,1861.0871989901675,5.528111114073295
475,476,0.4230150465891387,760.1147962163045,6.4334492844249755
475,528,0.059999999999999984,822.8870776316952,2.2462686102398495
476,422,0.9807910319697197,1681.8920148770308,7.640926127355239
476,475,0.34471054073331464,272.87510251592914,6.914761584644912
476,477,0.09869422102263632,842.4173329497677,4.642917851740734
477,476,2.1238831193121728,860.408282362431,7.62355787036751
477,478,0.06503626560496256,2294.256931841898,5.275052999916733
477,530,0.4506340396002768,1667.4354257978334,4.56873523340999
478,424,1.5002825723742943,1950.9808166014343,6.2704091958808545
478,477,5.133706454560862,1593.7329668903355,17.461322979418977
478,479,0.1167440025545945,1411.977711226457,6.3865975021626955
479,425,1.9895918355690734,3516.3153391751985,9.56562656888208
479,478,1.0963276447842016,227.51976345660177,9.554739978766028
479,532,0.3313853481717324,2570.6833866734487,6.340489853190268
480,533,0.08759351775472402,2504.9466111039055,3.77861963574516
481,427,0.18519075474502777,3109.7665940279385,4.178154919167829
481,534,0.6471668615777961,3109.7665940279376,4.771666359470664
482,428,0.02,3153.1732205032863,4.578474016883928
482,535,0.04399912752996693,3153.1732205032927,4.512577263149368
485,431,0.1911307111004955,3961.5562099424114,4.755638671806131
485,483,0.04,102.51976345660177,3.2576674719695866
485,538,0.04,3435.0100380635813,4.597684095263232
487,433,0.29206067486391074,3120.8347766023394,5.180231057208026
487,540,0.3247355576139679,3120.8347766023394,4.868133404406085
489,435,0.8393124222137458,432.13449477090205,6.278136668465995
489,490,0.6134844561945858,2095.8063739045456,3.7536339727182977
505,452,0.1275225467658858,3391.1503864048404,3.8578702750873566
505,564,0.6244202804432835,3391.1503864048404,3.6629698348072544
510,457,0.059117518421881954,1278.572498470336,5.226501674111247
510,511,0.1854209976686736,722.8294228655875,7.777116437376964
510,569,0.2110830389830891,4001.7163128393754,4.657634732269141
511,510,0.3381536785365231,1411.1150201617008,6.574704672551905
511,512,0.2060606006788155,2395.8802881419215,5.697155761659898
511,570,0.26955749348838287,26.799065910105085,5.855246916109733
512,459,1.6638301583230746,709.6456800785679,11.99608828974996
512,511,0.0634935674435484,245.16047586664604,5.227017430430236
512,513,0.31096561905545794,1842.0672542770744,5.485184640966225
513,460,0.7134020046543235,2401.9342681284293,8.281229354097821
513,512,0.0381704637153808,2726.6556842629893,5.493308671907494
513,514,0.6832044221805674,4297.1122153880215,7.125832407277282
513,572,0.5760717515042164,893.5642268743286,7.732755087636657
514,461,1.6063986733499922,794.6456800785677,7.120923910862135
514,513,0.038580137436841834,2439.573927438179,4.504157916404601
514,516,1.467014320413323,1998.802323817043,5.591271170800367
514,573,5.454961537253938,1939.11544117766,5.186599855060209
516,463,0.4730321363440054,245.04724771433945,3.699122873641596
516,514,0.0254920382517256,1751.6363434755588,6.077704608664393
516,517,0.863910776713054,2460.922154253743,7.580951598059832
516,575,1.3811661810522786,379.1396752101103,7.953792533489623
517,516,0.6166442931151965,1199.0630527821115,6.350576737543153
517,518,1.0255235480943994,928.683346922468,6.744229041821559
517,576,2.3255487627125695,3197.9626072888923,10.780011887042551
518,465,0.5534694583680176,454.64568007856747,4.578430623103165
518,517,1.6348746402517762,1503.9007064116083,10.35191198117908
518,519,0.1327718154408868,2518.8082361990246,7.21357697402351
518,577,0.31280970945773046,115.20713366474956,7.649596930363013
519,466,0.10991860701172396,3017.8451728911477,7.174212348033425
519,518,0.48479914723606976,575.3948659688056,8.345248516403206
519,520,0.9307071062346826,1042.8355756027256,5.078840070108119
519,578,0.07562750306036645,1319.7007066575313,4.912986623517233
520,467,0.3097137576012832,1272.7463544887155,6.512824298925333
520,519,2.1488220040436885,584.9461703277946,7.462575460641154
520,521,0.3777120434594785,414.0092521251185,6.170976763539823
520,579,4.5811403212664175,1530.205692388093,11.893333925819418
521,468,0.02,1433.225342979153,6.2246898882648525
521,520,0.041493672227524314,1047.968459101338,7.28823436693243
521,522,0.5890433548925159,1469.4579477735801,6.18670242952199
521,580,0.9159368635220648,433.698538576961,9.688894488495484
522,469,0.16654548999402904,2318.936021097808,6.674098516591374
522,521,1.8851931490514235,1569.892340651864,8.547166912818042
522,523,0.5986445826740343,1277.3868799617148,6.521292278771958
522,581,3.528626283710614,365.7696063888265,14.866675272904295
523,470,0.18348716487775896,2382.7228176622116,5.841176026993414
523,522,0.7843747018926607,364.1816625332092,7.631050855613037
523,582,1.135469286933925,4744.675875627809,8.566900690249943
524,471,0.4886512367005524,267.84517289114666,5.333788139647659
524,525,0.06,220.28427945683825,2.3752065505243647
524,583,4.004999539507352,3452.8517314032206,19.88734300603589
525,472,0.4947066511675162,2025.9912768076372,6.2685238140951745
525,524,0.04170811630871168,456.96968798732365,4.5258549534129955
525,584,1.2024128343206237,3344.7497627908015,6.363090239211197
527,528,0.04,1225.7987798888892,4.8832813929770165
527,586,0.23476297520595946,1225.7987798888892,4.867683721981366
528,475,0.06,1397.854613958524,4.127087927046066
528,527,0.23476297520595946,196.5147128227184,4.867683721979854
528,529,0.09919694782550303,378.69343997899466,5.623122117761269
528,587,1.5301815008010828,4700.839591861541,6.450566916083703
529,528,0.5946555384324794,3105.624458407002,6.936199800701854
529,530,0.09433715478917026,3808.9611180518705,5.592112574513551
529,588,0.02,703.3366596448735,5.625059406936423
530,477,0.6054919075879726,222.34162843631017,5.887343447264356
530,529,0.31588282915538235,2451.8771887502157,6.352322705910283
530,531,3.5172576484661686,1638.7871637112871,8.25099253146154
530,589,0.029717129690444377,0.292931238571418,4.884855115534654
531,530,1.7591081554945385,1818.046165370581,6.243982122264212
531,532,0.10474616340376786,706.4974828898005,6.2028596876857165
531,590,0.025831654250805358,1069.1144220406936,7.429321383417559
532,479,0.1119799579419043,2472.915810355533,6.1945669407786585
532,531,0.49121625227880905,1412.7676049600252,6.135029751893055
532,533,0.08106768239851458,947.5950327597025,5.785988449188032
532,591,0.19005174880669085,3085.180861358371,6.014948028249236
533,480,0.11215815574477528,1348.5919865252238,4.032726272398077
533,532,0.16703097333023464,1720.7859184065435,5.513616043116761
533,534,0.02,283.63754048939444,5.298461745945935
534,481,0.18519075474502866,1477.4274260090888,4.1781549191704235
534,533,0.07219257853631023,1226.4833734618396,4.991552546134341
534,535,0.7611030683164821,1331.7443052571923,6.906829891969496
534,593,0.3256338148000291,3029.1343783070847,6.25442020950804
535,482,0.02,2020.6864440871368,4.578474016883928
535,534,1.586370244768641,684.6517978107038,8.025037652362656
535,536,0.06461814566361325,3002.299218967817,5.4284433616058925
535,594,0.08716414565954701,1729.9651495450694,6.1794992238344255
536,535,0.613073469461914,766.9634084674548,7.681903501286185
536,538,0.19331159629976916,5165.089910191122,5.106209758892603
536,595,0.04,146.420337100346,4.645788358809371
538,485,0.23627712906700993,1053.159079534773,4.618914891685453
538,536,0.11568107695513863,3806.7448601693586,5.64450540906316
538,539,0.04,285.12094895530515,5.467778251299074
539,538,0.04,3037.279220613578,5.379053155954169
539,540,0.17936793277482488,5695.942527434888,5.240626497838259
539,598,0.324735557613967,2658.6633068213096,4.944505549224956
540,487,0.2920606748639112,924.13887363275,5.086722367391246
540,539,0.14844945274682847,2929.997722141912,5.154720274154527
540,541,0.1926742144420701,1464.47082973693,5.057739671461293
540,599,0.09625641433736343,158.43001622710193,2.683634426471313
541,540,0.1926742144420701,604.8299364844422,5.057739671461293
548,549,0.2641652392427045,76.13497425907262,2.457796865426027
548,1076,0.22540713507294763,76.13497425907262,2.708798495146546
549,548,0.22540713507294718,1155.6532345251524,2.5376248288905177
549,1077,0.269784830630563,1560.0956607808896,4.346165851376194
564,505,0.1275225467658858,2447.490204449281,3.8578702750873566
564,565,0.6244202804432843,2447.49020444928,3.662969834803843
565,564,0.1275225467658858,3969.277426810219,3.857870275083763
565,566,0.6244202804432835,3969.277426810219,3.662969834803843
566,565,0.12752254676588493,1611.2599428033018,3.857870275083764
566,567,0.22605576221635124,3360.703115362511,2.979040892527016
567,566,0.09130230519958817,7156.692348478634,3.4278413068596905
567,568,0.1223292040967234,5360.993068700962,3.623174352360732
567,617,1.400760033520914,1901.5257481506019,6.030454735644557
568,567,0.2104151489091749,4509.344911308881,4.601047032038651
568,569,0.14939422826092263,4331.768181403169,4.9147145524410805
568,618,0.039614808995687305,177.5767299057117,2.7152569715833015
569,510,0.14939422826092263,3888.538196423879,4.914714552445657
569,568,0.2110830389830891,3888.538196423881,4.657634732264804
570,511,0.40550438125624755,1332.3654934792783,5.876263673342661
570,571,0.27335349858082836,1191.9477465978784,5.8614726814557425
571,570,0.4743129047445347,272.0843574208972,5.651669736567729
571,572,0.7724868777165004,3972.6500869308165,7.4299464812467155
571,621,0.9574281058901266,130.20713366568089,6.604840195196172
572,513,0.24561867912051932,2899.619031695471,5.9529839915874545
572,571,1.051273791632039,918.878409431207,7.807818338818485
572,573,0.02,156.62237216899183,4.505437370138103
572,622,0.33771355076448906,4343.850640855981,5.3650170932204855
573,514,1.2024556757341123,1229.2402568191726,3.679537617653873
573,572,0.14267214047802446,1372.4082905718103,5.6124195017039895
573,575,0.1992441314335381,1618.8679902642632,6.74490476336741
573,623,8.651965799355798,2283.796237633642,7.061256689932988
575,516,0.04,140.41774688008334,3.264509595950887
575,573,0.02039194429818168,3665.795130674923,5.972149106753399
575,576,0.7329033948384173,697.2468305722691,3.4998191009088035
575,625,0.04614903797656703,4386.48423639125,5.786482055658673
576,517,0.5040335477971097,2208.139123263776,7.658653384871327
576,575,6.904597492240349,353.0832553176422,9.78172928316813
576,577,0.48223928838772934,1938.9587457918756,5.581010949468581
576,626,2.667783159919309,2002.5463016873264,12.220594841569168
577,518,0.04130245073801442,1142.5746122657708,7.441032115422074
577,576,1.1436687827965517,2442.447817481289,6.9690479150540705
577,578,0.2936104569616625,74.27209195292411,8.667587515166222
577,627,7.165948433211569,1442.984977908172,16.30353209960236
578,519,2.158132847243719,1529.47570106423,5.748621417363178
578,577,0.324440345909681,1082.5046033437127,7.951255031535543
578,579,4.609815048529457,792.3868799579893,17.215414376419226
578,628,0.6552653699648641,806.6274707669581,9.393326257490932
579,520,0.4533048735695633,1858.347698205182,6.046236665404236
579,578,0.47731293105234684,2090.2476797149166,7.657254462041068
579,580,1.0223349284848695,769.7199302437733,6.770096569686653
579,629,2.5492964113039527,828.9656196525711,10.4930518380095
580,521,0.3317336216001645,3844.829598846901,7.24264733029122
580,579,2.4409217317582415,1286.7623925376354,12.959428428368446
580,581,0.9391683432482719,830.3767786939479,6.203403446588815
580,630,5.998643459153166,92.48533514322725,15.42725674423653
581,522,0.32423688878489465,2021.5096142247523,6.454483227573843
581,580,2.45290095950825,903.0294256417116,6.65104134061124
581,582,2.5256859033544514,2036.3494392883845,10.206004773636518
581,631,1.5248769953871766,354.7904059222883,9.450076771022555
582,523,1.1195934415011768,2177.933430875683,6.477699553330848
582,581,1.366980134951368,434.12783285914117,7.310935086383913
582,583,0.644034233201218,1017.222463767457,7.609948339882064
582,632,3.1203756877051334,2365.1545890547877,11.143686452961168
583,524,0.10931419667987141,6.7781365732940575,6.69831118872599
583,582,1.2901133904833357,3705.0062505072897,8.623131308320634
583,584,0.1806556927754903,4771.237966405457,6.925880583287264
583,633,24.24834533255387,412.2782014775464,23.789809338362794
584,525,0.3579049695047168,429.4385464128866,5.119635784135754
584,583,1.6065442409670205,841.7014259879481,9.61940134013649
584,586,0.054454660346998675,1053.141294696047,5.418689718298621
584,634,7.726508024172041,1376.7732157485739,15.080966979336084
586,527,0.04,732.1082224632058,4.883281392978533
586,584,0.045614030853561936,3132.457910539676,5.62865853789342
586,587,0.15925432034522657,1584.256931840036,6.746754498390106
587,528,0.6979690409425401,3216.8411413913213,5.951216229422427
587,586,0.09208398008227636,331.6618990803327,4.357341217633308
587,637,6.161595311996979,2571.982387686321,10.863706082225669
588,529,0.07249917683983842,1576.397544344553,5.455188109327858
588,638,1.1886841944079118,1943.3542567208372,11.519040010031318
589,530,0.03794728094195188,2008.4614752863856,4.245718428602747
589,590,0.029717129690444377,2008.4614752863856,4.884855115527071
590,531,0.7669932278617797,648.3476982051815,8.735167835936853
590,589,0.03794728094195143,529.088305949663,4.245718428596157
590,591,0.21334691827038346,2234.568768660998,6.3573906782853555
590,640,0.4699714156393582,6598.0868445762835,6.335600293032911
591,532,0.25693026619573045,1541.154275165425,6.2022168467178584
591,590,1.679867291828173,2045.648825209952,8.533285738549
591,592,0.03198514209968903,2741.4312615311837,6.755309459124542
591,641,0.21042879137462206,3086.690916364507,6.74894014300692
592,591,0.12609970074180527,4584.00922311254,6.581643837285172
592,593,0.05493776181401653,5749.006501301494,5.84620676140264
592,642,0.08846678549510732,1384.102290711829,6.645505225919366
593,534,0.29274108679817046,1731.7797527075277,6.167897959715071
593,592,0.11292445803041799,710.4570449838636,6.256528807385224
593,594,0.30759590115950725,1455.5920683656952,5.879300829162421
593,643,3.8572304260420873,960.1818804962666,15.771467124321266
594,535,0.027943323164010384,2920.6626321934455,4.952395452273001
594,593,0.17948703647923697,612.9360690581657,5.454229545548411
594,595,0.04,1986.2626356426763,4.493463074329252
594,644,0.04,1986.2626356426767,4.645788358805044
595,536,0.04,1260.2802315438,4.493463074330647
595,594,0.04,1260.2802315438005,4.645788358807929
597,598,0.14777773243322168,3285.055265191791,4.203943082781544
597,647,0.5998307186138692,3285.055265191791,4.617520469047861
598,539,0.2920606748639112,2825.712110720395,5.166523774835049
598,597,0.35943139407911273,3239.267393849218,4.005352755411756
598,599,0.3835672946530315,3135.0885064559066,2.83554162660558
599,540,0.2722053250694403,2533.159446678356,3.339034518948948
599,598,0.34866475036827094,191.12122216333643,2.958034656432613
617,567,1.5163617623210148,1631.1564414415848,5.50685292342229
618,568,0.03467140355610288,3012.1476812287115,3.220658962797361
618,617,0.03949627431417448,3137.316677122408,3.0777868620025273
618,619,0.14646414670797062,4536.107510858337,3.897735504235614
619,618,0.07610101201566005,5667.483768386628,4.166971484403416
619,620,0.0893207915345752,3254.9315150884936,2.8704210902886502
619,670,0.12874266830800707,912.0447955054856,5.830544196067313
620,619,0.03467140355610288,3134.6437021840293,3.2206589627933613
620,621,0.0396408251773651,3361.6959756505635,2.8277138209272934
620,671,0.16855180383976798,2216.1869311292185,6.047636504143957
621,571,0.056813619378751075,1112.6355788089384,5.280904721994948
621,620,0.17311024103703634,2078.8329555977525,3.5837261060500043
621,622,1.9387033038958883,3596.6599112721597,7.57303783979847
622,572,0.3598838429100333,37.11254629054205,5.4274081940201295
622,621,0.03965219877683434,3430.102654552786,4.126884892692512
622,623,1.887792630963807,2268.187958475557,5.332681388615455
623,573,0.7827356691382988,2046.6914947191576,2.9423565499133173
623,622,0.5948837109178567,765.6092982941142,4.688309870114645
623,625,0.7131233294804846,1465.4344629346615,8.647877922766478
623,674,3.279355773480387,1150.6629744781733,10.444705533669342
625,575,0.02149144537007532,2209.841133182058,6.068646641188635
625,623,0.16967750930028913,2152.414335723359,6.639087356351227
625,626,1.9163129925645965,1189.1026087105274,9.102629435858436
625,676,1.022856027373009,782.8406742006921,8.425225166258786
626,576,0.8555625724644259,525.6517498466203,6.463173313291354
626,625,0.4118009779283066,1400.0395269132036,6.4054873520728846
626,627,0.09734587125486653,1459.4579477735801,6.660207033756431
626,677,3.3890031816625505,937.6924688061142,16.740730214828577
627,577,2.508746625465685,1885.1878204563582,8.481322883416034
627,626,1.62593672728013,2155.0395269094784,8.413166229582037
627,628,3.279003662851317,450.862931428905,9.300953052879484
627,678,1.7672816577023434,1152.6924688061142,9.292276227935778
628,578,0.2657239952124062,1571.6568004805038,7.407785345718329
628,627,1.5080464894523418,3049.0865622322644,6.341335596089496
628,629,2.8726802919317476,3168.173684729136,8.943266759835488
628,679,0.5923264928732364,384.3492692884805,7.782288712265043
629,579,0.4972749716405039,3069.7349571983173,6.683032675372335
629,628,0.42732927145270094,1734.877180547198,7.62964658837123
629,630,0.895176811352922,918.823396303691,8.363697276438186
629,680,6.773959686687068,1187.8109223437275,30.432362472040648
630,580,0.10991518485881091,1215.7989361042348,6.7639753850938416
630,629,2.419104079140792,2716.3847564980224,11.34669244120398
630,631,0.958201159898051,1622.5950327634284,9.2626563558572
630,681,8.39080516062427,1724.7879455080097,32.83599653234367
631,581,0.12904300011196446,217.42742600722505,7.364183683367393
631,630,2.5431589265157877,1229.2426290773083,12.97725590869075
631,632,1.5101893259447658,403.6223803783681,8.400817445322682
631,682,14.789022303605018,1986.4802845074814,38.00863887674058
632,582,0.411617043245231,1830.358396467426,5.564261741996615
632,631,2.408893827008346,1194.9310102149059,10.639697161659576
632,633,0.4305509952613974,608.475194116257,6.511259391747983
632,683,3.770883259172696,1112.066146984624,15.651454314676563
633,583,1.945888725163194,773.9350019580502,4.886371326837492
633,632,2.9064208697256926,3193.8649930414203,10.356643174481423
633,634,0.037921568602215405,2822.7422190210423,6.360761858037172
633,684,8.54270229526834,921.420337100346,14.000487684093
634,584,0.02676230063090572,2354.683853863421,6.0618692372910035
634,633,0.37258611514729323,752.9684590976127,8.104114141198274
634,636,0.048670529536985634,1234.9066434164538,3.6121443501390624
634,685,7.7881882998053085,1897.8406742006923,19.073917797217764
636,634,22.711888333078747,2934.0883059496628,23.00292255397718
636,637,0.7967108586182062,1661.6051422342116,9.60445244275872
636,687,1.0034982472070175,90.56247272407694,6.610053479682354
637,587,2.6109254952631638,1183.3476982035918,6.086579755056194
637,636,7.539970325247411,1998.509653982093,11.475697871364686
637,638,0.12452804201141586,1178.9554224529131,5.270170186267744
637,688,16.60162068676136,951.3650661514837,19.24931485453714
638,588,0.3372409294957208,1081.25035808628,7.521834025413958
638,637,0.8629576099570928,4541.704749326912,5.945060115476782
638,639,0.05069823024399315,2274.7904374885084,3.5707049741450967
638,689,2.4861752342747545,937.9274909114782,13.782935688448047
639,638,0.20980201938438764,5890.383919014847,4.0821516386891705
639,640,0.046972335900680354,3541.4255693943765,3.848329096324194
639,690,0.5265958180437136,1110.3290667529498,8.842875686446428
640,590,0.21891489197360992,3734.2772191784184,5.850845951908849
640,639,0.6314945040082687,5966.099514326966,4.723854573441997
640,641,0.18926212487212257,44.46225640563683,4.830857433252187
640,691,0.11909760191463281,1066.420337100346,7.559102440493757
641,591,0.0638674140151679,167.04869719444602,6.162957561579168
641,640,5.200600522445697,4701.929859894768,8.358475642788246
641,642,0.1183177187489055,3214.3928665052485,4.364980255072263
641,692,2.3006965947272056,2028.0845403770902,9.752011004166429
642,592,0.3139039687297222,4093.101537540385,6.702490674763804
642,641,0.24146809435531902,5486.141897337489,4.4888755175805475
642,643,0.24776815315993353,4662.64026659639,5.295133491734236
642,693,1.3615588035023456,1096.9838289613872,11.250447685049076
643,593,0.31062792308640974,1260.0619856801327,5.2101864146278265
643,642,0.21547253840696204,5753.283477465871,4.9363943980754295
643,694,0.11521094355579098,4911.814717303484,4.883614549771018
644,594,0.04,3447.2648497884406,4.4934630743264625
644,695,0.04,3447.2648497884625,4.645788358807929
645,647,0.11458520806249561,2205.294482100483,4.012946282997025
645,696,4.0493156614295716,496.85138067247067,18.4106385370588
647,597,0.31985945637719837,3461.0803214629823,3.6882353257530274
647,645,3.018802670647595,1629.9479007663654,10.836139503088036
670,619,0.1256484362610495,930.858883513233,5.845740033682658
670,671,0.0983985114704069,1404.1898125587986,5.556923922310668
670,720,0.3288474118736877,2199.973727693621,4.99516665141549
671,620,0.15267885049553165,1154.351307562408,5.966468117663314
671,670,0.04,1570.36862866836,5.258898256150926
671,672,0.15206495071922,1062.6228866129743,3.5624062787779445
671,721,0.3875991367950138,2369.7146464120633,5.242263548650271
672,671,0.04,1557.9812223061688,3.2633404545279823
672,673,4.80177033875613,630.7645077927227,12.68428203941771
672,722,0.3424418951497117,2302.2882395421907,6.1860343154414394
673,672,0.04,1017.5197634547392,5.282813759380747
673,674,0.5374689839302766,1863.0264984778805,7.389562531641485
673,723,0.45525460791540606,827.8406742006921,7.8111437338271825
674,623,0.49846204594584204,2931.77584975887,4.768666470415418
674,673,0.32885703229700936,2196.0294174323353,6.519199659145049
674,676,1.3511715788439385,1221.5504552126156,9.14251660524678
674,724,4.382825740211823,624.0538776362885,6.15339630930055
676,625,0.901149283605781,1211.6568004823664,7.643918209546402
676,674,0.11842042600619103,3521.9762409345876,6.442644759277436
676,677,5.8516603492731445,1789.8671165013877,21.78689150018786
676,726,0.14598110677435816,1249.4411845972334,6.948895509841994
677,626,0.9918488283431757,2279.7339380650787,9.647231422807714
677,676,0.798371894547536,2107.5592903698052,8.577487052700615
677,678,2.783962552129383,616.938184318841,13.371500424502363
677,727,0.7417587173950857,848.9056722417106,7.202243598660996
678,627,0.737038364022467,3206.8050058769445,6.9462624060499865
678,677,3.893132818892471,3394.6913247201824,15.6726928968377
678,679,1.3604830335960307,1022.7309134916934,7.613954014262555
678,728,5.7361568026824425,1436.8356235668086,7.934923950323971
679,628,0.267031676807556,1111.006069770847,7.736127680586957
679,678,0.1606436663476219,1995.7514174990922,7.496418539994069
679,680,1.8261673367902551,1474.0092521251186,10.533851349821742
679,729,5.174881872815045,312.27820147661504,24.866554836531716
680,629,0.15569032259250146,4193.915266614077,7.646292580673427
680,679,0.12518192680600082,1757.9146294291327,6.989711937436612
680,681,1.9466429667436191,606.173676522393,10.126166458313806
680,730,0.42253100892820805,1160.3260093420565,7.516108113252974
681,630,0.7048876580060535,1992.3440888479554,6.5652097632793645
681,680,0.4247470380177974,1728.1766119030515,6.914389343727443
681,682,0.8788739921065583,1160.4852953885206,7.837487916448499
681,731,1.1743463252832416,3676.895570973945,9.29062934963273
682,631,0.03076449761268916,327.0121395416937,6.358314517199243
682,681,0.584038603800365,3086.854891769158,7.373318645258636
682,683,0.17222270057341052,652.5555058539494,6.652881851247175
682,732,0.600305515500708,1740.4742147366344,8.51037502785643
683,632,10.505763670655268,976.1918519564576,11.700029107516606
683,682,3.283874812798436,3279.109716559759,12.921581021897929
683,684,0.7221910839428557,2995.075269303101,7.478100197488396
683,733,2.8998382727001317,1424.0538776362885,11.301110658837528
684,633,0.07583472653711283,668.0771375827123,5.514113956726713
684,683,11.683505698645801,2376.90957879525,20.60533325556445
684,685,0.1998638704394688,5689.662287040501,6.217352377221492
684,734,0.34575065124116244,1719.0524363596319,6.558505197724817
685,634,0.0319731717352221,1813.5806820366174,5.223557338388805
685,684,1.477739809566989,1734.5765285020148,8.680498114768847
685,687,0.29809450565899204,2232.5950327634278,4.943785986533873
685,735,1.7939958473013131,1390.7696063888266,7.536288237874489
687,685,6.9508628011839795,2655.1004934535767,9.676078274094774
687,688,1.045737928051703,1314.5189143139537,6.007764162261487
687,737,0.45524605708952537,1715.8539626859913,8.677551572082578
688,637,2.946319521395309,1196.0670363149468,4.565691351069797
688,687,2.653290328610566,4676.428493109201,8.431804326824968
688,689,0.1865875894065899,3984.465084641748,5.526103228122037
688,738,2.9979457547448165,1643.8159372124815,6.06154327611047
689,638,1.1580912123376867,1612.1944421767214,8.85081124484521
689,688,2.48154180878816,5630.631595278896,8.260595190029681
689,690,0.056395741708318535,3694.5260511895685,5.375144640956545
690,639,1.9072945459280204,1434.498493820023,12.734713367028627
690,689,2.6363884152148027,3289.8670874824493,7.830883366027059
690,691,0.03862577069917614,1785.5462619326208,4.303288213014061
690,740,1.24056015564897,1186.125964585118,12.885363512525602
691,640,0.09547471548531838,1009.2903410183088,7.575867020913622
691,690,0.9665439362381955,2060.1391630166204,6.4883352960465475
691,692,0.13825096643880386,1487.2367375112465,4.525352647030443
692,641,0.04,625.3573773332544,6.5938294513976485
692,691,0.3409802847783261,233.36246772447865,4.2996021692506
692,693,0.10516008838678212,1092.95037181903,7.059688142233108
692,742,0.04456864419335726,1016.0986731417738,5.6854894631729955
693,642,0.17345255835134976,123.9350019589814,7.601323009225295
693,692,0.24665021362800693,3108.0294256454376,6.9731288736969645
693,694,0.3357594428295858,5241.281908377491,7.383673949229341
693,743,0.9820172310025232,2848.1101606933853,7.845262571114773
694,643,0.12391032739885113,1446.5173043731256,4.8764377559273075
694,693,0.7117523864985178,673.1849612403148,7.702709153267336
694,695,0.17748624584022518,1834.394025041123,5.424770299423442
694,744,0.2727206410419454,257.27820147661504,5.276898594019531
695,644,0.04,526.7167478895017,4.493463074329252
695,694,0.19568983388797948,4596.057993936987,5.519680373131298
695,696,0.6120872795715835,1787.3006602444748,6.349140697255771
695,745,0.04727767686732154,640.562472724077,5.935369448939771
696,645,0.12555833476823652,270.9812387411238,6.580578506955912
696,695,1.3575965387598796,5577.400634481406,6.458374038748958
696,698,0.46273416558654823,1115.1118400271762,3.15089321577948
696,746,0.4244122441549787,2372.4001345648135,5.663058384925677
698,696,1.7491989566539314,1670.5826038506798,4.82072916521032
698,748,0.4627341655865478,1670.5826038506796,4.415327595111263
720,670,0.19088088634832268,103.43247664203972,4.935810270881823
720,721,0.7258060278348369,1712.0746972321872,6.337949173867441
720,771,0.3129194116870364,1980.510525107274,5.83539953250422
721,671,0.2438861384292048,583.3214259001186,5.622156950759419
721,720,0.2323865093949516,462.16411831032735,3.639356215223758
721,722,0.7888250185227692,1097.318316317427,6.580562135196826
721,772,0.3762767338893056,2166.563135584365,6.259019983340199
722,672,0.04,645.9812387411245,5.416272165669693
722,721,0.5092304389456234,2470.496029180187,6.0463318981740075
722,723,2.080151776633815,2477.7651549512943,5.836821074855417
723,673,0.4082739279492005,1233.2253429772902,7.363863300509056
723,722,0.08428093715623672,3092.1722682909412,4.327096378248817
723,724,2.214719250868432,1027.3868799617148,6.783216330591148
723,774,0.12807028549420352,1032.4863542783287,7.208349442743058
724,674,0.7734887023727678,1063.7888348383308,5.4566595356896475
724,723,0.21463418773657458,1484.0344762755951,5.521804561422328
724,726,0.1136768754124966,183.69343997899463,6.610708376862765
724,775,0.06503008836705892,1869.3219778451373,5.401223394267036
725,736,0.892740554986732,3994.844728948719,3.917007824611764
725,776,0.2915682065120766,3994.8447289487185,3.478629370678916
726,676,0.1720831427736771,1993.1752587781548,7.1149880834824435
726,724,0.04003341099731665,4336.0558976179145,5.392640495352268
726,727,4.942844297269792,2871.635965464126,9.384226943723029
726,777,0.5933744536874066,1974.6541020089828,5.163456996273883
727,677,2.1317439425427844,1537.2213114803703,10.930707409233682
727,726,0.05287449402831514,1433.679137219993,6.227020734882166
727,728,0.8966008666325723,74.10260871425271,6.519854513899584
727,778,2.156876273347715,1281.273150842732,5.821932489581342
728,678,11.549335927867443,1065.2964107891557,21.945887949720433
728,727,4.514884818812901,2603.8872900179813,12.77454112679909
728,729,2.210654373517034,681.938184318841,10.612993322070448
728,779,7.295075687476008,1727.3381488837506,9.088279034050844
729,679,3.6641859236341787,366.8639341471159,19.707733769194725
729,728,0.15337272590111967,3206.5542397303343,5.561875756974898
729,730,1.5535337841911523,2355.986963351575,8.181626611619784
729,780,0.707937880370557,1199.7641336152512,5.0126640317513145
730,680,0.825224161518015,1778.1664147071183,8.537284491745767
730,729,0.43725738037685635,1930.4343928857345,6.429812115480566
730,731,3.309580339851563,2902.222463767457,13.607864643494612
730,781,0.5511152347343431,492.0686073982448,6.1251095725163545
731,681,0.49239167485522506,849.7339380650787,7.377746631698457
731,730,0.3328670945770176,2141.8944186868584,7.425959837648117
731,732,1.763521421316584,1945.931692408301,10.423943020869384
731,782,0.3467275703123369,1488.810874381508,9.291007901182876
732,682,0.7477319437519752,1653.8760736888096,8.901290635170566
732,731,3.0824429784204956,723.6253075421995,13.163637779441588
732,733,0.05428940773536094,999.8671165069754,6.905039995610191
732,783,0.4213278282013859,62.4853351413646,8.16412083589204
733,683,1.1610440037357725,1152.367478601021,8.205490569307278
733,732,0.33144514226461447,1907.5592903642173,8.246456180519429
733,734,0.04,2923.158524620744,5.661806934211907
733,784,0.44596828594256,1212.9474011139591,7.366228838601685
734,684,0.4787119134046224,1328.348717342145,7.155560139470468
734,733,0.5628280049230066,731.6080694081273,7.044125682342252
734,735,0.04,2753.600083397311,6.1310823274116695
734,785,1.584758456171631,2123.6985385769613,7.857991061106003
735,685,1.1039913114703763,727.8700039179628,7.680383089797378
735,734,3.47465256003699,954.1816625332092,11.613662749520817
735,737,0.12777082530778205,2571.503762416032,5.975597417989723
735,786,1.81405004750363,1060.2071336647496,7.084814719196975
736,725,0.2915682065120748,3202.531613877971,3.4786293706799953
736,747,0.892740554986732,3202.5316138779717,3.917007824609332
737,687,0.3080473394482768,1270.2730210360896,7.53729227721394
737,735,1.233643424900249,251.25273034507467,8.727547591588998
737,738,0.08874911797034606,808.5462537213804,4.972606817165329
737,788,0.06337615506723607,1014.1996226172456,6.020558243359161
738,688,0.8085265128096595,5573.62217370962,5.564251239881954
738,737,0.7328390407761803,3051.7766952966367,6.205014188768103
738,739,0.08874911797034604,3051.7766952966354,4.972606817165329
738,789,0.040101499349920466,188.57720248603331,7.351851389597034
739,738,0.7328390407761803,3037.279220615441,6.205014188768103
739,740,0.055317207600790494,4671.118405577254,4.649509667109088
739,790,0.8561264789504528,1633.839184961815,7.437831236244007
740,690,0.45995973457031925,758.7878157013672,10.80046992437377
740,739,0.8070615735577501,1177.3187475230575,6.388733460546118
740,741,0.04,2111.350296634821,6.019257279771971
740,791,0.3320601983861753,170.56247272407694,8.883672095233088
741,740,0.35409056026828534,2385.375892322981,6.955502091911949
741,742,0.18575757360242573,876.9777112264567,6.947938472301195
741,792,0.04,2032.278201476615,3.6065704934392113
742,692,0.16736496292709402,911.8659724210429,6.392165127679796
742,741,14.084625129260566,436.6618990803327,26.467208225295593
742,743,0.4736406099158481,253.9777194331987,6.181811449938029
742,793,0.12124384680315105,3583.144065644533,4.693831420870358
743,693,1.0166029405340309,904.986878165535,8.957354975350889
743,742,11.013317004843438,3261.86637111587,40.92182945550225
743,744,0.07842371862705733,765.8793040108897,5.739194316852481
743,794,0.080288451717212,1556.7756761596734,5.555677787654249
744,694,5.558329763372681,2441.8996475218,19.263060140243173
744,743,0.47349166279690635,2032.562613699457,7.813412740108175
744,745,0.05934674063001255,1705.9697044060797,6.154322494216525
744,795,0.02,784.0548967732523,5.882320233356901
745,695,0.25337414592720453,1085.001019136964,6.284194983044884
745,744,0.8087400602132355,506.69912736485463,9.57605616860786
745,796,0.036009944528721596,2539.809940048325,6.288759450041552
746,696,0.7697807718209022,2087.9299513250985,6.77812725861171
746,797,0.18212835433573682,903.9325415453608,7.133822237046437
747,736,0.2915682065120757,4213.564138356292,3.4786293706778357
747,749,0.892740554986732,4213.564138356292,3.917007824609332
748,698,1.7491989566539323,3242.2291364144335,6.755258605755454
748,799,0.4627341655865478,3242.229136414434,3.243220801041877
749,747,0.2915682065120757,2605.235193552332,3.4786293706778357
749,800,0.892740554986732,2605.2351935523325,3.917007824609332
754,765,0.8927405549867329,186.6072003522665,3.802126885799526
754,805,0.5721712563507211,3094.639879739537,3.5621121790881203
765,754,0.2915682065120757,4276.464730446079,3.376605523453407
765,776,0.8927405549867329,4276.464730446078,3.917007824606901
771,720,0.32537994932152614,5240.906498371154,5.908093201260609
771,772,0.7902338106320519,1504.6405568444875,6.586966464176413
771,822,0.42923260232832633,4944.514313917578,6.068146642999746
772,721,0.7902338106320519,3396.895827730131,6.586966464176413
772,771,0.37310528166314594,6811.614235989194,6.252575218970195
774,723,0.26944069665612513,894.1969844347627,7.786586730376002
774,775,0.12807028549420352,894.1969844347625,7.208349442743058
775,724,0.20482644862712607,3033.07917585664,4.842028955910801
775,774,0.2694406966561256,262.5197634547391,7.786586730376004
775,777,0.5992550549032867,273.69343997899466,6.49302852765741
775,826,0.24945994472852934,1735.8162963190123,5.374265902598496
776,725,0.892740554986732,181.74264801079772,3.917007824610548
776,765,0.2915682065120757,181.74264801079772,3.478629370675676
777,726,0.04,985.7116972556188,4.651088370691446
777,775,0.04,2359.4541052161267,5.319204813472406
777,778,5.21505676649751,1231.8305249688428,13.40518656119663
777,828,0.25486027510248555,2246.958575791972,5.4996462310336165
778,727,1.7979583060069384,786.3614088301742,5.447765276158311
778,777,1.9288927745974576,1855.154323129508,8.046496013265948
778,779,5.23929490347435,1385.6000916066878,12.877913883434893
778,829,0.9402888237236338,1442.1909626261363,6.978846722858534
779,728,0.720849974845455,1668.4345149159672,6.102097872685493
779,778,0.1250743912254534,1788.2224183323988,6.151017904968839
779,780,0.25125187835855506,542.2396937041003,5.88040296051967
779,830,7.053982241536222,2351.803637768388,17.786389691984194
780,729,0.13550447684359115,2490.573089144693,5.28061846489134
780,779,0.24156925070647747,1340.4572737895617,7.205469993256177
780,781,1.6271749128718827,1963.241788145131,9.1146090532027
780,831,0.02,1348.9066913786744,5.0282905299446865
781,730,3.3803534231375667,1775.672725254467,10.536992230681168
781,780,0.08496816995766876,3055.11535112836,6.712375922568296
781,782,0.3353577101338574,2487.5311100264753,6.32133693087394
781,832,1.2053896565082498,997.0437763685217,7.176764281897267
782,731,2.3011892205673448,4938.629316030196,15.237814165057843
782,781,1.453182701689485,867.002078031268,10.16601752675313
782,783,12.018280776217061,1329.9066434164538,15.731031235161216
782,833,0.917179596093606,1119.4950142694374,5.571515211251907
783,732,1.7530065505203969,2350.6517498484836,13.89236788428058
783,782,7.414862068242646,245.44869564287364,9.939026276360972
783,784,1.6289334467420937,626.5290155854456,7.161063171470761
783,834,0.14061727414328087,2655.829553795962,5.418971881229372
784,733,0.306948113741631,2123.966461015085,7.809046344382724
784,783,0.6978154498485379,1123.32379815694,6.520922909744386
784,785,0.1968435408521049,1467.6848046081116,6.454049887310678
784,835,0.06882473350425355,2820.9773370508383,7.253746576339695
785,734,2.0894219597121975,39.585732670500875,9.49660763124924
785,784,0.4455986459874983,2963.022982028322,7.896996367387875
785,786,0.056541940343738606,1583.226628038602,6.4073240056461
785,836,0.31003509064000034,2885.3279285685308,6.083135956115559
786,735,2.2845593046778623,2563.701595987852,8.500160145237281
786,785,0.4490217430431285,1798.32712149218,7.415997965052468
786,788,0.08380689036116928,2046.5570081598787,6.940690086778438
786,837,1.9445971698426288,3698.219348020275,10.678536374615726
788,737,2.588317919876831,2657.544682638083,11.741571836889705
788,786,2.3387088801525566,435.48736520591535,13.903215045265334
788,789,0.146006830956094,964.4665259184052,5.310483633304868
789,738,0.02,78.34667906821787,4.0809542136793295
789,788,9.477708113582697,1102.0172381396603,19.47372614459812
789,790,0.02704228181903376,1986.3818293241065,4.976621065530065
789,840,4.2018698069615255,663.7595051210599,8.863037190303231
790,739,0.02182429138816457,1428.2928493960128,4.048877567489827
790,789,0.3557385735172791,3777.0867828323103,6.880027206007605
790,791,0.13958765996034606,387.3868799617146,5.396633215847299
790,841,0.10463678687973488,255.56247272407697,5.3117956883540405
791,740,0.2291220222179322,534.706646621735,6.082145631173992
791,790,0.04951152780340218,559.1816625332092,6.913233851147772
791,842,0.20917862481970984,334.3492692884805,3.958199406718806
792,741,0.04,3147.131612216271,3.9027381090965783
792,843,0.04,3147.131612216259,3.60657049344257
793,742,0.2420344843385283,5825.932770676223,4.618837971352765
793,794,0.09163693894310487,384.6274310077547,4.876077426141663
793,844,0.12312433989941596,868.7605242580237,5.664716653321367
794,743,0.16657697542388306,1813.9350019589815,5.861245205527298
794,793,0.3722668627647838,3485.5291963181644,4.306285450411761
794,795,0.050382546508373593,541.9777112283193,5.674631756916905
794,845,0.04,996.0855513073116,4.872228906052304
795,744,0.03119451470075285,1256.4223753742742,6.582673155178269
795,794,0.04,1383.2914081174931,5.18648758601428
795,796,0.04,1277.060974753477,4.731339501224919
796,745,1.033196605084317,1030.1243935018183,8.904909650107896
796,795,0.04,470.1929926906867,4.946422503385997
796,797,0.02,1407.1858640281696,4.7057309989060565
796,847,0.18382817218895298,1304.6183886342938,5.83367790494558
797,746,0.05703058291452967,276.77813657329403,6.765837434047358
797,796,0.7722555438558492,370.4486956447363,7.03546583227073
797,799,0.17115339914900352,2208.927213094371,4.070992421347361
797,848,0.02,5532.999384888284,4.460241811854964
799,748,1.749198956653931,150.1482053945778,4.961986342952464
799,797,0.04778108324250674,1258.9007064161042,3.528778893449204
800,749,0.2915682065120757,587.5066042207766,3.4786293706778357
800,801,0.892740554986732,587.5066042207767,3.917007824611764
801,800,0.2915682065120748,3147.971306583468,3.4786293706799953
801,802,0.8927405549867329,3147.971306583469,3.917007824606901
802,801,0.2915682065120766,4519.369605912038,3.478629370675677
802,852,0.8927405549867311,4519.36960591204,3.917007824609332
803,853,0.5902891657811926,205.2429352878791,3.69781859764588
804,805,0.8927405549867338,6147.780518322608,3.778672290646496
804,854,0.2915682065120757,6147.780518322611,2.851677219196968
805,754,0.614620695940153,7647.865558249121,3.5920348485732174
805,804,0.2915682065120748,618.7843059275317,3.355775888377345
806,807,0.892740554986732,3737.68467676993,3.917007824609332
806,853,0.2915682065120757,3737.68467676993,3.4786293706778357
807,806,0.2915682065120757,903.765679843734,3.4786293706778357
807,857,0.8927405549867329,903.765679843734,3.917007824608117
818,868,0.22551675162263063,999.8225216709358,3.5052702415161043
819,820,0.04,278.9369264903875,3.8229766318785554
819,869,0.47805264185923324,278.9369264903875,3.7232666704785986
820,819,0.47805264185923413,3406.209404232108,3.723266670476287
820,870,0.04,3406.2094042321055,3.8229766318797416
821,822,0.33700432697591154,2321.044661769994,4.6676771332102795
821,871,0.4928366187223787,1695.3504821456804,3.7184353252234
822,771,1.0527303044499536,3209.8532151813533,6.3231562202649085
822,821,0.5107939039309182,1083.297625900404,3.8260231307872945
826,775,0.22870075860405154,4737.864711182825,3.950844127560163
826,828,0.11505729761449546,2647.8355756027254,6.392401793074074
826,876,0.3750622286705022,4262.696603551272,3.4371931557849367
828,777,1.418015767553273,1873.112850957399,7.468910773094549
828,826,0.06783537868759915,894.5908312684674,6.251824510475443
828,829,7.753494452989608,2825.8130854255824,31.398066861018155
828,878,1.1625961125225734,2180.645487022095,5.956987843390718
829,778,0.2778723725948785,1393.936021095945,6.020150754075132
829,828,0.5506826538955147,1227.124011119467,7.607878502574247
829,830,1.6778270792608476,562.5778028350065,9.350782861213942
829,879,0.716629124312838,688.0923517231508,6.3159677675350805
830,779,0.6231358211057917,2929.62260964927,5.322879519949929
830,829,0.4505100480977573,1516.653875837476,7.984215382069102
830,831,0.31832416523091117,1170.3604061119634,6.451687545173244
830,880,1.9219718538703128,3454.3552059624826,7.792612784000009
831,780,0.4776392855964393,1668.9969876400444,6.875279447532105
831,830,0.637713679663133,1751.8073416186858,5.770952122241044
831,832,0.7723419923198829,1189.4579477698549,5.2208277084811625
831,881,0.1448106695894431,1822.2759737936997,6.206944494293731
832,781,8.46651951602088,1762.5756314027344,18.190586895405986
832,831,4.0634322111300625,1945.3948659725309,8.584888395746486
832,833,0.3442106119030983,4008.3595405505635,6.49231504119211
832,882,0.5432146664222037,1114.0526690903368,7.05074715071501
833,782,0.6625219563175438,1872.3426475712988,6.069977429671449
833,832,3.9287726259894935,1182.5592903698052,12.633526431602627
833,834,3.0621059243201136,1986.0264902685042,9.114191830649572
833,883,0.38804924997991574,85.60268245950465,7.997504639510017
834,783,2.145120880326515,3102.3684977379853,10.325906435510175
834,833,1.9793504958840615,197.11059472134372,7.30120620514804
834,835,0.7869159470291114,528.2447443379837,6.373433476081477
834,884,0.07775504110469351,4029.770397092979,6.363042930492692
835,784,0.4999391370534765,1291.6319694526433,8.832983860473878
835,834,0.9119537693634416,1004.1816625332092,6.88291672800636
835,836,0.2112230496945279,1258.9726934195423,7.366160308655794
835,885,0.16995477980492027,1594.9715000107055,5.694891938682782
836,785,10.45125910285,2695.9075176902716,24.383259562810498
836,835,2.127160612242975,1402.6110738906805,11.907537015196638
836,837,0.6894654830537248,2814.069509682268,6.830965145231154
836,886,0.3478055804138688,1956.6953931201592,6.002525188031296
837,786,2.28327003421245,1894.9642776964097,8.731827861411924
837,836,1.9201761795182564,1631.8850144902285,8.347724803092351
837,839,0.28772514730716514,1238.1909146639157,6.621281903543725
837,887,0.037858515720846864,2131.9459833402166,7.324787915427477
839,788,4.8179821136492045,45.06240782075596,15.236240522709698
839,837,5.76549877326215,1401.1341205921135,24.913785491078865
839,840,0.022979916532790856,1546.4327028071827,5.51615852274797
839,889,1.0586650777469855,819.8252647246168,3.5990035359656756
840,789,0.09900945832541108,732.6466910078575,7.547945753121221
840,839,0.3415357047573072,3074.791979970646,8.668426874161609
840,841,0.13044620188949674,835.0761266524912,6.741431585924481
841,790,0.18419705295469946,1802.696545353971,4.988491436497131
841,840,3.5803079297689573,2055.253959237422,17.509852966851998
841,842,1.2080904244731272,1264.8204237029397,11.46371621388938
841,891,0.04,778.9926535177628,4.52096027493186
842,791,1.2427600983539713,1878.49344318614,5.917129083153039
842,841,4.631704570866108,37.51976345473912,21.629272329808003
842,843,0.06187004900465265,3131.8052718012827,6.005672133860505
842,892,0.13187452966625068,534.7471139315895,6.609657857726937
843,792,0.04,2191.138885204009,3.9027381091002136
843,842,0.49639183959467426,286.36523071488756,7.094326797899632
843,893,0.03643544318931385,1606.7368030516184,3.9398912468668046
844,793,0.12025230790132202,1880.5645109980055,5.0302689964399505
844,894,0.04,1258.2395379807654,5.138861433717798
845,794,1.1629030489338943,2112.524105926943,5.667016463829869
845,895,0.6677902564869216,1343.153318267251,4.186125662369606
847,796,0.02,1853.6406294437536,5.829838943801911
847,897,0.24860958193267102,1237.5288598621105,4.289263732648365
848,797,0.02,4996.540949564451,4.217047431082185
848,898,0.04068019057181704,4403.2109259133285,3.260723706220084
852,802,0.2915682065120757,575.313567133645,3.478629370677836
852,853,0.8927405549867311,575.313567133645,3.917007824609332
853,803,0.30403541183209093,5308.063135137942,3.487831678279891
853,806,0.892740554986732,5196.637883072961,3.917007824609332
853,852,0.2915682065120757,111.4252520649795,3.4786293706778357
854,804,0.8927405549867329,735.6122113605954,3.211046878120891
857,807,0.2915682065120766,2486.447383553287,3.4786293706767566
857,858,0.892740554986732,2486.447383553287,3.917007824609332
858,857,0.2915682065120757,3605.078505419213,3.4786293706778357
858,859,0.8927405549867329,3605.078505419214,3.917007824606901
859,858,0.2915682065120757,1717.7504972294505,3.478629370675676
859,910,0.8927405549867311,1717.7504972294505,3.917007824609332
865,867,0.2294846584977311,2892.754883947337,3.511698038274574
865,916,0.27020697958163575,870.2142244529471,3.88245649245476
867,817,0.22551675162263063,36.32247377600459,3.5052702415171924
867,865,0.23574652150977257,1835.3628546837283,3.52725892382498
867,868,0.22551675162263152,3455.6762228695497,3.5052702415150163
867,918,0.27412516153102695,912.0531112463067,3.888811118721663
868,818,0.22551675162263063,705.1890188930447,3.5052702415161043
868,867,0.22551675162263152,519.4452283274858,3.5052702415150163
869,819,0.04,655.8163779294514,3.822976631880929
869,870,0.04,2685.934498137108,3.5437809686225927
869,920,0.038910092140220585,7183.825812715099,3.6542248613486135
870,820,0.47805264185923324,1160.0444680497562,3.723266670477443
870,869,0.17060374247220267,3473.4597145294406,3.727952095495889
870,871,0.04,6968.317581016044,3.621114124831988
871,821,0.11387538562516308,4781.264233929188,3.833073196790092
871,870,0.4141969140644992,4261.367452698361,3.719812223252081
871,872,1.517846120858982,588.326443448864,6.050569412422995
871,922,0.07911649575277302,2090.828455575853,3.6826103191882393
872,871,3.8222355419399117,988.397449660589,8.698671341330831
872,923,1.517846120858981,988.3974496605886,6.050569412422995
875,876,0.07140755747536032,131.62237216899183,6.784748423146161
876,826,0.3534977679718042,2685.2301987752535,4.71358989613809
876,878,1.3172594946256415,4436.549053520535,5.426762073127229
878,828,8.945690048175011,1569.3754333884453,25.00579295087777
878,876,0.6153016942090536,6502.850270710425,3.611789853390096
878,879,21.377922856126023,212.20102413656184,29.140304031604487
878,929,1.6589307060177925,1540.4440164508685,7.989883024215754
879,829,0.34314586786878465,2458.41854756291,5.876035996538445
879,878,1.00848136126843,1577.1379485485184,7.014366164669381
879,880,0.5206571634954833,3700.810268546299,6.885068267447074
879,930,8.773216239586532,2819.5296695319116,28.13999071662542
880,830,0.4319698435004912,1613.4727135479934,5.189602896672473
880,879,0.2058124507933159,1203.5319509586534,6.185141628685819
880,881,1.2458875552217186,1765.7930842973758,6.700299878600534
880,931,9.112785001922123,136.46284268412762,14.027571116360752
881,831,0.021020603051674858,985.2113996215924,5.947119105498573
881,880,3.5082311243278723,756.2527303450747,10.46270372565264
881,882,0.05022529903875528,1647.1463371149664,5.7062870877596055
881,932,1.3651844953960386,827.9256853682552,9.39755740021511
882,832,1.2053770617200568,1237.282467433458,6.769851270411025
882,881,4.387078610772385,318.41715474607435,22.04280894457715
882,883,0.7665649244230835,4441.999150857353,6.1497971860408045
882,933,0.08509152004651277,649.9967531801208,6.107279154375726
883,833,0.6458489211247276,1498.9557587676532,8.464490262146413
883,882,0.5329476498446407,1016.1989006765946,5.985313366830329
883,884,0.028756789125273668,4807.385732570703,5.056146260499572
883,934,0.03159341558247286,1210.5579491928074,5.80740707110106
884,834,0.35577070598675575,981.1795555053654,7.571948122621432
884,883,0.5113120571770101,4195.641119936265,5.530051415359003
884,885,0.37426259571693704,1375.3372517844696,7.34684439495742
884,935,0.13385993880033292,808.2787285792288,6.528783684738226
885,835,0.2881005409895061,137.67929293960333,8.14167305736981
885,884,0.3730467961216828,1811.1450709969386,8.108036123456746
885,886,0.7644310313629974,841.2792370270629,5.264345126820709
885,936,0.02,763.2395379807649,5.258949232301692
886,836,1.1365476766313385,1457.868808409144,7.12256910610622
886,885,1.0868596880306423,817.3882894417396,4.775056222301592
886,887,0.15689520981754024,1946.4175837493958,7.019384781750149
886,937,0.040136235770749096,518.7835497445243,6.822265918341156
887,837,0.26073608169859464,2212.6405151675135,6.802391914153046
887,886,0.02,2867.463855823259,6.678089577961371
887,889,0.050749793161777246,1883.9999806248143,3.6130035125312423
887,938,0.5066825791424109,352.37937775614154,4.729293288645802
889,839,0.0549894291575236,2765.2566222300115,3.0303659645283005
889,887,28.57610915049772,1236.8941819284018,45.11643262386066
889,940,0.2726118568289835,640.5008500647912,3.749394746623447
891,841,0.08435627081730956,3251.7090047088723,5.221814703165794
891,892,0.07001129820021229,2791.7773966835257,5.627909734389575
891,942,0.04,4821.1717935041315,5.062455379092997
892,842,0.12275601464365771,227.4559800268639,4.957012899609385
892,891,0.09374758770082073,2128.9403726256683,6.017748965013334
892,893,0.04,327.20586516273545,4.510552248482679
892,943,0.04,404.9853152449018,4.141546563484354
893,843,0.4750206639581046,672.8035218761548,5.423789349706696
893,892,0.04,2730.731231382312,4.158863221960283
893,894,0.3800855809185495,985.1147962163049,6.314277095028812
894,844,0.04,580.4610388701235,6.282498766479644
894,893,3.2562536720096,2456.6366459109167,12.882062549564209
894,895,0.02,685.7645077908601,5.189746820386741
894,945,0.0915043513284699,2540.0162332774016,4.675319711701809
895,845,0.44896176631027007,611.3189032463927,4.420427225127687
895,894,1.0574645670616603,1738.7329668921984,8.480724011838122
895,896,0.02,1255.764507792723,6.796191508289053
895,946,0.04,2529.869047019786,5.774619005522652
896,895,0.1401983267595126,2204.44364500899,6.997439847677118
896,897,0.02,701.9777112283193,5.99837181705418
897,847,0.04207232332872479,751.3189032463927,3.7967778880812504
897,896,0.022496481834928694,157.51976345473912,6.204167551910453
897,898,0.02,2897.5412030874963,4.640206431549646
897,948,0.02,620.6659448519579,3.977124129739388
898,848,0.02,2628.8276912380234,3.4428800759957396
898,897,0.054435552048239355,575.8040347040637,5.188154508570749
898,900,0.02,4785.629117350288,2.070857173603094
898,949,0.219648495740687,3209.798461716394,3.835623478478307
900,898,2.176582260135627,2296.2629462010827,4.25836064166072
910,859,0.2915682065120757,2587.848738888794,3.4786293706778357
910,911,0.892740554986732,2587.848738888794,3.917007824611764
911,910,0.2915682065120748,5205.302801345338,3.4786293706799953
911,912,0.892740554986732,5205.30280134534,3.917007824609332
912,911,0.2915682065120757,2444.204444205701,3.4786293706778357
912,962,0.8927405549867329,2444.204444205701,3.917007824608117
913,963,0.5902891657811917,2438.2008591370286,3.697818597643584
914,915,0.22551675162263152,380.76996283507,3.5052702415150163
915,916,0.22551675162263063,3891.826302037645,3.5052702415193684
916,865,0.3104181990839444,5493.2379881723355,3.779859340703315
918,867,0.25029632916876654,4936.182671831256,3.850147307002872
918,919,0.2930691118284785,4779.6728791339565,3.9195190422915425
919,918,0.24960799523918809,4257.908205382743,3.84902981859686
919,920,0.2930691118284785,4257.908205382743,3.9195190422964097
920,869,0.06599139269716577,7873.562480100749,3.678201501142824
920,919,0.24960799523918809,1175.124534881651,3.849029818601639
922,871,0.04,2657.138507498683,3.635866532061499
923,872,3.82223554193991,486.4846186297622,8.69867134133083
923,924,0.3912602115671229,2148.8784439625883,5.216645002021733
923,973,0.4254106670102056,3007.895900241287,4.179839817224946
924,925,0.3912602115671229,3793.651801658048,5.216645002021733
929,878,0.4926815111971984,259.27865702476265,5.530607884644558
929,930,9.493818623719482,143.69343997899466,41.75066542047608
930,879,0.6740885842093856,1385.4403773974145,6.7910797790803965
930,929,3.0762922262765944,1398.7939334362975,14.806535416777718
930,931,6.2621528463839065,1538.224558221203,12.681815481090435
930,980,0.576386279690571,902.7956833595676,7.642362891514703
931,880,3.815938303494692,1579.3088019786271,12.013265690020782
931,930,3.8005061195523426,1615.631369244212,12.153188481758535
931,932,7.018151564451003,2582.8712889792714,7.067684637203749
931,981,0.20350947924613205,705.0435105847189,7.775388009127901
932,881,3.577113333395361,3528.0036057573852,16.139568561865605
932,931,4.58431101110291,398.58578063272125,4.350376443325019
932,933,0.5762731795705849,456.17367652239295,5.2965111010403225
932,982,0.8131374107976774,1221.6849329148886,7.299906939472736
933,882,2.0800864169452034,2663.8867233030683,13.92923284060504
933,932,12.010228572148298,1926.105544091186,15.93486717276792
933,934,1.4612913108449042,1760.661058144427,6.417849194187951
933,983,1.1636649321356696,453.5916302202126,5.083586864565658
934,883,0.6600396967782052,2640.4676547073673,8.192862146515315
934,933,0.8709025530910974,2523.5800532464395,5.735037045448458
934,935,1.4670415803630539,706.9777112283193,3.636379291289926
934,984,0.02,505.55794919280726,3.3609260281774938
935,884,2.7084538407785828,2805.0665092123327,12.109720873737803
935,934,2.404237010919872,955.8040347022012,4.751538024473088
935,936,0.7463351337232089,678.2447443379837,5.880395453169532
935,985,0.04,181.31565642651333,6.2432821220347625
936,885,0.12200586654411083,776.3189032463929,5.214689875537226
936,935,3.3544532558685374,4495.014273740064,9.772224455719565
936,937,4.633596413461021,1626.798134927533,8.163019533080742
936,986,0.17452680577187207,448.7420632977062,6.857066758341599
937,886,0.04801726156549169,1583.140331809727,6.4608950221871675
937,936,2.102523247216568,1506.0193243776714,6.098664158790156
937,938,0.2105294784844714,1800.3919388049746,6.137079226074397
937,987,0.19879714681866512,1018.9502160994213,5.538537121307563
938,887,0.04811191757741385,4159.859796723861,4.250729227371817
938,937,0.07822858984955226,1423.83973986751,5.332698988107554
940,889,8.983889083799745,2563.4781491555486,23.855467239095617
940,941,0.051257494534424186,608.6072202654796,5.2167665567034955
941,940,3.2611093199046426,2081.314724377923,13.31715780570255
941,991,0.051257494534424186,2081.314724377923,5.2167665567034955
942,891,0.04,264.7526565998227,5.487828022042923
942,992,0.26085283031538314,3403.9606763046672,6.750519395105677
943,892,0.04,1530.2714151941675,4.510552248482679
945,894,0.04,3376.9343417595132,4.591639000268398
945,995,0.09150435132846901,3376.9343417595087,4.675319711701809
946,895,1.0128150694283118,1211.2326835328786,6.859457742403108
946,996,0.04,1800.7269113960583,3.8999446056880607
947,948,0.02,760.7592557560107,4.561383906690897
947,997,0.02,760.7592557560108,4.252109291854242
948,897,0.036796016986856195,9.750360751468804,4.909234191146538
948,947,0.02,3201.157997190988,4.252109291851602
949,898,0.12826371618784194,5426.6718442037145,3.793694526483885
949,999,0.2001827358093866,4341.559522602904,4.077165091843934
962,912,0.2915682065120766,2298.0402389104456,3.4786293706767566
962,963,0.8927405549867329,2298.0402389104456,3.917007824609332
963,913,0.5919122269517407,5201.273357407341,3.6990021494241345
963,962,0.2915682065120757,2614.679285697873,3.4786293706778357
963,964,0.059527843655807544,2705.1656306973196,3.634502532246045
963,1019,0.17273869335711467,3545.9111403142942,3.5197568167085924
964,914,0.22551675162263063,890.1312818424674,3.5052702415171924
964,963,0.1565637195896885,267.040344529668,3.502382123396773
964,965,0.22551675162263063,3171.609710933726,3.5052702415150163
965,964,0.22551675162263152,1095.529006625612,3.5052702415150163
973,923,0.5318654217466099,3349.300112310446,4.325750364023251
973,1029,0.4254106670102047,3349.3001123104464,4.179839817224945
976,977,0.1035190664219023,3183.318987970195,6.036446550985488
976,1032,0.7008344368473722,1740.8556450407516,6.408487230642369
977,976,0.6213001167142591,190.43353553184727,6.538323200298442
977,979,3.5727208240245174,1110.5533988000184,13.372983108189546
977,1033,0.34217084297172295,423.8892495543891,7.528053838247728
979,977,0.8139185022555253,115.48506935953702,7.261830007686125
979,980,4.257808331808984,150.65477862192358,19.646958339154708
979,1035,1.227024968825266,725.249367539395,8.234939356373367
980,930,8.332183395559776,2705.9763202406916,24.428137328151344
980,979,1.9921563754902247,2179.5028678409635,8.65193368821293
980,981,0.13933456537339595,1438.6072202673429,5.658508727280799
980,1036,0.08395244298002602,2.3207070594653487,6.424179187973449
981,931,0.6103301513245385,2533.315143600467,9.254640154976054
981,980,0.047967706675438926,2475.362475929359,5.691928778703494
981,982,0.6104781329413417,5114.316195714824,8.658106325216549
981,1037,0.13420180006392846,3530.245414696456,6.791938323693583
982,932,1.6755057821761457,2620.9853401327,9.155616799832927
982,981,0.2601415964983542,1402.9839453086327,7.37955683362418
982,983,1.4169403565785244,921.0650205215343,8.76772426068815
982,1038,0.040546207335784956,3112.4636687633015,6.597251601586526
983,933,0.02,103.38997105825808,3.27747058505359
983,982,0.13998914831655737,725.702654882156,5.373338973875384
983,984,8.778768570366656,1018.9238897609944,36.18700449840188
983,1039,0.6851436794914818,2239.2803019884004,8.964679122776277
984,934,0.09010464691290787,438.6004197083251,3.161123289577239
984,983,1.6798423943440715,779.0407558018247,12.33266048449083
984,1040,0.02,1636.5409934764978,5.0856836818949285
985,935,25.84393776655615,1317.5321066819895,38.347999834203314
985,986,0.31131123112830883,245.7645077927228,6.878377232870075
985,1041,0.03044105859928005,3646.5134444580717,5.8146012132448135
986,936,0.3113112311283093,3669.549344819786,6.878377232870076
986,985,0.17452680577187207,3669.549344819786,6.857066758341599
987,937,4.104833827993066,3099.411254968606,16.810380147086807
987,1043,0.19879714681866512,3099.4112549686115,5.5385371213092816
990,940,8.427436656733024,182.62549886807344,12.989655509769268
990,991,0.14802306875338375,1226.9501622080288,5.385402375429068
990,1046,1.0468511095948472,1226.9501622080304,8.019503085878146
991,941,3.2611093199046426,922.9059748670736,13.31715780570255
991,990,3.786365993811239,4665.850649524466,14.226177152013287
991,992,0.6848117660757991,292.2233211168474,8.355566027192486
991,1047,0.889638631932316,461.5575307703365,6.419014668767603
992,942,0.06366481038225569,455.6540315634445,6.2433823289240165
992,991,9.471615238869061,3430.86462133392,34.099298774842126
992,993,0.2640362003176648,778.3280078631398,6.032300243291892
992,1048,0.45244627811338756,440.9603173662546,6.756559768926488
993,992,0.2631142749934927,3475.8374522278655,6.075439319175854
993,994,0.02,3136.5046197624633,4.77285521029156
993,1049,1.621578417189127,339.3328324654052,12.99526446877063
994,993,0.300576330062444,441.3452295821844,5.906101018339715
994,995,0.06835716093679034,2698.815373067192,5.372066480996269
994,1050,0.11827825122332802,464.09281065807727,6.303793930726072
995,945,0.04,321.67424230572,4.591639000268398
995,994,0.21999123396912879,914.7989840701808,5.614653670541189
995,996,3.128950991811049,2231.2417799383857,12.549742012287805
995,1051,1.213643876105583,1435.2243860781855,5.875760702143849
996,946,0.04,1740.5829719583223,4.162827726445342
996,995,0.41758664242482046,797.286357485473,5.427112300012155
996,997,0.05202491146659538,42.64971978393228,4.465591564472192
996,1052,0.08525355594419537,771.8791482866227,4.516495876122203
997,947,0.02,1725.0380092230412,4.561383906693728
997,996,0.02,1517.7665858194948,4.606843660363379
997,998,0.435234703573566,1248.607220267343,5.245568566236692
997,1053,0.029673269958106818,366.4628426831963,7.389704697985718
998,997,3.273183301458852,3076.6295090371596,10.92322404856663
998,999,0.43523470357356553,3076.6295090371573,5.245568566233435
999,949,0.12655728209820616,4233.972943016579,4.19913316200486
999,998,3.273183301458853,1645.5096621888365,10.923224048559849
999,1055,0.2660566785281837,475.1024529899856,3.779794061917754
1001,1057,0.4658670545599372,1891.7319620290104,3.89110647278262
1002,1058,9.06760411646695,1947.8716571758719,11.33765711626076
1007,1065,1.7614542973633744,1715.874097652741,6.87777177466672
1019,963,0.06395860003380227,5374.628321544641,3.6369964208554864
1019,1020,0.2245501827416545,104.41571787567524,3.5756612760930606
1019,1088,0.15577429127404688,5342.046187053525,3.5032704236894245
1020,1019,0.4649447973245513,6233.694869855144,3.762871370151169
1020,1089,0.2245501827416554,6233.694869855144,3.5756612760952806
1029,973,0.5318654217466099,225.3020840925867,4.325750364023251
1030,1031,2.0344729196226004,1519.4117926015606,6.828841173513993
1030,1098,0.31718923440041547,1519.4117926015606,4.7278296225953
1031,1030,0.3171892344004159,1780.0592596625538,4.7278296226011705
1031,1032,0.0994715923614066,3547.7883926010013,6.1173699713643614
1031,1099,0.04,1758.1533182681828,4.617260051695931
1032,976,0.12014011606354212,2779.3986813409165,5.605873046762955
1032,1031,0.6044050765805024,1656.5851120839995,7.39337372026684
1032,1100,0.34912845036976314,2311.8181817443865,5.807627464355077
1033,977,0.1055556121169765,1575.019480098214,6.508982153364561
1033,1035,0.29829384808324644,1474.7951705316632,5.975052683271875
1033,1101,0.12554653943190885,1560.8131311105035,6.19362426874846
1035,979,2.143199956143416,5121.08566077929,10.31740655794424
1035,1033,0.04820235638155257,2261.3422733956904,5.551941167656067
1035,1036,0.6996927035604275,1266.0163972037558,6.374046945548761
1035,1103,0.9038308024206358,510.3106057935613,6.2994862818657635
1036,980,0.5880726049812912,311.09559033721865,7.099584546335867
1036,1035,0.1358911151966291,3404.305619767258,5.9237541373611515
1036,1037,0.3259677148737915,89.27209195292411,6.078121237735439
1036,1104,0.31638893927713746,2975.620279538255,6.739016723916444
1037,981,0.34356271819276607,1651.9327932394622,7.145829301156053
1037,1036,1.7519427698218926,2329.656117797892,8.476136757630286
1037,1038,0.020100335404264966,1283.0000328375068,6.156105710487128
1037,1105,0.33083262239696865,2513.8951180661306,7.1481763331666395
1038,982,0.46316852351114557,2482.4609388727026,8.435121909425401
1038,1037,0.6686517563182024,1958.7009029508827,7.93813733758398
1038,1039,0.08444007672873965,1687.1282208174448,6.956602360764699
1038,1106,0.574328042954854,1970.569522629003,5.476243410553318
1039,983,0.6069500728824107,642.2377341676922,8.804862442516487
1039,1038,3.3116087917055106,2329.009223109906,16.908635727034156
1039,1040,9.586427437315837,495.33810912640945,32.67701930012974
1039,1107,1.1589481188332869,678.1347891421525,11.765598342280288
1040,984,18.798712034919255,856.7638310372581,51.09456087848643
1040,1039,0.02,3062.4816460278075,6.8773486152088665
1040,1041,0.4788459439466157,1700.1757627622674,7.339869732158973
1041,985,8.23396753897845,92.4309985692178,22.42506102972809
1041,1040,2.463729579722415,2378.646747176821,12.062390058323258
1041,1042,0.02,1282.243874385776,5.98856487140906
1041,1109,0.028602175760506294,2392.986651914218,6.58756659891048
1042,1041,0.6394109435404545,2315.4173787707327,8.146012700376158
1042,1110,0.02,2315.417378770736,5.988564871412778
1043,987,4.1048338279930645,2060.730158216868,16.810380147092022
1043,1044,6.851037362642106,1257.1858640300331,19.827054535373417
1043,1111,0.02,1210.7269113969887,4.8706593370893945
1044,1043,1.0318835259560357,867.7279162564525,6.210305303276506
1044,1046,0.1480230687533833,1936.4751859113776,5.385402375435756
1046,990,0.1480230687533833,3215.9996903887654,5.385402375435756
1046,1044,1.0468511095948472,3215.999690388768,8.019503085878146
1047,991,0.04367598716327059,3819.781786835808,5.7559702262713675
1047,1115,0.7314001274200664,5175.8559683713665,5.754474344709438
1048,992,0.20236826662752838,2740.730158216867,5.749758031583518
1048,1049,0.2412232109273223,1288.3990674656295,6.752899058062864
1048,1116,0.8364535368164633,1598.6120612896807,6.629857498885803
1049,993,0.027254763983498798,1351.8147045203364,7.640658808785094
1049,1048,0.25993215516181467,739.2964587513763,5.860535720496302
1049,1050,0.028605156696946007,422.9503718227551,5.055786702002848
1049,1117,0.03253172021712425,2056.1237369040655,5.835984878517342
1050,994,0.02,1656.6859708747074,6.312723103700375
1050,1049,0.3590582644269399,775.1027893025896,6.161987280305513
1050,1051,2.122469223365587,2099.7693652285448,8.104815052129284
1050,1118,0.06926717820766637,1194.8404248336676,3.966247571830563
1051,995,0.04,337.0295813659787,3.8168814547682346
1051,1050,0.02128294919994566,496.47725573404074,4.650188873950546
1051,1052,0.06619642386526615,3564.3240386014377,5.724207212252671
1051,1119,2.265456488858276,303.9653762087428,7.123067492804233
1052,996,0.08995667761727244,2802.359667255893,4.67961531168342
1052,1051,1.5521134532926693,169.72285741768937,6.711579558800657
1052,1053,0.04,3048.776703506012,4.479181794218342
1053,997,0.06934882542695098,2575.8163779303823,4.062037866742567
1053,1052,0.21825662223145326,1942.11687424494,4.887240594437239
1053,1054,0.09256502038829595,1188.043728406302,4.963927859067568
1053,1121,0.02,456.8181817443863,3.401858965134387
1054,1053,0.5050240167508333,3115.979797462602,5.45759104908589
1054,1055,0.09256502038829595,3115.9797974626026,4.963927859067568
1054,1122,0.1989486255619637,274.49284410048944,3.970503828456061
1055,999,0.02,2969.638887869467,4.079579280416771
1055,1054,0.5050240167508333,1272.7888828024145,5.45759104908589
1055,1123,0.6207719181455928,723.0485694286375,7.868097304528766
1057,1001,0.02,3163.614357139232,2.838452680536819
1057,1125,0.4658670545599372,3163.614357139233,4.557107586458278
1058,1002,0.11596454990512534,3721.270692760682,4.793800530940724
1058,1126,1.3591569542997024,6048.500588409916,6.767116079911161
1062,1063,0.02,1550.2428820435043,3.919545132792324
1062,1130,0.02,56.462842685058945,4.412929452172754
1063,1062,0.28383890112243115,2840.0619506769895,7.1446574470514115
1065,1007,0.13210450834876397,381.31890324732393,4.769590550396996
1065,1066,0.13719210715758523,526.2370648309295,2.945979541551563
1065,1133,0.3548130970736789,1384.0974023579656,7.098404368212995
1066,1065,0.02,2477.429238959461,2.8878785186034737
1066,1134,0.13719210715758523,2477.429238959456,2.9465029687456177
1075,1076,0.2641652392427041,2597.8372955347127,3.2272381283652543
1075,1685,0.22540713507294763,2597.8372955347127,2.633369280120253
1076,548,0.2641652392427041,3644.919980276723,2.623585793551973
1076,1075,0.22540713507294718,3644.919980276723,3.3320571437307485
1077,549,0.15322122549920003,3105.624458406069,3.9430582263866785
1077,1687,0.2697848306305639,3105.6244584060687,4.554287613111278
1088,1019,0.06762299878447457,5152.282186799413,3.621024694103452
1088,1152,0.1565637195896885,4101.095228298778,3.502382123395686
1089,1020,0.4649447973245495,3725.395084763078,3.762871370153504
1089,1090,0.2245501827416545,3725.395084763078,3.57566127609306
1090,1089,0.4649447973245504,1477.209708703867,3.762871370151169
1090,1154,0.2245501827416554,1477.2097087038671,3.5756612760963904
1098,1030,2.0344729196225986,511.4164239133465,6.828841173505512
1098,1099,0.0688233350266998,185.55020225200872,2.98853534132495
1098,1162,0.2700219038003751,3781.290403257092,4.657688850955127
1099,1031,0.04,507.8874457403851,4.6205442881488805
1099,1098,0.04,241.0183402429151,4.010057999329402
1099,1100,0.549007319182607,1771.622372168992,6.26861882705625
1099,1163,0.04,2686.6457423164234,5.040986706523406
1100,1032,0.2536134940299819,493.0346319979994,5.829442984758106
1100,1099,0.04,975.4486956428736,5.326218494658241
1100,1101,0.18310083717876147,2032.8355756045885,5.575647542552074
1101,1033,0.06385261666801068,495.10569980986486,5.842068514710866
1101,1100,0.04,1640.3015093852598,4.8755466990086465
1101,1103,0.049491824541475715,1471.8914915129428,5.046169470462216
1101,1165,0.07185575236033825,2644.8690470197885,5.858911949447288
1103,1035,0.20924888916143924,1391.8571419370887,6.053583804133056
1103,1101,0.04,1621.6976124550188,5.100128745094671
1103,1104,0.08656202618948772,1891.719052085915,5.644260426487846
1104,1036,0.8865917831133272,1970.3518618339583,7.0207251838642994
1104,1103,0.8200934935632747,1106.9057652567312,6.829195022034833
1104,1105,0.14540112926211712,1509.9423567911397,5.499370015579745
1104,1167,0.036187652344767805,751.7491462788678,3.4348046027732275
1105,1037,2.5286191025043063,2752.399972324103,13.007415685762712
1105,1104,0.09198404173259628,986.6366459090552,6.708367822394815
1105,1106,2.803408306376932,2241.3363900416393,7.317536507489456
1105,1168,2.9163421195029304,164.3479925770901,7.272568859420828
1106,1038,2.948088719191315,2599.6934092601996,11.3840443813389
1106,1105,0.26573990079489057,1292.112618858313,7.152640266743484
1106,1107,1.5183706217621555,1160.8793040071646,11.83194231669334
1106,1169,0.10668196344582714,463.536455669316,6.952994158759263
1107,1039,3.2150300624214223,1195.5119580365322,19.634695673592013
1107,1106,0.43888473671646455,4566.834751334936,7.669393959169608
1107,1170,0.02,3371.3227932984028,6.176350392283333
1109,1041,0.231611473462769,857.2824674315953,6.6618427217068055
1109,1110,1.0179345656161627,1896.0803199425718,9.93703348536479
1109,1172,0.04,912.1735208027828,5.709380976618993
1110,1042,0.6394109435404545,417.679292938672,8.146012700381215
1110,1109,1.6961184936585596,2664.9604440659946,11.088081854411715
1110,1111,0.34483900249714594,209.92894039487663,5.650115076315597
1111,1043,0.22906023104514084,2882.1515144523137,5.769141724392778
1111,1110,4.445787088318248,616.673019626376,12.59614969572194
1111,1174,0.22168146611814077,1497.250448916464,5.756124704836268
1112,1114,1.013205014519082,915.6730360424968,5.044249320078292
1112,1175,0.31503613370777606,915.6730360424968,3.882601064459138
1114,1112,0.31503613370777606,3586.29804657669,3.882601064460344
1114,1115,0.7821675077661534,5352.123520911689,6.164206328667826
1114,1177,0.2356370020284282,1238.9398513305766,5.022789903767782
1115,1047,0.9948399653950704,1730.8553775231865,5.0633033270340855
1115,1114,0.2418916341334283,2244.108198876388,4.482591131517349
1115,1116,0.408933143631768,1877.4073504266241,6.514944948493355
1115,1178,0.02496439674362424,3033.203920042508,5.862869528254378
1116,1048,0.3981560574418852,376.01448335347214,6.5173726109238075
1116,1115,0.7414896154000379,428.7225378574436,6.52241995146004
1116,1179,0.1853390331654516,5781.660094105819,6.121025303631733
1117,1049,0.07362801347779625,2409.267315529947,6.08986473533504
1117,1180,2.0693399191393294,1084.8690470197882,7.59507301807133
1118,1050,3.492179081982636,2572.5506358070834,8.349460970380045
1118,1119,0.18213815540820288,426.0264902647786,6.280962801609864
1118,1181,0.04,132.67604611972405,2.8334197675825004
1119,1051,0.6634870826224777,2646.9433616505994,4.877191892879968
1119,1118,0.04,1317.5727067642024,3.590460092920713
1119,1120,0.04,86.62237216712919,4.7821508127183225
1119,1182,0.05390852509745869,478.0313851790514,6.2065476628497915
1120,1119,0.5773959216640732,3177.925976001635,6.089625064119594
1120,1121,0.04,3177.925976001635,4.782150812709415
1121,1053,0.19477678357509198,2066.5270560471754,3.5341988964548547
1121,1120,0.5773959216640732,1715.8427042652436,6.08962506410825
1121,1122,0.3953892987194729,1174.1376323724253,4.029372367775518
1121,1184,0.10795896155780449,2215.3061025413253,5.129230445010082
1122,1054,0.3953892987194729,3136.393865817964,4.029372367775518
1122,1121,0.1989486255619637,3136.3938658179636,3.970503828456061
1123,1055,1.533690115368329,1377.8126182810076,8.13459771944817
1123,1125,0.6207719181455928,1377.8126182810065,7.868097304533651
1125,1057,0.02,357.17676762173033,3.324281752441218
1125,1123,1.533690115368329,619.5908312684672,8.13459771945322
1125,1126,1.4743639962552972,287.1920167671706,7.600432172021428
1125,1188,0.02886006053515766,2627.6760461197237,4.086311789696195
1126,1058,0.319146580801713,1108.0978943884768,5.890909836376928
1126,1125,0.04,728.0161360345426,5.400072069704358
1126,1127,0.19474900634773196,1004.1768648655218,5.422400355664758
1126,1189,0.05759380933421454,2566.921585705897,3.433161671634383
1127,1126,0.04,486.65574634133174,4.661772544170742
1127,1128,0.04,2694.7403567246984,4.383477982349993
1127,1190,0.24288289538161978,2119.4527414163617,3.3899534025122406
1128,1127,0.18581019725341985,3136.690475583119,4.064019597064986
1128,1129,0.04,3136.690475583119,4.383477982352716
1129,1128,0.18581019725341985,952.513610719464,4.064019597067509
1129,1130,0.04,2176.2479326773873,3.768523465203972
1129,1192,0.02,1325.8131311095724,4.206406861467076
1130,1062,0.02,2468.253245004979,4.9307921150515295
1130,1129,0.04,1378.2242888362566,3.6565547992618193
1130,1131,0.08228423094266013,1726.1508451174163,4.1857524271556965
1130,1193,0.02,1025.3715723367295,5.497983641263401
1131,1130,0.13181593905846523,2504.5702932065037,3.918486251283769
1131,1132,0.2641079044906691,896.1007464179106,4.358142744957096
1131,1194,0.14838235842430425,442.4850775669377,3.7912445735921456
1132,1131,0.19777140272539917,3482.964237920844,4.463276583826418
1132,1133,0.26410790449066823,3482.96423792084,4.358142744957096
1133,1065,0.18058363643781217,323.0346319979994,6.696280645074325
1133,1132,0.19777140272539917,2620.489124129507,4.463276583826418
1133,1134,0.17376754202042832,257.45026826652594,3.9562377778676647
1133,1196,0.04,2095.5187585943445,4.9597071811803755
1134,1066,0.02,2116.3293634507336,2.8883916226927737
1134,1133,0.47518226049653567,2834.961345640512,3.7144392260980186
1134,1136,0.6132931743431662,730.2428820435036,4.599149982183894
1134,1197,0.28529339028382417,2114.6966075927603,5.346802405744842
1136,1134,0.8368569683608982,1750.1815879168405,4.8473249125338524
1136,1199,0.6132931743431653,1750.1815879168405,4.599149982183894
1137,1200,0.04,1717.3946600620195,3.8620876904822015
1138,1201,0.1274664958078393,1618.9859294741068,6.283749311459975
1152,1088,0.059527843655807544,4467.798033838361,3.634502532244917
1152,1216,0.1565637195896885,4467.798033838361,3.5023821233935113
1154,1090,0.4649447973245504,2865.0680125861454,3.7628713701546728
1154,1155,0.2245501827416554,2865.0680125861454,3.5756612760952806
1155,1154,0.4649447973245504,6385.685158353731,3.762871370153505
1155,1156,0.2245501827416554,6385.685158353733,3.5756612760975006
1156,1155,0.4649447973245513,4441.540584088535,3.7628713701558416
1156,1220,0.2245501827416554,4441.540584088535,3.575661276094171
1162,1098,0.551523681080009,2133.5981238599725,5.207601627817778
1162,1163,0.3454314094878139,2075.397511258097,7.0176977874520485
1162,1226,0.10518106115401649,929.747113932521,5.52510247977972
1163,1099,0.42110269267951494,1524.0144294633992,5.339879783700712
1163,1162,0.15491230908810394,45.937625265699154,6.991921322064669
1163,1164,0.2978871802028005,2966.044087343791,5.355216464419515
1163,1227,0.04,1245.266823498118,3.000909419406116
1164,1163,0.2731936925767817,605.3601800816632,5.665971653359928
1164,1228,0.2978871802028005,605.3601800816629,5.355216464414528
1165,1101,0.18820774729482492,3224.5331880586696,5.9668934779813565
1165,1229,0.07185575236033825,3224.5331880586673,5.858911949449107
1167,1104,0.1475217543212164,441.4846186297622,6.195337437835173
1167,1168,0.8649472475451716,1014.1930091094412,6.49017489998338
1168,1105,1.0885998340175371,1590.9568401434096,4.146547776787226
1168,1167,2.602654633988209,1556.7362820161982,10.75047884891447
1168,1169,0.17321000390204766,1588.0184752368873,5.949845234408564
1168,1232,0.4329110604969868,1589.127368827233,3.5574198258147174
1169,1106,1.0735428554412982,2154.582513021148,8.221719249055319
1169,1168,5.554650880561557,1092.372577197125,14.79765232394121
1169,1170,0.6776318494413832,632.5563631958892,6.512177919620297
1169,1233,0.4821354656750003,2370.7651309820685,5.173903241700713
1170,1107,0.11529303714238104,211.82142856333428,6.216830196282022
1170,1169,1.218577317527307,5725.756484554359,7.625173848244218
1170,1171,1.3033070862201266,3472.579872651309,6.6691239159425155
1171,1170,1.2600917990201994,6488.278358874464,7.083254832994676
1171,1172,1.9630817487154613,6488.27835887446,8.29413590563689
1172,1109,0.5990146418708306,536.3189032463927,6.204031405908104
1172,1171,1.2496370442309594,4565.949477242417,7.0769829736805026
1172,1173,6.310395314899382,1658.1198550614272,19.932907004362807
1172,1236,0.23986347328144664,278.5339104969244,5.764951577819152
1173,1172,6.10286334185214,3152.712756145427,19.44210483706924
1173,1174,0.28071150236955233,2031.1097537891649,6.73696189473606
1173,1237,0.14431906373573744,359.39177487319347,6.853762189412711
1174,1111,1.8120088134866026,1260.5165040525403,9.761395576015929
1174,1173,0.5744911854099994,1622.0630445753686,7.568269978257885
1174,1175,0.19501060273145,435.3475418492909,4.0698437108897885
1174,1238,0.1863986129005366,2815.0577197260836,7.008446607416622
1175,1112,1.013205014519082,1499.1191783026718,5.044249320076726
1175,1174,3.6223894066609743,1065.5840451247004,12.197470443275996
1175,1177,0.03369523529371499,992.3330502876468,5.778661670042923
1175,1239,0.12836773178172578,1903.4648750320675,5.382126583580382
1177,1114,0.5693083985371121,3057.7286944165076,5.984522902024368
1177,1175,0.17841350076709928,299.5908312666046,6.658284461365102
1177,1178,0.5904333497283278,2992.2928630318065,6.254884553534121
1177,1240,0.1450918604030207,1231.168470169831,6.678011942890403
1178,1115,0.06978953830441406,195.35993075603525,5.696505494711989
1178,1177,0.1441362959112122,860.2325196065244,4.387402270263211
1178,1179,0.11780476721713562,1259.1097455824215,6.86086396051928
1178,1241,0.10001680525870649,1466.3328406761011,7.4627385274432445
1179,1116,3.5249944633250774,2410.587543659248,9.764105709599342
1179,1178,0.026116738461935185,734.0883059515256,6.40363786073349
1179,1180,3.4529416687046517,294.0303366408054,9.362979192619704
1179,1242,0.04,585.7795806969075,5.178625582576914
1180,1117,4.826666331548239,359.8823868980568,11.130885367162264
1180,1179,4.558706239199868,3679.337152452972,10.785041391718533
1180,1243,2.0693399191393294,3319.4547655549154,7.595073018066615
1181,1182,0.04,687.8355756027256,5.739204426081129
1181,1244,4.201679672233357,1309.3917748731935,9.65628106286816
1182,1119,0.7338990685933148,3259.7088743046515,6.155703731836226
1182,1181,0.05660675277592997,546.6618990803327,6.0183043717739455
1182,1183,0.04,141.6223721671292,5.310438857746621
1182,1245,0.07672969767979004,2832.1287875379494,5.977053316596742
1183,1182,0.2948646873676175,3037.279220615441,5.844075349276467
1183,1184,0.04,3037.279220615441,5.310438857746621
1184,1121,0.3942821863041379,1962.4894958272873,4.0516224327533905
1184,1183,0.2948646873676175,2032.727916256453,5.844075349276467
1184,1185,1.675414527151716,648.8376700501127,6.786373871906787
1184,1247,0.5851650333945715,1206.5409934778147,4.893838594402623
1185,1184,2.500665905069031,3109.9524498476567,7.416287556737943
1185,1186,1.675414527151717,3109.952449847663,6.7863738719110005
1185,1248,2.5658778364863464,452.0041388618912,7.5151976257999635
1186,1185,2.500665905069031,3176.0407640085673,7.416287556742548
1186,1188,1.675414527151717,3176.0407640085637,6.7863738719110005
1188,1125,0.21411603000549206,2025.9635641870657,4.599797329868597
1188,1186,2.50066590506903,599.4436450108531,7.416287556742547
1188,1189,1.1340828335725295,2471.8040534863153,4.7837842522159
1188,1250,0.050749156678266516,978.5339104969244,3.794931324178084
1189,1126,0.04,2407.75878860946,3.9288622217564
1189,1188,1.195135964973403,1094.7990906503796,5.014398011118702
1189,1190,0.18492447338671525,1953.7605592620948,3.799224554842187
1189,1251,0.12708459716307452,888.048569429955,3.92595844976614
1190,1127,0.22277604961475683,2304.958513553182,3.3129161480342937
1190,1189,0.10879924212206316,486.0922544802913,4.030013484565292
1190,1191,0.19210917089811552,2546.54230519075,3.634539038859993
1190,1252,0.2050951919291073,721.462842685059,4.295306541726469
1191,1190,0.23432642487938526,1859.9734351189663,3.371083561178829
1191,1253,0.19210917089811552,1859.973435118964,3.6345390388633785
1192,1129,0.0734124164754082,3070.4163056043576,4.005531048105779
1192,1193,0.1121683867964478,806.0984505733945,4.457935699476913
1192,1254,0.024158882404813592,3876.5147561777517,4.238306601165187
1193,1130,0.02,398.3899710582581,5.152853591935159
1193,1192,0.25803214826592047,1744.0569000431112,4.359812207392477
1193,1194,0.33194489327895393,1352.1916091259843,3.991110839075747
1193,1255,0.061418836666727206,2015.760328925296,3.285782009784047
1194,1131,0.3319448932789548,2397.0956758448397,3.991110839078225
1194,1193,0.14838235842430425,2397.095675844837,3.791244573589792
1196,1133,0.04,140.96356418706523,4.857340448156259
1196,1197,0.03936487545018101,1194.9976240930246,5.070246575522495
1197,1134,0.20866457282445383,913.9797002216084,6.027669316358099
1197,1196,0.14633940446063853,2821.901004292744,5.204473340177946
1197,1259,0.04,1907.9213040711356,4.975072346568025
1199,1136,0.8368569683608991,1657.8187710188038,4.8473249125338524
1199,1200,0.6132931743431653,1657.8187710188026,4.599149982183894
1200,1137,0.06892631564676943,3136.610670895556,3.384222537957199
1200,1199,0.8368569683608991,585.9450682245397,4.8473249125338524
1200,1262,0.2515470316678954,2829.678078468967,3.993728427976479
1201,1138,0.04,402.2377341667605,3.195474591008514
1201,1200,0.25510247624793614,1452.0720519466224,3.882053869512134
1201,1263,0.1940525510172817,1544.468974695627,4.354583693903846
1216,1152,0.059527843655806656,4173.5868935359185,3.634502532242659
1216,1280,0.1565637195896885,4173.5868935359185,3.502382123394599
1220,1156,0.4649447973245513,3890.0694798370687,3.762871370152337
1220,1284,0.22455018274165628,3890.0694798370687,3.575661276095281
1226,1162,0.18466833283315198,3226.7076598311146,5.703257445522245
1226,1290,0.10518106115401604,3226.707659831107,5.525102479781435
1227,1163,0.576605998719546,178.2865670951573,4.001318057953255
1227,1228,0.140416731856857,41.97541537996528,5.4721944413550805
1227,1291,0.14470369466786792,3209.350201439399,4.94320143175261
1228,1164,0.2731936925767826,2926.904247567759,5.665971653354652
1228,1227,1.2992675753401155,3144.9747468305823,6.798908154385245
1228,1229,0.2140101478618952,6071.878994398345,5.415806074933204
1229,1165,0.18820774729482492,1241.7961753929878,5.966893477983208
1229,1228,0.7759174783237457,1826.6690359485015,6.230376195863233
1229,1230,2.686730855746334,2247.957508690925,9.630254558297606
1229,1293,0.8177306465824623,589.0974023570336,6.415767370932051
1230,1229,0.09460461895403505,996.5147128227186,5.591870322230071
1230,1231,0.6974723973140166,2004.4041180976496,6.853956843653921
1231,1230,1.0175518117918223,1333.2914081193558,6.914945083243305
1231,1232,1.1541938331106731,504.2088345728151,4.184521558546277
1231,1295,1.2976407563602743,697.0263345451683,6.789081513867952
1232,1168,1.1541938331106723,809.7122112051086,4.1845215585475755
1232,1231,2.7907401261064004,3717.562060549757,7.466926889950025
1232,1233,0.26107570470452224,225.5890851188157,5.497109328255771
1233,1169,0.2565450693150648,1408.450937601427,4.852059053015775
1233,1232,0.9147377675779742,3030.0605073789675,5.683028926717168
1233,1234,0.26107570470452224,3030.0605073789675,5.497109328252359
1233,1297,0.7788545208048965,3423.578392367147,6.253567812474328
1234,1233,0.9147377675779742,41.50440576283132,5.683028926713639
1234,1235,4.499455479015907,3097.45498337398,12.277452034759092
1235,1234,3.760211502647107,3186.396103069753,10.537897885436324
1235,1236,4.499455479015907,3186.3961030697515,12.27745203475147
1236,1172,8.292512178332949,1495.1056998098652,18.39708063552126
1236,1235,3.7602115026471052,2258.058002146365,10.53789788542978
1236,1237,1.1640650436490034,958.043728406302,7.981041945400189
1236,1300,4.02303446668223,1644.011182643521,7.949658197808453
1237,1173,6.568253849751619,1756.821428562403,26.69321362985134
1237,1236,0.7154452944604808,1528.7939334344355,7.922133316306476
1237,1238,17.703713324672155,1570.9726605925737,35.821997746953315
1238,1174,0.22897301287784044,2487.490620233309,6.945373664067611
1238,1237,4.4956466981053005,766.6618990803327,14.040564787130927
1238,1239,0.11916790915822702,1365.6711512091765,5.326127997844032
1238,1302,0.02,1244.5999276739758,5.22436653048971
1239,1175,0.15528159590476465,1481.725161470266,5.431880322404197
1239,1238,0.3130147013539466,1731.6713317961974,6.000644655682768
1239,1303,0.02,755.4140097550724,4.470871606610666
1240,1177,0.3097947029313812,2124.161615720082,6.700461112595343
1240,1241,0.06458937274464294,246.79185540502905,4.685857990987883
1240,1304,0.12679050406459602,647.1735208027824,5.408945547700457
1241,1178,0.4156534158473839,37.93122803582991,7.5770401884496
1241,1240,0.5512378294623823,179.27416177295308,6.26785447644894
1241,1242,0.6366085002902238,329.27209194842726,7.662052261725952
1241,1305,0.034747027978936806,314.7471139315895,6.4145217867586295
1242,1179,4.624797759670544,1784.3171051920776,12.10579729949568
1242,1241,0.5226294536260978,3082.479350178794,7.746676284089608
1242,1243,0.18162855489888852,1330.2619824757817,5.114609275286224
1242,1306,0.12770469522437722,1506.282334336614,4.290546008222895
1243,1180,4.826666331548237,507.13433020365966,11.130885367155352
1243,1242,0.11378677571532858,326.66189907847007,4.501230538349879
1243,1244,0.1747609954304883,2561.475185911377,4.429058622066423
1244,1181,0.04,1224.7503607505375,5.1560028368952295
1244,1243,0.8632832227453804,352.5197634547391,5.675699352675257
1244,1245,0.2119751014053024,762.0349714479664,3.5676670097820917
1244,1308,0.14264559761652085,2424.631049351952,6.237134800841506
1245,1182,0.140106377071646,2611.1302305400986,6.212100249234685
1245,1244,3.001715288524751,3001.8691955004924,5.694399372743899
1245,1246,0.12596997381650787,3925.235872922949,3.865003642696845
1245,1309,0.40246874257666576,2061.0180370914068,7.512671685471706
1246,1245,1.123218399087656,4310.334391045581,6.6264500495278185
1246,1247,0.09643869188404507,3763.8480223256975,4.504687090876805
1246,1310,2.696398463641994,4141.983696959599,10.176794977560412
1247,1184,0.3125815885997718,2830.3024286624195,4.333771355781148
1247,1246,0.6476253056621588,6408.493023726536,5.381543668425533
1247,1248,0.4519956229677337,3759.352067627355,4.107586536471592
1247,1311,0.15399477520551835,2089.983843237957,3.808779760782747
1248,1185,0.4874661369003874,3277.172905650272,4.407200543702414
1248,1247,1.7970769656523313,6556.767060250245,5.661304349902634
1248,1249,0.3023633932247238,3279.5941545999644,3.868270761436245
1249,1248,0.15399477520551752,262.57843415234663,3.808779760780382
1249,1250,0.02,1769.714723890281,4.4768544246689155
1249,1313,0.026387120201107294,2032.2931580426275,4.123503780929591
1250,1188,0.02,2713.953462918368,4.035434605683858
1250,1249,0.02,427.0172381396601,4.161373549261039
1250,1314,0.44305699248122066,368.8892495553205,4.322073892949619
1251,1189,0.04,3431.891904339188,3.724320218112906
1251,1315,0.1270845971630754,3431.8919043391898,3.925958449767359
1252,1190,0.3198030348337553,3068.3452377906274,4.275488341514791
1252,1316,0.2050951919291073,3068.3452377906287,4.295306541725136
1253,1191,0.23432642487938615,1450.6867366608622,3.371083561181969
1253,1254,0.19144835119386422,1716.144912422007,3.5670060811932913
1253,1317,0.14075227588033812,265.45817576114484,3.46303444138182
1254,1192,0.10963948726006166,2000.5852678037718,4.414557940020271
1254,1253,0.18003377180666194,1822.2780507720806,3.429892623236004
1255,1193,0.020829561255796936,4167.829231223019,3.417810751466116
1255,1256,0.27586406832854626,898.5904156814438,3.2379759481733306
1255,1319,0.02,3269.2388155415756,3.341490754074279
1256,1255,0.36090825049202024,2902.2102183103434,3.222923664016386
1256,1320,0.2758640683285458,2902.2102183103557,3.2379759481753405
1259,1197,0.04,3301.2661010582715,5.136291347349164
1259,1323,0.04,3301.266101058267,4.975072346569569
1261,1262,0.564511352262195,2953.923571153276,4.083205299503545
1261,1324,0.2515470316678954,2953.923571153284,3.993728427977719
1262,1200,0.564511352262195,540.100367541877,4.083205299507348
1262,1261,0.25154703166789627,540.1003675418772,3.9937284279727594
1263,1201,0.33525815117899693,4433.886723301198,4.627926980648514
1263,1264,0.4164893515719914,1256.6890838090426,4.850709479852562
1263,1326,0.4345025656034769,2752.7256969234577,5.597100850754659
1264,1263,0.42227260771164943,154.1769449241427,4.6383135337153245
1264,1327,0.2334367352843653,1320.4478680839588,5.232453760367157
1265,1264,0.287980974025682,2530.652282397529,3.8428198428571343
1265,1266,0.46273231780592583,2123.144265212007,4.399090256478875
1265,1328,0.3757273160125757,2123.1442652120077,4.696472835778863
1266,1265,0.3757273160125746,130.9427723761857,4.696472835778863
1266,1329,0.46273231780592583,130.9427723761857,4.399090256478875
1268,1269,0.02,70.88172577160216,4.092349698195094
1269,1268,0.3930866204669887,2057.4544921279494,3.925282622541043
1269,1332,0.02,2057.454492127949,3.180108275227889
1280,1216,0.059527843655807544,3547.312405289155,3.634502532243789
1280,1342,0.1565637195896885,3547.3124052891544,3.502382123394599
1281,1282,0.1565637195896885,7146.640019284717,3.502382123392424
1281,1343,0.05952784365580799,7146.640019284718,3.634502532242661
1282,1281,0.059527843655807544,1418.1434480322496,3.634502532241532
1282,1344,0.1120271905960029,7776.57765901108,3.5563955316334885
1283,1284,0.1565637195896885,2865.674469876619,3.502382123392424
1283,1345,0.059527843655807544,2865.674469876619,3.634502532243789
1284,1220,0.4649447973245504,1450.4658263972967,3.762871370153505
1284,1283,0.059527843655807544,3443.9094797045927,3.634502532241532
1284,1285,0.17677536351266632,4894.375306101889,3.5240986653680895
1285,1284,0.3695851887210377,4263.606826919421,3.741059774221907
1285,1286,0.2245501827416554,3539.1625550512413,3.5756612760975006
1286,1285,0.4649447973245504,1989.549724933246,3.762871370155841
1286,1348,0.2245501827416545,1989.5497249332457,3.5756612760952806
1290,1226,0.18466833283315198,941.4846186297634,5.703257445524016
1290,1291,0.1035499756321609,2476.100404504018,5.639966509536107
1290,1352,0.26210483438501253,268.3867242383788,5.0520991385568585
1291,1227,0.09669224991500425,3099.4962933076304,5.305380071416264
1291,1290,0.17061563733653687,487.3920195451576,5.360994443369493
1292,1293,1.1028408886094772,1167.891290111977,7.066816673982339
1292,1354,0.8795187223514125,2061.0191917084094,6.556831146613618
1293,1229,1.1028408886094772,2369.4765414998974,7.066816673982339
1293,1292,0.8177306465824619,2369.4765414998965,6.41576737093205
1293,1294,0.33688001800141754,1556.4751859095154,6.491351605017925
1294,1293,0.4673859910180638,1629.798984070181,6.377459697279634
1294,1295,3.1413973943974796,118.41784503809772,5.918134787983383
1294,1356,1.0910002935271814,118.41784503809772,3.614249774848404
1295,1231,35.14136882695087,1907.0043281956323,57.92636406793721
1295,1294,1.0910002935271814,518.2742130178269,3.614249774848404
1295,1357,0.02,2281.013214990798,5.4430773306764735
1297,1298,0.8805699203900197,2310.18392711732,6.0500039425385
1297,1359,0.7302355290296454,2310.1839271173217,5.194893507961851
1298,1297,0.7302355290296454,3473.908729652597,5.194893507966689
1298,1299,0.8805699203900192,3473.9087296526,6.050003942534744
1299,1298,0.7302355290296458,3966.0284207831737,5.194893507963464
1299,1361,0.8805699203900192,3966.028420783174,6.050003942534744
1300,1236,1.351800536051325,3223.67532368147,5.791801483558867
1300,1362,4.02303446668223,3223.675323681466,7.949658197808452
1302,1238,0.48035406747943776,765.0804466413804,6.47739876239389
1302,1303,0.05182911026739845,692.8355756045883,5.957194773458428
1302,1364,0.2199241700476131,2842.3343833818126,3.9663527290658913
1303,1302,0.043995867681376755,1197.372577197125,6.135698689012202
1303,1304,0.02,315.4701352774942,3.935272846985721
1303,1365,0.1877925274585186,1491.376622970614,4.839741314446637
1304,1240,1.4711308065821034,1042.8874457413167,8.15771180216243
1304,1303,0.02,2915.9869343344863,3.9023103211104977
1304,1305,0.02,249.5513043552637,4.065013583879185
1304,1366,0.15491541945739717,2028.845467260149,5.368653001569472
1305,1241,2.58297927989213,695.8163779294512,8.890928220016855
1305,1304,0.023320295155497384,3083.352374663451,4.9304219620314145
1305,1306,0.18520057381443536,369.86711650138756,4.632717846706315
1305,1367,1.1736533564627225,1483.7397674493532,5.4493935165735925
1306,1242,0.10877281887470502,167.78404177887415,3.4764038043057655
1306,1305,0.25966195941523507,6191.263190555932,5.154029030882985
1306,1307,0.2903999328205553,3586.5260593989465,4.438253269027203
1307,1306,0.5775555818631243,7122.611743467767,6.448423702706411
1307,1308,0.07633514011281983,4307.857872585645,5.6899204901079505
1307,1369,0.04,592.3988578534227,4.546731558907025
1308,1244,0.3869376244350407,699.5144096051534,6.426945768466265
1308,1307,0.1868319119981292,1042.8599424030408,5.305728266391565
1308,1309,0.3016363664474437,2176.7424614546294,5.870754007796196
1308,1370,0.04,1394.2803019893338,3.3502038173413156
1309,1245,0.27792268803084236,1039.9617603730612,6.4650874204608355
1309,1308,0.4981294720724535,1052.5289701530212,8.471112770603755
1309,1310,0.20188838935416342,645.7086082941289,5.8797722243934745
1309,1371,0.22877074612899106,1923.0476184564545,5.620572689796401
1310,1246,0.08964359692832367,2240.0664356384445,4.3581042063368525
1310,1309,2.7093460771577407,3831.0947804851858,7.092587921764643
1310,1311,0.04,1199.0487790401849,5.394568548900622
1310,1372,0.394458537364865,3968.545443870269,4.096761170254287
1311,1247,0.30236339322472294,997.5068535125744,3.8682707614386462
1311,1310,1.5645252148388344,765.8040347022011,8.257409028263156
1311,1312,0.17996631596348323,2311.1808133961495,5.287509527032798
1311,1373,0.14966667164562167,4199.774070466658,3.830455063314191
1312,1311,0.2062804776787157,3070.230449780135,5.694893430880892
1312,1313,0.1799663159634841,3070.230449780134,5.287509527039363
1313,1249,0.07307289968739325,2616.747964903446,4.08225764034425
1313,1312,0.2062804776787166,1449.7514339204806,5.694893430887964
1313,1314,0.022957629382627985,912.2619906806617,3.912243911951198
1313,1375,0.5632508028339118,2330.5602450411616,4.4451792624412185
1314,1250,0.02,1570.7149981075445,3.9110553971599176
1314,1313,0.22380155443969565,3333.98115305749,4.188366282552018
1314,1376,0.06722057840112441,355.45549620189036,3.566375868810281
1315,1251,0.04,3300.30483272049,3.7243202181140624
1315,1316,0.3198030348337557,430.48165344557736,4.275488341516119
1315,1377,0.15118211887845615,3730.78648616606,3.968576159977397
1316,1252,0.3198030348337557,2853.2546367799932,4.275488341513464
1316,1315,0.20509519192910775,2853.254636779981,4.295306541727803
1317,1253,0.15282688146708345,3627.649314232922,3.1979492017048146
1317,1379,0.14075227588033856,3627.649314232922,3.46303444138182
1319,1255,0.02,3347.939392393391,3.471377859531915
1319,1381,0.02,3347.939392393396,3.3414907540742784
1320,1256,0.36090825049202024,3273.3809511662307,3.222923664018387
1320,1382,0.2758640683285458,3273.380951166247,3.2379759481743355
1321,1322,0.27880722617766907,1271.6619424305982,4.318464072518189
1321,1383,0.4090166015336978,1271.6619424305982,4.374229760357681
1322,1321,0.4090166015336978,3310.660171781675,4.374229760357681
1322,1323,0.2788072261776682,3310.660171781683,4.318464072518189
1323,1259,0.04,2350.565787709394,5.136291347350758
1323,1322,0.4090166015336978,1131.5085600837183,4.374229760357681
1323,1324,0.21550057170444514,2039.0296786079089,5.3437468402588815
1323,1385,0.04,707.2769247652247,4.023882353431712
1324,1261,0.564511352262195,2965.730158215934,4.083205299508616
1324,1323,0.2601426808413887,2368.6405944396824,5.27737382450382
1324,1325,0.24877362729404506,807.755508626349,5.093634405124291
1324,1386,0.19527044815146777,126.46284268412762,4.602662126610403
1325,1324,0.19790792084844266,3031.0660171779805,4.784628907687441
1325,1326,0.24877362729404506,3031.066017177982,5.093634405121129
1326,1263,0.3078664163798938,6029.097171953137,5.506141146533043
1326,1325,0.19790792084844178,89.02118667028844,4.78462890768447
1326,1327,0.5204440854626862,2146.455101346207,5.995076750218744
1326,1388,0.45287283115951804,733.1753246167864,6.354188351307402
1327,1264,0.28985636107153034,3535.3356285581467,4.644137594194468
1327,1326,0.5107928936003642,502.18450896058255,6.012314452571229
1327,1328,0.4149532313786637,941.4189803303339,4.660218388216995
1327,1389,0.43336647620159946,554.450445568007,6.874019906638239
1328,1265,0.46273231780592583,1439.780741856578,4.399090256478875
1328,1327,0.5483864212843038,4462.562487785237,5.097069576185229
1328,1329,0.27512651263775467,3022.7817459286575,5.150425762599733
1329,1266,0.3757273160125746,1525.368095112954,4.696472835778863
1329,1328,0.6338826852535755,1278.1633222940195,5.287877752417089
1329,1330,0.3409473696074362,2079.063423711216,3.4828960017802033
1329,1391,0.22434118486096022,234.39177487226215,4.158957794447598
1330,1329,0.24998143819116136,2505.947036494051,4.161784801770514
1330,1392,0.020629732023514702,94.74711393158952,3.8702769524451153
1331,1332,0.39308662046698917,1209.5547536047236,3.7298244531201976
1331,1393,0.02,1209.554753604723,3.8885724781687414
1332,1269,0.39308662046698917,4314.417333876738,3.050282764460837
1332,1331,0.02,4314.417333876752,3.8885724781687414
1342,1280,0.059527843655807544,1343.9047407208254,3.634502532243789
1342,1343,0.1565637195896885,1343.9047407208254,3.502382123396773
1343,1281,0.1565637195896885,262.38325179649377,3.5023821233935117
1343,1342,0.05952784365580843,262.38325179649377,3.634502532246046
1344,1282,0.09895339898807977,957.5167394854888,3.574059792527802
1344,1345,0.1565637195896885,81.42294651997705,3.502382123396773
1345,1283,0.1565637195896885,539.0310675919957,3.502382123394599
1345,1344,0.059527843655807544,539.0310675919956,3.634502532246045
1348,1286,0.4649447973245504,2447.9440392582615,3.762871370153505
1348,1349,0.2245501827416545,2447.944039258262,3.5756612760930606
1349,1348,0.4649447973245504,2519.6264710155942,3.762871370151169
1349,1407,0.2245501827416545,2519.6264710155947,3.5756612760952806
1352,1290,0.34212662159422447,2466.0602441058472,5.098316629158852
1352,1353,0.42948859461949107,2157.0934915775188,5.2122190248002225
1352,1410,0.04,932.546044111038,5.477020263422733
1353,1352,0.3218940969372528,241.0183402429151,5.036289407419006
1353,1354,2.021145548044263,683.2495853596606,8.417830505058392
1353,1411,0.47657782511210395,2038.352038350579,4.893357364427424
1354,1292,1.0701433369404358,3022.559819201161,6.992134273472722
1354,1353,0.7765091397260164,820.3015093852596,5.805956942250639
1354,1412,0.11993620319218223,1398.5925811917384,6.214977484925484
1355,1354,0.43176713590108173,2029.7104685064496,5.287283633056374
1356,1294,3.1413973943974796,3061.9129770984778,5.918134787983383
1357,1295,0.2816682482517123,669.7840499882509,6.02092995858206
1357,1358,0.02,3052.3809675849975,5.781539837614181
1357,1415,0.16286678241039798,3247.8568535491427,5.87906669556888
1358,1357,0.13300147255753147,1011.7463750745849,5.582500443167285
1358,1359,0.5788284655528613,3379.0268492060113,5.39697299267482
1359,1297,0.8805699203900197,1360.84204392524,6.050003942532866
1359,1358,0.4473903678821869,2988.6471600031973,5.408223446641328
1359,1417,0.38696877478905156,1627.805116077957,4.98416248535986
1361,1299,0.7302355290296458,3064.203102167829,5.194893507963464
1361,1419,0.8805699203900188,3064.2031021678285,6.050003942534744
1362,1300,1.351800536051325,2594.786074126153,5.791801483558867
1362,1420,0.07976208824734332,612.6760461197241,5.56833097533293
1364,1302,0.6401776395826966,3543.232057761281,5.001577745409187
1364,1422,0.3892863576059997,3038.818506943384,4.963380483044709
1365,1303,0.363929647998559,2542.2276411083676,5.6488878076088955
1365,1366,0.18779252745851904,2542.2276411083703,4.839741314446637
1366,1304,2.0568598171249493,771.4236520856639,10.342785569032008
1366,1365,0.363929647998559,669.0212757019086,5.6488878076088955
1366,1367,0.2522046065727273,2952.358670599444,4.460344894546564
1366,1424,0.21183023088804745,3816.994085621627,4.842414492425951
1367,1305,0.5691893093953385,4663.770976115237,5.836271280707945
1367,1366,1.239796351385929,1630.304878404489,5.438173044538734
1367,1425,0.19054149560525113,3049.376614763867,5.525615431441487
1369,1307,6.682905427856536,833.1902543239123,13.01764534139456
1369,1370,0.04,833.190254323912,4.546731558907025
1370,1308,1.074323191272894,466.0396908395562,4.98705185803633
1370,1369,6.682905427856536,1520.4368588670875,13.01764534139456
1370,1371,1.2672034728094403,2770.035007349917,6.3540161419540375
1370,1428,0.09943929054260536,1864.366521702848,4.8098181758551934
1371,1309,0.5460307881738714,644.3535352453233,5.329682063700951
1371,1370,5.419801904192778,936.7016418131567,10.955789375668186
1371,1429,0.3510765927202958,6441.221489989997,5.7003165742584185
1372,1310,3.4766549562524593,3992.5324738288555,7.767288946360054
1372,1373,0.3567566468825234,565.8925045845762,4.023339790534547
1372,1430,0.38080497752780307,3426.639969244281,4.251933566958421
1373,1311,0.05674625560624794,6126.659302639643,3.747201225611104
1373,1372,0.8666233178070706,2657.7828190968876,4.623763946409554
1373,1374,0.2269637047119062,2989.968827056527,4.11196449002075
1373,1431,0.12388389317904247,5794.473294680017,3.8794464727826146
1374,1373,0.43212238860242635,3664.5376158888557,3.825592994679249
1374,1432,0.24144754639136767,3664.537615888854,3.989976050774649
1375,1313,0.3136680074140483,6157.401153701772,4.157327398272394
1375,1433,0.48661147670901794,6157.401153701777,4.28441664779374
1376,1314,0.02139756180213749,3579.423026890268,3.7306742413080416
1376,1377,0.1121452595989858,250.12324480365908,3.820473384107662
1376,1434,0.059382802807369295,3329.299782086604,3.5244405023718097
1377,1315,0.2377210400530214,707.8459592944982,4.0247382486303
1377,1376,0.19843696674563116,1991.7167128854328,3.838277934450486
1377,1378,0.06348807858523031,214.2630845790361,4.949035331660303
1377,1435,0.5280594777313136,5561.74819530734,5.7702122325025025
1378,1377,0.04,3171.8986283829695,4.985921657249888
1378,1379,0.06348807858523031,3171.898628382972,4.949035331654158
1379,1317,0.15282688146708345,995.5933091651356,3.1979492017048146
1379,1378,0.04,1374.2293394720025,4.985921657243697
1379,1380,0.2473761894377624,1668.4052202009048,5.0428171717133665
1379,1437,0.10154769506518946,2189.8080804756896,4.467911454319737
1380,1379,0.5947473415143536,3107.6955262188653,4.8230412086689665
1380,1381,0.2473761894377624,3107.6955262188685,5.0428171717133665
1381,1319,0.02,961.379869790492,3.4713778595319145
1381,1380,0.5947473415143536,1378.5186613514843,4.8230412086689665
1381,1382,0.185859774906634,2963.775400765418,3.8832075579876832
1381,1439,0.03878213663419768,3316.5340590348414,3.918590245384488
1382,1320,0.36090825049202024,666.8214285633343,3.2229236640173866
1382,1381,0.02765401376782775,3664.7794301411177,3.400114529971489
1382,1383,0.44655782087346285,1563.110847685677,4.9580191815722054
1383,1321,0.27880722617766907,1351.692771431478,4.318464072518189
1383,1382,0.9817501769833283,743.2242888381188,4.8256307093523905
1383,1441,0.3510070103867444,3101.5767068518157,2.970970362532532
1385,1323,0.04,3164.7241566105236,3.8620165114157103
1385,1443,0.04,3164.724156610524,4.023882353431712
1386,1324,0.7464063492638262,3025.410532531293,4.170139475322402
1386,1387,0.6454368994594267,915.4762880127698,5.226887228221252
1386,1444,0.676051786111568,931.4352936663572,7.221469877799184
1387,1386,1.1053861239995786,2433.1633222940195,5.487885557843025
1387,1388,0.649699336880383,1129.6531528764285,5.644137856009742
1387,1445,0.6588047609032253,289.24458861464785,4.293197762694998
1388,1326,0.48787814722125344,1425.8196247493302,5.122637271016213
1388,1387,0.7059463619116274,4762.463104382498,5.255348024902749
1388,1389,0.3870473101481791,5222.312965724339,5.730752539554322
1388,1446,0.48166994935145535,1418.2362667324105,3.76850366485753
1389,1327,0.5457243061312584,913.8085725100383,7.310522109868957
1389,1388,0.3785845488611596,398.2767634408738,5.2434062908613495
1389,1390,0.8981860506775519,286.4452176326426,5.045065935469969
1389,1447,0.3321067928806989,267.32070706039667,5.128826391968964
1390,1389,0.6917447917200708,1235.722530098006,5.149225600348266
1390,1391,1.0539045758291357,2154.0906451501455,4.099116416286277
1390,1448,0.5295214982941672,463.3867242383788,5.058928653079471
1391,1329,0.44180160757084064,3037.279220613578,4.455242329625355
1391,1390,0.9992087924225892,134.3742298812619,4.2462798958932995
1391,1449,0.24550565592326978,3171.65345049484,4.156422479908676
1392,1330,0.41565578931872915,3151.1879502661686,3.3337546801383864
1392,1393,0.200055566006035,1297.877441716411,5.6424926049824
1392,1450,0.020629732023514702,3151.187950266182,3.8702769524451153
1393,1331,0.39308662046698917,2033.469466728117,3.7298244531201976
1393,1392,0.033408415642285576,364.2293394701389,4.6124607009313054
1393,1394,0.46638494585819235,3304.0148856437436,4.405860592968449
1394,1393,0.05400608833414555,336.65574634133174,3.950319786488977
1394,1452,0.04,165.81313110957166,3.62515986277908
1407,1349,0.4649447973245504,836.3178668952633,3.762871370153505
1407,1408,0.04103931731226055,1043.41772182063,4.240403727373573
1408,1407,0.12565920398776206,5834.041366190479,4.0175948668617725
1408,1409,0.02,3260.9545442950453,3.758891469235312
1408,1466,0.23933472971510739,2573.0868218954333,4.576858897673895
1409,1408,0.02,3180.3433754970765,3.7255227662232615
1409,1410,0.8377494343565326,4.417713793628222,6.8333149591280025
1409,1467,0.099120284934191,1229.46992566529,4.329292867753065
1410,1352,1.3869527680520646,749.9160761348392,6.8702620077285355
1410,1409,0.04,867.775287106436,6.331372833198533
1410,1411,0.31529160456664995,5782.638189093224,4.365446080888173
1411,1353,1.5615034451312568,2068.280794023686,7.417657213708647
1411,1410,0.07916000324781988,520.0930504984619,4.0255117281424875
1411,1469,0.23494874293609547,1033.7420632977066,4.474148688368271
1412,1354,3.0582851255297197,565.9658600354192,9.41362270392046
1412,1413,0.2943724579260554,1233.043728406302,4.23183931161089
1413,1355,0.43176713590108173,153.6419061551432,5.287283633054733
1413,1412,0.6477322594724813,1536.5504261955416,4.6131619691722925
1413,1414,0.12653135066997212,1916.8275687797163,4.218499285494635
1414,1356,1.756305678970266,228.6419061551432,4.661552585643731
1414,1413,0.47378800581188685,1088.121924881457,4.682633527934159
1414,1415,0.5058294612558321,1345.8254743349598,4.205627305530067
1414,1472,0.04,2998.66630378945,3.622715914522075
1415,1357,0.35483050946186045,790.5703794061026,7.034773564772447
1415,1414,2.103633328571198,786.5147128227186,5.988014964317675
1415,1416,0.2854063072781206,750.6711512091765,5.805937975393211
1415,1473,0.10716050526430809,523.0313851790514,7.958610438237772
1416,1415,5.658180458602819,3097.7279162564514,13.30290012824451
1416,1417,0.2621823906689899,5860.089543048749,5.568406778710075
1416,1474,0.3792760093157659,566.4628426841277,6.016488114699685
1417,1359,0.2649798257704159,273.89249637519976,5.586566877879286
1417,1416,2.1738796711513766,2738.7401037603677,9.14741963246008
1417,1418,0.30571555056096816,2655.2905589767106,4.043495510120018
1418,1417,0.4881064864147991,2218.7758171387777,4.668221777646825
1418,1419,0.22846498543527005,2226.449932740101,4.7196520304729725
1418,1476,0.1516172681472403,1645.3106057926311,3.773773464975878
1419,1361,0.7302355290296458,1176.5270560481065,5.194893507963464
1419,1418,2.6929367024920037,2498.3523746634555,7.334389617823708
1419,1420,0.12020549603040287,638.6934399808573,6.541893643778183
1420,1362,12.422950921178401,1292.5321066819895,20.339188429646185
1420,1419,0.10741833195178074,1640.0071368700317,5.726927241575685
1420,1421,0.04,1520.6782880792089,4.923097931545724
1420,1478,0.03327751820343552,1759.2008063194771,5.259549493987428
1421,1420,0.04,3155.3300858880443,4.90002234426661
1421,1422,0.04,3155.3300858880493,4.923097931536554
1422,1364,0.7128028995464963,1263.7855580773808,5.042745175108
1422,1421,0.04,1125.8040347040635,4.900022344257483
1422,1423,0.04,3678.955422456639,4.850925688660415
1422,1480,0.18187062465097847,310.6049783078586,4.4764896356203945
1423,1422,0.06644327329829025,5499.662258015969,5.112013501484501
1423,1424,0.04,4019.267392047151,5.137433054729182
1424,1366,0.3241789376124132,944.1639115693664,4.991177754359191
1424,1423,0.04,3401.0701978570196,3.6336962133302046
1424,1425,0.04,3262.8397562836176,4.082434936923562
1425,1367,0.05481207970016522,2204.4044087284014,4.056812915118219
1425,1424,0.04,399.98483989160786,3.5592812960225526
1425,1426,0.7114275845084347,3026.337386688157,4.121541196068133
1425,1483,0.08378223703387455,1106.4628426841275,3.3107742459117704
1426,1425,0.2544248567883696,1993.1038085839377,4.556187926687842
1426,1427,0.14799713968099226,2481.74430525719,4.340609586454238
1426,1484,0.27097400131686067,1843.4476907824792,3.773716739424711
1427,1426,0.1800588610777316,3161.357433504849,4.317533878278006
1427,1428,0.14799713968099226,3161.357433504846,4.340609586454238
1428,1370,0.7869533760173391,457.53210668198903,6.10580426221285
1428,1427,0.1800588610777316,835.401145492401,4.317533878278006
1428,1429,0.04,2306.180813394287,4.199089148864605
1428,1485,0.3098910712160059,2628.3005045248624,4.702300013082153
1429,1371,3.9858244645136094,1265.7334050358147,11.936696889888628
1429,1428,5.3086362375861516,616.5147128227184,10.548108857290291
1429,1430,0.45696577470562527,274.5513043552637,5.74411686246834
1429,1486,0.10611349681882994,5220.05771972422,5.053784330430555
1430,1372,4.000108066409698,430.4610388701235,8.28642642546817
1430,1429,0.04,1256.661899080333,5.823195251870115
1430,1431,0.04,1735.617321535109,3.8664503577822127
1430,1487,0.15578958874145954,2956.3261166317666,4.460387115340789
1431,1373,0.3440986111894091,592.7849927503995,4.087207903669838
1431,1430,1.8478845538781448,336.1593737615284,5.884540881461632
1431,1432,0.04,2130.1147962181676,4.159771320251314
1431,1488,0.02,2767.7370126638225,2.9942224875107875
1432,1374,0.6865549585177346,3453.19709991416,3.407477259677495
1432,1431,0.04,634.9461703259319,4.418929410994441
1432,1433,0.07182830624468561,2440.3229490180174,4.076719003636483
1432,1489,0.22004523890386984,5637.396955262109,4.199367796433734
1433,1375,0.309029354858104,506.5717893148031,4.150394922755566
1433,1432,1.3625220760287542,1489.088305951526,5.520193974280176
1433,1434,0.28424080074989444,396.6223721671292,4.6146090102356325
1433,1490,0.18493249469279638,2786.1684701688964,3.714094137417887
1434,1376,0.02,296.8214285633343,3.72259020362965
1434,1433,0.04,2092.875102515929,3.95318555875291
1434,1435,0.12255213757075634,283.0498811434397,4.216941816342473
1434,1491,0.02,2800.8740976536697,4.127203039290643
1435,1377,1.7884359578785547,706.9271283741305,7.418747015602359
1435,1434,0.04,1712.305457915888,3.863948473550271
1435,1436,0.04,583.7605592620946,4.2385569227113296
1435,1492,0.2106726308457762,5513.972371032898,4.018483308326093
1436,1435,0.04,3107.6955262151405,4.4059663474402235
1436,1437,0.04,3107.6955262151405,4.238556922706066
1437,1379,0.02,657.1767676226616,3.995494673709028
1437,1436,0.04,1131.8029326008088,4.405966347434753
1437,1438,0.2646827194387624,1943.821525804332,3.984735609006031
1437,1494,0.14349511894555533,2572.3126381399024,3.654080008644381
1438,1437,0.319960714351863,3176.446201767396,4.07777553673774
1438,1439,0.1515796211241286,6171.862963551177,3.4645785693069726
1438,1495,0.1120893961808096,2995.4167617837775,3.11450262028402
1439,1381,0.05476793062792209,1835.2530964670664,3.9791630334672807
1439,1438,0.1563355332941742,387.99457048756324,3.3469278495730665
1439,1440,0.2733437430846406,907.2277301418552,3.341385454018479
1439,1496,0.02,1897.312638139913,3.1619022999372226
1440,1439,0.04,2355.209136934603,3.001259523336186
1440,1441,0.24370360912901057,1466.7991649126204,3.0502952261080027
1440,1497,0.2620024462109125,3235.460183335008,3.15412448834611
1441,1383,0.16495234910828094,2.4048413268478543,2.7209773867611413
1441,1440,0.45940820108898567,3076.557844797805,3.2992888507213274
1441,1442,0.35789341991033563,3074.1530034709576,3.505929382847434
1442,1441,0.45942587369316534,3153.2590180799057,3.2995456869516233
1442,1443,0.35789341991033563,3153.259018079905,3.505929382847434
1443,1385,0.04,381.3189032463926,3.8620165114157103
1443,1442,0.45942587369316534,585.0872038464079,3.2995456869516233
1443,1444,0.47439347160651213,2578.8824923502916,4.022509201469763
1443,1500,0.22633017116546927,2752.901383170363,5.809448191908166
1444,1386,0.7169609258884719,242.17906347101558,6.952174025593627
1444,1443,0.6683446329738105,1445.000984132894,4.335479490631977
1444,1445,0.4787658555460448,390.68980624465627,4.296430456972146
1444,1501,0.30148220645792306,3576.4524310153893,3.8712081247149905
1445,1387,0.4787658555460452,4184.686453225189,4.296430456969479
1445,1444,0.6588047609032261,4184.686453225181,4.293197762697663
1446,1388,0.29313527384957894,3002.459120222827,3.496130330834454
1446,1447,0.2740334099522226,1166.0397798756742,4.977390433577615
1446,1503,0.48166994935145535,3002.459120222827,3.76850366485753
1447,1389,0.14109839348550768,1076.0845131423705,4.655328085875666
1447,1446,0.13028960220049957,3224.0807614384385,4.885580811690781
1447,1448,0.28861770558763133,4300.165274580809,5.015286160637475
1448,1390,0.21583792638461619,881.3189032463927,5.020134682749446
1448,1447,0.13628063611963048,1723.9088097112237,4.754933082540961
1448,1505,0.3171763559886118,2991.974924132066,3.493312558481614
1449,1391,0.9766373508058637,1312.1790634710162,4.2538727476378835
1449,1450,1.0212720245028262,1640.8316270720975,4.496144552890909
1449,1506,0.33545291763589313,3041.731962029935,3.686872788992986
1450,1392,0.4156557893187287,87.67929293960333,3.3337546801383855
1450,1449,0.6786074136451221,1033.518661353347,4.672318079391219
1450,1451,0.9092151986918617,2230.2677275717324,5.067593723885072
1450,1507,0.11137624538080315,3027.546044111038,3.371874374793401
1451,1450,0.6414541707164183,3270.9044455974013,5.094549154279956
1451,1452,0.9092151986918617,3270.904445597408,5.067593723888219
1452,1394,0.04,2334.1720759262803,4.779784541301081
1452,1451,0.6414541707164174,185.94506822267695,5.0945491542831185
1452,1509,0.4531675035074163,1775.432538880829,4.039582740578459
1453,1454,0.3739945838462715,43.43583836868187,4.296313841736688
1453,1510,0.365327021733866,828.9948554958797,4.308966861836753
1454,1453,0.22206706692446243,288.64823844594815,4.537803104087055
1454,1455,0.3739945838462715,581.4837360210488,4.124552555984668
1454,1511,0.29100871002647644,6145.528925708164,4.422811975107373
1455,1454,0.2220670669244642,3193.7944001423375,4.356387377871757
1455,1456,0.3739945838462706,3193.794400142337,4.411532070237919
1456,1455,0.22206706692446332,708.8040387743891,4.659497573858135
1456,1513,0.8636686295801228,2985.0691309010067,3.4392743875619907
1465,1466,0.04,1175.194863194544,4.092317891806562
1465,1521,0.10294794843205768,1198.0313851781204,4.01140300378118
1466,1408,0.33907538612301824,3047.0616010474178,4.3877471041356
1466,1465,0.04,3340.9490395595126,4.15380460155053
1466,1467,0.12202373730944416,6388.010640606932,4.323442474432433
1467,1409,0.20867466374685595,1297.6368555212612,4.678517032393885
1467,1466,0.04,2992.7960326501516,4.171435400840407
1467,1468,0.02,511.40806662827777,3.4777792710685747
1467,1523,0.04894768178229647,1986.5088413989636,4.907507770773552
1468,1467,0.02,3055.918830920367,3.087430584530773
1468,1469,0.02,3055.9188309203673,3.477779271075053
1469,1411,0.28768112994437445,1477.740259483703,4.646761595925635
1469,1468,0.02,238.9472724310496,3.087430584536524
1469,1470,1.4682426268534692,2796.033627138534,8.44472751467905
1469,1525,0.37952095526423335,861.3156564255823,5.629015679303675
1470,1469,0.02,3072.4873734152893,4.794622866157512
1470,1471,1.4682426268534692,3072.4873734152916,8.444727514668564
1471,1470,0.5644180626303633,4049.9209171546436,4.558638387050814
1471,1472,0.36138253968575207,387.9117022552166,5.051566104397547
1471,1527,0.6246168331325492,140.96031736625463,6.290378696254437
1472,1414,0.03563382635506271,2.6792929396033287,3.3528334354021236
1472,1471,1.6463680818043398,2178.391901576659,7.838848726470496
1472,1473,6.957331602794643,1956.1198468501875,12.894634456714366
1472,1528,0.45381542331021407,3664.494227861317,7.456921881909047
1473,1415,0.02,416.8214285633343,6.066848461723149
1473,1472,9.446125607737741,1660.65684844645,14.298080860939194
1473,1474,1.8920199997151936,1751.1484233567048,7.029504102002993
1473,1529,0.06861753280005445,448.78354974266165,6.177435094739468
1474,1416,0.6138795891842919,782.1767676226616,6.006488900467861
1474,1473,0.32757826728507344,3231.0954510290712,6.786690799871077
1474,1475,0.4020846872466379,6583.134495948338,5.5764425602401095
1475,1474,1.3801081075235433,657.6042394508536,5.731145755628681
1475,1476,0.7404174172264275,2770.653034907924,4.163282863211287
1476,1475,0.884260674723067,1372.7613337839882,4.569481130157668
1476,1477,0.04,1422.8355756027258,3.796440372009103
1476,1532,0.5851762127909845,1803.2191258333019,4.561086794282013
1477,1476,0.045582120801153536,3026.923881556113,3.9174486086976046
1477,1478,0.04,3026.9238815561134,3.7964403720067463
1478,1420,0.1287262129010103,2749.119178302668,5.324303143393072
1478,1477,0.04558212080115265,1020.4486956428736,3.917448608695172
1478,1479,0.1821890281887084,1959.7207875957977,5.099622849581576
1478,1534,0.02,420.1024529899856,4.305362558124721
1479,1478,0.097815035128618,3056.104686739162,5.142194799479867
1479,1480,0.1821890281887093,3056.1046867391588,5.09962284957841
1480,1422,0.3208600680885403,2939.664141037952,4.439090495447832
1480,1479,0.097815035128618,1491.0121875057775,5.142194799476674
1480,1536,0.40247582983075536,1113.5925811901488,4.292734007417782
1481,1482,0.04,78.6934399808573,4.674239366835397
1482,1481,0.5579343555142415,316.261826751514,4.452936832806403
1482,1538,0.04,316.261826751514,4.674239366832495
1483,1425,0.04003794497859792,3002.071067810934,3.4497630201000526
1483,1539,0.08378223703387455,3002.0710678109344,3.3107742459117704
1484,1426,0.2701349437651226,3254.741340858508,3.882874607536506
1484,1540,0.2709740013168611,3254.741340858528,3.773716739424712
1485,1428,0.289015884918419,3178.111831819498,4.82018266999024
1485,1542,0.30989107121600634,3178.1118318194967,4.702300013080693
1486,1429,0.10096070280878408,5457.5321066810575,5.2508601196247895
1486,1487,0.3471658084375413,244.5513043552637,6.844744401261185
1486,1543,0.19647043224581148,3578.031385177189,5.176438335695887
1487,1430,0.27350174583366726,2470.8520913041284,4.415944478976417
1487,1486,0.24722884267822964,956.22034030749,7.427056399659691
1487,1544,0.05251152102776491,1054.574674503629,3.828546454707021
1488,1431,0.02,3142.9036790177865,2.859948326905712
1488,1545,0.02,3142.9036790177843,2.9942224875107875
1489,1432,0.6181549066787726,4018.1366625363635,3.61419074291884
1489,1490,0.24931199978685026,2131.536152453615,4.443007876065138
1489,1546,0.2856759048703828,4875.151681339576,4.091740747685593
1490,1433,0.02,1052.0295813650478,3.756060682149552
1490,1489,0.11233377458014404,797.5197634566018,4.814290543902062
1490,1491,0.0882042286707736,601.6833387112281,4.369114309185511
1491,1434,0.02,1595.461038870124,4.300156034573612
1491,1490,0.13001088131482108,2013.2051884058435,5.2151950028101215
1491,1492,0.10539556348010404,1150.078018546957,3.635565824964947
1491,1548,0.02,1506.0212839103551,4.490564662717743
1492,1435,0.04,3257.773677008049,4.684700360863098
1492,1491,0.22900907999596987,757.9867392510635,3.6502924223675666
1492,1493,0.13670941645468027,69.16370116873449,4.287167832021172
1492,1549,0.040375697656576115,3326.9373781767863,4.537384192433507
1493,1492,0.0980668269168703,3604.346363305861,4.1573205063575385
1493,1494,0.13670941645467938,3604.346363305879,4.287167832018509
1494,1437,0.1420381950947096,1998.530433272217,3.6582391930509983
1494,1493,0.09806682691687119,2377.9299163228875,4.157320506354957
1494,1495,0.5670962303277838,738.760559260232,4.976971782160841
1494,1551,0.14652985733252555,1275.6049783069277,3.61989723315652
1495,1438,0.05496717112439553,1910.8773444735511,2.91298559094268
1495,1494,0.2616264024084449,580.5897291652122,4.861776012562494
1495,1496,0.05609101532602497,484.18985841439724,3.339497240827621
1495,1552,0.02,1559.236519692188,2.981653383863917
1496,1439,0.02,1540.2223006294207,3.3482768620515793
1496,1495,0.09298349760107469,4963.615103775005,3.1531787091524177
1496,1497,0.19010929012362351,173.93160691504184,3.127701218064808
1497,1440,0.14416422884353253,1871.2273512633035,3.1369416529784604
1497,1496,0.3376767821017508,5279.227710198937,3.1428019757713077
1497,1498,0.4324756851550733,3408.0003589356347,3.0911796863898684
1498,1497,0.35010424972527066,3463.2947314527246,3.136585135110682
1498,1499,0.4324756851550733,3463.2947314527196,3.0911796863898684
1499,1498,0.35010424972527066,3039.3502884273066,3.136585135110682
1499,1500,0.4324756851550733,3039.3502884273066,3.0911796863917873
1500,1443,0.24045291522062406,1823.702872699244,5.577667017935169
1500,1499,0.35010424972527154,39.0211866684258,3.1365851351126297
1500,1501,0.29433893680538326,3187.3387953835877,3.535627984996948
1500,1557,0.04,1416.8963325345078,4.037781501535348
1501,1444,0.7104922665305606,6171.420270298287,4.034246476642315
1501,1500,0.24655702218884556,882.6716648216726,3.3450810505320336
1501,1502,0.6029049715050352,1736.4560854772396,3.6805713383147274
1502,1501,0.6364494587405591,3739.7766465921686,3.8299479415786153
1502,1503,0.6029049715050361,3739.776646592142,3.6805713383215832
1503,1446,0.29313527384957805,3099.504844074057,3.496130330834454
1503,1502,0.63644945874056,3318.9444430299045,3.8299479415857496
1503,1504,0.6029049715050352,3318.944443029912,3.6805713383215832
1503,1560,0.48166994935145535,3099.504844074057,3.76850366485753
1504,1503,0.63644945874056,3374.4578361906847,3.8299479415857496
1504,1505,0.6029049715050352,3374.457836190659,3.6805713383170127
1505,1448,0.17448414147785396,690.8186737778051,4.8457593470007945
1505,1504,0.6364494587405582,3410.0714267474946,3.829947941580994
1505,1506,0.4733991507610917,5372.446343145105,3.828636176627071
1506,1449,0.12844110935633957,842.7402594837026,3.260535316944836
1506,1505,0.3510479370980207,2836.3980713374103,3.8159978807163224
1506,1507,0.24795989772356242,2389.984222901096,3.4189102351345175
1506,1563,0.9597088479334301,1029.4699256633146,3.653446620748366
1507,1450,0.02,1856.068313026337,3.010343482169538
1507,1506,0.16437393985288118,871.5085600855807,3.166757318629161
1507,1508,1.1499689666743018,1180.2428820435046,3.8797829291532984
1507,1564,0.3173435738580391,3060.3359543945267,4.314420417586614
1508,1507,1.0349393183002729,3520.2434585351907,4.377022311652196
1508,1509,1.1499689666743036,3520.2434585351934,3.8797829291484818
1509,1452,0.20607035216178815,2653.009378829513,4.155124563762846
1509,1508,1.0349393183002729,1173.3570897709135,4.377022311646761
1509,1510,0.25902760107722056,2273.7353060908144,3.450932340515673
1510,1453,0.29461334270519135,630.8447322874774,4.417058472914614
1510,1509,0.8636686295801228,298.7245183047303,4.1030388376022495
1510,1567,0.25902760107722145,298.7245183047303,3.4509323405178156
1511,1454,0.29461334270519135,2400.3911079320806,4.417058472914615
1511,1512,0.25902760107722056,2490.9151432959575,3.450932340517815
1511,1568,0.8636686295801237,2490.915143295957,4.103038837604797
1512,1511,0.8636686295801228,3685.082294595817,4.103038837604797
1512,1513,0.25902760107722056,3685.082294595801,2.979463819722155
1513,1456,0.25902760107722056,2706.018790820395,2.892661678747547
1513,1512,0.8636686295801228,2706.01879082039,3.5424791219534577
1521,1465,0.1644908565537837,908.43764799612,3.9215461720733447
1521,1522,0.3728656390799676,2223.185447682294,4.418651687126732
1522,1521,0.2974485668785234,5069.143841153928,3.997850084227461
1522,1523,0.10294794843205768,3113.908729652599,4.01140300377869
1522,1579,0.5671806214107078,1955.2351115013296,4.700044085063477
1523,1467,0.380941707125217,4244.222353423006,4.614239006889654
1523,1522,0.1644908565537837,2506.4346458444784,3.92154617207091
1523,1580,0.34413186433463283,6541.392627404979,4.766408561562094
1524,1525,0.4351233641795824,2599.7387797915217,5.25018172701983
1524,1581,0.37952095526423335,2599.738779791523,5.629015679303675
1525,1469,0.4351233641795824,1173.677884750333,5.25018172701983
1525,1524,0.37952095526423335,1173.677884750334,5.629015679303675
1525,1526,0.04,104.16506327644385,2.9173436895800515
1525,1582,0.04,104.16506327644385,2.3242359495200215
1526,1525,0.04,2289.893945974404,2.3242359495214644
1526,1583,0.256782470245414,486.3156564265133,7.1013202377884515
1527,1471,1.497570287482863,522.7402594846335,4.334935275756538
1527,1526,0.46502978212204216,582.3725771971249,4.562012170893333
1527,1528,0.9982429970513836,4091.432702807183,8.737828823404671
1527,1584,0.15063343721593814,894.8756971111006,5.153111435790568
1528,1472,0.2560813777882447,1149.8560605641278,6.964007905740647
1528,1527,1.96174758241942,2908.308638052274,10.233261362125736
1528,1529,0.8501985123735489,1737.2396937003755,6.640643723407343
1529,1473,0.1725094376276557,1106.0692639997242,6.4582545765490895
1529,1528,5.247817100371014,2283.531950962379,10.919417668929295
1529,1530,0.12697685851437157,246.62237216899183,5.070566690611254
1529,1586,1.5328134823882185,1191.670995485841,6.064204432698202
1530,1529,0.08886911916098184,3020.710678118655,4.953824480503701
1530,1531,0.12697685851437157,3020.7106781186553,5.070566690604958
1531,1530,0.08886911916098184,3115.9797974626044,4.953824480497549
1531,1532,0.12697685851437113,3115.979797462603,5.070566690608105
1532,1476,0.8969391766722516,1503.0726412235595,4.866073373650461
1532,1531,0.08886911916098095,2760.3624759312206,4.953824480500625
1532,1533,0.44372200570480463,631.967618165432,4.754403177306512
1533,1532,0.2771578455793382,6405.566956316663,4.8504999756382015
1533,1534,0.09546822991306936,3356.22366364272,5.364923257281463
1533,1590,0.8919236091412355,3049.3432926739624,4.356387626685293
1534,1478,0.02,733.3899710591897,4.33545925326685
1534,1533,0.06368566978062917,921.6618990784702,5.345577899339894
1534,1535,0.6777516095558163,1116.4499327419628,4.645618095224212
1534,1591,0.667463140587313,775.9752057677589,5.941559266622619
1535,1534,0.7274617971310118,3354.1525958271286,4.587180021868174
1535,1536,0.6777516095558163,3354.152595827133,4.645618095221328
1536,1480,0.23683865139067753,3762.457279225787,4.3626068278339
1536,1535,0.7274617971310127,666.7205697760776,4.587180021865326
1536,1537,0.39414016282871156,656.8328208197177,4.365806507178319
1536,1593,0.4277506508786186,3772.345028182147,3.916783121791216
1537,1536,0.3793588825187344,2989.14927249376,4.387922392786645
1537,1538,0.04,445.3381091309062,5.146384999381706
1538,1482,0.5579343555142406,101.8214285642656,4.452936832803638
1538,1537,0.1283836337817137,269.7228574131925,5.95973584371171
1538,1539,0.04,2893.9015927807072,5.109558534157346
1539,1483,0.04003794497859792,187.67929294053465,3.4497630201000526
1539,1538,0.07934271305933649,377.51976345660177,5.198666505274375
1539,1540,0.4752610494581715,2639.4041180976487,4.261275375776113
1539,1596,0.0936053026428576,2808.533910495993,4.729870576898164
1540,1484,0.2701349437651226,117.67929294053464,3.8828746075365057
1540,1539,0.6396852659307619,189.59083126846724,4.079904676540532
1540,1541,0.6992647447495841,2872.896542148685,4.19836345212192
1540,1597,0.18117610012589092,2891.3156564265128,4.112525323761899
1541,1540,3.885707405143009,1069.2964587513768,7.529368314532332
1541,1542,0.4920850386753006,2079.82042370294,4.805416059073081
1541,1598,0.4768606690335542,2729.011182643517,4.395535954268274
1542,1485,0.28901588491841856,476.31890324732393,4.820182669988744
1542,1541,0.24697815936848944,1193.0832553157802,4.442867727054087
1542,1543,0.3854730447833914,1901.3279996519016,4.829113231372639
1543,1486,0.1845587337731356,879.5007215048003,5.817212335313491
1543,1542,1.6218540693847725,755.8040347040637,6.623420206091463
1543,1544,0.1429712617328942,236.6223721671292,6.521190375429461
1543,1600,0.6329722665084142,5687.867110108918,5.98509982926098
1544,1487,0.4140939320875088,480.81637793038226,4.570415102330595
1544,1543,0.148602232466172,1524.088305951526,6.955751873191962
1544,1545,0.2210250834292582,1482.333050287647,5.727074191025048
1544,1601,0.1308982216246397,2785.5969093873655,7.347840835126354
1545,1488,0.02,496.31890324732393,2.859948326905712
1545,1544,11.697829771570882,496.66189907847007,22.465247732782174
1545,1546,0.38444290770776046,2582.394016831746,4.680332968652861
1546,1489,0.22906636021583732,1702.8133515319564,4.643825870600146
1546,1545,0.48465985640625764,179.5908312666046,5.097895044346402
1546,1547,0.09774118496348283,1945.2318882816212,4.51950787933178
1546,1603,0.030377379684758572,5224.651874326057,3.7150519631738774
1547,1546,0.044390726424359706,1991.3746634369984,4.369085341605078
1547,1548,0.04,1770.972660592574,4.2898323713099344
1547,1604,0.19578341366194718,3045.424469960326,3.866639133728676
1548,1491,0.02,280.96356418799655,3.64760264942225
1548,1547,0.04,1669.4436450108535,4.185222498408437
1548,1549,0.10907440091622789,297.547355826498,6.233350245689438
1548,1605,0.06680840460029103,2777.3816736044932,3.6411326678147793
1549,1492,0.103906344621981,3336.020102539796,4.352341583890341
1549,1548,0.04,473.8740004108115,5.826795961162054
1549,1606,0.04,2637.6507929503064,2.9101235511302552
1551,1494,0.2445909963574575,3086.984848099282,3.787206995658879
1551,1608,0.146529857332526,3086.984848099276,3.61989723315652
1552,1495,0.0395371243084246,3803.5743110057506,3.1785297247774538
1552,1609,0.02,3803.5743110057647,2.981653383863917
1557,1500,0.04,3197.861241602343,3.7782944994427625
1557,1614,0.04,3197.861241602353,4.037781501535348
1560,1503,0.29313527384957894,2149.6748451661806,3.496130330834454
1560,1561,0.48166994935145624,2149.6748451661806,3.76850366485987
1561,1560,0.2931352738495798,1180.796407113008,3.4961303308366247
1561,1617,0.48166994935145446,1180.7964071130075,3.76850366485753
1563,1506,0.5564346331777577,961.3974147834682,3.263525250296771
1563,1564,0.959708847933431,961.397414783468,3.653446620750634
1564,1507,0.6442036865031131,571.6341007396818,4.4526639309234435
1564,1563,0.5564346331777559,562.5136107194635,3.2635252502987964
1567,1510,0.8636686295801228,3099.325939329622,4.103038837604797
1567,1568,0.25902760107722056,3099.3259393296385,3.450932340519958
1568,1511,0.25902760107722056,946.9380293865656,3.450932340517815
1568,1567,0.8636686295801219,946.9380293865672,4.103038837607344
1579,1522,0.5333833200148712,2115.2273676820582,4.1193717450960285
1579,1580,0.5671806214107078,2115.227367682056,4.700044085066396
1580,1523,0.5288655147316412,3315.585762308088,4.813631031169928
1580,1579,0.5333833200148703,1855.013021270565,4.119371745098586
1580,1581,0.4391208824732038,1040.2753098340631,5.14938451586263
1581,1524,0.4351233641795824,1182.004328195634,5.25018172701983
1581,1580,0.3244919691773269,1230.221442410745,5.188246463168073
1581,1582,0.2093193036854473,1935.272748766134,6.134535176679236
1581,1634,0.5043001298322869,1315.346319166385,3.8552073227964967
1582,1525,0.04,1338.989435305249,2.91734368957824
1582,1581,0.351419978719395,526.3062539340583,6.216731433095604
1582,1583,0.3235444417946205,1627.0996443165186,6.040165130635878
1583,1526,0.13708613159035643,2290.791124760035,7.124200541112299
1583,1582,0.4586745433309827,796.2203403056276,4.918691472690321
1583,1584,0.7733779442396496,3151.9685280813064,5.406166424428561
1584,1527,0.8362352793875552,1566.5446342313423,4.1337937563069795
1584,1583,0.5488716671873393,1227.2654548197409,5.437253220995949
1584,1637,0.24940924018598842,2943.1678208759777,4.180195435705162
1585,1638,0.6557110363677916,200.76388992665605,3.931855904426969
1586,1529,8.179672368446903,2698.9639231245633,15.87759767294595
1586,1639,0.8860515603753187,1408.916005932259,4.264040175493149
1590,1533,0.7672354517236482,469.2592276902517,4.305598308821382
1590,1591,0.8919236091412355,469.2592276902517,4.356387626685293
1591,1534,0.48203269723146747,4851.024943556875,3.527720513314151
1591,1590,0.7672354517236482,1326.7251614709232,4.305598308821382
1591,1644,0.6198210538711919,4528.970973005245,6.25408440736863
1593,1536,0.527327428296932,2103.844285884726,4.514827363070653
1593,1594,0.7623096198487636,736.8914915148046,4.9363179635594
1594,1593,0.634976681001918,2369.357425295472,4.58271965769084
1594,1595,0.752279652779495,787.5076615826298,3.952068165412052
1595,1594,0.4998877720734365,3120.4821375852152,3.767447644675408
1595,1596,0.7522796527794959,3120.482137585215,3.952068165404691
1595,1648,0.27438412271076507,2289.5137079595283,3.978746352413602
1596,1539,0.15012637519857686,1172.1767676226616,4.9808920515674195
1596,1595,0.4998877720734356,559.500233977654,3.76744764466839
1596,1597,0.060264100920337516,2307.6883893451113,3.7973756632313447
1596,1649,0.4657281653093856,2356.1961146224385,4.724584468647503
1597,1540,0.1285415600709685,1635.461038870124,4.147193743540766
1597,1596,0.31379879115329024,310.4486956447363,3.6584739484725617
1597,1598,0.14521824450373666,2784.317898385996,3.4672985931868503
1597,1650,0.2143468281972596,1398.0313851781204,4.100518501186635
1598,1541,0.8104497870088228,1522.0905479091484,4.739587443177653
1598,1597,0.10011424993140805,544.9461703259319,3.5435065885559753
1598,1599,0.1726353932629725,2471.830524970705,3.689307119575661
1598,1651,0.02,1680.7269113951272,3.554502369668246
1599,1598,0.26638810772523414,3167.7564927592407,3.653301931920762
1599,1600,0.18740622483976227,4146.236527898375,3.945552919179288
1599,1652,0.23361346312728112,978.4800351391387,4.749858810776334
1600,1543,0.20819437598108204,367.03187721340134,5.087441447811347
1600,1599,0.24436574392399854,2483.814486702593,4.31401756771703
1600,1653,0.04,2572.478353522345,3.851250554732504
1601,1544,0.22431773898638685,406.27646582804914,6.22445456314441
1601,1602,0.42163987228928246,1733.015519048533,3.6759532826144454
1601,1654,0.4487412167362863,3482.036794749495,4.682568066529712
1602,1601,0.13969470401644513,2058.9017338978374,3.205195530711878
1602,1655,0.42163987228928335,2058.901733897838,3.675953282616728
1603,1546,0.06833778261134132,2379.242062362394,3.901370808985306
1603,1604,0.2038096196882644,478.77440765436654,3.2844517800702557
1603,1656,0.03625330291437384,2555.7145224850906,4.533731801710313
1604,1547,0.2890715261270411,1679.4644243009757,4.044103760091787
1604,1603,0.26107810321117375,3112.0235176621595,3.7127134894297527
1604,1605,0.21279827925786668,4791.48794196314,3.488514267674758
1605,1548,0.02,2445.3748191566083,3.725736511675541
1605,1604,0.29940778125368506,4124.52516482124,3.911852797249044
1605,1606,0.037305237869898575,2296.835285933762,3.2021293255492993
1605,1658,0.06917986355634209,672.1297385056348,4.039351788709269
1606,1549,0.04,514.4321268409071,3.061168998803073
1606,1605,0.3124109912138567,4288.84297416924,3.9601169406400407
1606,1607,0.37237695231190493,3774.4108473283463,4.107349106291231
1607,1606,0.318260420255418,3285.807358034797,4.1032254559509145
1607,1608,0.37237695231190493,3285.8073580347973,4.107349106288681
1607,1660,0.1534367401667085,71.56624664459424,3.93845186850606
1608,1551,0.24459099635745796,555.8163779294509,3.787206995658879
1608,1607,0.31826042025541756,2213.737682002289,4.103225455948366
1608,1609,0.07929006990614118,497.32694339897637,3.222800948369942
1608,1661,0.03378557956361217,2847.6784374025233,3.2659611638621233
1609,1552,0.039537124308424154,582.5267744150458,3.1785297247774533
1609,1608,0.02,3891.1158783856254,3.382179545222501
1609,1610,0.1661955194895519,3308.589103970586,3.317921196186713
1610,1609,0.02,2432.012933354172,3.452698187921059
1610,1662,0.1661955194895519,2432.012933354177,3.317921196182593
1614,1557,0.04,3130.477272146594,3.7782944994427625
1614,1666,0.04,3130.4772721465924,4.037781501535348
1617,1561,0.29313527384957894,4006.6675621698496,3.496130330834454
1617,1670,0.48166994935145535,4006.6675621698487,3.76850366485753
1633,1634,0.4071798704250016,3403.933813040826,3.918407512745722
1633,1699,0.5043001298322869,3403.9338130408237,3.85520732279889
1634,1581,0.2936346405329191,1710.032501372342,3.463267918807891
1634,1633,0.5043001298322869,1188.4444787792047,3.855207322791709
1637,1584,0.46139594222116553,5810.852853998136,4.023210463228171
1637,1638,0.5128649058524868,2939.837108936096,4.042658041894339
1637,1703,0.13405429199462038,3146.0162204140174,4.281875056117438
1638,1585,0.6011691094928313,2738.9074575279305,3.856315328445714
1638,1637,0.7287279239089397,3539.9982920645034,4.374870471450972
1638,1639,0.4094717887278616,1058.0322303346052,3.59967163335723
1638,1704,0.5127678560300755,663.8150417014592,4.030121605094978
1639,1586,0.4094717887278616,1138.2423913647208,3.5996716333583474
1639,1638,0.8860515603753178,1138.2423913647208,4.264040175491825
1639,1705,0.4511631221637966,3497.5750334429736,4.187030004103505
1644,1591,0.3900974588154611,5092.52554614395,3.765064187986164
1644,1710,0.6408121876947783,3455.4095815613487,6.633124038182521
1648,1595,0.2915159313711997,4333.515227480753,3.737602962225968
1648,1649,0.2743841227107655,4333.515227480744,3.978746352413601
1649,1596,0.3756260448363369,1345.469474935517,4.592806119365599
1649,1648,0.2915159313711997,426.76435207218094,3.737602962225968
1649,1650,0.46572816530938566,1345.469474935517,4.724584468647503
1649,1715,0.27438412271076507,426.76435207218094,3.978746352414836
1650,1597,0.4589994891615379,746.8823951083646,4.427335304576456
1650,1649,0.37562604483633694,269.98483989160786,4.592806119365599
1650,1651,0.3852463561760153,497.038677772418,3.560824854510457
1650,1716,0.4011122800374292,5118.865436701006,4.122963805025505
1651,1650,0.2933548891118205,1441.2203403056285,4.031712922479836
1652,1599,0.23138868958777362,3402.228714276048,4.7751296772852765
1652,1718,0.23361346312728112,3402.228714276059,4.7498588107792825
1653,1600,0.04,4724.779296111772,3.939648703687179
1653,1719,0.04,962.8615191477744,3.8104856477299727
1654,1601,0.4697714824758048,3084.9137802883465,4.537494982963972
1654,1720,0.447214310406973,3123.4476907852695,4.666384126593955
1655,1602,0.13969470401644557,3088.738953221447,3.205195530713868
1655,1656,0.42163987228928335,3088.738953221447,3.675953282616728
1656,1603,0.18067545660557469,1185.6714875217817,3.3970846276237263
1656,1655,0.13969470401644557,867.133107523273,3.205195530713868
1656,1722,0.04,3987.6266129491264,4.317103179294162
1658,1605,0.04,983.1632422355108,4.533793251837695
1658,1659,0.06917986355634209,983.163242235511,4.03935178871554
1659,1658,0.04,1651.8138004454045,4.533793251844733
1659,1725,0.40480364477477604,510.7406730844354,3.5751948750857774
1660,1659,0.15343674016670894,1579.500754666283,3.9384518685036145
1660,1661,0.25615610924067544,1799.3850176653734,3.2411383354153154
1661,1608,0.256156109240675,2025.896857736044,3.2411383354173275
1661,1660,0.03378557956361261,2025.8968577360424,3.2659611638600956
1662,1610,0.02,3133.50960830101,3.4526981879167717
1662,1729,0.1661955194895519,3133.5096083010053,3.317921196183623
1665,1666,0.04,4654.245995768482,3.778294499445108
1665,1732,0.04,4654.245995768509,4.037781501539109
1666,1614,0.04,1287.6193105293291,3.7782944994427625
1666,1665,0.04,1287.6193105293291,4.037781501537855
1670,1617,0.29313527384957894,3110.8041105337147,3.496130330834454
1670,1737,0.48166994935145535,3110.804110533715,3.7685036648587
1684,1685,0.2641652392427045,2408.1051332364304,2.3302834342717853
1684,2233,0.22540713507294718,2408.1051332364304,3.105917324469045
1685,1075,0.2641652392427041,1718.0524735078498,2.5505294117958783
1685,1684,0.22540713507294763,1718.0524735078498,2.40596982783414
1685,1686,0.2751431604918939,418.22837175599904,4.521779116470839
1685,2234,0.11387366094980278,1199.557422089263,3.9787328072287025
1686,1685,0.24318360069997969,4526.627765321623,5.6094283237033515
1686,1687,0.4839344061389603,4974.356567949037,6.254255827763759
1687,1077,0.1532212254992018,628.4324766420398,4.131876659176068
1687,1686,0.3371662068971318,2428.8872900179817,6.137236614791954
1687,2236,0.2837589796105675,2501.272728701063,4.281282973355481
1698,1699,0.4071798704250025,1160.941254687884,3.918407512750589
1698,1751,0.31277121572506417,2773.817044327535,3.746948416922165
1699,1633,0.4071798704250016,768.3608232451095,3.918407512753021
1699,1698,0.5043001298322869,768.3608232451088,3.8552073227964967
1703,1637,0.5135290141981725,1642.4792179953097,4.28908756671674
1703,1756,0.04,3138.06487733418,3.0634762177388266
1704,1638,0.45459833160942864,3205.6334613101903,4.085197423839065
1704,1705,0.27067610391852437,2932.843079618853,3.586988289766491
1704,1757,0.5127678560300755,3205.63346131019,4.030121605092476
1705,1639,0.2706761039185248,22.455980028566756,3.586988289769832
1705,1704,0.45116312216379617,22.45598002856676,4.187030004099605
1708,1709,0.2983613348548513,2643.9707236823747,3.2157681886619462
1708,1761,0.6408121876947774,2643.9707236823697,6.633124038178401
1709,1708,0.6408121876947783,4759.163056036115,6.633124038180462
1709,1710,0.2983613348548513,4759.163056036121,3.2157681886619462
1710,1644,0.2983613348548504,1269.8794307087694,3.215768188662944
1710,1709,0.6408121876947783,1269.879430708769,6.633124038180462
1715,1649,0.2915159313711997,4458.6442974389765,3.737602962227128
1715,1716,0.6045635486007175,846.5328896866322,3.3137484719681876
1715,1768,0.735021714156697,846.5328896866323,3.416368916102797
1716,1650,0.3785419059079983,2209.247129413169,4.0517165077442945
1716,1715,0.735021714156697,2917.8359319922074,3.4163689161038575
1716,1717,0.3972281183092014,2209.2471294131688,4.118688615178554
1716,1769,0.6045635486007175,2917.835931992208,3.31374847196613
1717,1716,0.4060520544499348,4909.02474015465,3.9969628228536824
1717,1770,0.3127755138383398,4909.024740154649,4.027162963731037
1718,1652,0.23138868958777362,3438.105107777033,4.775129677288241
1718,1771,0.2336134631272806,3438.105107777034,4.749858810773385
1719,1653,0.04,3065.9777693969872,4.573918286677217
1719,1772,0.08324526755515177,71.2901547655645,4.835676798395065
1720,1654,0.27119645479702864,5073.5061310724595,3.884290567533009
1720,1721,0.19067981341333917,1367.0363819247232,4.961358350549071
1720,1773,0.27069197137355727,2611.237188244859,5.480089277418735
1721,1720,0.27850000823938714,3173.9696961966965,5.344307502906408
1721,1722,0.19067981341333873,3173.969696196701,4.961358350549071
1722,1656,0.12161329871948989,2394.84126759626,3.441698915712024
1722,1721,0.27850000823938714,1839.1849858684495,5.344307502906408
1722,1723,0.1633016854157346,1469.3822705360867,3.3313564845806303
1722,1775,0.028906127576981425,2965.416219745738,3.462716548080082
1723,1722,0.21019836864060232,1217.4236812810602,3.4299195524657713
1723,1776,0.15614725166202792,917.4388413894524,3.3708417649672673
1724,1725,0.3681867062158535,4137.0415382431775,3.639968749478899
1725,1659,0.33342282784418753,1238.9307142746563,3.704742623869761
1725,1724,0.39551788794348486,1414.8257023253018,3.5913006043558027
1725,1778,0.4048036447747769,175.8949880506455,3.5751948750835583
1728,1729,0.433915284098362,3686.438996668556,3.5794084954327627
1728,1781,0.02896712869372653,3686.4389966685526,3.195264466173144
1729,1662,0.02,672.489669261671,3.452698187917844
1729,1728,0.02896712869372653,1163.0771025786416,3.1952644661751277
1729,1730,0.24659329287945564,2194.0545241361338,3.8946638282270976
1730,1729,0.23243691777321818,3697.619766706108,4.096729785665307
1730,1731,0.24659329287945564,3697.619766706104,3.894663828227098
1731,1730,0.23243691777321773,942.4359630067996,4.096729785665307
1731,1732,0.04,221.79826084295752,3.7782944994427625
1731,1784,0.2282746372489732,1164.234223849758,3.921929176027369
1732,1665,0.04,3609.044810569154,3.778294499446281
1732,1731,0.04,3609.044810569143,4.037781501535348
1737,1670,0.29313527384957894,3037.0745965038473,3.4961303308355394
1737,1790,0.48166994935145535,3037.074596503847,3.76850366485636
1750,1751,0.22985710180808994,3667.2263993809743,3.4783101344617364
1750,1802,0.3127712157250633,3667.2263993809743,3.746948416923327
1751,1698,0.22985710180808905,541.5291007581048,3.4783101344584963
1751,1750,0.3127712157250633,541.5291007581048,3.7469484169256537
1755,1756,0.05695929598118621,4547.794490779102,2.722759512608955
1755,1807,0.04,4547.794490779101,3.0634762177407286
1756,1703,0.05695929598118621,720.4311725572024,2.722759512608955
1756,1755,0.04,720.4311725572024,3.0634762177388266
1757,1704,0.45459833160942864,990.7519459526624,4.085197423836529
1757,1758,0.8100382970921691,2127.801193226881,4.207844008525698
1758,1757,0.8011869761925725,980.8818321501104,3.7379293558294657
1758,1810,0.8100382970921691,980.8818321501104,4.207844008520473
1760,1761,0.5231508576183987,1786.1118646474038,4.924446113418147
1761,1708,0.2983613348548513,2765.977393409028,3.215768188660948
1761,1760,0.6131298429966909,3230.709347232229,6.141543307704422
1761,1813,0.6408121876947783,464.7319538231974,6.633124038180462
1768,1715,0.6045635486007184,3730.350576515619,3.313748471967159
1768,1820,0.735021714156697,3730.350576515621,3.4163689161038575
1769,1716,0.735021714156697,98.32310390329796,3.4163689161017365
1769,1770,0.6045635486007184,98.32310390329796,3.313748471970245
1770,1717,0.436730201458275,1784.5549640017891,3.9390616911359446
1770,1769,0.7350217141566979,868.1778201196718,3.416368916105979
1770,1771,0.48376271568214246,4750.766502776466,4.614836604949466
1771,1718,0.23138868958777362,3169.613634698186,4.775129677282313
1771,1770,0.5071105338355553,3310.6467012560956,5.249018170025635
1771,1772,0.5761399870298991,3776.9367246489082,5.273886289958191
1771,1823,0.3873531296688144,473.8892495553205,7.567927243597968
1772,1719,0.23370319702406267,3213.054506350762,5.156387431821169
1772,1771,0.35222799386068093,427.51976345660177,7.07134788531693
1772,1773,0.04,2093.7544065230945,5.787248800535743
1772,1824,0.1414097118424446,5304.566999838622,5.306753255339007
1773,1720,0.1725659587744873,416.0706088733729,5.051966713420154
1773,1772,0.15394777062660037,1630.8397480787496,5.072494888207767
1773,1825,0.18392501823703888,3146.5157403077287,4.728890209748583
1775,1722,0.04,3099.41125496861,4.207355421521701
1775,1776,0.05244570247182523,668.6115241249116,2.934610184527664
1775,1827,0.04,3099.41125496861,4.120549548159709
1776,1723,0.22472789923082992,3576.717629054294,3.641966287105079
1776,1828,0.11257921547608696,6410.178823557006,3.17801637132288
1778,1725,0.3334228278441884,812.7209507013657,3.704742623867461
1778,1830,0.5893084501314361,2913.4143686925613,4.441333434381969
1780,1781,0.433915284098362,134.51904022740334,3.5794084954327627
1780,1832,0.028967128693726973,134.51904022740334,3.1952644661751277
1781,1728,0.433915284098362,3661.4459642709303,3.5794084954305405
1781,1780,0.02896712869372653,3661.4459642709176,3.1952644661751277
1784,1731,0.1860591116992022,2612.147086253993,3.994533628053908
1784,1836,0.17175411024506393,2974.8357249298774,3.2025539787865527
1790,1737,0.2931352738495798,3687.283625008506,3.496130330833369
1790,1842,0.48166994935145535,3687.2836250085065,3.76850366485753
1801,1802,0.22985710180808905,2344.4475600309606,3.4783101344574168
1801,1852,0.31277121572506417,2344.4475600309606,3.746948416923328
1802,1750,0.22985710180808905,1949.926020887211,3.4783101344595764
1802,1801,0.3127712157250624,1949.926020887211,3.746948416921001
1805,1806,0.05695929598118621,1763.658841558967,2.722759512610646
1805,1856,0.04,1763.6588415589672,3.0634762177407286
1806,1805,0.04,4698.9597167043,3.0634762177407286
1806,1807,0.05695929598118621,4698.9597167043,2.722759512610646
1807,1755,0.05695929598118621,857.731277757052,2.722759512610646
1807,1806,0.04,857.7312777570521,3.0634762177407286
1810,1758,0.8011869761925716,4928.9718718563545,3.737929355824823
1810,1811,0.8100382970921682,4928.971871856354,4.207844008520473
1811,1810,0.8011869761925725,597.8332224724206,3.737929355824824
1811,1862,0.8100382970921691,597.8332224724206,4.207844008520473
1813,1761,0.2983613348548513,5636.6147160748715,3.2157681886619462
1813,1864,0.6408121876947774,5636.614716074886,6.633124038180461
1819,1820,0.6045635486007175,1709.8878748886927,3.3137484719681876
1819,1870,0.735021714156697,1709.887874888693,3.4163689161038575
1820,1768,0.6045635486007175,1958.5064693331365,3.3137484719681876
1820,1819,0.735021714156697,1958.5064693331365,3.4163689161038575
1820,1821,0.1263250621820693,913.1879584729248,3.429806730265193
1821,1820,0.14835067566236448,1502.472213306901,3.0532844383886286
1821,1872,0.6682999760227784,2521.55952260291,4.627068503160103
1823,1771,0.34056246137451307,601.3189032463927,6.895325263284787
1823,1824,0.3320420913886428,541.1198468501875,7.229476973887736
1823,1874,0.5536191906609984,2420.604978307859,7.251490901637481
1824,1772,0.25568051216002285,4041.3687721366914,6.243126086939958
1824,1823,0.5851510595104061,228.7329668921982,7.027602271274809
1824,1825,0.07106182429425978,564.3691169835694,3.848845794324248
1824,1875,0.14303991311808772,7826.792375003648,5.250961667316786
1825,1773,0.23720285833975474,2321.8147045196733,4.9652204098337025
1825,1824,0.1454064757611766,3099.802621459459,4.085378030971912
1825,1826,0.07106182429426067,3099.8026214594593,3.848845794319469
1825,1876,0.32194703246043765,734.7471139315895,6.753604010653116
1826,1825,0.14540647576117838,3001.062277274858,4.085378030966839
1826,1827,0.07106182429426067,3001.062277274858,3.848845794319469
1827,1775,0.04,3415.17483071181,4.207355421524313
1827,1826,0.14540647576117838,3045.5830773805137,4.085378030966839
1827,1828,0.07106182429425978,3045.5830773805133,3.848845794324248
1827,1878,0.04,3415.174830711783,4.120549548159709
1828,1776,0.22472789923082948,1318.0736833295402,3.6419662871062086
1828,1827,0.1454064757611766,495.58904009662103,4.085378030971912
1828,1829,0.11760343198524918,5754.114316981095,3.45525920126227
1828,1879,0.20240042032671954,2273.1607045213236,4.276523551940516
1829,1828,0.23635459333379577,4258.390285611628,3.8737170868120514
1829,1880,0.12455627677711689,4361.849211888548,3.229558395153841
1830,1778,0.4974611386933008,2985.3667033388497,4.360572873614366
1830,1831,0.589308450131437,2985.366703338858,4.441333434384727
1831,1830,0.497461138693299,807.2887767445756,4.360572873617072
1831,1882,0.5893084501314361,807.2887767445757,4.441333434381969
1832,1780,0.433915284098362,2026.6412809578935,3.5794084954327627
1832,1833,0.0795422697553767,2336.368473987008,3.246189589170741
1832,1883,0.02896712869372653,309.7271930291164,3.1952644661751277
1833,1832,0.22451457666967478,4635.467231006323,3.387336480803945
1836,1784,0.08021732052720747,3329.299782086604,3.513638952891314
1836,1887,0.17175411024506393,3329.299782086598,3.2025539787865527
1842,1790,0.29313527384957894,3533.717748493614,3.496130330834454
1842,1893,0.48166994935145535,3533.717748493615,3.76850366485753
1850,1851,0.330564871794075,1774.3704163465814,3.3377640146044225
1850,1903,0.12254103960299666,1774.3704163465832,3.6678655919236105
1851,1850,0.12254103960299666,3130.4772721456607,3.6678655919201946
1851,1852,0.3305648717940741,3130.47727214566,3.337764014604422
1852,1801,0.22985710180808905,1182.4609298890869,3.478310134459577
1852,1851,0.12254103960299666,3896.0035472787463,3.6678655919201946
1855,1856,0.05695929598118621,728.4040184585867,2.722759512610646
1855,1908,0.04,728.4040184585867,3.06347621774168
1856,1805,0.05695929598118621,4245.688448090709,2.722759512610646
1856,1855,0.04,4245.688448090708,3.0634762177407286
1862,1811,0.8011869761925716,3682.872378288138,3.737929355824823
1862,1915,0.6045635486007175,139.78746348554705,3.313748471969216
1864,1813,0.2983613348548504,4114.959953867342,3.215768188661946
1864,1917,0.6408121876947783,4114.959953867345,6.633124038182521
1866,1867,0.6045635486007184,1700.132617683845,3.313748471970245
1866,1919,0.735021714156697,1700.1326176838447,3.416368916104918
1867,1866,0.7350217141566979,441.34305020308096,3.416368916105979
1867,1920,0.6045635486007175,441.34305020308096,3.313748471969216
1869,1870,0.6045635486007175,3661.4122538495462,3.31374847196613
1869,1922,0.735021714156697,3661.412253849547,3.416368916104918
1870,1819,0.6045635486007175,2487.775129047234,3.3137484719681876
1870,1869,0.735021714156697,2487.7751290472333,3.4163689161017365
1872,1821,0.421648284074295,3851.276561265115,3.940262035465827
1872,1925,0.6682999760227788,3851.2765612651096,4.6270685031615395
1873,1874,0.21341508388084973,125.7845089260845,3.2689140008019817
1873,1926,0.2992319624088271,125.7845089260845,3.595585947872074
1874,1823,1.529835062744155,616.8214285633343,8.818165144490633
1874,1873,0.2992319624088271,3666.2189637350866,3.595585947866493
1874,1875,0.199155554888375,1141.381829324106,7.088780454866535
1874,1927,0.2853137974207054,1636.462842685059,4.355167625449056
1875,1824,0.0703268023858099,7282.651735730313,4.133171055721932
1875,1874,0.1912845165255367,966.9634084674547,6.773382171024107
1875,1876,0.220104894072795,1523.251881206153,5.420200261686671
1875,1928,0.04,7428.5749728317505,3.995321287748357
1876,1825,0.04,24.750360751468804,4.350343671430745
1876,1875,0.26733391665633377,583.5857806345839,5.437297045905097
1876,1929,0.20591067221781234,2490.9603173681176,5.033112762971317
1878,1827,0.04,3204.074445036894,4.207355421524312
1878,1931,0.04,3204.0744450369,4.120549548160988
1879,1828,0.16940312156260987,6428.356240509639,4.199286788759645
1879,1880,0.07106182429426067,2960.294915027407,3.848845794321859
1879,1932,0.23121033387994525,3468.0613254822592,4.395760606408262
1880,1829,0.22472789923082948,938.0422440550144,3.6419662871062086
1880,1879,0.1454064757611775,2291.9874690656034,4.085378030969375
1880,1881,0.08400818101553176,3282.2874962431333,3.059280449127231
1880,1933,0.1967679288801465,545.1196372405024,4.312701492644826
1881,1880,0.22472789923082948,3563.569149364226,3.6419662871062086
1881,1882,0.13107991841359734,4388.87299795183,3.5813167938105943
1881,1934,0.3586437576215209,1548.2142848122812,8.234473932930102
1882,1831,0.4974611386933008,432.3424830060313,4.360572873614366
1882,1881,0.048578868878393244,1979.76277034896,3.5537747380894062
1882,1883,0.433915284098362,569.1158983195592,3.5794084954283174
1882,1935,0.13708070319612073,2040.993734896423,5.455245120531756
1883,1832,0.433915284098362,4130.465759166456,3.5794084954327627
1883,1882,0.02896712869372653,4130.465759166465,3.19526446617116
1887,1836,0.08021732052720662,2896.296402103823,3.513638952891314
1887,1888,0.17175411024506393,2896.2964021038206,3.2025539787905295
1888,1887,0.08021732052720831,1178.465859168139,3.5136389528956777
1888,1941,0.17175411024506396,1178.4658591681396,3.202553978787547
1893,1842,0.29313527384957894,3318.669503896558,3.496130330834454
1893,1946,0.48166994935145446,3318.6695038965577,3.7685036648587
1899,1900,0.04,382.6024757230397,4.506829210208672
1900,1899,0.04,4713.1387905201445,4.240893400464516
1900,1901,0.04,4491.042097580646,4.842520198062158
1900,1953,0.4864228085839928,2548.9810694428816,4.864163280940681
1901,1900,0.04,902.5327469786864,5.377203349031814
1901,1902,0.18531099897688463,3116.6876461793495,4.451024411490882
1901,1954,0.3063114092382735,529.7471139325208,4.592793236559238
1902,1901,0.17805798354348834,2070.7596811023727,4.548589790213684
1902,1903,0.6480602074744686,3652.7293352604984,4.066714679818986
1902,1955,0.04,3915.25486185113,3.610629111135011
1903,1850,0.330564871794075,1830.7010104027895,3.3377640146075307
1903,1902,0.3424637099875947,4923.7957090199225,4.026924341321279
1908,1855,0.05695929598118621,3893.7430207770617,2.722759512611491
1908,1961,0.04,3893.7430207770617,3.063476217739778
1913,1966,0.16154449292762596,9399.728487928947,3.5710907754164705
1915,1862,0.7350217141566979,2172.5668468786844,3.416368916104919
1915,1916,0.6045635486007175,2172.5668468786844,3.31374847196613
1916,1915,0.735021714156697,3587.8667562890323,3.4163689161017365
1916,1917,0.6045635486007184,3587.8667562890323,3.313748471970245
1917,1864,0.2983613348548513,2200.4866591828554,3.215768188662945
1917,1916,0.7350217141566979,3153.496710043232,3.416368916105979
1917,1918,0.6740156631206968,6567.563040474457,4.509099636174991
1917,1970,1.0679930935337447,1213.5796712483705,3.82490889576617
1918,1917,0.7182554673126873,3531.6718251010775,3.420470260154358
1918,1919,0.6045635486007175,3116.03013676302,3.3137484719681876
1919,1866,0.6045635486007175,1911.3082132485952,3.313748471969216
1919,1918,0.7350217141566979,1911.3082132485952,3.416368916103858
1920,1867,0.7350217141566961,2878.520415304307,3.4163689161049176
1920,1921,0.6045635486007166,2878.5204153043073,3.3137484719640717
1921,1920,0.735021714156697,3298.129460390317,3.416368916099615
1921,1922,0.6045635486007184,3298.1294603903175,3.313748471970245
1922,1869,0.6045635486007175,408.8563109089009,3.313748471969216
1922,1921,0.7350217141566979,408.8563109089009,3.416368916105979
1924,1925,0.4994547792675914,2860.6703058745634,3.4646148961814567
1925,1872,0.42164828407429455,1732.0838238648337,3.9402620354670495
1925,1924,0.5045431169370604,1730.9047439819187,3.4847118991939805
1925,1926,0.21897277218077837,2227.454983375845,4.584203970255068
1925,1978,0.526658086399078,706.2142766055379,3.573841264939653
1926,1873,0.21341508388084973,1556.8147045190206,3.2689140008070563
1926,1925,0.25561346367928994,2441.905765254866,4.232522831042076
1926,1927,0.49791715108009127,858.5462537232431,3.337704546411499
1927,1874,0.2864429294953017,2249.6136346981957,4.388628913944149
1927,1926,0.39065049523599704,1141.0731540480144,3.630185631137064
1927,1980,0.02,1698.8030298427384,2.883438429821393
1928,1875,0.04,4522.743023256203,3.827933363242071
1928,1929,0.07012717243567668,1654.2581528314283,5.382702104446205
1928,1981,0.1250532416462975,3531.531973586733,4.23540414896029
1929,1876,0.15075479340057374,1214.7503607505375,5.324153939782125
1929,1928,0.09991294114489246,2746.4420290257076,5.40020100856414
1929,1982,0.07012717243567668,2746.442029025708,5.382702104441192
1930,1931,0.04,1534.1125624689914,4.207355421521701
1930,1983,0.04,1534.1125624689912,4.12054954815843
1931,1878,0.04,1801.4004230532223,4.207355421525619
1931,1930,0.04,1801.4004230532228,4.12054954815715
1932,1879,0.18559128442791575,3117.089596937892,4.296517917283984
1932,1985,0.23121033387994525,3117.0895969378917,4.395760606405533
1933,1880,2.0829878646852658,411.631804886718,7.488993188826793
1933,1934,0.04,823.9748863262015,3.7021662507477022
1934,1881,0.053350356436006496,577.679292938672,6.259476809837602
1934,1933,0.03949377376203315,6306.689706161185,4.571711235707601
1934,1935,0.12087837858390914,4550.161129739237,5.54997102386489
1934,1987,0.04,2834.578457565388,3.3937441607224597
1935,1882,0.14047548314072186,1442.5091493580212,5.91221782902756
1935,1934,0.26377448746730386,2507.5632696089046,5.6770169988342145
1935,1936,0.2556506900316223,1920.8540966880798,6.237731858465958
1935,1988,0.4936004148422854,2075.8098842924865,6.9964587658894
1936,1935,0.34981864675335045,4261.375170316422,6.580255185161992
1936,1989,0.5850899770091597,568.4430990906524,5.063928186931673
1939,1940,0.36789166964293774,1479.1660801813666,3.150946002269576
1940,1941,0.22987829227127266,5987.879561737303,3.4040018032730543
1941,1888,0.08021732052720747,1290.9820933108465,3.513638952892405
1941,1940,0.2050873103552382,3188.948053965229,3.536815477519105
1941,1942,0.17474258634847928,5347.536173800297,3.64020913164432
1942,1941,0.20508731035523775,3036.245550273998,3.536815477519105
1942,1943,0.10118749456687448,3036.245550273998,3.759208960135536
1942,1995,0.02307443312030033,2081.814455102984,3.7232208188348936
1943,1942,0.20508731035523775,3300.4150656952434,3.5368154775169094
1943,1944,0.10118749456687359,3300.415065695243,3.759208960140203
1944,1943,0.2050873103552373,4099.380183211015,3.536815477521301
1944,1997,0.10118749456687404,4099.380183211015,3.759208960136703
1946,1893,0.29313527384957894,400.13820747395823,3.4961303308355394
1946,1947,0.48166994935145535,400.13820747395823,3.76850366485753
1947,1946,0.29313527384957894,3482.8916677135885,3.496130330834454
1947,2000,0.48166994935145535,3482.891667713587,3.76850366485636
1953,1900,0.4690057897716926,2891.0856607687674,4.859430478557944
1953,1954,0.5370001050047408,388.89639413135524,5.3049914048529105
1953,2007,0.2422431423937037,665.1024529909168,3.0412551152461034
1954,1901,0.43439265839479635,2091.024530730234,4.345085210461445
1954,1953,0.5100544841471901,589.2154376890758,5.015013113989274
1954,2008,0.34154020846618494,456.124687873727,3.867204662083561
1955,1902,0.4520092507147595,1427.237734165831,3.87815241720276
1955,2009,0.04,1298.1095359720796,3.074207692899075
1956,2010,0.22555201847829087,1291.6019600212555,2.95547320082643
1960,1961,0.05695929598118621,3258.269841617617,2.722759512612336
1960,2014,0.04,3258.269841617617,3.0634762177407286
1961,1908,0.0569592959811871,1586.317455735801,2.7227595126098008
1961,1960,0.04,1586.3174557358006,3.0634762177426307
1966,1913,0.04,4811.137058674321,3.3616811663170587
1966,1967,0.14923615308917082,13081.135582181096,3.552633692122422
1967,1966,0.09294451712553187,2736.8929147743715,3.4692537995317507
1967,2021,0.16154449292762596,1256.0026210273948,3.5710907754175794
1970,1917,0.9584777808205898,503.2764740341327,3.763906371862538
1970,1971,1.0147200076435645,977.2418502419441,3.795322479485493
1970,2024,1.067993093533743,473.9653762078114,3.824908895767357
1971,1970,1.0130774945497647,5060.721464434442,3.794407633817888
1971,2025,0.05889134758520287,1708.078904328234,3.8983525043804184
1977,1978,0.4994547792675923,800.3045066099637,3.4646148961836083
1978,1925,0.47111731172297366,1058.9992693540755,3.355388527421109
1978,1977,0.48965804109304,3260.4574121350843,3.4263421575988597
1978,2032,0.526658086399078,2201.458142781008,3.5738412649407625
1980,1927,0.5257820628407655,600.8773444726187,4.027508147846763
1981,1928,0.13534178412830133,7073.323490376641,4.235166078423786
1982,1929,0.09991294114489246,2286.0990098404013,5.40020100855911
1982,1983,0.07012717243567668,2286.0990098404013,5.38270210443952
1983,1930,0.04,2820.329012722604,4.2073554215230065
1983,1982,0.09991294114489246,936.2722456441962,5.400201008557434
1983,1984,0.04,2820.329012722604,4.120549548159709
1983,2037,0.07012717243567668,936.272245644196,5.3827021044428625
1984,1983,0.04,204.5238010188501,4.207355421524313
1984,2038,0.04,204.5238010188501,4.120549548160988
1985,1932,0.18559128442791575,3794.570784451608,4.296517917281316
1985,1986,0.2312103338799444,3794.570784451613,4.395760606409627
1986,1985,0.18559128442791575,621.6618990803327,4.296517917285318
1986,1987,0.34462325317483966,2371.481585644998,3.256828945493341
1987,1934,0.03887369079679086,1615.5152813685918,3.498313831173316
1987,1986,0.337155683983823,1610.9495807848637,3.671625260969408
1987,1988,0.03216532413195537,2257.9008954705573,4.489027860907814
1988,1935,0.43590866542378087,1520.1699131719804,6.787029263616124
1988,1987,0.035067709188631925,1081.6589860698582,4.092658653336733
1988,1989,0.21885628153266848,831.9576266594231,6.31214150357756
1988,2042,0.3355030819197058,1586.3689948526821,4.49707566744479
1989,1936,0.3847889145321227,1333.6128289137714,7.035128043335708
1989,1988,0.6927892674104135,1626.3266445880388,7.287460013054821
1989,1990,0.12689609933050772,2328.6166635154123,4.639991999845763
1989,2043,0.32060071928833445,1733.0028520265264,5.503997308858927
1990,1989,0.04,6162.062328070444,4.804215887746974
1990,1991,0.36789166964293774,511.9610526696327,3.150946002273489
1990,2044,0.04,2551.897316671237,3.788885604133302
1991,1992,0.36789166964293774,3098.49492524258,3.1509460022676197
1992,1939,0.36789166964293774,1711.4640575749029,3.1509460022685976
1993,2047,0.04710992220230814,662.1255407162057,3.337812665862658
1994,1995,0.02,189.28694597436922,4.685577103284051
1994,2048,0.1699589530817449,20.353043210973446,3.432570299264074
1995,1942,0.02,4677.78396113217,3.8802939191854215
1995,1994,0.25436508666352653,409.0821532125246,3.5458960173226513
1995,1996,0.023074433120299442,4677.783961132169,3.723220818836049
1996,1995,0.02,773.5702898681197,3.8802939191866264
1996,1997,0.02,3054.350744603936,3.3782747885828983
1996,2050,0.1172550766338265,3054.3507446039316,2.9887313038110572
1997,1944,0.20508731035523775,63.22479956475267,3.536815477518007
1997,1996,0.11725507663382606,2684.8285447077233,2.988731303806418
1997,1998,0.12612532800796972,603.4676816063927,4.252055618427829
1998,1997,0.18564495421292504,6056.598365506072,3.854199268719832
1998,2052,0.10118749456687404,5110.5313641933335,3.7592089601378698
2000,1947,0.29313527384957894,1974.0739353621575,3.496130330833368
2007,1953,0.18260403095385014,3461.848122045996,2.9140034073622965
2007,2062,0.24224314239370326,3461.848122045991,3.041255115244215
2008,1954,0.2751263964565309,3899.476643427171,3.739535415009723
2008,2009,0.34154020846618494,3899.476643427166,3.8672046620859617
2009,1955,0.04,1038.6840783565467,2.8775182034121216
2009,2008,0.2751263964565309,200.7904390080849,3.739535415012045
2009,2010,0.04,1038.6840783565467,3.074207692897166
2009,2064,0.2523324272568921,465.11963723984366,4.849462150380714
2010,1956,0.29994199129656707,2517.439162924809,3.0660021893679
2010,2009,0.04,1650.9480854683368,2.877518203410335
2010,2065,0.04,1140.3025368721446,3.983998449007499
2014,1960,0.05695929598118621,3270.9861544543623,2.722759512610646
2014,2069,0.04,3270.986154454362,3.0634762177407286
2020,2075,0.11470577077628796,326.05623985028126,3.5012875723844203
2021,1967,0.04,4169.927467577598,3.3616811663181023
2021,2076,0.16154449292762596,8339.854935155197,3.5710907754175794
2024,1970,0.9584777808205889,3751.4870099145146,3.763906371863707
2025,2026,0.05889134758520331,3655.713394921243,3.8983525043804184
2026,2027,0.05889134758520287,4052.3975960732023,3.898352504382838
2027,2028,0.05889134758520376,3888.957912387891,3.898352504375578
2028,2029,0.47111731172297366,915.381619715626,3.355388527424234
2028,2083,0.4970908308347912,961.5221356248196,3.5894135699884746
2029,2028,0.526658086399078,3169.8275605729655,3.573841264942981
2029,2030,0.47111731172297366,3169.8275605729687,3.3553885274221504
2030,2029,0.526658086399078,2015.1267741098775,3.5738412649407625
2030,2085,0.47111731172297366,2015.1267741098789,3.355388527421109
2031,2032,0.4711173117229741,1525.4648832381504,3.355388527422151
2031,2086,0.526658086399078,1525.4648832381506,3.5738412649407625
2032,1978,0.4711173117229741,2471.4613896008864,3.355388527422151
2032,2031,0.526658086399078,2471.4613896008823,3.5738412649407625
2036,2037,0.09991294114489246,2123.2679192348137,5.400201008557434
2036,2091,0.04,909.7232136746112,3.345645909163418
2037,1983,0.09991294114489246,139.89480031559864,5.400201008560787
2037,2036,0.07012717243567668,139.89480031559864,5.38270210443952
2038,1984,0.04,3418.3556979968075,4.2073554215256195
2038,2093,0.04,3418.3556979968243,4.12054954815843
2042,1988,0.04,4253.628064162503,3.978842165302269
2042,2043,0.10005886378280682,282.90269488396274,6.082202719897066
2042,2097,0.27649958595391944,2194.0893334365473,3.4343062938360047
2043,1989,0.04,551.8237244116883,3.9365987334618664
2043,2042,0.0772676458427295,1952.5240709247375,5.8511536516452525
2044,1990,0.04,845.7477032087995,4.141381536341846
2044,2045,0.04,845.7477032087995,3.788885604133302
2045,2044,0.04,3582.375492891151,4.141381536341846
2045,2046,0.04,3582.3754928911567,3.788885604133302
2046,2045,0.04,1704.3783736822022,4.141381536341846
2046,2047,0.6026765405421948,2533.793439437459,3.858420566169638
2046,2101,0.04,1704.3783736821997,3.788885604132126
2047,1993,0.25406277897468854,102.78499275039951,3.362657669790738
2047,2046,0.04,3375.5941023104556,3.962912686201817
2047,2048,0.6026765405421948,3375.5941023104556,3.858420566169638
2048,2047,0.04,914.5527551265848,3.9629126862018182
2048,2049,0.1699589530817449,840.0370250901444,3.432570299264074
2048,2103,0.6026765405421939,914.5527551265848,3.858420566169637
2050,1996,0.02,397.38492042437474,3.378274788588142
2052,1998,0.20508731035523775,1385.8665414907316,3.536815477519105
2052,2053,0.10118749456687359,1385.8665414907314,3.7592089601378698
2053,2052,0.20508731035523775,3700.685426533048,3.5368154775191054
2053,2054,0.10570223762104645,3966.652334047332,3.703697928574168
2054,2053,0.11737231607277092,1964.4074294766697,3.3554959162184312
2054,2109,0.12679631342047584,1964.4074294766697,3.302767998389326
2062,2007,0.18260403095385058,2454.6998544126386,2.9140034073604872
2062,2063,0.31599148498092866,2076.3218469147637,4.021147388386748
2062,2119,0.2679237213618606,1007.6507929512404,3.3155181128211515
2063,2062,0.47273508956135935,3408.000358937491,3.807785595881531
2063,2064,0.31599148498092866,3408.0003589374833,4.021147388386748
2064,2009,0.10722648837685167,2545.170402516499,4.87254073335074
2064,2063,0.47273508956135935,1747.5593337220473,3.807785595881531
2064,2065,0.36619478765912206,939.2507791047595,4.85690089295322
2064,2121,0.43569569305599914,3101.0242087554307,4.546730704647019
2065,2010,0.21796905047139425,2349.302077934964,4.390364893290036
2065,2064,0.4985929951608492,2608.774833002159,4.606723689209684
2065,2066,0.46661729394361906,530.9055413131987,3.4487986287473475
2065,2122,0.2669769181583499,1013.9502161003518,4.946049411748764
2066,2065,0.3595978044340402,2243.816319449908,3.3704462709142797
2066,2123,0.46661729394361906,2243.816319449908,3.44879862875163
2067,2068,0.04,2032.1593870883473,2.7894841351529704
2067,2124,0.04,2032.1593870883473,2.804644899261498
2068,2067,0.04,7089.922061782856,2.795830967193944
2068,2069,0.06540302261071798,3568.859825740319,2.7409606078765965
2069,2014,0.05695929598118621,924.5279470915648,2.722759512610646
2069,2068,0.2695819453026897,4436.760931082385,3.5069141019788375
2069,2126,0.2285182276636215,3512.232983990816,3.7191134350541137
2074,2075,0.04,41.34586510429635,3.3616811663181023
2074,2131,0.16154449292762596,82.6917302085927,3.5710907754197967
2075,2020,0.04,5687.668674139921,3.3883470056581007
2075,2074,0.16154449292762507,9926.822547684342,3.571090775417579
2075,2076,0.04,362.1287001488756,3.36168116632019
2076,2021,0.04,831.517181991151,3.3616811663181028
2076,2075,0.16154449292762596,1663.034363982302,3.5710907754197967
2082,2139,0.05889134758520287,2852.103909491263,3.898352504382838
2083,2028,0.4711173117229741,2205.748687341693,3.355388527422151
2083,2082,0.05889134758520331,1759.1270898917835,3.8983525043804184
2085,2030,0.526658086399078,1361.807567647783,3.573841264939653
2085,2086,0.4711173117229741,1361.8075676477824,3.355388527422151
2086,2031,0.4711173117229741,2699.2482482627515,3.355388527422151
2086,2085,0.526658086399078,2699.248248262761,3.5738412649407625
2091,2036,0.04,3140.0394563142777,3.2852910949240797
2091,2148,0.04,6244.609773057644,3.488020681025848
2092,2093,0.04,1877.216325368668,4.207355421521701
2092,2149,0.04,1877.2163253686672,4.120549548160988
2093,2038,0.04,2196.9891680846067,4.2073554215230065
2093,2092,0.04,2196.989168084606,4.12054954815715
2097,2042,0.45397222553704175,3469.171124955665,3.2651623736031956
2097,2154,0.27649958595391855,3469.1711249556815,3.434306293839203
2101,2046,0.04,3590.2543263825846,4.14138153634056
2101,2158,0.04,3590.2543263825755,3.7888856041356545
2103,2048,0.04,3295.308706683995,3.962912686201818
2103,2160,0.6026765405421948,3295.308706683995,3.858420566170836
2109,2054,0.051013437345610715,2339.735283866308,3.2279093705623025
2109,2110,0.12362406982890839,2197.643986539406,2.9313128696959048
2110,2109,0.030455137184958493,1654.1963865463604,3.406623259803824
2110,2167,0.16495039452189442,2652.657799445089,3.418281124710114
2111,2112,0.13206753166861596,2658.0603413487065,2.7299578571241363
2112,2111,0.10186611715846627,522.6607969752151,4.0486147568465
2115,2116,0.47925734763522776,2355.626873210619,3.3064588089257603
2116,2115,0.5133699629233304,2045.2477248041755,3.201963599514957
2116,2173,0.47925734763522687,2045.2477248041755,3.4620581422266725
2118,2119,0.21990208159719948,1247.8401514102584,3.249585957738345
2118,2175,0.26792372136186016,1247.8401514102584,3.315518112819093
2119,2062,0.21990208159719948,2243.0029200018653,3.249585957738345
2119,2118,0.2679237213618606,2243.002920001865,3.3155181128211515
2121,2064,0.5240840861721943,1343.202643226704,4.044284241524125
2121,2122,0.5134023796918008,891.4502388315427,6.034001337814055
2122,2065,0.04659892316772396,969.8113272946372,5.488306960690733
2122,2121,0.642372287699875,5634.192844137744,6.297628361940157
2122,2123,0.543421665407295,398.4791344420059,4.458158188169954
2122,2179,0.4898415220520107,5118.424143146156,6.081360621371409
2123,2066,0.3595978044340402,2284.3445153523826,3.3704462709184644
2123,2122,0.2267336560087596,2147.805495742964,4.274508823790396
2123,2124,0.04,826.1697394831301,3.321592323584373
2123,2180,0.1667231251915835,981.0773292822971,3.611793587183304
2124,2067,0.04,4139.405466588854,2.8302700881929987
2124,2123,0.2057538433673889,4870.967509507601,3.5440481491418976
2126,2069,0.2862714079890911,1480.4779579011822,3.6236406171703432
2126,2127,0.22851822766362062,1480.4779579011818,3.719113435052958
2127,2126,0.2862714079890911,1730.5570330343237,3.6236406171692184
2127,2184,0.13187446677683257,748.9200654635449,3.03783467718349
2131,2074,0.04,3148.1543421031447,3.3616811663201895
2131,2188,0.04,3148.154342103144,3.4230428112563094
2139,2138,0.05889134758520287,1480.3165400635266,3.898352504382838
2147,2148,0.04,1303.4934350384829,3.285291094926119
2147,2204,0.04,2516.0809782323204,3.4562911047513016
2148,2091,0.04,3907.4168248149836,3.6006730621222203
2148,2147,0.04,5160.259146957195,3.4670276347566125
2148,2149,0.04,1475.3862114116753,4.207355421521701
2149,2092,0.04,1696.2836026974253,4.207355421525619
2149,2148,0.04,1696.2836026974226,4.12054954815715
2154,2097,0.45397222553704175,3158.362422041534,3.2651623736062363
2154,2211,0.27649958595391944,3158.362422041522,3.4343062938360047
2158,2101,0.04,567.2377341658294,4.141381536344417
2160,2103,0.04,1765.3911097699292,3.962912686203047
2160,2161,0.6026765405421948,1765.3911097699297,3.8584205661696385
2161,2160,0.04,1780.2023604557876,3.962912686201818
2161,2218,0.6026765405421948,1780.2023604557876,3.858420566169638
2167,2110,0.10766029726768789,3446.168261203623,3.22219954349794
2167,2224,0.1649503945218953,3446.168261203622,3.418281124709053
2173,2116,0.5133699629233304,1833.6585591919943,3.352645471006405
2173,2174,0.47925734763522687,1833.6585591919943,3.462058142226673
2174,2173,0.5133699629233304,2582.6105377978797,3.352645471006405
2174,2175,0.21990208159719993,301.905087211554,3.2495859577363277
2174,2247,0.47925734763522776,2582.6105377978797,3.4620581422266734
2175,2118,0.21990208159719948,3147.3027020884583,3.2495859577363273
2175,2174,0.26792372136186016,3147.302702088464,3.315518112819093
2179,2122,0.5210872905885431,1124.0167253088453,5.861389627708493
2179,2180,0.6004832606816208,1396.59096626244,7.371596648096641
2179,2252,1.0430619131239096,1363.2558676599722,5.657063466927795
2180,2123,0.1060920488687005,3793.64182372914,4.79035387765588
2180,2179,0.9367678131370472,1128.9220192597722,8.024370785858062
2180,2253,0.40228924928206045,3163.3034993221936,5.1204948494256675
2184,2257,0.131874466776833,3026.088437089822,3.037834677184433
2188,2131,0.04,4561.103431558733,3.361681166317059
2188,2189,0.04,4561.10343155873,3.423042811257372
2189,2188,0.04,1759.069842951406,3.3616811663181028
2189,2262,0.04,1759.069842951406,3.423042811257372
2204,2147,0.04,3045.045636536394,3.2852910949240797
2204,2277,0.04,6068.936045761759,3.4600384112808005
2211,2154,0.45397222553704086,1982.9669414091995,3.265162373603195
2211,2212,1.1089325986069163,1364.826576438214,3.7390756955053743
2211,2284,0.8326542998586435,309.76344361079515,3.2915827562135127
2212,2211,1.463828898327499,920.2343901058848,4.554451163042473
2212,2213,0.28656170340518283,2084.571648034742,2.951958118706036
2213,2214,0.28656170340518283,3470.7362406833163,2.951958118706036
2213,2286,0.28656170340518283,470.7870214485272,2.951958118706036
2214,2215,0.28656170340518283,3440.0190474160677,2.951958118706036
2215,2158,0.2865617034051837,1298.7641936257542,2.95195811870512
2218,2161,0.04,3765.045243628675,3.962912686201818
2218,2291,0.6026765405421948,3765.045243628675,3.858420566169638
2224,2167,0.10766029726768789,4549.44892877738,3.2221995434969397
2224,2297,0.16495039452189442,4549.44892877738,3.4182811247090528
2228,2229,0.16297864076002178,1854.5129524364152,4.4701666908975195
2229,2228,0.245345750330757,3346.6454739779497,4.4123548625345315
2229,2230,0.16297864076002266,3346.645473977937,4.3166042850431
2230,2229,0.24534575033075612,606.5803908253231,4.260778450506324
2233,1684,0.2641652392427045,3318.2544898223905,3.00821215864678
2234,1685,0.2425047382907004,3053.8477631085,4.1067622585766435
2236,1687,0.04,3059.9751689713203,4.265773138131459
2247,2174,0.5133699629233313,1216.7768755232828,3.3526454710064053
2247,2248,0.47925734763522776,1216.7768755232828,3.4620581422266734
2248,2247,0.5133699629233304,3466.1427785650153,3.352645471006405
2248,2249,0.47925734763522776,3466.142778565015,3.4620581422288224
2249,2248,0.5133699629233304,1716.4950176234483,3.3526454710084863
2249,2305,0.47925734763522687,1716.4950176234486,3.462058142226673
2252,2179,1.0143132444854412,1410.7615054736614,5.509475566587797
2252,2253,0.7019474029221461,3011.2821059040753,5.216134743920752
2252,2308,0.50235046931566,916.8997844663212,3.281571899242676
2253,2180,0.9147975970587874,1525.0308746000305,4.088821870155551
2253,2252,0.8937691169896395,559.3615764177313,4.960742251197427
2253,2254,0.06213845569219245,440.3451998683707,5.10802269068988
2254,2253,2.0967449621814582,329.1554252327627,5.531163025484139
2254,2255,0.6308239054238651,1882.9935281525566,3.93083798016465
2254,2310,0.2916969985331095,2932.8404847926345,3.032357657263371
2255,2254,0.9540774798281602,5041.042537709624,3.687629035460341
2255,2256,0.5722540023585205,3343.797256771521,3.671893784705176
2255,2311,0.6563756510441161,1697.2452809380982,4.053285988847649
2256,2255,0.9283184147356938,667.2062905072332,3.4687253587181015
2256,2257,0.30299525940396155,3561.418526835406,4.44509240987276
2256,2312,0.6386462987121533,1838.6216669245716,3.6670670003713974
2257,2256,0.2674862570771852,1048.211341141116,4.253931335736662
2257,2258,0.15786455935404975,2922.833060056548,3.0908465126392204
2258,2257,0.2092679229866472,1029.48537562272,2.9316574918280107
2258,2314,0.15786455935404975,1029.48537562272,3.0908465126392204
2260,2261,0.04,332.08981126071905,3.3616811663181028
2260,2316,0.04,332.08981126071905,3.4230428112573725
2261,2260,0.04,5039.812368049142,3.423042811257372
2261,2262,0.04,5039.812368049141,3.3616811663181028
2262,2189,0.04,2098.97916861469,3.3616811663181028
2262,2261,0.04,2098.97916861469,3.423042811257372
2267,2268,0.2968800073351474,2054.5617645623997,2.717044014850247
2268,2267,0.3211630668738623,1860.1268422762496,2.920507981520573
2268,2324,0.2968800073351474,1860.126842276249,2.717044014850247
2277,2204,0.04,601.6597892067921,3.2852910949240797
2277,2278,0.04,1913.983797465674,3.5030611905083093
2278,2277,0.04,3997.4851737332333,3.384028130599132
2278,2334,0.04,3142.0993255888307,3.3826128834831692
2283,2339,0.10255308826675424,2131.963592257492,3.184448484411536
2284,2283,0.8326542998586444,1688.7047114018603,3.2915827562155564
2286,2213,0.28656170340518283,1629.7665499046448,2.951958118706036
2291,2218,0.04,614.5220669239568,3.962912686201818
2291,2292,0.6026765405421939,614.5220669239568,3.858420566167242
2292,2291,0.04,3444.8798898147097,3.962912686199357
2292,2348,0.6026765405421939,3444.879889814709,3.858420566169637
2296,2297,0.18161256990915842,1714.7302500393307,3.277428934252987
2297,2224,0.107660297267687,1033.3918599106005,3.2221995434969393
2297,2296,0.16488019935900144,2514.0404694074987,3.3055216630388573
2297,2353,0.34555305210741327,376.210975753612,3.3754379053901955
2305,2249,0.5133699629233304,2555.1680154122996,3.352645471006405
2305,2306,0.47925734763522687,2555.1680154122996,3.462058142224523
2306,2305,0.5133699629233304,2587.244236632041,3.3526454710043234
2306,2364,0.47925734763522865,2587.244236632041,3.4620581422255987
2308,2252,0.4835168587855314,3686.6284776332623,3.3316324801824795
2308,2366,0.50235046931566,3686.6284776332623,3.2815718992416576
2310,2254,0.2595145136477659,3207.106781186544,2.6548885500299235
2310,2368,0.2916969985331095,3207.106781186547,3.03235765726243
2311,2255,0.9974146862495346,2721.616943756853,4.1188981761246
2311,2369,0.48234788110185534,933.1468458994046,3.006904910985815
2312,2256,0.6560064498948375,1492.654629122973,3.4818165756611865
2312,2313,0.6386462987121533,1492.6546291229724,3.6670670003713974
2313,2312,0.6560064498948375,3680.280430511528,3.4818165756611865
2313,2371,0.6386462987121533,3680.280430511528,3.667067000370259
2314,2258,0.2092679229866472,3321.5414399119636,2.9316574918280107
2314,2315,0.15786455935404975,3321.5414399119636,3.0908465126392204
2315,2314,0.2092679229866472,2926.507118987633,2.9316574918280107
2315,2316,0.04,757.4215989126513,3.3616811663181028
2315,2373,0.04,757.4215989126513,3.4230428112563094
2316,2260,0.04,3724.0208314423417,3.3616811663181028
2316,2315,0.04,3724.0208314423417,3.423042811257372
2324,2268,0.3211630668738623,3546.172234565926,2.920507981520573
2324,2382,0.2968800073351483,3546.172234565924,2.7170440148494035
2325,2326,0.04,3428.544386037776,3.3603584797332404
2325,2383,0.4287373504457994,3428.5443860377763,3.2914917519782327
2326,2325,0.4287373504458003,7184.379858734989,3.291491751975167
2326,2384,0.04,7184.379858734994,3.3603584797363704
2334,2278,0.04,3153.0732568444832,3.2852910949240797
2334,2392,0.04,6315.9276859288275,3.4606163317869885
2339,2283,0.3339023195894333,3634.4519828047514,2.7945965645129425
2339,2397,0.10255308826675424,3634.4519828047514,3.184448484410547
2348,2292,0.04,1017.5632621246004,3.962912686201818
2348,2349,0.6026765405421939,1017.5632621246004,3.8584205661720334
2349,2348,0.04,3893.1474924770864,3.962912686204278
2349,2350,0.6026765405421948,3893.147492477087,3.858420566169638
2350,2349,0.04,28.19271835467839,3.962912686201818
2350,2408,0.6026765405421939,28.19271835467839,3.85842056616844
2351,2352,0.4496695511972549,2337.968234220066,3.658380023052809
2351,2409,0.34555305210741416,1556.0971883605123,3.375437905389148
2352,2351,0.34555305210741416,3794.396462002758,3.375437905390196
2352,2353,0.381860141326334,6975.802186121116,3.5711723499275134
2353,2297,0.658201804872383,720.8719440402372,3.8981394225104946
2353,2352,0.34555305210741416,720.8719440402378,3.375437905390196
2353,2354,0.13764528506728935,3682.220758659808,2.667176496153401
2354,2412,0.13764528506728935,1456.8676992985825,2.766947596287698
2364,2306,0.5133699629233313,700.1056404745566,3.3526454710053644
2364,2365,0.47925734763522687,700.1056404745566,3.462058142226673
2365,2364,0.5133699629233304,2810.0358424973524,3.352645471006405
2365,2366,0.4040187774659451,346.51157034906566,3.431708741939577
2366,2308,0.4835168587855314,806.9739342710611,3.331632480181445
2366,2365,0.5442721286766254,3850.460882345821,3.6025184729126187
2366,2367,0.2922484689058895,3043.48694807476,3.53782738914951
2367,2366,0.5021024606819187,3296.563417297918,3.687616757755449
2367,2368,0.28382124149712773,3863.3213182492245,3.6225096859113166
2368,2310,0.25951451364776545,1843.261245760031,2.6548885500290993
2368,2367,0.3074942662225846,1421.7312718246144,3.971925011558956
2368,2425,0.2922484689058895,985.2301546978748,3.537827389153904
2369,2311,1.015913694322327,834.4791732293373,3.051981502898948
2369,2370,0.48234788110185534,834.4791732293373,3.0069049109886152
2370,2369,1.015913694322327,2796.368564929525,3.05198150290179
2370,2427,0.48234788110185534,2796.3685649295253,3.0069049109867483
2371,2313,0.6560064498948366,324.0655251523759,3.481816575660105
2371,2372,0.6386462987121524,324.06552515237587,3.6670670003668433
2372,2371,0.6560064498948375,3429.4881864552003,3.4818165756568624
2372,2373,0.6386462987121533,3429.4881864551903,3.6670670003736743
2373,2315,0.04,1892.9612015700136,3.361681166317059
2373,2372,0.6560064498948366,281.58183210395555,3.481816575663348
2373,2430,0.7682914152873792,2859.863334174557,3.58556991352766
2382,2324,0.32116306687386054,3710.7821048660303,2.9205079815196657
2382,2383,0.04,1837.390429249081,3.3603584797374135
2382,2439,0.2968800073351474,3710.782104866031,2.717044014850247
2383,2325,0.04,611.6872950253976,3.3603584797363704
2383,2382,0.4287373504457994,611.6872950253976,3.2914917519792546
2384,2326,0.4287373504457994,799.2610879209092,3.2914917519782327
2384,2385,0.04,799.2610879209091,3.3603584797395
2385,2384,0.4287373504457994,6088.480346371167,3.2914917519812983
2385,2386,0.04,6088.480346371164,3.3603584797395
2386,2385,0.4287373504457994,1282.9436278122369,3.2914917519812983
2386,2443,0.04,1282.9436278122369,3.3603584797374135
2392,2334,0.04,3155.6910474694205,3.2852910949230596
2392,2449,0.04,6356.057611883237,3.4612454135958055
2397,2339,0.3339023195894324,3114.632833233226,2.7945965645120747
2397,2454,0.10255308826675424,3114.632833233226,3.1844484844115355
2408,2350,0.04,3919.340387406524,3.962912686200588
2408,2465,0.6026765405421948,3919.340387406524,3.858420566170836
2409,2351,0.4281857905200519,3258.765709342796,3.631365426440312
2409,2410,0.13764528506728935,2737.1152627241545,3.181205520484427
2409,2466,0.026134792350109022,2071.5246180817494,4.472164444758378
2410,2409,0.13764528506728935,72.28484713831529,3.181205520484427
2412,2413,0.13764528506728935,3917.3806499556326,3.095081017425544
2413,2470,0.1376452850672889,3061.920592474149,3.36388427561399
2425,2368,0.5021024606819182,2554.6264407739995,3.687616757760028
2425,2426,0.29224846890588907,2554.626440773999,3.537827389151707
2426,2425,0.5021024606819182,3064.9353628574468,3.6876167577577386
2426,2427,0.29224846890588907,3064.935362857447,3.5378273891561
2427,2370,1.015913694322327,1958.960179418293,3.051981502899895
2427,2426,0.5021024606819187,2046.6117609002977,3.6876167577623176
2427,2428,1.0346030561229753,1367.8651362421358,4.013233317095684
2428,2427,0.8646185758072606,1184.5695031514117,3.39993052035971
2428,2484,1.0346030561229744,1184.569503151414,4.013233317095684
2430,2373,0.7067753813013127,4395.26740112205,3.448559468123297
2430,2431,1.1355140046108767,1174.7596513905348,3.8787221786025863
2430,2486,0.3990715330994874,3220.507749731515,3.2934048479208258
2431,2430,0.8290557006127317,2512.1020812807874,2.915828278666042
2431,2487,0.3476563282725822,218.42922982216044,2.906907859288489
2433,2434,0.3211630668738623,1261.2133763489203,2.920507981520573
2433,2489,0.2968800073351474,1261.213376348922,2.717044014850247
2434,2433,0.2968800073351474,4163.218971946314,2.717044014850247
2434,2435,0.3211630668738623,4163.2189719463195,2.920507981520573
2435,2434,0.2968800073351474,4135.462479183354,2.717044014850247
2435,2436,0.3211630668738614,4135.462479183357,2.9205079815187593
2436,2435,0.2968800073351483,3742.82791950859,2.71704401484856
2436,2437,0.3211630668738614,3742.827919508591,2.9205079815223858
2437,2436,0.2968800073351492,171.21718988743913,2.717044014851934
2437,2438,0.3211630668738623,2639.469438237832,2.920507981520573
2437,2493,0.29845448001899744,2810.686628125271,2.729438327424282
2438,2437,0.2968800073351474,3323.0865786536374,2.717044014850247
2438,2439,0.3211630668738623,3323.086578653642,2.920507981520573
2439,2382,0.3211630668738623,2079.495925197358,2.920507981520573
2439,2438,0.2968800073351474,2079.495925197357,2.717044014850247
2443,2386,0.4287373504457994,3160.036184460893,3.2914917519792546
2443,2444,0.04,3160.0361844608933,3.3603584797374135
2444,2443,0.4287373504457994,2500.0559958076765,3.2914917519792546
2444,2500,0.04,2500.055995807676,3.3603584797374135
2449,2392,0.04,3052.125014302834,3.2852910949250993
2449,2505,0.04,6097.389657596328,3.460309401019587
2454,2397,0.3339023195894333,2957.709708128717,2.7945965645129425
2454,2510,0.07238325514103927,278.57641607977473,2.772348744887362
2465,2408,0.04,809.7593327827725,3.962912686203048
2465,2466,0.1659798008704438,1382.6620276685983,4.247856708727148
2466,2409,0.0322379009749702,4001.497753447117,4.349266356406043
2466,2465,0.03937495052655078,4596.887648162925,3.9961811137057697
2466,2467,0.07279067441621387,10992.706215330763,4.178243773496583
2467,2466,0.03971363517707745,425.292604137441,3.9781545314568953
2467,2523,0.3528864386675128,953.0088413310455,3.2037986396280647
2484,2428,0.8646185758072606,1565.4542466610287,3.39993052035971
2484,2485,0.4083636447708761,2608.0358866156075,3.17984773282734
2484,2545,0.20594438028833562,2629.9089408160567,3.1975245984862366
2485,2484,0.4557232847337257,3755.331667847081,3.324098039281868
2485,2486,0.5474476641956431,3845.51324143073,3.9569207307079663
2486,2430,0.6722324025725364,1370.2085899876522,3.642886311912291
2486,2485,0.2981101314247067,1629.8665405373565,3.697315802796868
2486,2487,0.20887009305683124,3055.1118400297983,3.4682958106618136
2487,2431,0.02,1859.5606689100737,2.4702289042539283
2487,2486,0.164815073624192,1593.954536085678,3.2462330149339365
2487,2488,0.342799809151904,832.2468305741322,3.141461322993918
2487,2548,0.14380584586236722,1176.7744676137231,2.854719734592661
2488,2487,0.7859775675227239,3296.162697094894,3.0092131792671526
2488,2489,0.342799809151904,3296.1626970948887,3.141461322993918
2489,2433,0.3211630668738623,2563.3588484168736,2.920507981520573
2489,2488,0.7859775675227239,682.4335437430868,3.0092131792671526
2489,2550,0.02,1327.337959474764,2.9976292534585234
2493,2437,0.3094255649678246,3126.1143322328753,2.8187759981854095
2500,2444,0.4287373504457994,2617.830690877888,3.2914917519792546
2500,2501,0.04,2617.8306908778877,3.3603584797374135
2501,2500,0.4287373504457994,4216.932208720039,3.2914917519792546
2501,2562,0.04,4216.932208720039,3.36035847973637
2505,2449,0.04,3052.938470078716,3.28529109492306
2505,2566,0.04,6104.990273575711,3.4604218858878406
2510,2454,0.16977312807575506,450.9210586032836,4.183120453084605
2510,2511,0.9050356431070883,5383.302073981331,3.88921905223752
2510,2571,0.3762858723401825,5383.30207398133,3.2742422019219135
2511,2510,0.3762858723401825,2879.0480118351993,3.274242201924963
2511,2572,0.8871159313626427,3101.3800047004534,3.867175795927248
2513,2514,0.9050356431070901,2746.018819499335,3.889219052235106
2513,2574,0.3762858723401825,2746.0188194993348,3.2742422019219135
2514,2513,0.3762858723401825,3266.0959145367738,3.27424220192293
2514,2515,0.9050356431070901,3266.0959145367738,3.889219052235106
2515,2514,0.3762858723401816,3221.277089057166,3.2742422019229296
2515,2516,0.9050356431070901,3221.277089057166,3.889219052235106
2516,2515,0.3762858723401825,3370.0467662364676,3.27424220192293
2516,2517,0.9050356431070901,3370.046766236468,3.8892190522351062
2517,2516,0.3762858723401825,1182.2506096305565,3.27424220192293
2520,2519,0.48995477264212806,2248.8293124379866,2.919927317699828
2522,2523,0.02878286329335467,2114.554821770163,3.1201536286056855
2522,2583,0.15045787433856317,2114.5548217701607,2.717517242945387
2523,2467,0.04,3145.9166573912,3.962912686201818
2523,2522,0.15045787433856272,318.1741901386133,2.71751724294623
2523,2584,0.6026765405421939,3145.9166573912,3.85842056616844
2545,2484,0.595754540989728,2940.159183406716,3.274321285941013
2545,2602,0.07020368971420243,2681.7067047837477,3.846255127647604
2547,2548,0.02056194094324937,3029.4733171640924,2.7398344557847527
2547,2604,0.14380584586236678,3029.4733171640946,2.854719734593547
2548,2487,0.02,3117.1771632591594,2.750959321815898
2548,2547,0.14380584586236722,1623.7456547785223,2.8547197345953195
2549,2548,0.02,3100.4112976503925,2.763054923641859
2550,2549,0.02,4545.734047192381,2.763054923641859
2551,2550,0.02,1413.463659269297,2.76305492364529
2562,2501,0.4287373504457994,3542.0187825797348,3.2914917519782327
2562,2563,0.04,3542.0187825797357,3.3603584797395
2563,2562,0.4287373504457994,1350.6007649733208,3.2914917519812983
2563,2564,0.04,3744.332319759944,3.3603584797374135
2563,2620,0.17427073977713992,5094.933084733265,3.309747429461036
2564,2563,0.4287373504458003,4651.567067011855,3.291491751979255
2564,2621,0.04,4651.567067011856,3.3603584797363704
2566,2505,0.04,3206.601557446922,3.2852910949230596
2566,2623,0.04,6641.322767009132,3.464381516313018
2570,2571,0.7823736959077427,4758.016823669846,3.740093434713271
2570,2627,0.3762858723401816,2450.475664522591,3.2742422019229296
2571,2510,0.9050356431070892,69.84585014361083,3.8892190522338983
2571,2570,0.640907062026769,2486.4193042297543,3.5730929888384315
2572,2511,0.4035282053660447,5346.658946455255,3.3042270418821413
2572,2629,0.9050356431070892,4825.277652996649,3.8892190522338983
2573,2574,0.9050356431070901,807.9842286642617,3.889219052235106
2573,2630,0.3762858723401834,807.9842286642618,3.274242201921914
2574,2513,0.9050356431070892,3043.253453517861,3.8892190522338983
2574,2573,0.3762858723401825,3043.2534535178615,3.27424220192293
2581,2520,0.48995477264212894,3774.819995277581,2.919927317697109
2582,2581,0.48995477264212806,1391.5226129036112,2.9199273176980154
2583,2522,0.02878286329335467,3448.5899398767774,3.120153628604717
2583,2584,0.15045787433856317,3448.589939876778,2.7175172429479177
2583,2640,0.48995477264212894,1907.3190202275036,2.919927317697109
2584,2523,0.04,3590.3659744611155,3.962912686200588
2584,2583,0.02878286329335467,2456.0503883031383,3.120153628607623
2584,2585,0.04,1737.5221026552213,3.204093439327658
2584,2641,0.39846551341610953,6046.416362764254,3.3949863793872193
2585,2584,0.04,4373.980156401951,3.0839038079275434
2585,2586,0.04,4373.980156401951,3.204093439333626
2586,2585,0.04,4264.457428551329,3.0839038079332877
2586,2587,0.04,4690.813276047786,3.1931692031425087
2586,2643,0.04,426.3558474964422,3.204093439331637
2587,2586,0.04,4437.893637868524,3.1439986236334576
2602,2545,0.04,2405.653504371004,5.059584257125835
2602,2603,0.07020368971420243,2405.6535043710046,3.846255127648798
2603,2602,0.04,2285.2716493019866,5.059584257127406
2603,2654,0.07020368971420332,2285.271649301986,3.846255127649993
2604,2547,0.02056194094324937,3229.6541984100018,2.7398344557830514
2604,2655,0.14380584586236722,3229.6541984100027,2.8547197345944335
2608,2551,0.02,3677.162551835194,2.7630549236435744
2620,2563,0.04,526.2111701275803,3.325925115857301
2621,2564,0.4287373504457994,1207.426257697391,3.2914917519782327
2621,2622,0.04,1207.426257697391,3.3603584797374135
2622,2621,0.4287373504458003,2884.35726112073,3.291491751979255
2622,2623,0.04,3939.4037671263604,3.416121896699002
2622,2673,0.04,5172.06016823252,3.3594390912430385
2623,2566,0.04,1875.321009268625,3.2852910949240797
2623,2622,0.04,4412.913039777273,3.4776661452819693
2623,2674,0.9050356431070892,6586.026244643973,3.889219052236313
2625,2676,0.6483333997014569,2986.677601249263,3.5817306270812415
2626,2627,0.9050356431070901,510.2287588453278,3.889219052235106
2626,2677,0.3762858723401825,510.2287588453278,3.274242201923946
2627,2570,0.9050356431070901,4791.818060323941,3.889219052235106
2627,2626,0.3762858723401816,4791.81806032394,3.2742422019229296
2629,2572,0.3762858723401834,697.721306089534,3.274242201921914
2629,2630,0.9050356431070883,697.721306089534,3.889219052230276
2630,2573,0.9050356431070883,5347.494436728457,3.8892190522338983
2630,2629,0.3762858723401825,5347.494436728459,3.274242201918864
2630,2631,0.02019923929611167,870.2775092959628,2.9492137880606153
2631,2630,0.02019923929611167,2808.823744287077,2.9492137880606153
2639,2582,0.48995477264212806,1900.5301625612335,2.9199273176980154
2640,2639,0.48995477264212806,597.6747311137474,2.919927317699828
2641,2584,0.0291370006320586,2934.7351802098074,3.146760458639054
2641,2642,0.16166085585915135,2934.7351802098074,2.753536815244594
2642,2641,0.03784849694495015,3864.5917966574734,3.8012672739602698
2642,2693,0.5034816792827548,3864.5917966574716,3.6395895891017727
2643,2586,0.04,1739.35204707405,3.083903807931373
2643,2644,0.04,1739.3520470740507,3.204093439331637
2644,2643,0.04,3273.633518901271,3.083903807931373
2644,2645,0.04,330.43701657805,3.204093439331637
2644,2695,0.04,3604.0705354793135,3.1930739260260617
2645,2644,0.04,915.3640406179684,3.083903807931373
2645,2696,0.04,915.3640406179692,3.2040934393336262
2654,2603,0.04,5177.715891910829,5.059584257128978
2654,2655,0.07020368971420332,5177.715891910832,3.8462551276487984
2655,2604,0.02056194094324937,1827.7343900124035,2.739834455783902
2655,2654,0.04,4164.563189512205,5.059584257127406
2655,2708,0.06005601750632916,5087.978926919392,3.95635849373069
2656,2709,0.04,614.1498378098958,4.452919692389484
2658,2659,0.02,3339.250700965876,2.76305492364529
2659,2608,0.02,1474.0097594611643,2.763054923644432
2659,2658,0.02,621.9766738828608,2.76305492364529
2673,2622,0.04,5752.03433649807,3.287631658466977
2673,2726,0.04,7787.223211419256,3.469660596244964
2674,2623,0.3762858723401825,408.9990304949643,3.2742422019239465
2674,2675,0.9050356431070883,408.9990304949643,3.88921905223752
2675,2674,0.3762858723401825,6197.715939880771,3.274242201924963
2675,2676,0.9043040400648801,6215.944048240656,3.888317349725453
2676,2625,0.41097710061143555,6613.070262688765,3.3124562782700697
2676,2675,0.4699152053578608,620.3170284889704,3.3780344843889085
2676,2677,0.9050356431070901,6202.1403687171405,3.889219052235106
2677,2626,0.9050356431070892,576.4874569435028,3.889219052236313
2677,2676,0.3762858723401825,4697.645780950801,3.27424220192293
2677,2678,0.8501625079993689,5274.133237894303,3.821999203110259
2678,2677,0.648333399701456,6305.272151904421,3.581730627079018
2681,2630,0.02019923929611167,1116.569378402054,2.9492137880597
2682,2681,0.02019923929611167,3536.1461454905807,2.9492137880606153
2692,2693,0.02878286329335467,1988.2553986184205,3.1201536286037483
2693,2642,0.03666107032257194,5214.930483787925,3.712054262888757
2693,2692,0.1504578743385636,1552.2933002794127,2.7175172429445436
2695,2644,0.04,331.4844642589798,3.143998623632481
2695,2696,0.1522002588601361,332.2158781625037,4.141761533415759
2696,2645,0.04,463.9980997868259,3.0839038079332877
2696,2695,0.23104646332273315,187.8713256839042,7.562015775191245
2696,2697,0.23526196042530767,3234.5065431115945,2.988295154788075
2697,2696,0.3740064144267796,3811.650837091505,2.9516168046937814
2697,2698,0.23526196042530767,3811.650837091503,2.9882951547917855
2698,2697,0.3740064144267805,2787.459953961893,2.9516168046974465
2708,2655,0.04,2114.1821365250953,4.794681048138871
2708,2709,0.04531401974401206,6914.357306858402,3.0441115185382603
2709,2656,0.04,5149.269591371041,4.89702884986397
2709,2708,0.06206793087805895,4064.0742743300493,3.51838474691861
2711,2658,0.02,5332.60546352448,2.763054923644432
2726,2673,0.04,2750.430946616033,3.2852910949250993
2726,2727,0.04,5716.256902106683,3.457591243030673
2727,2726,0.04,1718.9998280101058,3.41075433377336
