2,3,5.7866113723561075,3884.351190587792,6.0461401727390385
3,2,4.352591510545787,3531.943093760423,4.592162772793435
3,4,5.393305377032753,3761.471528928931,8.039066387319433
3,35,4.169263375116394,6471.1483940619555,7.946145176732985
3,1722,4.471189813840947,5005.933853499123,10.689339316666596
4,3,3.1962200049621003,3731.605257187717,6.100716429644482
4,5,3.1962200049621003,3836.128872915602,4.377949896756855
4,36,4.7956550871114185,3384.3233724710253,5.6520141392632635
5,4,3.1962200049620995,3869.7407658943266,4.448978766397984
5,6,3.1962200049621,4053.0937836304024,5.1746041580633815
5,37,3.527472593620701,8120.433129020033,14.0149525094207
5,1723,3.2069882187894687,5383.213016962129,7.741479461903115
6,5,4.851886344171344,4075.212701312616,5.975425774151434
6,38,3.468515522547609,9446.013074541774,13.844459464724796
7,8,10.26426783418769,17144.689615869625,46.78051860611187
7,39,6.037294133238662,5217.079762083498,9.070679820058835
7,1724,4.790419971792569,3914.582855304583,5.9857231952952565
8,7,4.837884790584319,16834.93872602012,30.264542737669306
8,9,4.456444450016347,6502.027464164907,11.552755447774038
8,40,5.598002540536658,10045.776431606257,20.61470211395036
8,1725,4.96517480479867,5097.717560214807,9.327127784518458
9,8,5.319825123369684,6776.834624684287,14.078253130441956
9,10,4.392746859680651,6557.533267242316,12.43780895783899
9,41,4.324854095879725,7256.126336357825,13.375375303839238
9,1726,5.848579752911299,4122.103196145619,9.499326931216103
10,9,3.778063556627351,6125.624974519418,10.304866912138444
10,42,3.7585763128068934,10834.200746925744,18.53782693210111
11,12,4.136793549340988,5398.4180685269475,8.559130360393695
11,43,5.151407578972823,5192.6604655878455,9.600478679297172
11,1728,3.1962200049620995,4819.726082023418,6.895630463084496
12,11,3.4295327486602787,5066.221004044684,7.592466696543964
12,13,3.739757286950423,8764.137911632673,13.658477937830853
12,44,4.70306549124766,6960.680569653667,11.236005312764156
12,1729,4.340426483862549,5226.736276441209,7.439206653842341
13,12,3.3925839389899357,9877.729535799775,13.043457059580064
13,14,3.3669197713799672,4667.969333460533,8.714686125146699
13,1730,3.705835098929327,7687.262339682989,13.033508974935808
14,13,5.55306395471071,4682.7739210749305,9.955933750859554
14,15,7.437189257332635,25766.51543677821,59.593596997643864
14,45,5.446181946574368,5709.262301044373,11.207519870619691
15,14,3.619217268793841,25765.910131466582,43.479406613353206
15,16,4.062442729783391,3310.069890142277,4.599578923108215
16,15,3.9910101807960756,3339.869255081955,4.804969996402903
16,17,6.519462617123964,3598.525887129169,6.937089191009931
17,16,7.457194887313942,3787.8327676099234,7.779825746770264
17,18,4.737780512080753,4320.070715510727,8.331871476791022
17,48,5.171396847427257,3721.7427115837777,8.794714513034194
18,17,5.73139104342066,23439.653710358783,43.17102371490867
18,19,3.1962200049621,4973.000289856993,6.634724748019198
18,49,12.120643220247349,3211.3058016835357,8.275789088868892
18,1735,5.18871801215506,12679.111214632245,19.722148167992565
19,18,4.514013072332867,23519.211548055333,40.268398193085474
19,20,3.1972239733322443,5579.228025379486,8.782281854665312
20,19,3.1962200049621003,8390.672934159993,11.545966095441296
20,50,3.1962200049621,4300.909767489628,3.943208482271333
21,22,4.947742511878661,16009.62113228399,24.632417056316054
21,51,4.448078423461148,17252.216259807206,27.127596059760837
21,1736,4.370622264777767,3903.1852485313952,5.20663067605097
22,21,6.80840468824352,3889.617109716039,9.476898761906792
22,52,4.613752889681691,7375.682493453318,15.917419234696624
24,55,7.218224356420084,9812.42246086512,19.431810726150733
25,26,5.606890484616636,4140.9549008465165,7.410231920719841
25,56,5.113099238441732,14926.05453920885,23.476092794076695
26,25,3.392988378374499,4140.9549008465165,5.499623278855773
26,27,6.414420630036161,4130.141253303416,9.552711840623086
26,57,5.86726017201288,7527.64917209769,11.992141717599814
27,26,3.361033461524928,4130.141253303416,7.410086205390636
27,28,4.537437649849531,9000.797824374418,17.44140507468569
28,27,4.100969034988528,9440.94782449304,19.171640286598837
28,29,4.462769313682951,5016.4805335360825,10.001074438203638
28,59,5.136461607449219,4795.367907251837,7.188836872264516
28,1742,4.555125261489711,7966.632579268523,17.78971725798847
29,28,4.9378849371358955,5044.55803491462,10.764573262821507
29,30,9.682279329936597,4462.315169216446,13.163614856472453
29,60,4.766100727115704,5148.8339111352625,6.958493896397642
29,1743,3.426817705093305,6291.64180314083,11.647886464627748
30,29,4.066099013875506,4475.878833873465,7.468144469166511
30,31,3.5773146748003777,57288.80107136283,88.8781273875661
30,1744,3.1962200049620995,12286.776861766171,16.706242188328012
31,30,4.714186493156717,50431.48450394336,104.2912853405064
31,32,3.8338373611938223,3146.4502681904023,4.4648739489833424
31,62,3.2898576404826976,3114.5198022328,6.3696579412898675
32,31,3.1962200049620995,3146.450268190402,3.843402099134957
32,63,5.336570011356418,3472.6489116488956,5.753199772222023
32,1746,3.254924443124517,3676.93282936119,4.30266950964843
33,65,3.374264859232077,3475.1133604318693,6.681434569575362
34,66,8.839958483145816,5169.110946925055,9.983078927961884
35,3,4.08693121651628,6471.1483940619555,7.641197403165382
35,36,5.148185181654352,4036.3648459465776,6.5748299471427085
36,4,5.280374988474586,4683.314798420672,8.539426458294487
36,35,15.83473945089965,4032.2206823542538,10.185879861677288
36,37,3.676732309723251,3762.0748077614912,6.666444651267585
37,5,3.2071657860613936,11094.620462664114,16.11696349708832
37,36,3.4601552066609775,3620.3725206064983,6.906866075033442
37,70,4.109967387656564,18231.10541144841,33.57635080147205
38,6,6.266058571412311,7078.240803957947,14.180045369075092
38,39,8.029001626085336,5232.181651216964,11.23194094303367
38,71,4.824910379296599,5111.644279277257,10.420502558014745
39,7,3.840822721641188,4631.119575490005,6.777323515832245
39,38,3.915140945594124,4734.201949333788,7.975428168454425
39,40,3.812400451732152,4365.324708783108,6.3226319019881005
40,8,13.971126892182669,10075.59538778516,34.89114223325825
40,39,3.2539702304808253,3327.2962280525203,3.635293950889044
40,41,3.595765970694436,3428.6262793278647,5.352304136049782
40,73,5.398417496699867,5136.490309469109,10.96438923559044
41,9,4.191317253630189,8710.669377505898,14.365463775992366
41,40,4.748508217229221,3785.8772614699,7.21717516335847
41,42,7.990719420526931,3585.578195923624,7.88032554398074
42,10,3.3078223262135817,11448.010288775957,16.949826329836423
42,41,6.446714342219951,3619.8814716773777,7.537125878246908
42,43,3.1962200049621,3598.832255998442,4.612183424916722
42,74,6.356886136341649,4108.920301251185,8.514416938299274
43,11,3.1962200049621,5018.072066807888,6.774890966874571
43,42,3.1962200049621,3604.4083432013576,4.083211266738817
43,75,3.1962200049621003,7701.564096910741,13.648719325292058
44,12,3.6572428193773425,6952.022292696927,9.449677642766254
45,14,3.2794191542430813,5728.065260822837,9.870310695656038
45,46,6.694127290413239,9272.162946037635,18.33327590611217
45,78,3.1962200049620995,3985.595004100114,6.804890820937297
46,45,4.29230622443245,9274.312177404829,15.47152999622562
46,79,10.674216981054998,4311.217027883123,8.721395665290187
47,48,16.62308768332147,7019.011539717997,25.431660415118124
47,80,18.345973381603788,7476.610455690271,25.49898195813376
48,17,4.593174845088785,4375.622976414092,9.439310344176416
48,47,3.1962200049620995,4980.926438678411,7.291650255368549
48,49,3.9727264461798626,5841.802943590363,13.20391880446481
48,81,5.277478235407341,5869.187115800078,13.893025223631604
49,18,4.729593393125851,3273.7698771697287,5.29483932832073
49,48,4.020750749824944,5561.769996758214,12.446771538757162
49,82,4.927804063542339,3634.848715568968,8.272196312591623
50,20,3.1962200049620995,4460.852429918038,4.032169122730223
50,51,4.247932327818394,8756.230408638323,15.309939222795029
50,84,28.034570372568925,4213.593075502829,17.005825549088904
51,21,3.434756205574413,4260.588648255317,7.36206688595032
51,50,3.7919592684653534,7884.606819654383,12.302394436934575
51,52,3.1962200049620995,4791.043505131347,8.618911083685397
51,85,4.618968748171396,4145.77488914775,8.029107133567384
52,22,3.4908482645391508,7355.724627223442,12.73100931099575
52,51,3.1962200049621003,5642.7092278854125,10.04251203938578
54,55,4.61103048278684,6702.921887841752,11.27570521061589
54,86,3.8021851418373425,4658.490213645515,8.86732712201442
55,24,5.830106105202777,9823.54300571055,18.060273003926
55,54,4.1438837250489495,6258.669075543905,10.33946597310053
55,56,4.2103089140871495,25183.652938791525,39.48778612657481
56,25,3.756270307400918,14582.64864861174,19.385624295159825
56,55,6.709029294743711,3501.9816980396504,6.20550001440231
56,57,4.464941972257732,4270.541679005489,6.551627415429217
57,26,3.756298551599951,6228.647335696643,7.528331042377543
57,56,9.067564231309635,4613.947569602602,9.881530372905692
57,89,4.213200500336872,28446.35444887547,43.32243112365205
58,59,7.081832853509766,4802.812279472841,9.252312210636308
58,90,9.916201775128672,3889.368361529746,11.697701935588215
59,28,6.744543627944771,4803.476858149643,8.599346879395412
59,58,5.040514338644569,4332.787650594151,7.119812700617108
60,29,4.292384939775153,5138.305365815562,8.588544002105632
60,61,4.129751001106517,10924.09422186837,13.430278946817367
60,92,4.31132223734158,6784.668599869377,9.07010076458602
61,60,4.156710010801329,9512.20473993375,11.83964777905349
61,62,3.613470976757731,3138.8159157618975,4.073483225973289
62,31,3.5970441571352936,3164.17186503886,6.282605338152346
62,61,3.675769388602193,3138.8159157618975,3.701016620655751
62,63,4.387250783153781,3332.7218314110446,6.733883481181363
62,94,3.247137411867078,3008.7405233013615,5.673142065655633
63,32,4.370178899451815,3472.6489116488956,5.439716103467996
63,62,3.6450847868160143,3096.5172259754754,6.056692749065506
63,64,9.204371501184102,3271.3296957597654,7.36275372946146
63,95,8.905511213396183,3368.2950878003085,9.203124549525032
64,63,3.6527607228059233,3271.329695759765,5.017939038010152
64,65,3.7136554081552138,6115.759930230348,7.192205163676425
65,33,3.1962200049621003,3471.134627168985,6.420497209852596
65,64,3.449210526620299,3196.6843970584805,4.116964548788218
65,66,3.6172112659789883,16613.991746533666,25.81542068460182
65,96,4.263873122923315,3630.5056807576207,6.643805681714973
66,34,3.360577116923689,5169.198064686401,5.38561205045512
66,65,3.3274036773867963,18189.00156743807,28.516815429007835
66,67,3.6906518330855578,4239.300146267513,5.778584745465011
66,97,3.322343983608121,16712.18185740859,25.515402081508444
67,66,5.138345479188122,5004.679164550481,8.660501603530928
67,68,3.7297089732594926,19764.059916483824,31.31279391213026
68,67,3.587703914999518,19389.114598076503,29.09491968498375
68,69,7.547783293812137,3159.5346288724404,5.935651614250601
68,99,3.7185287891921543,8912.779434227305,13.340508929262308
69,68,3.6757223808175743,3159.534628872441,4.345077908169149
69,100,4.9696661351122975,4007.606446182959,5.628306913977229
70,37,4.511196452059898,5616.870802527621,13.320340137807229
70,71,4.709981599943592,5785.2484555413885,15.424954491803383
70,104,4.778669670529788,30099.044359611667,60.97086598498745
71,38,5.228445097806537,5101.985926856187,9.96291628746684
71,70,4.955974385358974,17538.900460746965,35.534365188164784
71,72,6.25081671540742,4332.543711599361,9.150271297264103
73,40,4.341512511650014,5131.296977432276,9.672751486620433
73,72,4.082578954755287,22061.333808333195,31.82048894876389
73,107,5.26783164823313,4520.632826783824,9.123307803501952
74,42,4.447910364557586,4080.59719182798,7.106317866599352
74,75,4.034476831181517,4325.629236313187,7.2766454730093315
75,43,3.2346636751458147,7487.767655908653,13.30588042652784
75,74,3.7933005134284685,4705.450079876035,7.406536058811928
75,76,3.1962200049620995,4721.8289426485535,7.865782499951909
75,110,4.236376683921646,5687.624183813735,11.93958402747663
76,75,4.360575517596776,4464.9197471890475,8.049732667730078
76,77,3.6594635040501307,16748.956592004626,34.96301261236182
76,111,3.6681060275399724,12274.190547880204,25.526433332783427
77,76,3.389859732950377,14932.176174749196,30.023638650349
77,78,3.4480250039977602,6437.751218544434,11.21779092245636
77,112,3.5762038843029056,11487.578699423764,20.197485923769246
78,45,6.260155148543169,4286.140652651154,10.703734494287389
78,77,3.9232760656507706,7630.986280891968,14.98220791493632
78,79,7.948816541459819,6637.70071885885,13.457820034401824
78,113,4.31892917947824,3543.783093420783,6.454594400500262
79,46,15.794173240771093,4311.217027883123,10.29998974078049
79,78,3.1962200049620995,5286.009006613092,7.09089709632049
79,80,23.622098430363092,5900.132228681412,21.96093301648787
79,114,7.858601161223483,6333.260222158532,9.813527728529175
80,47,13.298992623654293,7381.5434594665085,20.09622785891714
80,79,8.271113026067274,5900.132228681411,12.86674883321997
80,81,17.045391864473153,6346.221692909601,23.67000011450474
81,48,4.260646529547624,4485.576175635168,9.361578330488136
81,80,4.931331771345229,4943.175091607442,9.428899873503775
81,82,11.445363821822196,3854.506616450339,10.585649838671664
81,116,4.193589279882389,5230.960873408502,9.21885072611243
82,49,5.3864732470266965,3239.41213501115,5.168486707464337
82,81,12.473419079634718,3875.788286785709,13.891270303892092
82,83,7.051495024124621,31988.01009044202,73.24613281796815
82,117,6.398113626947074,4759.755796923094,13.608397148855856
83,82,4.276411284685682,37117.73047640198,59.942457425027506
83,84,10.824509122186342,6524.0456931521385,18.058864235100327
83,118,4.863246399115891,33187.776001149716,57.277479305789264
84,50,10.926012160239901,4213.593075502829,10.135792854727171
84,83,32.97215290944596,4931.294217413053,24.002817049546156
85,51,3.1962200049621,3970.371531411442,6.194320180495117
85,120,6.450653509551206,17762.0435249592,30.754924602634315
86,54,4.941701993463996,4214.237401347667,9.062888413618198
86,87,4.65452226746478,4995.908500587319,8.27906179602334
86,123,5.935149214383332,27245.352151502128,51.85045620180462
87,86,3.1962200049620995,4978.583263668268,6.506251575275637
87,88,3.1962200049620995,10524.154399951767,12.072483436082337
88,87,3.1962200049621003,10582.4443585154,12.2601498178483
88,89,3.1962200049621,17236.78755710794,19.81936736686574
89,57,3.3620426441581923,28485.975339219254,39.037191947921656
89,88,3.1962200049621,17237.53807361245,19.92492296471846
89,90,4.602789383455586,7283.940129812033,15.79486403817707
89,125,57.61197753704934,5170.35709721037,42.64349209099592
90,58,4.682574140882352,3728.474512044501,7.316535527291427
90,89,4.370123084527768,7200.250227503688,15.43902422908669
90,126,5.878264980598396,3659.319647111776,7.528502151962803
92,60,4.06778467175379,5665.686239526795,6.771557165092434
92,93,3.634729227736959,3463.7964814382735,4.91098627873638
92,128,3.235334820803363,5233.239981643173,7.28405653483955
93,92,6.967239379750106,3298.529707431897,6.787709973331012
94,62,3.443401662998919,3008.7405233013615,5.293578103830719
94,130,3.302123365483903,3014.7386209682104,5.460936522326505
95,63,5.103242055571186,3589.0524669297133,7.211385294701645
95,131,4.639239147593612,3276.60655883343,4.59340489785348
96,65,3.359021735886604,3543.2969401855134,5.736622069554361
96,97,3.2953597889228794,4346.910380749894,6.840340165351346
96,133,3.3998824195161403,3906.35738772439,7.981063480516204
97,66,4.077557130543764,15145.340130600543,24.433852418269534
97,96,4.868170882625586,4355.078474846257,8.824426345843449
97,98,4.070838967644679,12619.850880591212,20.67932783757579
97,134,4.437152032283361,7520.513662593372,13.548595702267422
98,97,3.868261074323994,12863.626383133556,21.90392315939131
98,99,5.454304829764632,5431.261519843999,10.330089143190948
99,98,3.1962200049621,4916.761626586824,7.389449244603737
99,100,3.4767681795098513,5132.071572095883,7.99069778430639
100,69,7.312084824716327,4332.057134563596,9.614381662592606
100,99,3.206361931564308,5113.257240526957,8.1868881654047
100,137,3.48599482567858,34990.540269602265,51.701764120107015
104,70,4.461155308214361,46344.01011690255,80.20452654240648
104,105,3.7203404369616684,3302.44022243688,5.884209879058734
105,104,5.304087700611642,3463.896874583386,7.161155215058736
105,106,3.468510307007674,3646.557334224669,5.736307112578923
105,144,6.6442899489248175,3948.8203431399297,8.03082649523578
106,105,7.427300242750744,3502.092608743023,8.717571490600907
106,107,3.9132390945146693,3691.687879921466,6.911197541200847
107,73,4.149516954722474,27616.90716838868,51.634416623893244
107,106,3.1962200049621,3384.7416058159606,5.798790816361912
107,108,3.6555539675996886,3611.480993646716,4.071656954318805
107,146,3.895689795857349,23590.390880314928,36.722445767552465
108,107,3.1962200049621003,5860.60750879882,6.475520935506585
108,109,4.076767354543084,5119.878458906749,8.771996885545548
108,147,4.338397130119401,5842.489314445824,10.329287997168043
109,108,5.310872088397428,16894.58189928167,25.41510277804398
109,110,3.6260007612791734,10324.88601765448,14.75137373601995
110,75,3.2001104450891953,5506.355654739977,9.588818453620018
110,109,3.9299505134543757,6123.806340814393,13.608084576671516
110,111,3.2995051450433754,7890.647391050504,16.132254691457096
110,149,3.495841842777852,4744.973899531822,10.52186902479659
111,76,3.3961341904245566,10336.405142594667,20.71971602818018
111,110,3.7567320711262804,6140.25375735052,13.456968532621891
111,112,3.498341488021317,12671.985211322528,22.549015857136244
111,150,3.2087215535392657,3696.554059381345,6.361821883596518
112,77,3.620940502681856,12737.067217988231,23.486935999422325
112,111,3.634067638745313,12713.173412608949,23.348653423314673
112,113,4.522982044173094,3390.339274519899,6.922666087612673
112,151,3.539960547983533,14306.99247652172,25.51891152990162
113,78,4.0508371045185365,3529.8096505304593,6.580189992834655
113,112,5.0516935435707655,3473.5265008630704,7.734828682990749
113,114,3.784367498424276,10107.646119768033,15.013646212654605
113,152,3.3782266220142585,3559.437918031247,5.921887864806057
114,79,9.163742674468562,6333.260222158536,10.594914691039602
114,153,7.024022271041008,12538.851421680722,18.40239461658609
115,116,3.284473124831826,3443.5029122792675,5.514559136763421
115,154,5.040976787322474,5459.231921553865,9.175964770656991
116,81,3.7860744671731177,6177.869276166639,8.2124473526661
116,115,3.2850861504083966,4142.331246310231,5.61817489443229
116,117,3.5999013043269965,3064.961345880285,5.851772763896811
116,155,4.265532382868468,3000.6124415314225,5.29126773715331
117,82,4.834627116241734,4873.673192411401,11.538232512220484
117,116,4.266661209891226,3996.351865487392,7.216085794404198
117,118,9.555601427119239,4417.332476582479,14.849048705459982
117,156,3.706285087359233,3634.099859548364,8.48915306216492
118,83,7.183686322499908,23731.13610164454,51.36973312378427
118,117,3.5831649510731163,8757.553935582844,17.29905808233982
118,119,7.899326021304771,3526.3995411832234,9.557197827181842
118,157,3.805901582314538,5042.509805055066,9.958531943703642
119,118,3.456216285576662,3391.3412165567765,6.2243095645791655
119,120,5.566532206967187,18577.516278010426,29.192602309731797
120,85,3.4438924112798057,9503.354885119606,13.673094557107554
120,119,3.5969323370677677,4229.7204567629315,6.367673673664057
120,121,4.991952164032314,9674.019696922089,14.769435226086408
120,159,4.281990190954544,3270.0501788627175,5.425158251829245
121,120,3.598667825825702,3450.6228976686134,4.892426138043183
121,122,6.6173699025331665,6900.11794794443,11.783292927495046
122,121,3.965000035071486,5821.722432056457,7.9753461704528865
122,123,11.961153367967166,4035.234814909996,8.951247614107299
122,161,5.93928443872294,5662.923396877185,12.368154313081812
123,86,3.9103436609788558,9438.090907685086,14.513356896752189
123,122,3.1962200049621,4826.34290373204,5.2681024473122395
123,162,5.005796433518165,9841.772576272811,16.448949049579987
124,125,5.59737311369338,5084.933972953859,10.90952779710062
124,164,3.362252137648649,6847.849104710133,12.538136987404387
125,89,3.563772967049045,4898.704285046917,11.023586269514489
125,124,28.158593856437623,5589.104084926785,25.637001016716773
125,126,4.204339851439357,4435.875523149687,8.363512751133587
125,165,35.438905781360354,3856.826246615899,24.81729113039342
126,90,4.41287405395585,3659.3196471117753,6.737255075098242
126,125,100.01110783936696,4623.838433004797,39.16293025559953
126,127,3.1962200049621003,29197.97540662501,32.95341675993308
127,126,4.64437530433184,25347.75593437836,50.26047509475149
127,128,3.1962200049621,5143.23557339186,6.026117469445954
128,92,10.673123931526728,5401.019628163936,13.286310457751387
128,127,6.471266283302991,6678.255253545118,11.22922818800198
128,129,8.600747360527036,4138.176668622305,8.627377162122356
128,168,6.059711697757391,6331.415199934443,13.391624669773936
129,128,4.375042552079211,4448.804484092057,7.0284832714186605
129,130,3.256179329331949,4504.82704422366,8.549446049581919
130,94,4.20218274518333,3014.73862096821,6.216930779923468
130,129,3.207047495354427,4505.061137269135,8.343342821589573
130,131,4.640695053230327,3983.5747476266665,7.345482018332549
130,170,3.2413301153245264,3558.216764058214,6.485652430155044
131,95,3.8953603060170905,3276.774227901802,4.080923258025489
131,130,3.8240502698673304,3983.5747476266665,7.160281839473976
131,132,3.802537352096757,3914.708169192733,5.768998384453494
131,171,3.8823224528881863,3201.9419609879465,4.719742360627999
132,131,4.797826075251459,3914.7081691927337,6.403782374869994
132,133,4.216771985694552,6779.656515688066,12.670959963809716
133,96,4.481207489450484,3900.996114793175,8.857385891954776
133,132,5.912397274722159,7104.266345446552,15.536864385438792
133,134,3.2422439780058587,3536.6920636820423,5.347020784057587
133,172,3.5100412841569493,4501.00483819248,7.90841016736495
134,97,3.302337868596909,7506.675816624805,12.242981074303456
134,133,3.1962200049621003,3255.4655848572947,5.22132337309983
134,135,3.6700285627922007,16988.450316687875,25.15025069077552
134,173,3.5007510323218822,12950.884964079702,19.33024215468875
135,134,4.391311545918149,16919.508834128803,27.144330661130876
135,136,5.956839384232411,6563.776624286556,11.4155224367192
136,135,3.410561259048957,6563.776624286556,9.029424785738112
136,137,3.6807041424580005,4506.72139560751,6.204806511568814
136,175,3.2237022562702884,4431.837368287525,6.196324222017309
137,100,3.6914087105648616,35000.21633341435,53.28554520763281
137,136,7.96850293568071,4506.72139560751,10.896206855545715
137,176,4.772863604470881,3032.998016639718,6.432345679932615
142,143,4.132941578681197,3474.896207666491,4.998296648473003
143,142,4.733863096352639,3481.502750096194,4.904556066673322
144,105,3.491286878010326,3865.681994254157,4.670871838022992
144,145,3.327832625919348,9324.12348900805,11.576717382016248
145,144,4.625757287598323,9389.089897314618,15.994201356676124
145,185,3.956132843412587,5516.423215717292,10.038400801880536
146,107,3.757536573080847,12409.15122987688,20.347046770612877
146,186,3.9945805679769233,5635.873626740956,9.115660809402732
147,108,5.023640469787567,11036.522474494695,16.94958788813945
147,187,6.406744551646907,4475.65612790352,11.18387013842696
148,149,3.4925353864669435,3957.7646513296777,5.6124510589161645
148,188,3.67280674103942,4459.314887352683,6.925610734317157
149,110,3.9839654001490508,3672.892957059061,8.657433893797256
149,148,3.7130191258904826,3988.0122823456063,5.691249158701474
149,150,3.3758883023233244,6494.706930267738,13.07985056855682
149,189,10.489690595172638,4202.168842455334,12.959138604525773
150,111,3.1962200049621,3657.504868315561,6.189150516240167
150,149,3.6688573615207476,6149.771985937527,13.646076566024735
150,151,3.1962200049620995,8836.406047543456,15.184947023968672
150,190,3.948881728953824,7879.914727670681,16.86637282929252
151,112,3.6087496400433974,13194.327084577935,24.473626327154005
151,150,3.846076815727989,14282.065705771958,25.00201391104394
151,152,3.54484996972129,6952.354645089661,12.910214030998947
151,191,3.3915468633646912,5278.900884592285,8.63454282574699
152,113,3.1962200049620995,3526.0791339878033,5.807030627874633
152,151,3.2454086781891553,14878.970363143942,25.24994256234718
152,192,3.7437695897615746,11987.218122104336,20.16558464764738
153,114,5.992059248798411,12538.85142168072,17.04042278939539
153,152,3.5109749080451156,20195.20516760319,26.756023806993497
153,154,5.166567655398184,11221.808585115885,19.85553989966836
154,115,3.1962200049620995,5188.944760767432,7.00273321646737
154,153,4.338418617038495,12449.679888211173,20.28066847664634
154,155,3.425127917290052,3309.287565112873,6.2888466089620305
154,195,3.6813171163266403,4223.569001072596,7.444390273561101
155,116,4.4066993643779755,3016.2869453769144,4.531205496168409
155,154,5.913954421140627,3334.9486047381174,7.170985153194064
155,156,8.15591797589521,3224.0095121936156,9.70726051053441
155,196,6.081411669174493,5931.097000193401,14.996102257113025
156,117,3.816617358753431,3645.935418163244,8.281229773119303
156,155,3.9711541134721626,3201.043738839353,6.400424207436393
156,157,4.285039307748849,3374.0577267535955,7.889592513412708
156,197,3.4578025604894793,3980.231448618577,8.641492437730149
157,118,9.250907388469066,5202.32076552723,15.823533662450808
157,156,4.540512442156021,3329.8830093897523,8.261957050708473
157,158,5.369323802497229,3675.003334413579,7.867388493499482
157,198,9.64201928722666,5439.379108953851,15.588417617356226
158,157,3.3732114927705816,3360.4500165060563,5.896696804820034
158,159,4.2986841387250125,8925.36202177927,17.116120103744542
158,199,5.507577968909159,3326.688299752219,8.572349342891867
159,120,3.1962200049620995,3172.605217970754,4.3134351574951335
159,158,4.720400765805428,21771.9628612291,31.08347818655878
159,160,5.213869276761522,10508.129133940336,17.51405949180726
159,200,5.891390865988175,3996.839635093985,8.550443247010788
160,159,3.1962200049621003,4303.75430944038,6.601052722734799
160,161,4.68627118544045,9246.51845748104,19.72652986862507
160,201,6.679988512707052,3693.8945972064153,7.475672862817395
161,122,3.8152025825234657,4740.523484717313,7.069665299269796
161,160,4.298802594885269,3516.5652959816143,5.867708822081492
161,162,3.993371284340402,3041.837813769819,4.051455443766211
161,202,8.771665990846767,5589.9131225820565,15.05911242669538
162,123,3.916380439750409,6006.852398326233,9.796743381279525
162,161,4.08324088949413,3217.7588971995333,4.835971494711956
162,163,3.90461787414447,4316.385392666184,8.174749847935278
162,203,3.508950428773059,7096.182628228549,15.19025250188669
163,162,3.392071345606712,4306.769320924893,7.526471910115719
163,164,3.4238992686475336,10475.787815605516,18.943413074521295
163,204,3.507095260148456,5613.632329674178,10.581809125325844
164,124,3.4448660640241955,6660.163031811327,11.576045663515286
164,163,4.315052775824757,7105.4071947702705,10.186288048519966
164,165,3.29129194601624,5319.5277803058125,9.487911710257253
164,205,19.18977946176042,3686.3298637669222,16.626976044511952
165,125,9.02559254742689,3360.49745676285,10.698985092019448
165,164,3.7075001726389694,5514.399595951314,10.431583685827771
165,166,3.9795188796422782,4245.929506321419,8.371976617379733
165,206,7.392786520445789,10170.289596851406,29.682963376461466
166,165,5.842239996294283,4042.908081185048,9.951320702716616
166,167,4.035422585831082,3984.279134517019,7.140243044322029
167,166,8.424929742185101,3984.279134517019,10.68012450153618
167,168,3.480408836861322,5406.617751317616,8.833942377717909
168,128,3.34904802262904,4324.41459110045,6.419437893657264
168,167,4.835228375305793,5424.968434454901,10.82250538126472
168,169,9.426619187097202,5292.905705599222,14.778351696181174
168,209,5.607873325581188,3806.127164969874,9.31950760287174
169,168,3.3674994843182393,5274.555022461937,9.195552773093883
169,210,3.6027426362198343,4623.6551149338775,7.00541383418377
170,130,3.1962200049621003,3550.7565590831,6.239614132004208
170,211,4.475264176165538,5113.912065674405,8.118374471718589
171,131,3.4621383666736154,3201.941960987947,4.229762041887835
171,212,6.077103822661087,3155.657197941551,5.956134373714211
172,133,3.3496434941215716,4501.004838192479,7.801715544706539
172,173,4.854374213537678,7977.831912198518,12.63686313734216
172,214,5.558193235519774,3958.245889469431,8.279880142883568
173,134,3.8440337850326163,12608.732910730972,19.1083854086775
173,172,4.24666222521722,7668.106858995066,12.019648329194409
175,136,7.98249640844469,4722.608070310455,10.928340524313246
175,174,4.604507899067659,4112.650137822354,7.139377992312379
176,137,6.021478825374838,3295.157558141161,6.884965405675475
176,218,3.1962200049620995,4474.091644498387,5.861372405696816
183,184,3.4615420861471993,15420.95905753475,18.10628004798317
184,183,3.890957748002478,15462.284327430008,22.338624981488724
184,185,3.7659099720888483,7728.022911867365,13.898845565463516
184,227,3.9709415512462645,13770.736683850046,24.086308832429815
185,145,3.901594483375281,25534.221514949364,41.672826822686375
185,184,3.8369969653394724,28234.885974973415,44.384234605869466
185,186,3.785377510943091,4507.050111362344,6.704516655128919
185,228,4.858871467296456,4067.703849252679,7.771566078000845
186,146,3.7907427547978183,9289.290466820688,13.859317275795547
186,185,3.9669887013377414,5614.256984832255,8.12727253279737
186,187,3.5367937452743368,3629.725078701007,5.056211292598981
187,147,4.930342387514448,4320.154410585123,8.463947457729043
187,186,3.4177119667478455,3629.7250787010057,4.8714828935354415
187,188,4.161910339887389,3759.065162466696,8.141647659818698
187,230,3.717993351083531,4257.978480071441,8.168101772187335
188,148,3.3951394656326337,4473.423406129014,7.181202403199141
188,187,3.992721776490774,3814.737187602854,7.992364766526122
188,189,6.302257229107188,9610.2203070021,21.308022506337863
189,149,4.80747125555276,4491.643777221459,9.390235914552624
189,188,3.628677981666763,9618.777542944688,16.199152678311826
189,190,5.095334338788537,6886.859907031306,13.400621676248234
189,232,8.240819747529084,4450.059789842554,11.638541488873477
190,150,3.353627916789122,4135.733401104046,8.291110641541223
190,189,4.02002590859332,7906.8287044133085,11.28992461843864
190,191,5.609413921336909,5599.455721200818,7.99077666660542
190,233,4.513909279657723,4795.781014273566,7.083292447630508
191,151,4.006980111943325,7440.929029668725,11.909258452496877
191,190,3.361918837873027,6700.04269120064,8.868051983726502
191,192,3.804963031284708,8298.52753650581,7.657829650006371
192,152,3.6874399817272048,15963.122350388176,24.58763047167976
192,191,3.1962200049621,3195.95831031517,2.384340935141922
192,194,5.253594832715535,8104.715095477759,8.691658300952811
192,235,3.2040667587035867,3273.4306006135175,5.470618333070724
194,192,3.1962200049621,3844.487116487376,2.998759053268924
194,195,8.91586848567159,4215.607345989907,10.15269433522348
194,237,8.014935491587353,6296.529100309825,11.484672002545008
195,154,3.4111826488838997,4188.386038965244,7.284260152169853
195,194,3.6464800884651405,5933.9277975581135,9.14056043524888
195,196,6.525985031542809,11947.587897272328,23.235276248174824
195,238,5.642857012963123,6064.846969269175,10.871630962415622
196,155,3.455415165330801,6099.710743129492,11.691378456721724
196,195,3.6302671027871516,9497.682485198808,17.167810195728713
196,197,4.016590833895044,3544.8770855251673,7.541455016329832
196,239,3.7730196812821886,5526.4533881451225,10.030752263062585
197,156,3.3777903640567306,3962.994997366145,9.23572438212887
197,196,3.805548499590207,3350.738528787052,7.211544786177562
197,198,6.7045232234877625,9448.899953853248,22.22536956303888
197,240,4.044666189285565,5080.1044559962465,10.262856663827634
198,157,4.414859795915911,6844.346072325652,13.320363553166274
198,197,5.047854809751781,4707.930348926608,12.04017510080631
198,199,4.466611631851965,14187.45020256657,24.51195031114501
198,241,3.9751844282655004,5663.177500734606,9.639020967683267
199,158,4.028525671169647,3320.357781189992,7.237413017553386
199,198,5.997042094221303,11693.034802525224,28.03655534812302
199,200,8.671306947555726,3298.738847351592,7.784464796926745
199,242,5.010937923495189,3207.634416162871,6.680870520667399
200,159,3.751030465527679,4586.1420291254235,7.511548932004889
200,199,6.051192237437561,16270.423988829589,21.055691218802703
200,201,6.209267580076286,4652.650467506197,11.17067387115255
201,160,3.868873069841789,7817.772665212077,15.685075186861472
201,200,4.202883181441198,21159.37547750026,36.4784536272035
201,202,12.100999046891875,3255.1214474858807,13.884073940559396
201,244,4.196548474826246,19474.51128384878,39.9302156807436
202,161,3.4569960921227776,5583.697612546347,9.951527823364769
202,201,7.570658164138051,3252.2351599512067,10.555437753031857
202,203,29.489703219593093,3190.6556301885,13.366012915583184
202,245,10.072764999185942,8022.678336980077,23.58105863917656
203,162,3.5763108909825454,7155.80652862575,14.655314561486474
203,202,4.742163726025615,3145.654308102724,5.322972790649651
203,204,3.7914312315393324,3477.041256782141,7.349293587349891
203,246,19.72377571391523,4202.734681920811,18.47294202484395
204,163,3.845182840877966,5137.713462392519,9.57785924057556
204,203,3.746053305405325,3528.6512533168316,7.663425676855068
204,205,5.092396425832799,5757.776161735269,11.04076656852614
204,248,8.57006805379824,7864.700752411665,24.33777371204928
205,164,3.2507354036700096,3654.005267355926,6.775306270743746
205,204,3.652574892928181,5646.7871218907485,9.85785142504331
205,206,3.5763359839574074,3872.1383929194985,7.68135980448621
205,249,4.341401332562766,5342.281827976845,10.849010352644148
206,165,3.4688015283435223,13126.19678418709,26.250218390504816
206,205,4.326700297287994,6208.150510750531,13.283869381653114
206,207,4.32089492971977,6049.518560678833,12.853782641211644
206,250,4.109655941691423,3939.5117480076674,9.399123973430324
207,166,3.818528068732696,15446.98005717314,28.67831864165711
207,206,16.654891499082463,5999.330395835123,23.505041530384936
207,208,3.3630280139745485,4498.1903540457915,7.286926349468651
208,207,5.104984887894954,4453.815642529886,10.039887740416567
208,209,4.913161042911958,6297.322834866793,13.940650518890909
209,168,3.290148458157318,3695.148545139344,6.583136755335893
209,208,3.221980074439239,6081.139269619187,10.27878367044613
209,251,3.202217506254035,3567.3549477909073,5.721844418210783
210,169,3.574497374484825,6348.585431900428,9.711638397681972
210,211,4.25685170977546,3929.175620604184,6.669973437075425
211,170,4.557940961269718,5392.22491595144,9.596002600346376
211,210,3.7977971400011685,5161.429076845812,8.403421011109875
211,212,6.680811106730247,3827.2151156402374,6.89649954010994
211,253,3.5749643946970426,5942.891445245514,10.08909475369896
212,171,3.5518609593755097,3155.657197941551,4.717019759469706
212,211,4.469214106798223,3827.2151156402374,5.820655342243784
212,213,4.106536665623234,4226.872602126043,6.788633690677106
212,254,3.1962200049621003,3067.0583933396974,4.802332131116941
213,212,5.220216607479941,4226.872602126044,7.30224397879285
213,214,4.162754230211458,6031.237761546546,12.01858414988106
214,172,3.3393031234773862,3454.3243056309807,6.035702268828372
214,213,5.130083303403529,6346.149040904165,13.222956962863543
214,215,3.1962200049621003,4332.679372480027,7.902623865511712
214,256,4.581005048821906,4996.309174780887,10.830110047419163
215,214,3.9460020982653847,4449.80631139922,8.068684013612812
215,216,3.1962200049621003,3406.2840731384895,5.720134642741451
215,257,3.213569818707154,26501.422041453967,36.94900604432927
216,174,4.746282152467237,5024.826259084146,8.104899799447885
216,215,3.2093902295320413,3407.3028693775523,6.192350542887979
216,258,3.41815252810633,49186.216674255265,82.26862310838366
217,216,3.2618529615141085,15542.428234947773,24.941708732323775
218,176,3.503815906120377,4474.091644498387,5.831762605098611
218,217,9.01184596167121,4229.773146341348,8.209457678430493
218,259,3.1962200049620995,4568.034598892843,6.084676865502688
226,269,3.73694344926218,45472.01767003058,67.05275858374719
227,184,3.4617821238979176,19929.58500313162,24.403980866806627
227,226,3.9929343593471893,4916.777473922378,8.115235674860592
227,228,3.991494385552637,5914.134830585967,9.426740657695447
227,270,3.93254025775594,11357.995474524729,15.68360304566747
228,185,7.438429008305808,4067.7038492526817,9.93851898362992
228,227,3.995708619082819,5914.134830585968,9.079529918178125
229,228,3.548381484772824,12324.662631460613,16.223646031841614
229,230,3.5531143253934565,8952.011510328239,13.751567843876272
229,272,3.600044980761812,6959.549366876488,11.769711401943256
230,187,3.3963724710743115,8952.491712334446,12.39396297693824
230,229,5.512334137454336,4916.576925991271,9.560089521994476
231,232,6.651912663568466,15222.402017389197,37.854524987953006
231,274,3.338828835182389,7346.222715953858,12.688820301787468
232,189,4.423524235437416,4191.220481529378,7.577814611320814
232,231,4.630863952093683,14871.253159457628,32.93291357731651
232,275,6.493523200356893,4971.815602738778,12.821181614508207
233,190,3.3189094171320415,5419.255685993371,7.997686300898062
233,234,3.6824822513793443,8804.471127511719,12.649643262843236
234,233,3.5072149784454227,6038.59019778107,9.324581829535049
234,277,14.21735003335701,4780.07071122404,19.008636792175057
237,194,4.114143104766998,5419.70629781491,6.339576209941878
237,238,3.1962200049620995,3503.964678162212,2.834714849097521
238,195,5.984296989942973,6794.22320181521,11.584935292788275
238,237,5.736832612118134,8875.144956135127,12.916912960109808
238,279,6.979110016181435,3869.525131072246,4.220733430034269
239,196,3.5081612647084746,5401.378882731148,9.21884383377279
239,240,3.350537606584961,4313.075420626716,8.029172054357652
239,280,3.595954481838969,4810.214549573034,8.83065808341447
240,197,3.623320648896615,4338.459023495343,8.778035338533826
240,239,3.303924584795998,5130.763025665385,9.271158699843594
240,241,3.4953523323837103,5339.795032220944,9.230939305383234
241,198,5.4849695983307125,19829.818564274035,46.5367755004964
241,240,5.1244816628583125,18486.63022217358,35.212129600349535
241,242,5.006032959289735,5404.234228707952,13.575595481476928
241,282,19.725719441801658,4065.167260909737,12.031276674576263
242,199,4.350268876807593,3194.019585954669,5.792949290370333
242,241,3.379219126422662,4868.119847575245,11.131312394659547
243,244,4.063400008338062,24104.161370768183,38.59590661004639
243,284,6.417340002033392,5589.4121645411105,13.275140880155996
244,201,5.113275901924622,11844.34377535279,17.792502190992177
244,243,6.264947799513645,4979.095031758319,12.700606494427744
244,245,6.812396546842108,4054.502916011685,8.374571801846713
245,202,7.413288283843151,6038.00408081361,15.925146804459596
245,244,3.773969968370863,7075.045241994654,8.803958983531702
245,246,19.07921236037921,4297.59145773645,18.76435803877261
245,286,3.4240807639370847,5043.351892534226,11.573710431107171
246,203,3.6796411352982985,6047.6227751143015,11.898174624767927
246,245,4.178904602801577,4530.970224060137,9.422461207451374
246,248,4.606904246464824,4224.268141030285,8.974644512867595
246,287,3.7813824532847327,4039.2894462554896,8.077839149214174
248,204,3.3281465782408004,3441.557644903266,6.581445624706918
248,246,3.704037001789204,4221.236013454052,8.07928343084916
248,249,3.9645071212907226,12146.79721051895,25.136608919479507
248,288,3.8556648843549706,8921.142792964234,18.713046650674105
249,205,3.5213454432981766,4362.008751285643,8.84093016448368
249,248,3.4235156827756357,9498.320300201744,19.68373447181912
249,250,3.4624708129801363,4856.672552764907,10.52674624455964
249,289,3.3543085145340186,4577.575297879022,9.200742009804983
250,206,3.8600769562325903,23015.751878428327,47.6868885335152
250,249,3.9539323337014562,22812.646387721023,49.751113660889054
251,209,3.2015788112434063,3567.3549477909073,6.2188980532450095
253,211,3.4362059753100924,4101.5496473978865,6.3704574557235185
253,294,3.22913506269216,3338.08766645832,4.7916369582264355
254,212,4.615671062331714,3067.0583933396974,5.248571092610884
254,295,3.380965137265772,3057.6105395059885,4.618806285199195
256,214,4.0485813132897,5129.656926409088,9.93836488616542
256,257,3.215097287064858,31070.373910187933,45.09952587047928
256,297,3.571797493136138,35841.68135726055,59.29588571190392
257,215,3.4937223230853816,19548.17515268324,32.26773174946177
257,256,3.6663975074154975,24013.689235497648,41.43170025016841
257,298,3.6100666699760433,4831.552880624848,7.841863851439737
258,216,3.7453007804145444,5651.337120719147,7.756511115949244
258,299,3.9962312250218197,3430.979839265149,6.012154691412808
259,218,6.48202095667493,4738.353428426842,9.30350743951833
259,301,3.1962200049621003,6983.472323566759,11.490148743411956
260,261,3.323261267595003,4136.896148100621,6.3869666783343435
260,302,6.588879935506425,3738.546433443474,7.066124959753761
261,260,13.671389096909605,4395.043693357093,18.480102001784363
266,267,6.6496998872542346,3397.148603733853,5.206475350689159
266,306,7.539989568117406,8178.024176803338,12.822953783010112
267,266,7.569847460253251,3397.1486037338454,5.408397065214877
268,308,3.626783225257305,5802.925640673522,6.590840302699552
269,270,4.011110663698663,8078.644103764797,10.593435919796136
269,310,4.506085394306311,4825.759294371479,7.373529736235175
270,227,3.993973691492778,3623.314821529402,5.648210973009982
270,269,3.591568182056853,5402.7847988473895,8.061491083017511
271,272,6.507737232245211,4725.774461607232,8.878547900682998
272,229,4.234631846247082,7248.9710736137695,12.910676689972185
272,271,10.748248098104384,4465.923129360422,11.034511466611855
272,273,3.8996232508372004,3651.9531227718744,6.764509390563086
273,272,5.166353322466433,3927.133307299531,8.739657951520094
273,274,3.8174296207000076,3647.3137118290488,8.546054764506419
274,231,3.9892738152128455,6995.334287931402,13.771064171973755
274,273,3.4301013459948764,3647.638465553122,7.556653678485647
274,275,20.511131028440065,3853.009236464821,18.36687423803085
275,232,9.516054750300812,5075.91007681892,14.682504885787562
275,274,3.6102185085464096,3562.369792085826,7.872713473614866
275,276,8.01261858029577,20955.98558195827,54.39321751589991
275,314,3.5635162653638264,4483.1673250443755,8.247617487323131
276,275,4.407440332237002,22016.865989421407,42.86163640622034
276,277,4.0659125004106755,3905.252072414846,8.025159877436504
276,315,12.901652719236482,5549.506871276428,22.475257745070323
277,234,3.939990477690027,4729.018669271244,9.73284165735632
277,276,12.534045067884408,3915.338899842845,14.07501666011922
277,316,15.907347288132327,15614.988012928125,63.8299453738268
279,238,6.081366018117173,3909.777527344949,4.069676262717274
279,319,5.188053591099338,18445.25149928109,33.61618879716934
280,239,3.647433621288343,4738.287734198737,8.492862158610283
280,320,4.243697685843364,5377.788209747183,12.7786902994984
282,322,7.458579518869574,41763.21354314073,65.0515600334905
284,243,3.4002528191239736,19807.48652929977,39.00738846661411
284,285,3.671631205608431,19978.65648763652,39.35471266010077
284,324,3.2411607653912915,3960.468583467328,7.014133046875264
285,244,4.115003913950236,11105.586514889032,20.828671910697334
285,284,6.308612119462566,12331.982340362812,31.879702861201313
285,286,4.8170234902737405,3398.2243199667114,9.439867690660815
285,325,8.972250108154464,6826.528840477455,20.14695765909891
286,245,3.4775548615853107,7142.051302337761,10.740352573251563
286,285,3.567815145565581,3392.298562564936,8.200560387417257
286,287,4.077972783830232,3932.348147932151,8.458019608070972
286,326,3.389337859482646,5608.53342905583,9.776034325085854
287,246,8.888296866175388,11220.663528419256,28.56014160828684
287,286,3.4537303278145304,3923.549475329496,7.739646397887306
287,288,3.787114229312318,9615.45443763784,17.761688891129047
287,327,3.4440849480266134,5828.0694113209065,9.970304982247397
288,248,14.732778831305332,4856.183248721865,17.974938189990436
288,287,7.8683880112834945,9753.360508419668,27.35653693550931
288,289,20.635555121127066,3882.5027608444234,16.136952858480832
288,328,7.442805089285739,18046.68852468023,37.03583260017026
289,249,3.903352443315103,17141.041111288392,36.19050614529876
289,288,3.839606928214187,6578.638033601323,13.72627599850023
289,290,3.241981883169935,3855.241189496286,7.009996295712474
289,329,4.142470280578634,4055.151245707856,8.01708062797572
290,289,3.1962200049621003,3897.6121595820473,7.304551766963659
290,291,3.865713998721432,3938.468669144192,8.572561671973505
290,330,3.1962200049621,4291.107187040265,7.225550097390835
291,290,6.84692020983962,3947.878426090875,10.322865432326363
291,292,5.061152409951,15253.809762295845,30.65744812000953
292,291,10.98042744340337,15260.35450088513,45.77496337997817
292,332,3.912685198997047,3369.2439936038763,4.29662880261092
294,253,3.8005095621481972,3442.6490992096587,5.967280202896688
294,335,4.511373446189606,3318.6964517322317,4.766659756275476
295,254,3.1962200049621003,3044.0567820575025,4.007326410686392
295,296,3.6277598926853316,22960.749786408564,37.24515801683698
295,336,3.391750529547691,3538.9468159499174,5.282666121971943
296,295,3.3611062474949214,38248.05859836629,61.45103330721732
296,297,5.930726805663121,4051.8584963410367,7.529232340004113
297,256,3.519987942466885,25810.855056191816,43.81534816302351
297,296,4.297099588720454,4037.77004099,6.452508965207253
297,298,3.1962200049621,6572.696303768173,10.01631806464201
297,337,3.234328362544315,3605.875969189081,6.684228136280254
298,257,3.9620750447028494,6399.547241881023,9.303088229061308
298,297,3.732392032653167,6907.423519144912,11.351659199005915
298,299,4.035795790585636,5681.310732405454,10.538042863116468
299,258,4.036566111114402,3430.979839265149,6.253286735036081
299,298,3.247171846613631,5520.100574928481,9.637395718371518
299,300,3.5780108385471534,28712.044501511467,46.3007402518291
299,338,3.770723197395359,4104.801539336047,6.481430411853797
300,299,3.3935964021827556,68180.44490940703,113.98657051301926
300,301,3.2722320948313683,4853.951542482905,9.212058491420276
301,259,4.4147711400528715,7160.597867894422,13.60579948105668
301,300,6.4869801360535675,4951.137362092986,12.94669747421456
301,302,5.802106011686466,4771.568767748664,10.23111959483164
301,339,7.389865278390292,3128.7249804274725,6.806264958575183
302,260,3.1962200049620995,3786.811970960722,5.0691287870626764
302,301,3.1962200049621003,4784.01898312338,7.280417106225628
306,266,4.650917090641925,8178.024176803336,11.010558779670014
308,268,7.518364175601629,5802.925640673524,8.87651417375774
309,308,3.569098493293575,5813.748438785136,8.469037269412608
309,310,3.646407352879995,5256.5093082560215,8.105964167723828
310,269,3.1962200049620995,4812.264967618355,5.892543393922008
310,309,5.659378287082184,4828.761124305972,8.836369382269972
310,311,3.7499558051369677,7415.767829052171,9.150939832487529
311,310,8.631108217726899,7415.767829052171,13.45857216494442
313,314,3.5911465316195117,5304.239416542536,7.957955221044993
313,341,4.159137401466589,4687.778353420684,7.171720973250714
314,275,20.75542889220568,4752.827144402114,20.004414716237605
314,313,3.330210084890966,5450.020002021158,8.834523841602056
315,276,23.399583796109116,5548.7523168302205,29.02919288298451
315,316,18.76157997232421,12139.373141610282,53.21290165132661
315,343,43.24158211038204,5964.517764334462,39.26182940937131
316,277,6.040570682137899,44265.638094396745,74.90608713712031
316,315,7.538291971959541,49858.84415414707,99.67619469192002
316,344,10.428579253151973,5918.713576457317,20.72982827894232
317,278,7.891152949741753,5105.297040852739,15.608310521525318
318,319,5.032866375704406,22093.64951446091,36.58832215894406
318,346,4.636852004278858,23382.380681748597,45.76008282797066
319,279,4.356377568341943,18636.057864330403,30.71240823993598
319,318,4.482581058332234,27948.538366876823,39.50828265992206
319,320,5.621160670468616,4883.034359838356,13.995918575172889
320,280,3.6195339218121068,12292.784890934032,25.328249714773506
320,319,3.647673717102597,17614.992460249523,37.570648742753285
320,321,4.744141575698101,3860.1382021959153,8.108439293403816
320,348,5.903177899849924,25571.94761433858,68.93886723059671
322,282,5.997310926909364,13122.47477226181,28.99498749421626
322,321,5.97148395555938,11969.21357307352,19.80924446555646
322,323,3.975960249094043,4027.7165945582265,6.431010956517026
322,350,4.824705831241619,36082.331617144766,67.22147929902358
324,284,3.4711353859854928,14914.61288053601,29.5702501127672
324,323,6.382033118182411,19932.77097397374,35.587651418210086
324,325,3.7988196772048104,9447.076610985056,15.605055494497096
324,352,4.014345347706603,4146.666157891489,7.846601474215019
325,285,3.6540309827273734,8868.092170055937,19.324164621183552
325,324,3.7257035487976164,13495.526621571782,25.195739238794168
325,326,3.32257673385881,4595.630131356227,7.734836320315794
325,353,3.660834086212606,7075.767826300005,15.027610379384669
326,286,3.3003782112381947,5612.366123031083,9.554116736727902
326,325,4.997462734298404,20299.521185874153,25.38536464877116
326,327,5.785291943252057,3553.4244244477795,8.137455600377596
326,354,6.0254922457235285,41211.298583854456,82.56910959025686
327,287,5.254921196927463,4711.704836330386,9.478397278495216
327,326,3.2087080637229075,3555.3972077386966,6.517379495159804
327,328,5.098061142815892,16214.527855192724,24.90045695403377
328,288,4.144587733257003,14819.231364902123,22.473468640888143
328,327,4.0628030319033845,11031.84633858519,14.682084732006492
328,329,8.705595953439156,5276.246881056397,10.453858980531074
329,289,3.610214194213016,4359.783837742407,8.31021660351043
329,328,4.3345084073284434,18630.31847625805,30.191486502032035
329,330,3.436616920087886,8585.303838475946,16.00979127527898
329,357,3.793698342213352,16124.139395844311,23.938516027468157
330,290,3.1962200049621,4830.602517865093,8.513208578299434
330,329,3.595249471742618,5865.0465900064155,11.0249508570566
330,331,8.781801471978433,4236.288628811408,8.648905207793549
331,330,3.284656805098444,5612.956641100648,6.756444829563867
331,332,3.479454887205756,3659.400327945239,6.7259255011692005
331,359,3.985909646062935,29157.473288472833,50.00170438795867
332,292,9.097050661220633,3369.2439936038754,6.770580261420357
332,331,34.23086647374428,3798.588176243995,20.33388475102934
332,333,4.58630773743675,3455.5536700388357,7.461746897730645
333,332,6.110135138544815,3550.6397753337446,9.000518513537525
333,361,3.7598473038004347,4986.017705520442,11.396976480932818
335,294,3.2559154109692066,3318.6964517322317,4.112891158968298
335,363,6.020214367656682,3178.0341178176536,6.757180827515646
336,295,6.0626416894910475,3664.190146350147,8.369659311087753
336,364,3.4593748439222085,5446.584909087876,9.054233189866943
337,297,5.462783418272611,3951.161668735157,9.047057493558
337,1753,6.743931419830007,4866.3533492675215,11.392164962186053
337,366,3.1962200049621,10363.842495755169,16.640909433398864
338,299,4.529868171964507,4250.139942755644,8.22888155817352
338,368,3.5644316548801034,8573.420793729758,15.33045566983743
339,301,3.882209971746932,3112.180228767716,5.397578444791556
341,313,3.4811566377076995,4844.513530347445,7.617051966927384
341,342,4.046841566148328,5773.172044729515,13.148587377133838
341,377,3.860866815291178,8469.298297348825,13.34781903574151
342,341,4.014574050872119,6485.558276359262,13.72416428169542
342,343,4.173402047314382,3377.327548865417,7.080313734507375
342,378,5.198085276217758,5768.225996568699,11.597767473910237
343,315,6.238879934007441,56601.75181620483,105.03769333574594
343,342,3.3262749089456265,3368.199137183599,6.608383679575956
343,344,4.754886597465114,15153.040953901496,31.68586349944363
344,316,4.43552049961853,5898.623459600449,13.39409801321559
344,343,3.234452819629857,5350.324882946888,9.900098209089714
344,345,3.9369838030542543,8635.611767577397,14.096870493703046
345,344,5.033062964487645,6192.939453410656,13.049105946820886
345,346,4.449983038239075,19355.45410950414,40.46916304905364
345,381,6.53450557726503,7059.971626095944,10.096557798978068
346,318,4.922257719572057,25007.60157981936,49.6835801029179
346,345,5.0966692638249365,20803.687922564415,46.611800386035846
346,347,21.155301630346326,3683.4451562775057,16.331825545347172
346,382,5.790296591829912,14158.544039689064,39.829739926514584
347,346,6.918696371707019,3407.387084397114,8.812118591383314
347,348,21.65924687966698,3489.816421485244,18.537284608904255
347,383,10.125881174977064,8418.394669384248,22.15105123020676
348,320,8.091037400269556,14824.280676345685,33.85945141455496
348,347,6.2799958291210665,3484.230813012754,10.558279618423793
348,349,6.040774480905304,20025.754662947347,51.092378919503794
348,384,7.09780004663557,14645.656466906414,32.56170921129114
349,321,4.683690971893947,10804.122225816796,25.74180853401678
349,348,8.024385291549061,14002.639125591735,45.36163031374164
349,350,6.6534295063524,25875.67348174773,77.42096404732072
349,385,7.83810030557085,14629.68023297256,46.379376856773035
350,322,6.6983758031798715,33039.90408626909,56.05711845559632
350,349,7.3513854824233835,20371.059068490857,54.9714241371943
350,351,6.459955645506318,20280.18548421329,58.26048245942801
350,386,7.463040928733201,6546.364711393753,20.88756977879583
351,323,6.094007173949696,36516.75362002997,61.1397438128141
351,350,3.703534123282039,9125.703581562,20.654951575155724
351,352,5.5762101938063,22361.25237155851,46.559571105676085
351,387,4.893740350090227,11206.359940737268,28.76933885137753
352,324,3.4822500140746464,15424.898992877015,30.98463657838883
352,351,5.184862094374676,12759.5718256881,27.194140468488765
352,353,3.369778243608047,3623.0208564939458,8.039453268235782
352,388,6.572215011731036,17265.501053667824,35.49771321712887
353,325,4.4696403262132245,5589.500195402361,9.003713418082537
353,352,3.803811951339523,3617.76684034264,8.16364593234368
353,389,5.624563340096048,16114.85720135839,36.0088976372129
354,326,3.4185808748391846,18404.997085656163,37.082292346151526
354,390,6.053615311586637,27834.16888446673,59.647676874644205
355,327,5.351639605169771,25306.038087743756,48.038237838526825
355,354,10.323190824014523,13577.242700752218,41.51431809326652
355,391,9.335792675675867,6458.984098519301,18.570335050676935
356,357,4.1617248159793325,42603.900851915016,67.1378212482212
356,392,3.2477641739122878,8650.361465500913,14.13782713142126
357,329,6.57277187077193,9546.77552792402,19.004568114566787
357,356,11.32614088056119,32786.48534872932,81.09371773580345
357,358,4.906054984088577,3794.4991877086823,9.45023124426669
358,357,5.473586098464725,3393.4926633402915,8.743006769406284
358,359,3.752977208795712,3433.3961174294595,5.723210120323866
359,331,4.951845742536418,24789.691628721965,49.25696950135516
359,358,4.598271381213896,3463.3033947415274,6.5928865442993025
359,360,5.596060419279669,30481.210844977475,63.12508398960791
359,395,5.15544865802239,33107.59835291984,66.5947499644362
360,359,4.205972600062479,33777.75790258305,59.87955564847287
360,361,6.508617542725165,10464.003915428802,25.23009508705761
360,396,7.981891445170201,7841.620081615541,19.54746117560754
361,333,3.7501220626076206,4971.149386375513,10.182516881522572
361,360,5.15261105181727,21340.26524264353,50.19593527565395
361,362,3.6349779941577243,5471.9893680825735,8.91193757495675
361,397,3.759222102634296,4279.782669688144,8.642930261517513
362,361,4.456904700320166,5467.014094695809,10.727858826556483
362,363,3.799619826983661,11011.102733637488,21.81093764551743
363,335,3.979203254276272,3113.255153220844,5.062743104229539
363,362,3.981013938945144,6541.5415886369055,13.137414368359458
363,364,3.5822868607929634,9488.483921203764,19.832750311560016
363,399,3.634926565329192,4589.527087100964,9.632808820221864
364,336,4.342351380164757,5441.864663888369,9.94423233830686
364,363,4.290557014451917,9446.412942542886,21.499189774322584
364,365,4.139188851189467,7952.497899535781,15.341355678662069
364,400,4.328746804195963,4859.391775026297,10.770278710733702
365,364,3.619721394220429,29150.267634536063,55.83848349344214
365,366,5.190492603190866,6134.720986788439,13.212456689770953
365,401,5.1723216499617175,5051.9775196927985,9.76283354788036
366,337,3.2664791724749227,10443.487668974343,16.485986728179707
366,365,3.469609726136067,6123.708571481133,10.8078366834957
366,367,3.294243781478625,5838.588175199092,10.690436533009647
367,366,4.907160771821079,6120.198408778666,13.025334800636871
367,368,3.4947140585094663,5179.460086848337,9.23715652049902
367,403,4.9588948424890456,4905.232040870163,8.667256607328778
368,338,4.435816709757376,8974.271599549933,17.14098668190242
368,367,3.47465727275515,5179.460086848337,9.175063416944644
368,404,3.479108222763864,3629.794088714789,5.829914427469057
370,371,5.1485079439051935,81416.99072805066,123.84479874899006
370,679,4.013109204627462,5274.082771808896,5.946983366174415
371,370,8.294319094358169,2691.1292174929713,6.665707596090271
371,680,4.438494495043076,4018.3230501128546,6.003990073695763
374,375,4.074661614394831,81378.09382072135,98.42872582289752
375,376,5.150161137028274,6430.371518116297,12.161446993433298
375,405,7.570198484292292,3572.084818980198,8.17292568513077
376,375,3.87433956917186,6430.371518116291,10.102415606737068
376,377,3.5048823505867475,7050.948214595275,8.65957674113196
376,406,3.7609565925710005,6215.95682430072,9.626807100871352
377,341,3.761145777632971,8469.29829734883,13.67564945445014
377,376,3.8434726378036466,14406.55012670668,22.798880633267274
378,342,3.9028296669670492,4531.926530846607,7.633432299455449
378,379,5.083215861067034,33603.988300189,66.45863896413782
379,378,5.856538792028639,6392.656266813459,14.5623225558521
379,409,3.9939646815725434,4049.767761867504,7.994896386487893
381,345,3.1962200049620995,4997.387812425122,4.78507872710417
381,382,3.6233842208247653,10817.38518717944,18.36323215986549
381,411,22.926635935485113,5092.884176026333,11.448969091978787
382,346,3.8542906044582317,14164.030657361118,32.52157946915313
382,381,3.1962200049621003,7121.549292030465,12.23728949712932
382,383,4.743826820169807,13784.248398660073,28.16655498421339
382,412,3.6081972100560558,4930.62428032003,10.212356017030285
384,348,3.8150643665649806,7682.785882636933,14.704769978334893
384,383,7.290916124260459,3780.2679877762025,6.033603859075635
384,385,4.380253375341754,3894.327800860707,6.1625741886881755
384,414,7.1204178742975985,4589.066257928116,12.87805659600347
385,349,5.013237626425866,17793.826008064476,34.45903845127315
385,384,3.6747348157549866,3363.1059243020227,4.086532005899755
385,386,7.138985221945847,6444.49296097642,20.333092507512408
385,415,13.403232940593952,4218.704310232506,18.99647441914525
386,350,3.395251027789024,6131.097135530714,13.407757962077556
386,385,8.814198039005474,10071.356332102923,18.73561500001727
386,387,4.723841066342234,3311.13652740818,3.5049934351290113
386,416,52.057318974775306,4170.73989355213,18.06916630112944
387,351,6.91431701971523,14204.147499373894,39.26157972326335
387,386,23.134342045560988,3244.4162355687995,7.580865538669723
387,388,6.676318358567256,3722.6879459705806,5.454413879721096
387,417,13.395218236450454,6357.124769512617,25.7481748147176
388,352,6.162357855243812,10282.561650885307,28.153062977848133
388,387,11.126644810104116,6740.294560080068,11.605568331060688
388,389,8.879947007035158,3792.3490236199505,6.0385952748241145
388,418,11.905780244155366,5876.91654681591,17.38853763055069
389,353,5.30984734619166,13393.542067728691,33.10933590651568
389,388,10.360680707730864,8244.591509412294,13.547020914007764
389,390,6.201302608066609,10457.644541144378,25.489739727151807
389,419,9.101546724858892,6249.790447614725,16.080703584000744
390,354,7.697262535874685,23611.682489059793,66.62445137820559
390,389,6.452036887640123,10271.046863191952,25.333234463330356
390,391,17.94462687817382,14445.044409262538,44.69697887567218
390,420,319.082252461292,3152.6291518686157,26.742570104613264
391,390,19.255222640782655,17102.896156474468,46.345875842869354
391,392,4.657606206515847,9341.434739188271,18.481422621213603
391,421,6.0494634839495065,7766.392773556646,18.49286422848892
392,356,5.5139369701827645,8177.276869605616,17.79346483977045
392,391,8.162057825933633,8204.031502452832,24.100957489068566
393,357,4.101269643283426,39147.26013470627,67.87200880969256
393,392,6.035500678888207,47190.234990512174,93.0161342014436
393,423,5.701718152241513,29146.70345422981,55.53161289138783
394,358,4.248718755971967,38099.3929530954,69.49320028271313
395,359,4.104020521890394,39059.20049443722,69.13966411029965
395,396,3.768104991439857,8704.251049772,16.109052602983798
396,360,10.439365657905084,4428.995269331109,12.14337189840873
396,395,5.955000888562714,7055.382777273478,15.61303787323703
396,397,3.706125511319263,4453.964751144873,8.556471735846904
396,426,7.272488440756506,21864.86385534594,36.05965342981464
397,361,3.781935069950766,4865.683887446525,9.775458960974392
397,396,3.6673859787963,17312.03643727248,34.65601757986567
397,398,3.2509062919586325,4801.796005065672,9.550848108124354
397,427,3.8261527036742975,15309.236956029556,30.73954369067335
398,397,3.4538661890560505,4181.933770409441,8.541709942631096
398,399,3.3041353149536676,5245.3349983968865,10.684997833097457
398,428,3.5228519896368744,8483.159570486876,18.803722831692443
400,364,3.550317638060505,4861.517016488462,8.97799774537347
400,399,3.591084337083348,4272.611119580639,6.500249511098231
400,401,3.1962200049621003,7287.983129250708,10.464871319105544
400,430,3.1962200049621,9622.598500942146,13.996810157455128
401,365,3.1962200049621,5041.159722162063,6.441167607602517
401,400,3.2681620130411306,25748.98217546844,46.218960151273414
402,403,5.565583690875728,4862.7056987122705,8.591389300744353
402,432,4.281474498911862,16465.22616427047,24.661584561667787
403,367,4.911657256274689,6819.361587607142,12.258293565339777
403,402,5.513890913327715,6776.835245449251,11.783284158309687
403,404,4.43572276819696,3684.1421994476927,4.633054838736292
404,368,3.7529106045737906,3647.699198223593,6.337897078900666
404,403,7.017300780781804,3684.142199447692,5.777256650671077
406,376,3.1962200049620995,19021.14745290244,16.56770552380143
406,405,4.188768027651263,77986.72325440869,97.9903388973901
406,407,3.2622510021319986,12253.766586884753,12.878223618158728
407,406,3.6677244137014116,4442.855872483918,8.637581399698032
407,408,3.464085628163258,8739.674175335753,11.850987653251003
407,433,3.458087961961533,3494.5451859345544,6.032818686916168
408,407,3.6524149786409486,3342.965712471823,5.007945665551656
408,409,3.9135456475156807,3623.313267718293,3.4472665496756196
408,434,3.707528031454558,8755.754378787784,15.45324671661403
409,379,4.962989705590274,3264.240968227742,7.76142221376492
409,408,3.2501991073338092,3563.5323890292634,3.54825377612336
409,410,6.53617166386722,4040.092259539937,5.705571601875876
410,409,3.1962200049620995,3348.775786836471,2.792755894350788
410,411,4.4087853211280015,6704.23804874706,13.82414503674671
411,381,6.120988942369109,13510.45903257,19.88955025848879
411,410,9.066036908044946,4536.140977739857,7.013436987455253
411,412,5.4791125007310635,15638.843676783616,27.18393579367293
411,437,9.994167250101949,12396.264392714244,28.57199583548651
412,382,3.4181948785239666,4638.801607255402,9.216299627755436
412,411,6.962931264698179,11379.441853731969,22.66225045215132
412,413,4.301369194720012,2953.1332650249697,7.630719334693403
412,438,10.031349200065257,13494.415961483695,38.24268848808693
413,383,14.777425903788107,6892.326478473886,15.6912487710466
413,412,3.334741509693498,3015.664026447891,7.252030363318703
413,414,6.522462149530871,7428.019953542359,17.287890594096663
413,439,42.061711788648374,8898.342090930008,27.914584160376208
414,384,3.9232088097336355,9846.4092177908,15.917465181968817
414,413,5.419951904478634,11298.655708405677,27.21654161320046
414,415,7.131511789900209,11940.884847415298,32.316133751715554
414,440,7.638521266953336,13661.133516619962,40.25971457188678
415,385,3.41573336888428,4241.197048432072,10.168935659021876
415,414,8.284418036388699,10757.411388422504,23.050668709281055
415,416,13.118522232450221,2999.7006622951462,7.448952339255607
415,441,10.475441778041288,11138.51521120634,34.25422592383109
416,386,7.08613781283091,4035.44041249244,5.925693528224286
416,415,4.744833031691128,3063.7786522302545,4.382365317662535
416,417,12.262511867634025,2975.4224239223363,10.46423563374164
416,442,20.57018155754799,5144.402213016968,19.919755243502554
417,387,6.453735009386956,4136.125086484411,10.55101436836198
417,416,16.27995947123538,2957.415672121909,11.810437001615677
417,418,3.7946533517745777,4991.40125263784,10.630298351899322
417,443,28.981771167843256,3834.2585772638904,25.232595675659898
418,388,5.39129036568105,9928.44632479603,16.154672888193456
418,417,6.6442363050525355,5352.349601138318,14.400167165331377
418,419,3.7657538871633247,4387.425823744492,10.41456974674684
418,444,8.314641605185026,6730.126742511551,24.744784450672952
419,389,4.896266713717971,5638.319440780407,10.411250732813834
419,418,7.291550182930353,4176.667524722399,13.487407277100814
419,420,6.8380218399837815,6574.1136687248945,17.620247077383404
419,445,15.915301376561095,5062.425010759519,19.267429615671084
420,390,10.273843112337728,3117.224651959179,5.76769403818858
420,419,7.085424095074417,6667.928835566762,18.93037182975944
420,421,6.3341486111639655,8620.32905612488,14.844155699995152
420,446,25.046706878999984,3210.649925022033,10.382479911700184
421,391,3.1962200049621,3374.918395105814,6.206589542466833
421,420,11.754939602058307,13146.420496760027,30.125155070673
421,422,7.538346304826013,6992.435140228681,12.684620619679716
421,447,10.57875204490407,8031.506349497579,19.79648100984203
422,421,25.75244111184052,4063.512626606344,10.36149828318312
422,423,3.1962200049621003,4059.826910039261,3.1821360513006995
422,448,13.056749816958654,12334.72007143733,29.392140520577552
423,422,23.884156285699323,4102.186965885101,8.948198346668383
423,449,50.83849629167287,5174.258088180243,20.587971774585174
425,426,3.7045202992123833,4316.701255926886,3.7099768679125207
425,451,6.323076666507486,13205.061022968795,19.249047723370715
426,396,3.7141320031372995,6436.347664571314,10.201001235926013
426,425,3.246195423981033,14548.494872475496,11.139027067055306
426,427,3.1962200049621003,3906.7264363835966,3.060696354624987
426,452,5.413923763924404,7063.250484447345,11.852870736063712
427,397,5.338606087996869,10647.925323506994,24.212945798836465
427,426,3.420352939912088,31688.23736639667,26.72847024892315
427,428,3.2662231186389183,12712.631156418429,17.32481540450425
427,453,7.769073415526753,4956.949692920292,14.608915870154048
428,398,4.445754413535677,14020.881841019538,32.163809707989884
428,427,3.980953604880263,5842.919934034316,11.628493677954827
428,429,3.4880269844756358,4364.462479085821,8.97660570679528
428,454,8.845721809998382,3191.2447458033766,11.274137313192831
429,399,3.3425868940656467,5785.189160499049,11.678946221192598
429,428,3.6335526547777266,4073.8524912364264,9.249312029056508
429,455,3.384993670488301,4513.9083082853185,8.229596449464944
430,400,3.678844975886651,21039.053562058332,40.93430143503995
430,456,5.1067251940919265,4335.313944352665,9.940000786887516
431,432,3.7495931754446663,5415.216874754116,9.750143758844656
431,457,5.86571075556476,4869.683210629166,9.463496465675034
432,402,4.422133822068762,16465.41009345511,24.522118542765405
432,431,15.385418206274021,5022.028128674656,16.96882904620484
433,407,3.368551725007342,3424.102189335931,6.438764061871243
433,434,4.316001701736511,4059.552663278568,8.32099293203392
433,459,4.279248515693277,3572.139335812375,6.8072693066944705
434,408,3.4000753599635427,12709.260603407747,19.524763608827264
434,433,3.335781583013108,4010.4223218281927,6.985564721508206
434,435,3.481646387170539,3881.5687228340976,5.2185709718444295
434,460,4.557457323485947,11670.740003797662,19.858039754507008
435,434,4.558507292806755,3766.345801540772,5.579012805080216
435,436,15.8436796190508,4365.746937449551,17.669909470455117
435,461,5.546394454521787,10933.901214525762,28.928176930845027
436,435,3.577510136047619,3682.786173143333,6.503290552548956
436,437,5.6788501572144385,8079.124322573774,22.783181938901528
436,462,3.9199922450505675,5215.781673111129,12.558907391919613
437,411,3.6517646516185813,6051.973632497842,13.147094551412827
437,436,3.635967638060206,7130.5860069459495,16.307603196918993
437,438,6.505344813823375,3788.01147295271,10.797720414145047
437,463,5.33287116535916,9317.895806895276,19.19486246241665
438,412,4.966334473240935,20929.02362625004,36.1534325995924
438,437,3.2878529480226617,3697.115873879999,6.824962378804303
438,439,9.178217654295887,6301.996748849688,22.671836034721295
438,465,5.908609881246878,6994.930688142313,18.44882411537911
439,413,7.834494030022971,3456.0998366438316,5.1850115858795505
439,438,3.369705803101359,4059.216616848438,7.814384714709638
439,440,10.139006715793702,10274.027202452413,18.115891320399506
439,466,6.255950387157823,9873.333319450012,26.95824690513138
440,414,4.13780301439951,7166.099610670495,13.760542760061352
440,439,9.294265077221517,6817.6766641680615,15.916852834169202
440,441,7.796882234109824,4318.033281771668,13.774040464661098
440,467,8.829879162496036,4292.128301937477,10.95975349449424
441,415,8.181122186970741,9344.265912533345,23.970304676727594
441,440,7.569498973504059,7616.166412757832,18.496400637017228
441,442,12.555052451176802,13227.77832121338,36.46117323170049
441,468,7.1842074978719355,11413.490929074778,28.56238575937583
442,416,9.997789529537496,4444.439393241795,10.116858683011367
442,441,4.2107803071204515,6576.028300444558,16.22563634342459
442,443,6.586053728033415,5211.305497820693,15.855313773767271
442,469,9.773039823846448,6949.443455329545,16.366828040196104
443,417,4.120241629802431,4166.89601727283,8.344019542638616
443,442,7.711283946100082,3700.198674726305,9.396214554683096
443,444,8.637602405978065,6844.554270797009,23.40344299245621
443,470,6.5483359736029385,5384.751615892239,16.65606137576544
444,418,3.9374284824922245,4337.693529435247,10.951024134421584
444,443,4.698772558535631,5604.06535801874,14.790098793130523
444,445,5.846456176186685,3784.5478447917776,9.268592079864815
444,471,4.219491969863565,3049.3374887075497,7.684826281654599
445,419,5.4305410468309825,4443.819136683023,10.74497381061223
445,444,5.231615719614927,6281.283762512528,16.852071792340315
445,446,3.959325654778679,3469.9963150170393,6.6649347836315025
445,472,5.443878811861793,7213.608055934923,19.928911210281985
446,420,3.1962200049621,3179.5042505147067,3.5495346721204135
446,445,26.04117590953254,3482.5353683455414,19.227814079722023
446,447,4.1531927996492195,5856.222297357695,6.9922256435171715
446,473,77.70766904331474,3343.45506560983,15.85589748009204
447,421,3.690074467505247,6831.555873830246,11.035083103227011
447,446,18.180330897871272,3551.0372835664257,15.216269256778562
447,448,7.824469451638111,5221.72603753476,10.40633985122408
447,474,5.544460162689054,6810.220709217241,18.4180969437135
448,447,13.030723633621903,3863.742166314128,10.086328962443268
448,449,14.158950600785838,5196.979951747566,12.015360794775289
448,476,6.697769612865438,12378.481736380538,32.325799842595956
449,423,10.703101996349506,13553.371603930613,29.12330895554888
449,448,11.615099632502007,3320.1212111681757,9.011173242334632
449,450,9.099460006820834,13130.274187103914,25.88382090890205
449,477,13.642595017105418,14071.129718191482,33.97999489197714
450,449,19.713195198132883,3570.6721943313873,8.956892070472849
450,451,6.318031854052095,11173.885498345337,13.41127059867274
451,425,9.404803290209209,15177.64604028524,23.703319295528853
451,450,27.566268651561753,3097.415435086627,7.859743900920044
451,452,6.5905833878797235,18265.881743927497,26.680736182592305
451,479,6.727201607836488,31283.650140195787,65.42516702430976
452,426,7.8641177077359625,21106.40013510749,34.142179968461726
452,451,18.498079230208237,3665.260474646937,7.795607474033353
452,453,5.6847834875118535,22460.789457108272,36.02896412450129
453,427,3.4806382175496577,6459.364292526851,11.66288874739261
453,452,5.83529427163856,4004.805420924537,7.19295053725445
453,454,5.031235636811711,3521.975099030422,8.08996175427763
453,481,4.565120162333825,5087.3512490289995,10.698515312389311
454,428,3.822977067389729,3410.093437089497,8.21146508997026
454,453,3.9212292230130528,3498.14688150511,7.057410791814119
454,455,3.7329077967295925,4092.8118510823424,7.803125949782029
454,482,6.876055868791277,4678.630507373606,11.199774172454823
455,429,3.5050479760033313,4500.5846968048445,8.24224913020223
455,454,4.557908320523776,3775.624247828245,7.725661381452284
455,456,3.846492144979688,3028.978742596664,6.6475435173190744
455,483,6.488140376081909,5993.1826547570345,15.6797736284562
456,430,3.3347035686015327,4318.397990181284,8.326064717119722
456,455,3.3093008092442138,3037.398959897084,5.5531201302266195
456,457,4.5949292943701385,7184.383940752608,15.55113505566773
456,484,4.567269670986084,4221.524450052119,10.630915234122698
457,431,4.675548861185759,4476.494464549705,8.032088758348404
457,456,4.805549157547174,16283.720681348392,36.05290766854671
457,458,6.964189402395643,2811.739173038779,6.069088120082721
457,485,5.8761386726578415,5941.711425689564,12.09247170643934
458,457,6.231245587633188,5764.8001899523115,11.959335985222072
458,487,6.735809265794673,6766.517053380112,11.363566586821324
459,433,3.7385717959516644,3579.508260052952,6.3544285222823715
459,460,5.072920963975221,5721.208412039496,9.172213773113514
459,491,4.413190554037327,4308.831429497159,9.504863404518291
460,434,3.7686313114293504,11728.439692055152,18.46839447723667
460,459,5.512204309129843,5817.922807016668,10.047660585450728
460,461,9.913805241080203,14082.89270695399,23.834022876478773
460,492,4.0442896850744665,12590.129502928388,21.633783136686713
461,435,3.621576750517623,18669.760601324764,27.44929648718821
461,460,4.507752782671359,4410.423265297284,6.655953643317313
461,462,7.614346306576441,8076.302903091033,23.570590438256183
462,436,5.648116378644739,6727.158226598957,18.631003671815726
462,461,3.7670663259510975,4945.675343770143,11.016562432843225
462,463,3.9376644899860067,3790.822378710012,8.876148382368953
462,493,4.965600374170438,13086.293700375756,27.034593877342267
463,437,3.7826619755071147,13750.393534992496,27.285084959756063
463,462,3.3659745531402874,3703.8135471725977,7.851691481327057
463,465,3.5747715722217808,10807.026106826905,20.8324141581646
463,494,3.3221555410167976,6988.621316120909,11.74649440154516
464,495,3.6210817793284966,3626.322094000908,4.492824559135247
465,438,3.49594475850846,6404.619688351562,13.653216483721
465,463,3.937061719507637,6986.719285440325,14.429173945974044
465,466,10.095378403348237,3288.294367965065,13.587939554028774
465,496,3.9941388243348155,4735.5942092103805,8.928254270386129
466,439,7.309827184008528,5735.535487174953,17.880565072111654
466,465,3.4701458474974403,3277.9539780203313,8.045933144355509
466,467,8.761626451454335,16394.83771822432,41.95942156622453
466,497,9.006455398829619,19670.05619988715,44.1479048260204
467,440,8.286453866894194,6575.47459689682,13.891759168105724
467,466,4.696084745780147,8657.390886719013,15.842026192455688
467,468,4.2082876224530255,7423.709848744812,12.032590225389107
467,498,3.7215537974996136,3472.8922568044313,3.4312652756960027
468,441,4.050405630998169,10511.868596995811,25.43768342011211
468,467,7.603225670853185,7838.455674755598,20.325865010964904
468,469,4.690155142365301,5468.558124501911,11.53030305747177
468,499,3.9395019448729216,9015.97765369513,14.305397303637807
469,442,7.195921023923029,3782.4843496258154,9.23563505488455
469,468,3.2828241310196726,3358.770825975762,6.948015668080139
469,470,6.770020085352095,4891.245095116192,14.203048414367965
469,500,12.792298797040438,5805.378877278814,12.706709265490847
470,443,9.67415718852591,5494.565434748874,20.0499061937512
470,469,4.835005651408976,5991.959934764149,14.42565660910552
470,471,4.202204862820335,3617.569348005574,9.288217472861689
470,501,5.58752222906533,11798.585598787724,29.322182163952185
471,444,7.030005834138794,3051.215640024303,9.39890649701345
471,470,8.6588674074349,3557.4904940698793,13.47234790631567
471,472,4.20844895417596,3883.942048352896,9.22460665247418
471,502,3.8890700549899413,5627.259165385132,11.51563464508527
472,445,13.398362983431392,3273.6583125430175,7.401965259312378
472,471,6.0584465214594365,11482.58295630436,28.77515136905731
472,473,3.7348057624271815,10220.572435709855,21.109359601747897
472,503,10.423089095985459,9229.923844532914,17.482719860573976
473,446,3.742706784969171,3140.477871448176,6.176676951741125
473,472,7.199302941037721,15667.515740141278,38.07922654714355
473,474,6.31510410430113,11445.119215461687,22.22080089011266
473,504,15.131672065563798,5480.233698626608,13.769908018992352
474,447,3.821082461272937,3563.499785639562,7.102384414166979
474,473,4.855820633237571,13915.692044456058,33.169803018921584
474,476,4.247724680902149,8399.69434768951,18.59871713224808
474,505,8.622435880715807,4894.659483332318,10.996538879948751
476,448,7.387405234986424,12368.82289689877,27.000942685175936
476,474,4.481275529285699,9391.210017667245,22.004330863196905
476,477,3.986573286180816,6068.582252699834,11.82957114182014
476,506,4.270962065234676,3607.6344572783096,8.619892143087993
477,449,3.40063243512514,3311.7553720897617,5.186286975636719
477,476,13.72194505916487,6412.932395961132,21.49303553211612
477,478,4.101769884082227,14976.924841393537,28.43554899129491
477,507,16.159837772481616,3633.295006313449,8.18384040098562
478,477,4.316330376335348,12256.989886617876,25.062971545900137
478,479,4.100140270721657,10513.455132587918,22.951065488141403
478,508,4.33981032311049,21231.862747306415,45.34198303500371
479,451,4.283899824645082,11018.258274403624,25.829927153936207
479,478,3.9114833839073997,4467.1604139411575,9.005038634736339
479,480,3.605882807191666,11773.705891184318,24.428737249639543
479,509,14.545505384161114,4330.024097517707,13.365717711712216
480,479,4.734123189812488,5622.121325816452,14.78986801759904
480,481,4.872896742409037,3862.2201519031382,8.650738207232441
480,510,3.1962200049621,4277.648072441694,5.397845562014511
481,453,3.7275978679863258,5077.367037048191,9.866770554929214
481,480,30.38872157976228,3840.654512614876,20.06883982775798
481,482,4.459419298114158,3880.3138357787543,8.159077267235112
481,511,3.6117549656002064,3296.9266042277686,5.182615477469401
482,454,3.9856233197662054,22243.72567509379,47.38740962205841
482,481,117.55747568600275,3876.490576112842,44.60863038031133
482,483,5.793546827435084,13624.40126916624,35.672284454140204
482,512,3.7990417950188817,5546.648890501305,10.918641025197184
483,455,9.43799560078997,5799.5511315286085,18.50593238764216
483,482,3.575920137910303,13565.44205973692,27.389791352132832
483,484,4.40114417886912,6788.173906761523,15.06089126148747
483,513,3.67024232892013,7313.783545835923,15.052252920813777
484,456,3.757051416958859,4243.732954920022,9.408934442728208
484,483,5.9827235789445,8053.106328982216,19.132775944799217
484,514,3.8804404694857473,13139.05818799758,26.838622671337276
485,457,6.139645213186376,4556.048337787515,10.241544848991271
485,515,4.543383040937913,4504.802839126493,7.677818555090949
486,488,3.5576154028355624,3661.484930444236,3.8351557127653866
487,458,9.125807202930856,6766.517053380112,13.202126916686169
487,516,9.117140305660767,2583.460422187046,4.953870118073967
488,486,8.01561572619023,5170.188919796567,9.082185778852915
488,517,4.307375176535858,5637.866496556455,7.690265926428418
491,459,7.204930169551445,4554.572851578041,12.24779422284893
491,492,4.516488459497234,7082.869369567159,14.92977312779945
491,529,5.265229395912201,6064.225904697261,11.41114128011708
492,460,4.178968681652208,12580.812288811994,22.061107399754277
492,491,4.0001335353291925,7088.290851972376,14.646883867911797
493,462,6.105013875094486,8479.338484366477,20.580579618559625
493,494,7.492127958715155,5506.173503941104,13.403627414039484
494,463,4.316121400317227,6383.6928886760215,12.734568139888385
494,493,3.6294445437603313,6338.601190139265,10.934330140184102
494,496,3.850010537625846,5040.491832228298,8.78416300759323
494,530,3.9829742396077013,6144.612666436466,11.998243815319269
495,464,3.488420357965814,3393.5651311059364,4.0867608262416635
496,465,4.486956678915779,4728.3207009774715,9.85012034967655
496,494,3.70292079019286,13935.342486059968,24.209175151838224
496,497,10.611450734159103,15476.319688104431,37.12223876553665
496,531,3.7205427783907865,4376.978437585159,8.33334397493805
497,466,5.017722360587527,4267.229967063264,9.11995654726119
497,496,5.769859628672913,4651.722544939085,10.554816002980244
497,498,10.030459186045677,4353.935637661517,11.25643144780808
497,532,8.296999724146433,4032.167170818592,6.207736748001537
498,467,5.6452847942061055,11547.042216533318,21.854930390477765
498,497,5.848104426937682,9023.408162411431,12.5300953517023
498,499,4.414198619249831,12128.665820335971,22.358043962203435
498,533,4.12329382919573,3824.770231575024,8.037114666408847
499,468,3.509018288285717,6267.762479906358,10.61208626726107
499,498,3.877147525466765,6351.787191929784,9.821272879656892
499,500,3.8925302865977374,5562.1112529630345,12.751462256863327
499,534,4.2587740516622015,11468.994935445064,22.65957427285976
500,469,11.559102423757544,3816.094603468019,13.467219767087194
500,499,7.898001703427359,7242.374634761241,15.934332238931212
500,501,18.033846867289895,10488.650784179938,31.567627048405345
500,535,7.383631629703386,5352.119281943801,10.367997666457644
501,470,9.142796157954363,11275.603177106135,33.61161025141782
501,500,7.831765036505155,8711.740690041597,20.67742061089651
501,502,11.504693194189432,14655.662518863444,36.1506976024245
501,536,8.229535311398672,3171.986254382222,5.890337686992943
502,471,9.880253895493915,3587.4392967978742,14.145644252935714
502,501,11.390724524035516,3728.574314161088,11.263844557480558
502,503,11.316209952455893,15104.829435933088,31.003692034946823
502,537,3.985046406488616,4108.451312088093,7.211852032461664
503,472,16.788429045706803,3143.47685133843,7.426398250536066
503,502,6.3288121600648495,5666.39382879987,9.890976935209087
503,504,5.319861266307692,7439.461014128576,20.0726551649529
503,538,5.394893501393598,8976.574758698913,20.78898667230977
504,473,3.1962200049621,3126.0382325715427,7.044831695676928
504,503,4.49787317597677,13934.672832540216,34.118997855260794
504,505,8.29246959590946,10165.24128624806,20.916892777396477
504,539,7.0770403726317985,6769.826043352308,13.36273180657108
505,474,6.927334574183583,3429.600986738355,10.299035888851911
505,504,7.348123584279293,10695.789657556716,31.817664813486616
505,506,4.743264826116662,8228.712957809226,20.36170068745329
505,540,7.269650203111374,5023.277472826631,14.700671608607708
506,476,5.349263683055349,3500.414230849586,9.362070964623667
506,505,5.4462656171975565,8189.450720157685,18.827503655462607
506,507,7.293392696790554,6292.769491701333,14.720729970630796
507,477,10.5763921243061,3620.335298896769,9.83833416703226
507,506,16.019833968111847,5869.48095739592,22.32671618392117
507,508,4.382077519627269,8942.198538229586,20.45910407447016
507,542,5.6178955909177954,6425.8608134897495,16.963024049587336
508,478,5.9059867542328135,16447.930139705666,38.519912023501206
508,507,5.541008492323349,28186.926669063057,64.19784959069291
508,509,6.11184622590121,4381.088739981272,9.142017692386275
508,543,5.007332317052511,34931.61500094345,79.93892689634067
509,479,7.0011031484401,11565.463721908254,28.69444783791613
509,508,4.894484701182127,33667.61711509754,74.9483829962809
509,544,3.6998762861838057,7487.880936738565,11.72200822883486
510,480,3.1962200049621,4228.25237965942,5.566601526098031
510,545,3.1962200049621,5102.034163478986,7.157560784697337
511,481,5.7551306179252775,3687.359614518499,6.9745992070395575
511,512,3.7239959020814473,3518.6601682043065,6.100118062699433
511,546,3.4998750007480517,6820.37797201526,11.985738265664502
512,482,3.514992173759874,5440.172219125214,10.833397225872922
512,511,4.191982274155343,26580.448890376643,54.82289029778246
512,513,3.2261743564064442,3335.624980376595,6.299378273387459
512,547,4.102287061783445,29629.865694378594,59.50685299321586
513,483,7.9255326334160845,7302.006859728159,22.43793478542877
513,512,3.1962200049621,3394.21395876964,5.645739629358738
513,514,3.705529591613294,3656.7190292707464,7.334129560616384
514,484,6.8029651990250635,3674.657592993281,11.871282415137197
514,513,3.8087554530148355,3653.190897668343,7.936353904169384
514,515,4.262096053086167,7068.404657575007,12.836485267808015
514,548,3.7289246053811973,16167.528082614905,27.665820136264593
515,485,3.3982168141747557,4792.479394842577,7.7642689846980915
515,514,5.520288363270558,4539.514957298738,10.543038119766148
515,516,4.974590356893155,4579.028751094564,7.910919628903249
515,549,3.592264735813981,6545.816768660911,10.916936544394789
516,487,8.631411485775256,2583.460422187046,5.089136194216225
516,515,3.27176211255674,4575.3439342567535,6.3709586336396455
517,488,3.2572636866665596,3375.600501015089,3.5764257736668728
523,524,3.5483446064595054,5010.9608682357,5.718848103491011
524,523,3.4181853933813424,4678.311119150775,5.1174907357758155
526,527,6.637273648362462,6109.852770652755,9.93539673103566
526,558,7.691696410732731,4921.403911560386,8.418582523886379
527,526,9.726211315474703,6096.849652590883,11.755973137109802
527,559,9.885528299779152,5677.450355445917,11.392261259847388
528,529,5.766481436611793,7268.927883123386,14.302564661545784
528,560,3.674432681293804,4151.189903191949,6.101730609114751
529,491,5.375009742986281,5919.715490095255,12.50629240455214
529,528,5.489579598184552,6766.197082548016,13.36967168918665
530,494,3.6764957290030056,6783.179217339137,11.96246734163704
530,531,3.7402381276010805,3290.9155629201123,7.5976112917298355
530,563,3.84354229594461,11570.242428432384,17.292610597800262
531,496,5.626545736616946,4369.874644081054,10.610362694116104
531,530,3.933087240286746,20874.70853143084,40.73505070249326
531,532,60.494839536137384,3736.8010422377906,27.862491897333925
531,564,29.923472906351115,6382.647115273888,34.903436414564844
532,497,4.838548634382809,3699.0311894851297,4.782716590526236
532,531,6.712802503027007,3729.791856776962,10.07551366191613
532,533,4.464109904553244,7122.143461573829,18.679239669537075
532,565,6.060873575682393,7599.059162828158,15.334104966161396
533,498,4.539671474722366,7235.866579074319,17.011409091771156
533,532,5.653133204210226,7631.869051668029,14.861275078020036
533,534,6.6973735721823555,12450.220311335992,29.16883097279601
533,566,8.223802370048617,10367.09360318029,23.085120635996223
534,499,5.891114738431212,13458.92249587967,23.24921317312292
534,533,5.485068278068592,15973.514701458867,29.022696285331044
534,535,3.463209863952088,4315.055956392954,8.25052407585901
534,567,7.264213556021023,15657.865151317988,33.504300945314526
535,500,9.9056100974317,3278.571803236993,9.722600794456378
535,534,4.253638428774056,6657.358164562822,13.384575972679729
535,536,5.266659926775289,4890.071028107678,10.165745068419769
535,568,5.318082906427745,11943.691528317237,26.389461649145023
536,501,15.998394618852354,8258.01006953136,26.98057339731829
536,535,4.049467018084537,5205.476710531659,10.120256353579354
536,537,5.141766884576731,6586.081685832232,14.505966777728796
536,569,8.637713084283025,6197.142943156604,19.56614828646087
537,502,6.383858676500177,17071.082400276868,37.92590324410665
537,536,4.765121724307902,7238.946331488053,14.790759130658342
537,538,4.797201354916398,9466.224451996124,22.109699403316107
537,570,3.1962200049621003,3169.0756347682,5.441443522705395
538,503,5.365445711913287,36634.07546820996,82.63737898907088
538,537,3.76676246020874,10622.234831918882,20.86769804153838
538,539,4.257953368790078,5686.479502192618,9.875120938367056
538,571,3.42847983793061,13254.546269688666,26.03495117611004
539,504,6.555639247407715,19619.353798011063,42.632371163811335
539,538,6.840742301163852,4413.597856564358,11.728268446430397
539,540,4.924967268501362,4855.808192891174,12.91776845696607
539,572,3.5570903575817643,4286.022834559512,8.978153900794323
540,505,6.164947747151129,8035.810845609276,18.0241842305832
540,539,4.746328280677318,4854.8380885458155,12.262264598228144
540,541,4.032698529665218,3501.559003498979,7.647751038672961
540,573,3.196220004962101,3604.6945580355746,7.318161472143768
541,506,8.08825174184033,10968.406709596446,27.007119447439724
541,540,36.380875696633225,3837.097477644707,26.58402876454411
541,542,3.6879765865332153,8348.928369103824,18.279917890218297
541,574,5.003992861422416,9056.085155518764,12.092316494896236
542,507,10.984636679510459,6668.515530872969,22.81954828323512
542,541,20.42757327996163,8465.836516124758,39.81544098764342
542,543,3.6385623042203217,3057.9207859872045,7.124965730849895
543,508,5.396561779881321,8117.4576103303825,20.01376151961877
543,542,20.550395505355308,3055.199424827499,17.162999362490687
543,544,5.250022831470897,22391.514735868514,44.283700888180405
543,575,3.307093655211589,3408.851148485605,6.329997203678098
544,509,4.53479587011256,21007.324691705795,40.21551754902054
544,543,3.9199780317601487,38041.85813245681,74.42057850802122
544,545,3.1962200049621003,5725.777941545512,8.674141833244743
544,576,3.676383519374276,6206.335657874579,11.375171361818811
545,510,3.824929042464802,4460.744762799382,6.893955835097972
545,544,4.020491653856784,6617.467866203514,11.969806208641929
545,577,3.6428996679476446,4265.4382642309965,5.985929469000489
546,511,3.443174443706991,5472.285086441943,9.948559429794392
546,578,3.245713236960274,4720.428344057772,7.168365882882268
547,512,4.400561728432903,5702.5834603200465,10.3521080616595
547,579,3.8547689561880656,3121.134364362053,4.7499121249319565
548,514,4.107160588545096,15814.979332012748,27.789032666375657
548,581,3.5888991060004707,5505.128248055682,8.55097635177182
549,515,3.4845711659862793,4092.030281311963,6.620158238905617
549,582,3.3478442501978503,4278.273927107515,5.845378853533742
555,556,4.169628791476378,10500.868135766454,13.628632977126726
555,590,4.110699793038977,5289.102646173373,6.819428283649838
556,555,4.126715839357872,10500.868135766452,13.563536087706089
556,557,4.181069829858802,17451.726700074432,22.678596380664494
557,556,4.115358732664108,17451.726700074432,22.51293414482987
558,526,3.1962200049621,4639.449150308291,5.232164150329993
558,559,3.1962200049620995,4220.049853163326,4.868452273067579
558,593,3.1962200049621,6614.929347173228,7.452698691579023
559,527,14.79106039030535,5684.680405232313,14.470409664229225
559,558,19.343796489016917,4496.231546139945,12.953595457079942
559,560,3.1962200049621,8220.191597351846,10.328801626326044
560,528,3.501494338731688,4151.189903191947,6.269419251672282
560,559,3.8613280266336196,6562.510699237698,7.812530092799702
560,561,4.264298700850409,12769.017261174671,20.017158510275905
561,560,3.1962200049620995,3971.2212400664584,4.824684880303171
561,595,5.125814783880946,4212.309254533056,8.018525062216913
562,563,4.144052985832612,15535.862658045333,26.853959047044174
563,530,3.5501281717550954,11819.710004270875,16.60847492440629
563,564,18.87664114553117,10751.499608240938,43.88306556347905
564,531,8.738176217231599,14759.673935885938,31.096787355075257
564,563,9.517131506150315,11446.176209028374,24.64328732998695
564,565,19.21207445310365,12842.078337444764,46.92768956679824
564,597,13.19898784307915,7574.323119690524,28.75503392267122
565,532,4.286329451535145,5256.033868530114,8.923639242710557
565,564,5.236449381820743,11498.497441552605,21.32653943858457
565,566,5.014137852019862,4885.659686018623,10.884096438756076
565,598,7.050677173640203,10534.312476293731,20.55353473505409
566,533,5.388493441469824,13416.226132071257,23.49641011356939
566,565,4.780447436647314,4287.643053338166,10.312501834609044
566,567,11.021566383953845,5507.555081230825,18.8305446899791
566,599,19.79919029891237,5335.73224911155,14.94064831497893
567,534,4.528741493319007,8606.784454026427,20.06052758340214
567,566,6.425911734145987,8124.248014397495,18.8104852933908
567,568,3.244300141760027,2996.2106414080454,6.787401275578626
567,600,3.8801455251354,4833.307904429143,11.525094669980623
568,535,6.017964664722337,8451.10754866703,19.910475033157045
568,567,4.7798384142133585,3091.2934817461,8.276759780723623
568,569,4.861046680112469,3235.6743969804456,7.127210444923287
568,601,3.9850341628849963,5789.666165013759,12.98028901727386
569,536,4.51142341038291,10785.956938594103,21.40379319973418
569,568,4.727250016885511,3362.215225397126,7.654131062851631
569,570,3.491987550729272,3566.99758115648,5.957138460592518
569,602,3.278845548038196,11653.941571813528,18.792967832798546
570,537,5.030406590101808,3108.523819077503,6.704394101984848
570,569,6.491936990483888,5468.952492129842,11.13585977789563
570,571,4.296465548926264,4406.396861868279,11.916568773352756
570,603,3.567322849798569,3183.054996894083,6.70894840166149
571,538,5.100365826584401,12147.305578811063,30.39569004957608
571,570,5.201538658879437,4252.605625646968,11.62608181933272
571,572,4.418880055446141,7722.93211366011,18.005474037289783
571,604,3.1962200049621003,4142.561628090118,7.5325464967835165
572,539,4.337403620809997,4301.62884634684,10.135435773108624
572,571,5.497964012228721,4240.24998688199,9.667747887620214
572,573,3.926153610108471,4530.550207214924,11.00294208668848
572,605,6.637001694559301,10020.415280032648,22.388932901522494
573,540,4.6305679264021755,3735.045325693616,8.523415689223237
573,572,3.369580437664508,4378.559120162877,9.67807374742436
573,574,4.488642511588658,14748.062782277688,23.742914901345436
573,606,4.498481798700252,18293.380595871757,27.055317273233516
574,541,11.757444995186608,9351.495496698057,23.86991306601021
574,573,29.266305963669268,5424.056157795069,22.16005497045712
574,607,10.67396104837327,17061.44488456237,36.28320877114851
575,543,4.515377888907476,3408.8938050074557,7.111186597821556
575,576,4.998381965322577,25453.95414853026,47.954485240527134
575,609,3.1962200049621,3429.774988288429,5.735106599931905
576,610,3.639935086460943,3724.400090805192,4.193670472809025
577,545,16.69230227678975,4256.025314290095,13.940415973606951
577,576,8.123906666553994,9532.771292044432,27.005582478426405
577,578,5.0887965382814215,24858.64025411942,47.91877728824474
578,546,3.732635012820164,69700.53133980055,117.2574605357432
578,577,15.326605913675946,5821.807437714649,18.826388441480773
578,579,3.1962200049620995,5097.557633956603,7.884256984454027
578,611,3.334159134101686,3837.706160729775,6.214878961269341
579,547,6.159878383815577,3102.4884096304304,6.417054881563395
579,578,6.972888994944269,5110.855764528887,12.447321031636788
579,580,3.234077610421678,53483.664197170554,78.7957186379323
579,612,3.557901654828462,5216.04019630814,9.256088270922028
580,579,3.9269533911217707,40885.24571789414,79.31406680604873
580,581,3.1962200049621,4537.72159747781,9.406432690533034
581,548,3.301325624289599,5490.575477812591,8.771445742142994
581,580,3.253074102312577,4512.880155907359,9.71252199701727
581,582,5.013319653605675,4297.025043387077,7.912947941476596
581,614,3.8596069404787374,43533.491003784766,64.62589427010853
582,549,3.6300589501389333,6164.30517160693,8.76085426932927
582,581,3.689838242492579,6174.174500729632,8.998743441764866
582,583,23.133287228460294,7029.226617169133,24.197539294163903
582,615,4.045484544661071,3164.330464643973,4.241813930028175
583,582,3.1962200049621,18268.135546148536,24.18849437053184
585,586,6.101524580237905,4109.507836666015,5.855790382125209
586,585,3.4636189434329787,4109.50783666601,4.646272389881146
589,590,4.126794941558325,3863.366285081157,4.990194361214797
590,555,4.18577344294807,5289.1026461733745,6.876789162042662
593,558,3.1962200049620995,6768.502546573178,7.200624546087296
595,620,3.9724065988858555,6686.655781491319,9.383911647870388
597,564,13.983197326978862,18554.11689060036,58.97056386275511
597,598,14.720364373503779,28208.090584758353,76.66924126877787
598,565,16.669440218286674,12692.1257272419,35.49656517566313
598,597,7.7336309912741745,5170.2813341856145,12.977138581716286
598,599,99.48765508649008,3373.023386043375,13.682665203146833
598,624,4.182783981653236,4172.910988190443,9.501484352652232
599,566,20.050238579141894,5486.85373127093,13.57046331304914
599,598,3.519186500773742,3249.352954958751,2.96169310993137
599,600,7.27943336194186,3870.7070420782247,9.779470465783428
599,625,5.484348719507617,7321.179145336272,16.751890783886488
600,567,11.661051878495783,5196.258626352942,19.26321451972765
600,599,15.851168861718655,12971.050439344495,44.23406899103059
600,601,10.196467471626736,6166.179760139355,19.65885127807839
600,626,6.876398341284413,6692.271639420114,20.836742645336933
601,568,11.513895290096011,3043.512604737707,10.293920011710536
601,600,7.16574158824474,6299.63332475398,18.4477624655692
601,602,4.807267579645721,5965.470889506946,11.981972014705384
601,627,8.217965089869924,14684.81503134297,36.81289250451779
602,569,5.141052978098742,10190.490732095452,22.363314714537644
602,601,4.329650452346128,5899.025315541303,11.492771166310156
602,603,7.597518185442253,5600.739877535731,11.607120091040755
602,628,10.001157598017791,7229.171506078224,17.45563437042288
603,570,3.741021342988756,3138.3068984934685,7.244772935087941
603,602,3.3615014705695883,8866.945125036007,14.43467348828422
603,604,3.5464750179676994,8374.33733464981,18.304596706346203
603,629,4.246896866911112,15086.93000208445,26.00502124994624
604,571,4.4093020797107245,4025.47105884686,8.583430230301758
604,603,3.9208332012312384,8287.522805429278,18.59300231775497
604,605,13.720861488607753,4097.870513014859,10.050064865329109
604,630,3.4952983199598253,11803.46474137368,23.388528876565896
605,572,7.388333816336428,12118.22687614452,27.11637681380507
605,604,11.568640927220338,6868.094323571714,13.375078551343792
605,606,5.007716215380953,3293.352622099821,4.830872194903772
605,631,4.605808891784508,5615.764430830761,10.414069859321367
606,573,14.308240792308483,4896.379943163742,17.7820997745532
606,605,12.324924082919466,6065.45111330969,9.701402020909672
607,574,4.242330700579808,25910.00538734729,37.95332598946768
607,608,7.665470155579081,21995.93882640732,47.694711013521925
608,607,9.385340388627911,39238.3679743268,100.02062281931684
608,633,8.450852311609507,45538.26553605919,108.24907078803017
609,575,3.4706511279400996,3774.900862214314,7.876809618755355
609,634,7.269615655380655,4992.766801218204,19.11254221318852
610,576,3.2260932296806897,3702.548314443592,4.725249013169611
611,578,3.1962200049621003,3865.5007480396657,6.186045899163993
611,637,3.301107209804687,3682.0302398586946,5.798199599904541
612,579,3.4548913596645185,3181.517141895345,5.517640947245271
612,638,3.2184090166362216,4209.774590142621,5.481453494122988
613,614,4.990819382333658,3918.843641980198,8.66960621477931
613,639,3.1962200049620995,6887.819129853808,7.693754903624249
614,581,3.6825653013962127,37718.53521556989,55.16799512114123
614,613,3.1962200049621,6827.606143132994,9.221806343925252
615,582,4.002595983936067,3164.330464643973,4.472409499122908
615,641,3.210464175616284,26185.627870720207,28.64460113159061
617,618,3.7014767296279096,76922.62813985064,90.94761435985956
617,645,4.676902499344363,25889.45622074137,33.12929001610006
618,617,2.349536107542974,3382.785230820466,4.021245856739743
620,595,4.087163998307324,6686.65578149132,9.574072938942637
620,647,3.4678132791102043,4440.905571098005,5.2827872449596285
621,622,3.6817136622928475,7223.231809291612,13.902649260274744
621,650,3.7204626297728867,4009.8967762271886,9.649036062836824
622,621,3.5220837376885905,5253.135780674214,11.019965598669256
622,623,15.442995611715338,5722.913698055943,23.365440115761423
622,651,6.394901832892647,3754.400426285369,10.781664278307932
623,622,5.974927150479181,8617.532940854451,22.422938340978412
623,624,4.49373852521286,15050.631706596756,34.98187714550843
623,652,4.206331062369222,10342.349193624725,23.476889866330005
624,598,17.92491105093612,5642.855146754069,24.822923985682568
624,623,4.624265649215978,5905.874718125801,14.585650907401362
624,625,3.41834322093047,3136.5880473108837,6.39184538569762
624,653,4.861670791678584,4958.733863716942,12.226388507125902
625,599,41.61045063515282,7509.806524219282,44.38078281701201
625,624,3.3804558856319145,3152.0042121810466,6.436471281775479
625,626,5.038840461213418,3644.2129991801175,8.782150679101603
625,654,4.364951203301931,3957.7523232759886,8.977902888764595
626,600,14.101560416986793,6388.003838982875,29.083909163462636
626,625,3.6050400989237144,3363.0169049627084,6.641598722772086
626,627,5.820283023637486,12533.19986943201,33.8821661443087
626,655,3.991118530744037,3846.1753943724166,10.438649860324738
627,601,21.65507131625181,53589.45033685662,212.86089356816728
627,626,20.97688244790192,46250.80223987185,186.4998997949176
627,628,57.87424762220941,4336.132733146835,37.91961238743498
627,656,5.863950115685262,3528.6773569002967,11.148307696001584
628,602,17.900291529282633,60574.528723680574,221.204439435987
628,627,10.201680534898234,3788.9712336128514,14.21962303887192
628,657,10.320021752689545,74279.90652331886,207.76000284762043
629,603,12.65980374948121,9913.361034476657,24.95163090861174
629,630,6.5966628645443555,19669.276352033725,45.480578864793806
629,658,6.118734801969322,22797.661763582015,51.03273287260621
630,604,7.441022742255064,5315.5655650795625,13.37957948933732
630,629,8.025757007613368,7638.64515688148,23.636590869763246
631,605,12.63567856752939,7703.2990726166145,21.078272391584083
631,660,7.104376574842344,3976.68054332152,9.345694942271004
632,607,3.214636310947667,7841.415066805136,7.790726631686344
632,633,3.220431715364894,5105.089025054454,7.071871511070196
633,608,6.714903612858717,28468.566359615725,56.449807741432465
633,632,3.7457631552225807,5262.863128612902,7.5305330160854975
633,634,10.835778994496179,16723.073040093135,56.68313309754819
633,663,10.614131505422753,5422.146579401244,18.19743485987985
634,609,27.31239707879525,4938.833726425304,29.654338410899065
634,633,12.046145754511407,44529.87506974726,124.96386259797244
634,635,6.473493926062064,3733.567492616603,11.664009109620002
634,664,5.6894550102345915,8758.783739341525,23.49902598056583
635,634,31.271234316278356,3657.314187149779,22.99898287193315
635,636,3.1962200049621003,3402.7480901823747,5.778244361130154
635,665,5.757942676126457,6401.675080333433,14.951662442869
636,635,3.710266291659441,3421.0178046638794,6.583820256803084
636,637,3.5613486476913283,4433.609577273704,7.534643034460203
636,666,5.501792022959777,5002.260555509982,13.499773513220491
637,611,4.959125119310642,4198.992271645203,8.158968909888495
637,636,5.723112191830182,3283.9182020975836,7.0516859164109675
637,638,15.413130406751433,3788.0960265275257,13.329565458736871
637,667,4.95294164536405,5858.197331214704,12.875639904076287
638,612,3.1962200049621,3928.083513973422,5.383347417872116
638,637,4.110632147250981,3763.353136668905,6.534668654057052
638,639,3.1962200049620995,15963.815192560784,22.99105988344337
638,668,3.241373393238547,3961.4047387873184,6.48984264319518
639,613,3.1962200049621003,3905.822125980341,5.119026498249061
639,638,4.08374278509988,14323.168818353432,27.999417739800062
639,640,6.057069818993897,5677.721391727483,12.07487910329558
639,669,4.938390920872714,4159.134558561056,10.507042748094136
640,639,19.551761249530912,7352.099066048384,25.444693930889933
640,641,4.275577750077852,5245.655375390292,7.913133553597161
641,615,3.350248079464259,3515.5638279036866,4.500395668834297
641,640,5.3344118013866595,5245.655375390292,8.995405458328692
641,671,4.385511627197332,3358.487682266969,5.137428121556262
642,672,6.685651178424927,6086.308762617832,11.30228565164312
643,673,24.280257653817287,3232.4165437593047,12.558036695343016
645,617,3.80118034194064,4740.500789566955,5.6613794417611905
647,620,3.919887840578416,4524.616843686339,6.4642743409288155
648,649,12.808805582891312,4133.600403156697,9.272443524633175
648,684,3.404547942827084,3550.310174050566,4.711666423032567
649,648,4.999934702932978,4134.0728266906835,6.937857508204313
649,650,3.997996894226395,3948.209929394243,8.542069676920741
649,685,3.8723351502226704,3592.035323060278,5.392483757624202
650,621,3.5505772267747577,6768.733106419197,13.71744959118041
650,649,4.711480666722631,3992.6556535912455,9.538190805415
651,622,5.959200769002118,5939.098054640313,14.971727461102653
651,652,3.2776846575125025,3892.481556490459,7.201216657112887
652,623,4.624876394780437,6603.1949280925555,16.04229446012855
652,651,3.955692033002552,4483.574379679947,9.24179144299539
652,653,4.8363107042361495,5656.0540736836965,13.683032059853089
652,688,4.49767542708914,3839.3096634735334,8.464180319728891
653,624,4.5686504681921125,10501.90737911647,23.669325786057
653,652,3.978882699347776,9181.470484126205,18.92671782906421
653,654,3.3694014825096246,3691.928428793167,6.756552584312368
653,689,3.5610759904481837,6048.077868923129,12.117547690467182
654,625,7.673926043509475,3988.232530415952,11.90620396360744
654,653,6.325520397269386,3664.337892696689,8.71764243519472
654,655,3.9573851211180266,4918.681897320476,13.387669620560942
654,690,9.046816095644665,10351.63100431394,33.254177111174776
655,626,3.5186915081643955,5451.143030927881,12.673787826748873
655,654,4.9791779309231865,4899.440752435479,15.5509100017999
655,656,7.192893746436647,11192.554492834204,29.465843270559503
655,691,7.024022759279518,14671.587827850784,40.05105704915212
656,627,5.103513054271673,3414.8777197861455,10.4657359766859
656,655,26.455196681329316,40059.526355489186,171.10860770270838
656,657,11.15646381762272,70409.09793443569,202.24062357365173
656,692,4.554587012759054,8011.051660401768,21.44887502242285
657,628,9.760190424470506,16241.68138776102,49.39388495273955
657,656,7.338767121929865,21022.66778798703,57.97216594960558
657,658,5.164777658566944,3448.3416501249108,7.753847630413844
658,629,10.494971880985482,6314.994008208251,23.43796412485152
658,657,32.74432034393181,3448.3416501249103,18.5419889976251
658,659,3.3380885234087936,6549.252722896194,15.011343862901953
658,693,3.2563720709969735,4349.569619545454,8.940438802040834
659,658,4.764812085565724,6413.624978715532,14.781149193584442
659,694,6.967975623606245,9674.90000082672,30.702630330151703
660,631,49.156120422943175,3107.4323554229386,21.206286896205327
660,695,3.2300779242775453,4175.685526055725,6.28419407019172
661,662,3.747379663495353,3842.5375521686087,7.19055603122209
663,633,11.454541305227528,55579.67280563117,160.26329438911898
663,698,5.066320057228818,4703.265417269469,10.3816755835025
664,634,13.08629670039531,8776.60021019896,32.76485209753904
664,665,4.9514186398114655,10173.293248311538,21.510470710977103
664,699,4.819214793009733,5976.4568715630785,12.149203691591294
665,635,3.6838749339312162,6431.185376220655,12.427886643623255
665,664,3.9044880836979754,10138.977562316672,19.11333979504301
665,666,3.1962200049620995,4698.732385844731,8.76730682585957
665,700,3.7318901165769907,8781.203495979144,16.680181560333892
666,636,4.34644585123576,5524.145008363003,11.29961884260654
666,665,5.060604391621523,5209.376257292034,9.896503850164292
666,667,4.033541376990863,9505.082768768076,19.741364791857208
666,701,4.509301825734869,11269.032829099737,22.543065574485738
667,637,3.71926334418779,8439.37172977757,14.430018940077009
667,666,3.6749588880825224,16009.849740281592,29.658745597843904
667,668,3.1962200049621,4923.887505730223,7.5737244833481085
667,702,4.436624116774708,15712.332075378232,28.017260321057197
668,638,6.280691974250958,4288.659294233612,9.386695038445051
668,667,3.316003593043368,4920.132636487542,7.121227904365133
668,669,3.2179721175156075,7916.066593262882,11.581465172642964
669,639,3.1962200049621,5830.3137307494,7.807852364668973
669,668,4.568631339594873,8728.781908216943,16.88806660998315
669,670,5.095580719333173,4812.201961717041,12.178509291568597
669,704,6.490019811267903,3602.7490165469535,8.359140209275335
670,669,6.585783613383392,5266.200851660477,11.68841884950877
670,671,3.466271438550038,5358.140680717566,8.252284543813037
670,705,7.946894753471796,5209.566192704933,10.64170006706206
671,641,3.2818002458007958,3358.487682266968,4.757684798812763
671,670,5.460335104759511,5651.828706191936,10.287686625938091
671,706,6.449735125499933,4099.467150870414,11.124880673095625
672,642,3.1962200049621,4967.386748460862,5.610658884387844
672,707,6.164944160826216,6510.4179340369865,11.081601626370578
673,643,8.20034621647204,3210.087611331117,7.345417524307336
673,708,3.3445440188339037,4224.4879112781755,5.952981179771525
674,675,3.1962200049621,6768.612147813848,8.923067812327492
674,712,3.3691175173684806,3542.3761003642653,6.001489270734625
675,674,4.650977366714903,4847.885485805973,10.81470716332553
676,677,3.447460343118984,3993.730003292805,5.630599784998285
676,715,3.6505861458989846,5430.888615847747,10.94757330231642
677,676,11.848251391859913,3478.81468331153,8.585786629499559
677,716,3.6173991108804855,5009.5017337663385,4.94723774396604
678,679,3.2777088962240133,5160.019572236911,6.989139762829696
678,1084,3.925888353303488,6564.478013337108,9.806810241826682
679,370,4.083204394224264,5274.082771808902,5.854656819777441
679,678,3.27996576244859,7206.79823335267,10.32767027403018
680,371,3.6014937242735163,3876.024917060272,5.062036364189098
680,1086,3.3934003607085788,3380.658860612454,5.231270057464006
684,648,17.262182291188523,3590.578101123247,9.90986992274535
684,685,7.973214002827798,5154.948795351643,10.692880454823571
684,724,4.201825968659956,3645.186468037259,5.535413419200483
685,649,3.6394485877727134,4329.997472957682,7.013977583174967
685,684,3.671746036627074,6077.789763950917,9.246614173862994
685,725,3.3164371063410645,5314.551435271364,8.933072284375331
686,650,3.5506531506591545,3842.3462777679415,6.7278661327602025
686,685,3.1962200049621,5534.633064849662,8.32739038156685
688,689,3.452254661960208,4103.1134572552655,8.059663460655996
689,653,9.10912728751548,6016.101949149201,17.96799136576192
689,688,4.154455837850732,5727.121678092935,11.27468834083162
689,690,9.16650260665705,15615.472501059528,49.66755789392721
689,728,14.729375267772413,45272.459430747986,156.75890384637142
690,654,14.518678508578676,10494.365653464129,40.69659194162056
690,689,10.700254528741791,15762.59253388717,53.22061889996062
690,691,10.387744693547042,21056.781517150153,70.3855043210061
690,729,14.905671482906993,21956.29936204237,72.07445580389053
691,655,23.08927179024955,45485.978478155994,192.31164084724796
691,690,18.05071036506183,57109.67606155202,223.1322708480249
691,692,3.1962200049620995,3778.8604285788215,7.0219589700294645
691,730,3.7733476819865737,5790.121275516448,11.635366555119042
692,656,7.993881768911842,8474.460950314917,29.567792967837132
692,691,3.3033020289757897,4240.867255918922,8.326754386312174
692,731,3.2827356836347175,8773.007478428697,16.39576212231847
693,658,5.830702769096354,4323.366957955134,10.868778673361302
693,694,10.370359812784931,5548.4080119314,21.48942983747269
693,733,3.1962200049621,4600.362665701096,7.541506768523155
694,659,15.718420850296228,35120.95131041457,128.77165054747718
694,693,21.462991509461276,28088.367931434503,113.87392104886436
694,695,10.395989325143194,14684.999382646389,52.861095859738704
695,660,9.579839952400143,59347.125377169206,158.18592061864064
695,694,13.63655106977797,40847.95431268568,141.54511979363525
695,735,11.699629747288595,17099.436637025836,60.15840503375502
696,697,5.927991953214987,8016.24582950501,12.103671625661896
696,736,4.052054752477678,4125.849825507643,5.79868384584287
697,696,5.575699439138941,8016.24582950501,11.749604096214302
697,698,4.434216274281262,4338.489202659405,10.64287301206872
697,737,3.51357455462515,4921.747407749054,9.140400133582292
698,663,5.191581394212563,4680.396074508212,11.136837255519517
698,697,3.7221817872142053,5922.899564394344,12.848542418617994
698,699,4.8287499575332,5189.013941722711,11.259384878211485
698,738,3.384489238143809,4981.905956930874,10.329175863112193
699,664,3.2738496220165167,7440.607020229603,12.905329100296376
699,698,3.1962200049621,6672.209885393404,11.334999038250947
699,739,3.1962200049621,4621.245207848229,7.3843494063354
701,666,10.311590111114892,10761.319054133535,34.43096192126443
701,702,4.202190445682768,11855.739907332108,20.13610579829757
701,741,3.1962200049621,5020.828817300018,5.092908837738395
702,667,5.049959610501622,10061.503961412283,18.9583873759842
702,701,3.1962200049621003,6478.214684850236,9.420459041127058
702,703,3.1962200049621,4831.958218056472,8.129434850661468
702,742,3.51604882692405,5813.872278625155,10.511909479836754
703,702,5.981074883332515,4858.345983056629,11.16141424698159
703,704,3.248593878135154,3901.286346900417,5.7115763004472475
704,669,3.6696333329313884,3602.7490165469535,4.493370264492723
704,703,5.678866679452584,4602.99027235951,9.886575999869546
704,705,5.896761651001737,8639.438106520527,15.818228691192743
704,744,3.9869678725723845,12188.384727971792,24.517656284459346
705,670,3.1962200049620995,4328.586684894592,6.265123867132333
705,704,3.7287690144231167,6684.651219344303,10.58384840304338
706,671,3.81175872843761,4432.771915573593,9.89705812945684
706,707,5.495801494428516,4940.561584108764,12.582967259238952
707,672,3.1962200049620995,4788.480747392288,5.793986128513875
707,706,4.7515457353916855,5636.1140294684155,13.107445584216178
707,708,3.7013114057803165,5224.72078134099,7.877521159624949
707,747,5.71476780383193,5961.789839569465,10.429227370446856
708,673,6.064998572794806,4439.6948260763,8.932222772755956
708,707,5.556703218695986,6948.5785628726235,12.815517840233936
708,709,3.5886607998702647,4361.511645693797,7.11361875669187
708,748,3.298936636664133,4760.496442367078,5.457625167883436
709,708,5.643041310142184,4509.73437247406,9.005552383708585
709,710,3.6726626326840295,3418.223849458753,5.225446593820803
709,749,7.807963909940537,7672.973851822224,12.673423114217623
710,709,3.3842955659501026,3365.834745175418,4.201075987152823
710,711,4.87118996136216,3297.238076084126,6.020150067605265
711,710,3.498089286959322,3297.2380760841256,4.7761628808533105
711,712,3.1962200049621003,3885.172093392083,5.432579611304137
711,751,3.1962200049621,4286.964363675001,6.010819930508597
712,674,3.1962200049621,3371.3627645310557,5.361574159562318
712,711,3.1962200049621003,3893.120978580734,5.150172461146624
712,713,4.799648757963218,4776.101063683163,8.375453375122179
712,752,3.1962200049621003,3830.297505129885,6.310350353699166
713,712,3.5454576358213044,4467.71183518388,6.442206773550023
713,714,3.2759440548882246,4944.287568950124,6.2034690499228216
713,753,4.459114547219887,11294.292313177744,17.174201062068796
714,713,3.248800199341371,4944.287568950123,6.274407672174958
714,715,3.695979650519707,3977.759046070521,6.1689853528125145
715,676,3.253978866232743,4978.920689406913,9.202211232317756
715,714,7.77469292392333,3977.759046070521,9.209813050274542
715,716,3.2446624780923057,4303.43276099761,6.104245626619839
715,754,3.264288355095927,7201.853601030518,12.081028615595848
716,677,3.1962200049621,4876.92717815916,4.576542792228908
716,715,3.4367116620417835,4428.384188636761,5.681654592220397
716,717,3.819620881437252,4300.305922449249,5.495970412680156
716,755,3.33274327120026,7949.631736202951,12.027498481410449
717,716,4.240983730716466,4845.998691323154,7.888018800554887
717,756,4.531628039623042,3717.5235084811975,6.642015478168959
718,757,3.4334630670160866,5593.110778474023,7.653834706625468
724,684,5.474523687184627,3645.18646803726,6.496223315721393
724,725,3.6912915916043003,3714.2548803545774,7.6799914634841
724,761,3.6452405772639493,4034.8636866513393,6.988759889676723
725,685,3.782643988142112,6961.360623930358,11.619298317691996
725,724,3.649702542144013,3947.312155191191,8.510287697229955
725,726,3.865909083580349,4640.93227272852,8.837287697827179
725,762,3.4039727383391134,5188.005987905992,8.794810476858515
726,725,3.6963717725471086,4695.935645312374,9.622663958222011
726,763,3.9217142695927776,3765.025327641788,7.058844472952323
727,764,3.481171740823515,3825.0511870249593,7.788986785714119
729,690,21.835680544781873,39346.906269288,166.05891698419475
729,728,27.714989197917948,20205.560884111783,88.54741846155065
729,730,8.982254075172976,61589.23165199626,162.86743243230478
730,691,3.8692319047225614,3548.2855222415633,8.556494190956657
730,729,10.075724591006457,20317.00053925769,64.42859163578912
730,731,3.1962200049620995,3794.962231437976,4.34756126370231
730,768,3.5007056348706023,4600.210828225036,5.881108801681586
731,692,6.573546607294368,8645.525377175023,21.836546615916134
731,730,16.641196601488094,4210.399841872963,11.964852209572667
731,732,4.9710407475387095,4184.631927100458,9.567909402465023
732,731,12.434588227571608,4270.474844727347,14.313857135328714
732,733,10.067850092407042,75026.90391796747,211.8477758730512
733,693,10.548045014707586,11843.821225641106,32.97092477286909
733,732,4.375462377728361,16361.491730286449,34.96982344582028
733,734,12.998125018433107,9298.210108133502,33.23992544339585
734,733,31.28827482938964,5155.25900728013,27.885155328378925
734,735,17.47434708859098,9428.329643750612,42.49146946350584
734,772,3.983358629225741,3064.206433450022,6.491323251640862
735,695,12.897480064847205,17245.913503101296,65.99193871493291
735,734,15.966427030085267,9441.214773558286,42.71232297397946
735,736,3.6431479483774933,7448.789449277634,15.182606962868062
735,773,5.04600714265075,4922.071752847005,13.17824645665254
736,696,7.18644798742358,4249.140863472829,7.921600686686935
736,735,4.216026881825352,38223.74293566161,70.79276492220963
736,737,3.9270366668002374,3189.3003399003837,6.925613809016005
736,774,3.5732624851907757,4299.010377559372,7.447333665478853
737,697,4.37486308190251,4688.77882264505,9.24658298726755
737,736,3.51203668400324,3076.631839570102,6.13164463453494
737,738,4.071788966884078,9695.90983522141,18.893537086063827
738,698,4.465735449496492,5218.554038265974,12.732857119428758
738,737,4.368460330622304,9936.594341344004,20.88078631357046
738,739,3.878540553547141,12329.147564251623,25.96318109905167
738,776,3.9964740423549823,18765.90067750596,38.29890640191958
739,699,15.278674374269661,5088.168319597409,18.34335266659995
739,738,6.730895923742441,12539.556313245808,33.64816839934457
739,740,7.736971846385811,16026.97265773914,44.71704779725385
739,777,3.1962200049621,4103.1328709631325,6.46768783768306
740,700,3.880027097695696,10982.562936208627,20.440017253854187
740,739,3.642139290352289,15423.423656839504,27.326136908803345
740,778,5.534774229074003,28188.032938715172,57.271043580304
741,742,8.979222949263493,3307.480423326045,9.146582761285831
741,779,10.549238243386242,5387.673561392301,14.711253509899135
742,702,5.311870054317711,5798.2335075177625,12.38439365786883
742,741,3.545442249811539,3309.1258185381043,5.226132105419001
742,743,3.1962200049621,3074.1262701349865,5.615721127423919
742,780,3.648524869458886,5046.969868906922,9.417605864931751
743,742,5.0882059398379615,3102.364668783147,6.824386639321919
743,744,3.4434100059782558,3081.250069892293,5.370636267467349
744,704,3.740889562959221,11732.32043420186,21.61407561036334
744,743,3.28075876994836,3050.596046875138,5.153182601212392
744,745,3.6315596684745564,26793.08292910641,43.912492410986566
744,782,3.8414456973037563,27788.630904722544,44.741986900668266
745,744,5.378325149710146,27214.70324219279,54.84597111787178
745,746,11.273415848807414,5069.040799705253,13.224755296408375
745,783,24.652266681043123,4255.674768723005,15.241057672126663
746,745,4.3931283343142695,5160.180248962364,8.166356828896825
746,747,6.241762853953584,4214.6667052597495,8.69593405368766
747,707,3.8304672292885615,4802.113373260054,7.256465336410583
747,746,5.235724009920037,4178.913781042555,8.446828217700244
747,748,7.070808264441951,4170.460311008634,7.827335445913883
747,785,3.9861618211719865,4963.608975951795,6.91288856236843
748,708,3.2374679816067395,4760.496442367078,6.244949729707765
748,747,4.8790210035383215,4170.460311008634,6.382544021878202
748,749,6.659614468693703,4527.170057896297,7.647680924858894
748,786,3.288759234319498,3855.617546358302,5.278159832858889
749,709,3.7130758563385133,6175.3420965869545,6.953905779598395
749,748,5.158087640120809,5425.549155576265,8.423575675072472
749,750,6.462421390355754,5322.2303183045315,8.66908831465533
749,787,3.9938196270983055,5046.557612180256,7.275728546496834
750,749,3.6086117795072306,5322.2303183045315,5.988195790901036
750,788,3.3754627332110427,6790.175811409459,7.832718081991963
751,711,9.875582039257347,4289.3386757169665,9.797162623129664
751,752,3.223967291678166,7630.86099619499,10.866986274161633
751,789,3.1962200049621,4650.170023155642,6.1909709616990805
752,712,3.1962200049621003,3846.227728737986,6.568278366428759
752,751,3.5045710414720985,7619.398305779352,10.659584728554446
752,753,5.107925161909199,4849.847255073204,8.5602618729636
752,790,3.1962200049621,3636.4717807390534,4.019221102271908
753,713,4.204628775511855,11406.264316391113,17.20414233971374
753,752,3.5512453037236082,4208.911436641998,5.20223772289931
754,715,3.2577539035660217,6384.415940166318,11.065713068944678
754,755,3.1962200049621,3618.960100525096,5.622424921485301
755,716,3.407721371589527,7306.712953267112,12.475470881216127
755,754,3.566434701416778,3697.6550638098224,7.388933925603093
755,792,3.196220004962101,5469.250107393442,7.773358595458181
756,717,4.707970772604235,3717.5235084811975,6.816998281440867
756,757,4.383454588961429,8138.350348561147,11.956504335992475
757,718,3.1962200049621,4223.4632355073,5.51361071426185
757,756,4.590674710109586,5035.203182087191,7.1188703249427085
757,794,8.448488973477195,4995.210597063278,9.105807216378995
758,719,3.3855314449958835,6152.609861097275,9.956229221537598
758,757,4.280285513689461,28532.156805469087,46.22740613517527
758,795,3.455714055391481,4592.360040784056,6.384065783934035
761,724,4.352771242872526,4034.863686651339,6.903965681072541
761,808,3.4946819851497386,12784.0993638634,22.5104453199614
762,725,3.7109160696725922,9813.811801406537,16.03557747820519
762,763,3.687823133060971,14322.664137516223,24.231289541397572
762,809,3.343608511329479,6728.395153842586,11.613769878401929
763,726,3.974630229183372,4685.286971916234,8.755327258129338
763,762,3.4801873103159866,9648.868148978938,17.097407352230267
763,764,5.407772520184182,3830.26979953903,8.846519562706687
764,727,26.34871791324968,4065.250076837493,22.577825458563808
764,763,32.791247718805806,3559.1092384534704,19.787743377256263
764,765,9.288369802770365,72865.1448584727,203.05714083102103
765,764,7.623399447715658,58692.05661817798,155.9562625787464
765,766,4.436260966699389,5359.685677774177,10.693353662336849
766,765,4.585132719932797,5360.0649124435495,11.87210434474163
766,813,6.354659649628912,3543.915235352547,8.09812739464045
767,768,4.606950338289253,4058.1513723996386,8.179611444430753
768,730,4.899806819677194,4700.394498683566,7.981625613518473
768,767,15.66193004421951,4058.151372399638,13.407199635346618
768,769,3.5613488185662843,3321.436692612132,6.658435835035475
768,814,5.705835433724778,11291.341172012566,21.71671948894715
769,768,11.685252977937457,3320.5491120506385,9.901680594842922
769,770,18.585004474448336,3061.713680324429,13.58526204820885
770,769,40.98480878032996,3061.7136803244284,19.159732224206653
770,771,4.340551673667688,3252.6945351190498,6.993562464082921
771,770,4.351583308588391,3238.7349771984073,6.938868154029851
772,734,44.55097575284246,3064.359123945619,20.48865947672095
772,773,56.079989213768044,3581.199162772923,30.81852174469558
773,735,4.166143461167195,4939.403227224667,10.56358613900328
773,772,10.516293574953425,3611.263076462663,13.340724577423412
773,774,5.2900569063809035,5897.440963229266,14.897176905516224
773,818,3.291365206303574,4116.388594423937,7.874669145877452
774,736,3.454502072623621,4329.012178185234,6.829729655502625
774,773,4.186151304765065,39273.80878293694,70.04333139911637
774,819,4.18101977785005,33030.66575872827,56.10822051000421
775,737,3.507201758211014,24059.868503808164,46.31202684100121
775,776,3.9058548627500476,10908.219704486424,19.76680079406343
775,820,5.101822136595434,6471.012894028519,15.313551377062485
776,738,3.770039762273766,30182.539116792992,56.014231438439026
776,775,3.9572758970161828,4088.788370286326,7.765325508198545
776,777,4.0705736137789925,38474.24219812965,66.43000477039891
776,821,3.2961058157632603,5030.565318894282,8.187597247602044
777,739,9.625115955056279,4043.7224250004074,12.228838831164794
777,776,8.27336079508726,6529.623100153043,18.46664491537583
777,778,3.374808526216528,3298.320275022191,5.653962216106386
777,822,7.384041448899976,7724.972199700607,21.286567105164945
778,740,7.234628062418334,28152.69473372517,67.06012220690407
778,777,5.856977945414529,32504.706350499673,68.98934462749823
778,779,3.6982557278660613,3253.5141792336767,4.284872022879574
779,741,3.3857437234273253,4976.533295984203,7.354639436609903
779,778,10.359365842062763,3426.6489357531027,8.798121101660511
779,780,3.3925859476335978,3300.0006150923623,3.732425664791771
779,824,3.4870223017726087,5350.818462727597,9.044410268282087
780,742,6.346057605302215,5065.261424706905,13.550935548447862
780,779,6.938481184847802,8213.1199035821,12.89917148250768
780,781,4.054919020024199,3233.870767857089,4.646324069760152
780,825,4.161855044575283,12446.285488409592,23.15235247984341
781,780,7.024916180497922,7490.345156443336,12.169409567529522
781,782,3.998541799409602,10713.062459153189,17.736068734115516
781,826,8.12858875958815,7238.876674545653,18.131523995543844
782,744,5.690192057790237,20243.22410022491,45.13896650414353
782,781,4.636285561175157,10690.352031958706,20.074642814676633
782,783,7.024164214380496,4560.31744612904,7.781501015939275
782,827,4.74012713504614,7556.502573255422,13.871429856457931
783,745,4.556096976534027,4314.653015506961,6.896931082249382
783,782,13.640683017995798,4503.442320403352,10.208757330874416
783,784,5.113311371300639,7108.348993501433,11.130125978280908
784,783,3.2574495761339737,13605.002832198224,16.514280053241123
784,785,3.2527678174496466,9197.35580396446,12.012670757619716
784,829,3.56081672766962,3530.679274299959,5.692635018788253
785,747,6.078438630488875,4962.919712535898,9.00156343637188
785,784,6.272258264478624,9457.499741302989,16.884676199138056
785,830,4.713677541542376,16707.393132920137,25.066745261830807
786,748,5.439935866975529,3855.617546358302,6.687832456613197
786,831,4.603969487650024,4727.411673073261,6.980547264832401
787,749,10.992703779471135,5057.321798659151,11.847432418278649
787,832,3.6444148802988434,5432.811421815005,7.099049750364658
788,750,3.3776268907027265,7265.232864064106,8.353542519403105
788,789,3.2662681512385254,5638.70262352659,7.21570495624809
788,833,3.321657986556651,8838.741249957524,10.468942421440907
789,751,3.247122338368346,4649.985140540056,6.066443931509958
789,788,3.3114046097517305,4225.910190269231,4.921369519385255
790,752,3.1962200049621,3603.477169547023,3.973282841953136
790,834,3.2135690703364945,3331.3891396965323,3.6154013227540704
792,755,4.926724663772353,5486.075645610095,10.55025971685573
792,838,3.2525203663928783,4037.9966600930793,5.941769327166464
793,794,7.146365217107743,5253.956162076,8.523030338803567
793,839,8.666075799133978,4208.051820021155,9.015642961482426
794,757,4.10468543476309,4995.677083330144,6.239319722126379
794,793,3.7905319814653295,5267.603972792516,6.130068073453794
795,796,3.986581674821323,12053.868542224534,21.633124564906897
795,841,3.5915067046900986,3608.693295195088,6.056616790419055
796,795,4.0283748105617345,11938.869972402994,22.885872080254934
796,842,3.826483967679387,4476.3451077798345,7.916612242770152
797,796,4.48755779303224,5815.466398843074,7.652976686948211
797,798,4.658010335685013,5686.764976470982,10.268941660628336
797,843,4.096426437010036,8749.698862622514,13.318218719393702
798,797,4.19352892836878,4879.936238308164,8.030668231630308
798,844,4.365291581038285,4300.803329434617,7.304595350183108
807,852,4.024978309142741,3443.6138070072775,4.290758884799448
808,761,3.649606947438036,12794.590025982076,22.859505448382507
808,809,3.3088821349512965,5640.409126385016,9.802740757953677
808,854,4.202819684591463,3494.051569883052,7.136409662485731
809,762,3.439734010457838,8812.240361433167,14.758091974751006
809,808,3.2034416877640353,4372.396431392853,7.356826450870581
810,856,8.993386234684417,4764.572596283484,11.476948069181892
811,764,11.587688631525031,74902.3257269385,231.97602462496553
811,810,6.443999115495963,9965.693671766385,20.375000022288127
811,812,4.475825422530489,5056.885122419291,10.202498024383662
812,811,4.77750560457115,5036.861375303019,10.06697397088773
812,813,5.606589261710335,12754.61488055043,24.964724614497943
812,858,5.6132764026457505,16866.356853091194,31.013060019504273
813,766,239.09060716476813,3604.157057760831,52.266207711068766
813,859,3.4345815215290045,7395.298647015503,14.590087906853652
814,815,5.950741224216784,4164.183568338283,8.031602495216434
814,861,6.106130067014419,8931.225384913585,17.94942846805091
815,814,6.783881190281785,4240.005150973359,9.232995539397688
817,863,18.858276536734376,3775.2041610142064,11.667679867033682
818,773,4.772218184268085,4150.059140344228,9.176550521171906
818,819,3.568603380320941,3194.502145672865,5.917038156912032
819,818,5.0772441402793955,3306.641651973656,7.417737146356552
819,820,3.1962200049620995,3731.217174573033,4.874711092307497
819,865,4.094085278269062,5412.707364214153,7.916449246773322
820,819,3.1962200049621,3731.897283759258,4.916217331913536
820,821,3.1962200049620995,4123.652778240146,5.510262567283027
820,866,6.533397173090586,4810.37990494069,10.503786585414293
821,776,6.501878326082914,5251.616983739563,10.173236653990864
821,820,6.9857631130934035,4102.369602956005,8.902429985998568
821,822,5.032900846092805,4533.967302297006,8.13411248721265
821,867,6.117741733580538,7402.525481910045,18.01653243150875
822,777,3.957565466164971,40425.51046227035,70.36436319761985
822,821,3.2881846909506263,4342.513421858614,7.760802928849451
822,823,3.1962200049621003,4809.802234306223,6.317379809139344
823,822,5.350328780378287,5030.062593189352,10.087854539488948
823,824,3.778219261070567,4632.6912597955225,8.243147720835116
823,868,10.410571211175617,4064.195556403203,9.947498077149772
824,779,4.4599156876222,5751.211362371869,11.461234864032605
824,823,3.8418861475520734,4548.387282386641,7.997908699271448
824,825,3.9107453289687153,7945.482847184801,12.980228565257464
824,869,3.6101654880007192,6539.899917492167,11.337242005769689
825,780,4.023350536835939,6311.827709484365,12.75988631985
825,824,3.9791672361768575,7938.780025584296,13.41903383823902
825,826,9.753162092582148,5211.0374265788005,13.74707370194484
825,870,3.7726584226683517,7041.295622077088,12.836132815412626
826,781,4.344115190327652,7207.066342347115,14.07466200438272
826,825,10.447974188358579,5223.454889523742,13.636081484105231
826,827,4.288696047980909,4073.216883643831,7.87144904616402
826,871,8.656280221906231,7475.199186172129,15.662448148646646
827,782,4.119483369971032,7573.648252657638,13.11054885509513
827,826,11.661860471014565,4099.462468050102,13.506004116523457
827,828,4.324818880800506,5506.098912529425,11.33257766066738
827,872,4.393914622196409,3636.8392621088433,6.160662079597183
828,827,3.6233969839082634,5467.98410834788,11.0178140642275
828,829,3.6272147571026814,3552.1792295051255,5.623270028646752
829,784,7.35543045516146,3346.2592922710883,7.081285534389632
829,828,3.7201955609602293,3547.4265598569095,6.094713108169757
829,830,4.003555079337203,14348.514859691895,19.98448740898308
829,874,6.200407292895638,3336.5552058311905,5.480607480756813
830,785,3.1963858157915697,16437.622301337753,20.798899956792276
830,829,3.2654364181161433,13510.24448979607,17.04721901728315
830,875,3.286253945043967,3468.681321705192,4.278778463783908
831,786,3.1962200049621003,4504.859368757501,5.65362137751897
831,832,7.2578045906750885,6571.393071998598,11.46387758400175
831,876,5.973164621923793,9241.75597054961,17.957538725652725
832,787,6.979418977017475,5445.00945822394,9.53626209738085
832,831,3.49303472902733,6567.849031941276,8.175923862600854
833,788,3.5653407506266817,6740.2878587964115,7.1933128356136065
833,878,3.438696902654418,3362.3051867872496,3.937834110840076
834,790,3.1962200049620995,3333.9665984009366,3.242138163527976
834,880,3.1962200049621,3286.770737036132,4.675406262290286
835,881,4.145679233078654,3068.5123052090385,3.3292714944444652
836,837,3.513242764634966,4955.097682329193,6.087966278330809
836,882,3.766665309521921,4380.725291959665,5.371415006289813
837,836,8.323660617022723,4979.370677161589,9.781181717481823
837,838,3.639055539708762,4250.356104203952,6.64208676829158
838,792,3.1962200049620995,4043.71347540472,6.461334971286781
838,837,3.5443190465860637,4248.472745630867,6.340891669251512
838,839,3.705471498761263,7459.735085278465,12.903733493777231
838,883,3.1962200049621,4005.2536366298345,5.967733870863636
839,793,3.962445899272404,4012.4585795271114,5.330567109797357
839,838,3.570167584902488,7469.872132048497,11.9707299483241
839,840,3.6062923558151674,5427.92394149919,7.8593793960014064
839,884,3.515952533487387,4431.413674613658,5.966987425392087
840,839,3.8616837631904692,5460.855591815084,8.166747926949252
840,841,4.009746762847174,16597.45026362715,29.36861977156185
841,795,4.576980055131128,3623.680430370012,7.042638580658927
841,840,4.493477887491493,16546.836028333717,29.463676367431535
841,842,5.074884975056138,4463.672075077388,10.96407863219282
841,886,4.190280089952902,3923.200252083436,8.80110693383687
842,796,3.7648566100613765,4612.062398286493,6.924421331099865
842,841,4.453605989564008,4399.282442229576,9.875861314421254
842,843,3.7603402880206995,5278.092444768743,9.23690133647386
842,887,4.213616551778494,7558.395773311346,14.413432570275098
843,797,4.26649191866406,10047.374728376411,16.294481398720652
843,842,3.9278228409205997,6564.562127581102,12.265925253282727
843,844,4.027517394802458,5543.9229925223735,10.327887458441978
844,798,4.261457546780638,4300.803329434617,7.743776600949039
844,843,4.129831844539351,5424.414309322072,9.863255020307191
844,845,3.4861304531246793,4427.121478520428,6.441899875932591
844,889,4.1894297616801035,3268.9052586660737,4.736588826805099
845,844,5.321866981201524,4862.405825304366,9.633164685638707
845,890,3.405339687741494,4021.201660555384,6.070864862317826
846,891,7.002151514411101,5713.263782406146,11.780342434415422
852,807,15.364767272724622,3477.436629289598,8.112789996276051
852,853,7.007621652979758,4679.424160866615,8.374008714768602
853,852,4.4316312993157165,4635.907675238867,6.728499252118669
853,893,3.1980205435494073,21107.437635461265,28.07121612415778
854,808,3.5975710374350682,3483.8458482356023,6.658185207317048
854,855,4.567917011214449,5498.840403745095,9.403381935845232
854,896,3.2364355213368587,5998.66992734999,10.603836087137338
855,854,6.355075598899678,5498.840403745095,11.055597995368112
855,856,5.217978389308208,89811.454555565,173.35057313260893
855,897,3.7135108292822503,12149.989748070917,19.66136835516504
856,810,6.000001588347906,4764.4593801666515,9.37565676144851
856,855,11.010636862425129,76799.50996667845,231.21459314594657
856,898,9.719481025754181,3324.2955881339967,10.884676095733711
857,856,7.452027437992647,4137.676234058689,9.057563912944588
859,813,6.62650598901006,20394.957501455097,42.02571873769145
859,860,4.981441686130945,11333.757684244169,23.951115829912496
859,901,7.232420379158419,4303.664788067628,10.043220410337304
860,859,3.257319710989983,5035.231832123085,10.591166800288876
860,861,4.518574921977367,4882.3059930300715,8.212706332261718
861,814,4.760520549038598,8945.14880621912,16.3589579591907
861,860,4.015563068105225,4925.248246585093,9.760841638880372
861,903,4.227385418018249,3583.077404563961,5.993354644465142
862,905,4.215708502452878,44575.927468851,77.98177097410748
863,817,3.350512732446922,3668.184997156908,5.006154973549435
863,906,3.7958179009738133,3808.7494171895937,6.886685146214083
865,819,6.64385741754199,5539.527600516099,11.251927610859164
865,866,3.3015860863165574,6383.67606964042,10.781046451993998
866,820,11.356725495339674,5980.1183988796365,16.840900514734138
866,865,3.552011225586161,6392.761163282178,10.430155351186071
866,867,3.9360673463255638,12253.97152384133,17.43633204657046
866,910,3.1995278778463905,7270.535239344893,9.200362260003688
867,821,10.157197623525805,7205.62687671664,21.108163463569564
867,866,6.526596422600433,7884.745813353054,16.004607936928277
867,911,3.7508773357999248,6687.611845130217,9.864582322035185
868,823,4.320127338205541,7682.012130204428,12.007031848494623
868,869,3.2350003729016756,4068.758290839827,5.941867642960626
869,824,12.200551119738305,6484.2072073446025,20.87562504030448
869,868,28.31368205765075,4021.7071221289634,18.637367270366216
869,870,8.42870121173649,11085.30507221874,28.176670325321393
869,914,6.56880607788165,4505.065787002837,9.835940482751536
870,825,3.9112921176733417,7057.688867954777,13.282779545484066
870,869,3.8075411473550953,11128.671336475203,19.814937218221782
870,915,4.211169214127967,15905.976232319488,28.542705637148476
871,826,5.057646658998061,10172.14540506396,14.688197916195213
871,872,3.2414856293058234,7229.619271681624,9.00159079337401
871,916,4.8400862870159065,3535.0177552404875,5.6976901976531344
872,827,3.1962200049621,3509.696401637319,4.67237121227912
872,871,8.328655701941583,7185.121637305422,13.574104267875969
872,873,3.1962200049621003,7514.916754919348,9.282543835533398
872,917,3.1962200049621,4020.1598911008896,3.9417767877491263
873,872,3.200391055215019,7536.305424136968,9.859697516234252
873,918,3.558210601876872,4424.583599889898,6.435658390257716
874,829,5.20101692773974,3329.4340711494588,4.9184169330004295
874,919,5.355645360785679,3086.771883749074,4.724715886951065
875,830,13.489504413205461,3477.529087886512,9.244105261457182
875,876,3.266050287086651,6548.7003209488685,9.619058697329317
875,920,3.321074626426878,3501.4414625834715,4.767569345511376
876,831,3.4150156338380744,12825.218941771602,18.29332905196349
876,875,3.4906007045318397,6670.078614526106,10.490797812266052
876,877,6.507214456149715,8764.21308979442,19.70440298988728
876,921,4.048631867989986,3225.5295354106047,6.575395099728205
877,876,3.8902703525443525,13486.830580709124,23.46679616118321
877,878,5.486206415688558,4211.1975231629895,8.895784852538513
878,833,4.8746403898355855,4843.733196519985,7.367606996921458
878,877,4.214593064171942,4301.540312450483,8.241200651668894
878,879,3.648559967741714,13902.944100855351,19.032507748691927
878,923,3.5807399407859104,3633.0025138983415,5.070587585599031
879,878,3.2591640759430613,14051.86502536984,18.738942127742305
879,880,3.2910673101202326,4256.354478381237,5.35458225124501
880,834,4.374433866773646,3340.0493371979865,5.909997572326475
880,879,5.093312006045636,4131.284755961454,6.478366624257304
880,881,4.693823274714397,4751.186359052363,7.260067535279302
880,925,3.6572381914981724,3537.838708239128,5.504682243902926
881,835,11.154225934122698,6863.238861215179,12.889661133671224
881,880,3.787748791278457,4404.089588761537,5.180678251054131
881,882,3.2233577235003,9955.347138519392,10.309297844049684
882,836,3.6746017139399676,4731.134136150548,5.831801600043412
882,881,4.503640923558679,4914.31904130821,6.731939179302757
882,927,4.195844355721278,6699.023467426612,7.162134505624752
884,839,4.638969182755816,4431.413674613658,6.3185071832232325
884,885,5.4733031221079935,5783.129948103204,11.898504305456552
884,930,5.901803139748127,4083.707934042487,7.85299534881988
885,884,5.017370497506635,5783.129948103206,9.824558385505082
885,886,4.765014306903581,4555.326958462313,8.253469419638682
885,931,4.502679180983635,4486.642442508888,7.006872826085003
886,841,3.814203034003813,3940.8828370609713,8.39901585920085
886,885,5.039671584993827,6025.725588656193,11.092857024102186
886,887,4.280760295903989,6403.928558615315,12.226024855558736
886,932,5.478633078143515,4147.021688459054,6.9509177907479
887,842,4.6681983773016755,7141.963647278624,15.884114548742271
887,886,4.341927782851489,6431.575143897039,12.544420570517795
887,888,4.817491054509745,3676.3611669563625,6.9732745006123755
887,933,4.660096263909672,10491.32564118557,16.57696183353987
888,887,4.557674737800698,3736.253588643485,6.673849873286768
888,889,6.920693640140572,6615.950822115729,11.401873368101018
888,934,10.601081615025405,3944.0354575835513,8.57797193418234
889,844,5.038751797635772,3408.7626227957744,6.033780326806074
889,888,7.916660171827275,6219.540138628194,11.268397516434684
889,935,10.622690984773692,3331.5833612282595,6.700941141709313
890,845,8.940116410407885,4021.201660555384,8.665417478706129
890,891,3.9351791649867227,17300.733426429582,25.24518770020904
890,936,3.5377848009623136,3938.483978869177,5.018774960530844
891,846,3.8606336404071295,4594.1197975311015,5.5650393366847215
891,890,3.21426498982195,4685.408025824194,6.532796003675571
891,892,3.8599645256246293,3818.627502532753,4.5488061326949545
892,891,3.288602160475368,3819.89448371707,4.567190510318042
892,938,3.2288457387000737,6236.89830357716,7.079887059011777
893,853,3.656007482858652,4350.799792821241,8.18629941070161
893,894,3.4298600074641894,4863.813567919722,8.142977400565432
894,893,3.7494062471775678,3784.0070879920663,5.070217301078877
894,895,4.9903185796177825,6571.475120492804,10.667900924066604
894,944,4.693568044613369,6799.473239749717,10.267443801007378
895,894,3.1962200049621,6571.274024857269,8.179580514185886
895,896,3.4588104333393077,3779.966407472436,5.3488342346806945
895,945,3.3136782347099345,5106.445004017758,7.890653067778656
896,854,6.367829668029954,4534.07899003001,10.2852150891456
896,895,6.87626549392946,3779.966407472437,7.564894504492675
896,897,3.77229054409351,4245.576528135128,6.758002512924175
897,855,4.512285082319886,11029.805596219405,18.22411012891422
897,896,3.3073263558982338,4245.576528135128,6.630732466672756
897,947,3.7792630331039607,5127.344590700318,8.186935441863197
898,856,6.469289319305025,3595.771007155417,9.021504488663515
898,899,3.7962627910072095,5098.703015150903,8.230098387923793
899,857,3.7267670706518867,3342.221996528785,5.872184663789813
899,898,9.558493873144474,5098.703015150904,12.691328554008898
899,900,5.623627756858697,14831.772472204337,23.40135450857488
900,858,4.836869282630103,3552.208847207903,4.71222005003214
900,899,6.629360577134136,6658.457842011503,12.416739900774475
900,901,4.876479508591913,10840.932952125326,19.96517662117469
900,950,3.7740842614887327,5584.592929539365,9.086244036265366
901,859,3.871110580638579,4173.618135069641,7.4706810793106175
901,900,6.118472223037168,17444.69231200597,29.934331748193173
901,902,4.192617589323539,14497.288551107718,27.579329727176617
901,951,3.511513292741879,3982.412841557357,7.5181207426094545
902,901,3.7551481326072405,15775.74188035108,28.967624532498508
902,903,5.149542992052833,4245.778491519375,8.637673003507029
902,952,4.153912364429439,21437.33587705476,33.886150642233936
903,861,3.8769710278631546,3567.9369636106153,6.290395994278468
903,902,5.141121259127017,4401.161634851847,9.247825383916268
903,904,4.773513515345197,3820.395324646967,4.698601652977152
904,903,6.349359514784316,4172.383108653137,7.005546246715687
904,905,4.293908945739402,12020.717280725656,19.688075831015635
904,954,3.570977082215916,5700.995181855432,7.387498195978381
905,862,4.256895824893156,24520.911422055695,40.097501554448485
905,904,8.11322060532034,5748.6473384504125,12.080352993734463
905,906,4.55752520826673,18977.94235239988,30.921133028938595
906,863,24.48433000398788,3192.761116789942,15.12861243342269
906,905,3.9992391064103123,38665.105431872376,65.43384744676963
906,907,3.253789338264068,3398.277528832786,5.613417690986109
906,956,3.222140415037018,3272.796401751605,6.164129352418781
907,906,3.785542460684037,3409.2006402542925,6.12664487007244
907,908,4.364758614183243,3571.301134681656,7.019803166510856
908,907,3.1962200049621,3532.08518326089,5.804513342494701
908,909,3.230682920499876,18916.246076232517,27.38767372665279
908,958,3.612165221565497,4136.202719546939,6.9609766953048675
909,908,3.4670882352108365,18662.967065045348,28.61954633430973
909,910,3.7976163381620913,4585.454663842889,6.832256533818641
910,866,5.1211346746554804,8260.994554166458,13.244489223122148
910,909,4.2580264817927,5310.199887155619,7.738008441214348
910,911,6.3900522609682415,3817.893045117742,6.380719225968329
911,867,4.260315510838859,6456.405165023378,9.773678457697963
911,910,3.1962200049620995,3856.495680429552,4.317666824247766
911,912,4.073781513582405,3380.090141705753,4.656072010258292
911,961,3.3547828566990767,4973.777468778847,5.365645681735595
912,911,3.1962200049621,3378.735247845696,3.6923886173884086
912,913,5.647026595280236,4113.69575469983,7.69094493052275
912,962,3.9124031459147965,5007.200903552653,6.300729857612196
913,912,3.6111962785936282,4077.4235196651703,6.299547140949199
913,914,4.771572775814662,4728.5594164414015,8.145806100119131
914,869,5.343871596442697,6970.467499721625,13.49381543048192
914,913,4.329693326888986,7207.807713232479,11.967824788025094
914,915,5.271571480757578,12018.598074838432,22.446148196481193
914,963,4.326722922404027,4730.458707977381,7.605782817179676
915,870,9.892467764938578,15861.526217293756,42.427430356880755
915,914,9.989755123568214,9281.286932077854,24.086700514310905
915,916,7.255365332519754,16413.355994790032,36.91837013999132
915,964,7.052832220660136,18769.163360391387,40.78552500054178
916,871,10.094676454702084,3523.704200643738,8.439017701147353
916,915,7.07784340103008,16433.439266969806,37.312088899480955
916,917,3.352167257879829,5586.552533346585,7.536202132329273
916,965,3.490603622545729,4013.126379317472,5.712463420870293
917,872,7.273544968216733,4100.568716454489,6.504282323130303
917,916,8.403448484250548,5653.477567417335,12.00443889758789
917,918,5.2709021492694035,6432.770524753416,10.86403289461204
917,966,3.1962200049621,8446.271381245395,8.307253746610273
918,873,3.6976485125557597,4424.583599889898,6.006117440889586
918,917,3.352529653418623,5123.364682740706,7.398007358941449
918,919,3.547237950948751,6989.0483185282665,9.572156201227523
918,967,4.94475766110155,4202.571290217534,8.71856898883532
919,874,5.089572301797929,3086.7718837490747,4.848454036448135
919,918,4.874077017421518,6988.369785948951,11.987086876588766
919,920,3.661910159113625,6327.182121495296,10.00022172134956
919,968,3.8194478682626776,5193.407306984424,7.144553089351518
920,875,4.451939204292908,3743.5452077235873,6.219683836856644
920,919,3.9859165668622625,6583.833012502069,9.928844159674355
920,921,4.096859083242,5541.549898152705,9.480886377413276
920,969,4.147047023640099,3933.8225395994145,5.971315645319477
921,876,3.1962200049620995,3090.552429221065,5.3046236943536025
921,920,3.1962200049621,5285.847340400291,7.629739595630142
921,922,4.43066281476286,5017.744595526846,8.629704058976046
921,970,3.548667615233618,4441.369002668879,5.959778082777747
922,921,3.1962200049621,4755.012304317675,6.8451980659440235
922,923,3.228570561008108,4750.066728335301,6.872588630788192
923,878,4.719684591896855,3633.002513898342,6.088762649293634
923,922,5.00117259935084,4730.024185713727,8.576516819404107
923,924,3.6587556672848303,9224.195947752094,10.813988077340426
923,972,5.032456492060026,4846.417247512251,7.3776730692660335
924,923,3.643987705492389,5060.218925285604,6.4669485044605866
924,925,3.8547526222795403,10556.862682888135,12.207307853682329
924,973,5.664514263912673,5374.12652940786,7.124854487927784
925,880,3.3540211938118696,3562.405852980828,4.6628032444147784
925,924,3.8534808362363466,6040.185689837301,8.42843678495549
925,926,5.474615871967912,6438.700592161864,8.815790208898438
925,974,3.1962200049621003,5768.824070382616,6.1681447593747105
926,925,3.6947736706313776,4991.135088501835,5.649852374464823
926,927,3.896807360806332,4604.111218887014,5.162410545221894
926,975,4.105302195863653,5776.206919273687,6.103421654151119
927,882,3.961942345964082,6701.844330121042,6.730552013107627
927,926,7.504590990635582,4606.932081581443,6.718557107277402
927,928,10.775157014127538,5316.860941355724,10.326436204357474
928,927,3.9933273457596594,5305.2593809761765,5.834832496009088
928,929,3.772722866760251,5557.51102341459,6.704252177193757
929,883,3.445798859338202,4715.873836325111,6.115334727057307
929,928,3.98699228444412,5557.51102341459,6.463723803855453
929,930,3.9059235423367364,5831.691379910717,7.543905898289461
929,978,3.354363888319872,5448.477059046972,9.367447317745016
930,884,4.606188925308647,4083.707934042487,5.913679386652533
930,929,4.595892664786714,5831.691379910716,7.944909196102898
930,931,4.676291493068489,8471.057475436663,13.17102498403714
930,979,6.273612839879783,3646.848434705065,6.2986395139787295
931,885,5.351884601476879,6283.089980591891,11.072221981347363
931,930,5.31294449700327,8797.106383325785,14.957614068069466
932,886,5.166828943338202,3738.0843509952456,6.18451253775202
932,933,7.011036607196747,5341.561013067351,10.56722174718978
932,981,4.741851254891177,4045.9430417891,5.386172157106769
933,887,4.436394509630383,10496.632512995317,17.525621854834405
933,932,6.262943931924989,4910.472922833669,10.248804962462994
933,934,4.4495888426822265,5978.429985987415,9.612586045378483
934,888,4.4470424566849385,3905.937206638992,6.430503069477569
934,933,4.446083196497926,5966.332147114518,8.342519917008492
934,983,3.8746784340239575,8221.32537702648,10.148605119823058
935,889,11.551215801754111,3330.329164342508,6.595224702637319
935,936,7.744885941999381,6132.835978533198,10.368657619493964
935,984,3.642727721210648,3721.760893951294,4.679939945607252
936,890,7.662820228952459,3938.483978869178,6.1800799344992905
936,935,5.946637435804174,6132.843860323033,9.8151763911303
936,937,6.487834584555321,5755.694326389032,10.138756456804249
936,985,3.6966607249773036,5201.736867376589,6.015073685947522
937,936,5.245619435588831,6028.200361025999,10.29085653663512
937,938,5.595531009030239,3412.8000556051174,5.937202855837592
938,892,3.5323043335562603,8551.695661651052,10.903766054968624
938,937,3.9273652561656105,3326.2854980831507,5.2331791884318415
938,987,4.5331713802490645,5385.833571182843,7.4306882788195505
939,988,3.609793736014299,4001.436025148105,6.854463402321051
941,942,15.019378062000406,3922.0278770376576,10.72394306904184
942,941,4.68443971723717,3928.033997089646,6.976061981704952
942,991,3.1962200049621003,6060.592323497384,7.1850055031121
943,944,4.528122909187996,3907.523005269897,6.090990397985882
943,992,3.898758256389508,12167.938934110747,17.00984697413535
944,894,3.2326672741471665,4378.918103267056,5.360017536218299
944,943,3.358646266694026,3893.881065061398,5.324964425114501
944,945,3.8353310283767224,4511.253273065524,6.635811047439227
945,895,5.757087573206173,5411.097413951877,10.946391598609956
945,944,4.371958350908736,4307.03799770719,6.424021257613493
945,946,3.214383813905151,3441.0303831666843,4.794882604245254
945,994,3.1962200049621,7337.014366834673,9.969673572982623
946,945,3.1962200049621,3428.609781170978,4.5548522254009765
946,947,3.1962200049621,3164.072684185545,4.444584819922777
947,897,3.6452495430121026,5126.653800957509,8.401804913302318
947,946,3.1962200049620995,3150.296032742288,4.1549749902474185
947,948,3.2566311601256253,3304.9528165394654,4.914406660068012
947,996,6.876740489776541,5230.693598940015,12.163256796145436
948,949,18.52788484048309,3444.054011668645,13.891571076186755
949,948,5.422405344434365,3476.1250796000427,7.627257404612038
950,900,5.648708181551105,6330.721740537208,12.20885422923898
950,949,6.9996980831926345,3430.8809642603997,10.90235154549088
950,951,4.465126168956995,7526.074342919159,15.902281092712435
950,999,4.175727300007791,4286.944699097835,10.176030253243054
951,901,3.609144287544184,3516.724671941026,6.446644776298834
951,950,7.1310325476635,8390.167260549806,22.51471758730498
951,952,4.252968667236622,13663.172892551473,24.95048193849366
951,1000,3.559954566520809,5970.328726813847,12.150447617605828
952,902,4.3699812110343865,19815.296660279477,37.86770696163484
952,951,5.080629174136101,5005.557171705443,10.086967069069836
952,953,3.9452826846781996,3755.581597735419,4.865385335333595
953,952,8.287863200619457,4446.362622371392,8.773894344898894
953,954,4.28765881334107,6507.932568826411,9.508765844879749
954,953,5.891310458317716,6698.87846787786,11.870423882105555
954,955,3.1962200049621003,5129.429595538214,6.5322745763822585
954,1003,5.245910271421501,5155.468620037122,10.157709961942988
955,954,3.2295917528846507,5145.671804694428,6.595524160014863
955,956,3.5049766516858063,4325.48679330637,6.309230329494431
956,906,4.416051606094999,3258.1920680867215,6.831347570849452
956,955,6.205684511651247,5005.411754635506,8.785587649660119
956,957,3.4462701201296686,5885.471996361046,8.62879388110905
956,1005,3.443091411903673,3845.691038955045,5.20971102807504
957,956,3.436257964227899,5934.453035621241,9.242095133591205
957,958,4.015781810824113,5637.246018005778,9.833643181888966
958,908,4.020745093424038,4165.8884326122625,7.57221368376315
958,957,3.4971964197054413,5564.580831699239,9.69099485672604
958,1007,4.116564131506104,3105.431804403911,4.658057121068108
959,960,3.1962200049621,5199.612544720343,7.0219400940975545
960,959,3.4272954716835318,6936.313055857059,12.079153057740932
960,1009,3.2791408006369536,3793.604752474886,7.584765359811362
961,911,5.935853966939593,4947.638478264036,7.538798082721815
961,1010,8.087779153058861,5221.0454313187165,11.602434542190032
962,912,3.9226910070341625,5029.714161488275,6.689906391658664
962,1011,3.788346392471456,6369.879810813269,8.734971824111442
963,914,4.36682256121008,4741.2375950162705,7.848228717322373
963,1013,5.100455487970699,7549.511382219373,12.35477164859696
964,915,4.893331520591968,18516.63142624023,33.55046269525817
964,965,3.645537262858704,8156.55525704631,14.79491347552435
964,1014,3.53514438115331,4532.016774192778,8.33076270512285
965,916,5.175089418046853,4152.571105532544,6.937450962204889
965,964,4.319285704311855,8432.544863208366,17.3995729731108
965,1015,3.728188019672457,4253.865623799033,7.828768420055031
966,917,3.1962200049621003,6799.32128127712,6.560660810086593
966,1016,3.5134932348993035,4670.510764026225,5.643791377462513
967,918,3.5056106398226468,3856.090693990213,6.547878777555287
967,968,5.191330240378613,5050.1985598681695,8.643033377592346
967,1017,3.618838601594514,3393.8809671987674,6.084606417449791
968,919,3.32542591731135,7688.7522571526515,9.773319894421778
968,967,3.490859597007978,4695.401476809038,7.6941563765462355
968,969,3.4705932059609284,3718.7185623379146,5.2737299230907775
969,920,3.1962200049621003,3771.9049383401366,4.99333217620751
969,968,3.703019962939312,3705.544590129577,6.374322586976278
969,970,3.71495698431606,3369.5506500201946,4.0307772868297125
969,1019,3.1962200049621,3390.4544655159116,4.996041010439222
970,921,3.5164372308629996,4441.369002668879,6.986632337966599
970,969,5.512797504523861,3369.550650020195,5.526993698789343
970,971,3.571919740093695,8629.912477497483,12.235123614156285
970,1020,5.4309419114219235,5601.582559678779,9.17721216549538
971,970,4.1107992154072575,7859.935145216023,12.794116078690964
971,972,4.88797194720948,4637.3795161347,6.319295800388391
972,923,3.653985396019827,4846.417247512251,6.364257897451802
972,971,3.38295999979496,4501.248809815064,5.056622264401557
972,973,6.237813203128495,3597.4293497229255,6.714382256324618
972,1021,3.3202489960688206,4535.523362349292,5.781194929945233
973,924,3.3163772031547625,5374.12652940786,5.5828749468336865
973,972,5.029721700985603,3597.4293497229264,6.411790784468499
973,974,3.8777660574222472,3642.366460093312,4.178145675306883
973,1022,3.1962200049621,5307.660624863811,5.631499822984409
974,925,3.9576071725256083,6091.9256008065195,7.236882947085287
974,973,3.41741705024576,3642.366460093313,4.164177452352364
974,975,3.9305964816519743,3913.1695337576425,4.2523175226292835
975,926,3.741485765980915,5776.206919273686,6.202521542315351
975,974,7.0945185362774925,3913.169533757643,5.796474443738472
975,976,6.072033792188151,4243.664155759436,5.51226961977776
976,975,3.922451752687417,4243.664155759436,4.616998789361954
976,977,4.731465729902293,3471.9411415715376,3.825808921055051
977,976,3.6914819056644306,3471.9411415715367,3.4331013240194435
977,978,3.6885483345141377,3538.0835546795806,3.7988105596961943
978,929,3.4219877892192025,6307.344383189637,9.798783570265982
978,977,18.285861343309435,3538.0835546795806,8.145825492329129
978,979,3.9157473721730027,5037.690093849025,6.109753948106123
978,1023,3.348374471234968,5367.05084317621,6.197164214196141
979,930,4.417242958766721,5969.888157727819,7.623707166010004
979,978,3.528961415521255,4671.85110732155,5.444073970095021
979,980,4.5306943053347215,5611.54308094312,7.555264805537054
980,979,4.5941436426022895,5611.543080943121,7.710165881946303
980,981,4.663388990824562,4734.464523801035,6.3322491433645
981,932,16.930402349008062,4045.9430417891,10.51458076750539
981,980,9.283477128497,5966.955704501996,10.889861220676757
981,982,12.160079134151992,5035.6492807992545,10.488879769769325
982,981,4.385838994139736,4608.805703033104,7.030676687438696
982,983,3.965674328260767,4348.540142621801,4.62450962070108
983,934,4.364745952446373,3747.4709458694974,5.266822279794296
983,982,4.070076700456919,4348.540142621802,5.028454912203454
983,984,4.0042852635586925,4812.683881856735,5.00451024752055
984,935,6.4145799720347325,3721.760893951294,5.506571397404278
984,983,3.2093212640578246,4812.683881856735,5.017216567356967
984,985,5.8094540643176105,5438.5616702412035,7.914213761177661
984,1026,7.737069213793181,4047.29921557533,6.910453610473272
985,936,3.338936201675831,5201.736867376589,5.3728850395105585
985,984,3.8184593942568275,4012.458387550929,4.792128836342173
985,986,6.951327848797371,4127.066798896942,6.592182440660125
985,1027,4.8803418118313555,4338.108965011526,7.124773780961304
986,985,4.410692938969949,4127.066798896942,5.675296268628123
986,987,5.778274809162582,3966.348945632918,5.363425425271328
987,938,4.912026293930976,5472.34812870481,8.143866768755982
987,986,10.320065320344241,4512.181734443663,9.113128868121835
987,988,8.168010704457448,6212.886213707653,9.447983306080616
988,939,3.641784777931863,4011.437710766604,7.380889373260733
988,987,4.977619838316476,8987.139911119937,12.276242216078684
988,1028,7.213385725366123,4252.183959341651,6.401195127304842
989,990,7.142618338775397,4605.809452573879,6.194573554052923
989,1029,13.502616716109912,3764.681087684602,8.30109753631617
990,989,3.767524968102949,4605.809452573879,4.818105830354513
990,991,3.1962200049621,4673.0113333004365,4.805039402151568
991,942,3.1962200049620995,5810.276325787027,6.572735196240965
991,990,8.416596696344229,4673.011333300436,8.026682402704154
992,943,4.286628374483017,16727.953033870137,25.68642824585013
992,993,10.233543360804237,3489.106423557265,7.484387079857909
993,992,5.531421632439733,3309.6674680438473,4.736271010117456
993,994,4.446950774502926,7668.404590717468,11.701801233786508
994,945,4.926046967799521,7845.357769442071,13.697325293116224
994,993,4.7254684115431305,7668.404590717468,11.215599261353823
994,1031,4.3317125893153285,3598.360971079531,5.280311203178639
995,996,8.14808096133801,4830.111775299436,11.658043731422058
995,1032,4.418807016094062,3699.446796564169,7.370595914035152
996,947,4.087398325235222,5044.470310169891,8.116208759701415
996,995,8.430703529922285,4830.111775299438,12.17073194702194
997,996,10.454257534642627,89811.66388093411,254.1926749252792
997,1034,3.891679313527153,3208.809446085942,7.61505023080523
998,949,7.098224507725122,4453.2580630563625,9.882361566170657
998,999,5.17070475375066,8771.122732672775,17.946830129088347
999,950,4.146491897800112,4728.141200828817,10.742561559593613
999,1000,4.984864184187464,3545.7459316583772,7.922504478023908
1000,951,3.452629039993772,3454.746143839889,6.991512118031954
1000,999,7.694523044819816,3568.593238214279,10.493723829297313
1000,1001,3.6499299240938465,3650.0981883702234,7.049227910211112
1000,1037,7.288838882489545,5013.809100247408,11.560034755477153
1001,1000,3.6138091805346613,4474.929789335448,8.419564840000628
1001,1002,3.233037682540935,3568.5690428044336,5.115068560773894
1002,1001,4.2118755420716765,3696.063286970076,6.217091188609824
1002,1003,3.343893968409408,3308.482047488572,4.525174720784612
1003,954,4.299043176955751,4936.598573663776,9.115969687876246
1003,1002,4.174334054307272,23037.715685960055,41.36265530493721
1003,1004,5.215388625396675,3528.1205999859462,7.992215055256057
1004,1003,3.3428755917560475,3436.8449429620887,6.002501141205929
1004,1005,3.691957461396483,4269.862115188753,7.479977133992317
1004,1038,4.052191944395164,6282.22891431682,9.32732851279593
1005,956,4.010849631486099,3874.5306519584337,5.764005199403989
1005,1004,4.617950593618641,9182.217821108035,14.89016410312351
1005,1006,4.21909239521626,5529.138250033355,8.937688199332673
1005,1039,4.147976223865037,3668.354893747187,5.578759266304722
1006,1005,5.828214245277876,5876.221899614225,10.975205492612094
1006,1007,3.94790005898935,8529.253304926982,12.70911162809614
1007,958,5.39270908530304,3201.724647139278,4.985061441858383
1007,1006,5.631163634819795,8632.595543814323,13.693184889509258
1007,1008,4.190615200884115,6310.401766936577,8.55633230212584
1007,1040,4.8211117117343365,3146.368002158978,4.003197116673031
1008,1007,4.147473414521885,6317.36698265193,8.629229082119181
1008,1009,6.270502472506237,6565.094777364347,14.74653381132894
1009,960,3.277421665803079,3305.705014013429,6.613635886262455
1009,1008,3.4753321713335,5593.24547643892,8.917205484080736
1009,1010,3.441258851882111,5655.719855084344,10.892841889374182
1010,961,3.488658753057841,6199.5273012544985,9.3212799810453
1010,1009,3.4689492747461306,6627.186436871024,12.07599354147686
1010,1011,3.6520288564922345,8899.846369115907,14.200245971521356
1010,1043,3.8348961521250278,12644.118941457582,18.621301940483946
1011,962,8.10866840538474,6389.51780516743,12.767824670213326
1011,1010,3.668996659274698,7930.997480182356,12.411608074827353
1011,1012,4.706968218473912,11004.131079090315,14.760988748281816
1011,1044,4.038428777954002,5292.392246008924,6.607276465578664
1012,1011,6.996099280028778,8158.439754516494,16.646365592916496
1012,1013,5.448111953265008,5466.190835802682,10.21728946723407
1012,1045,4.649336398760968,4621.214211327559,6.881700696843742
1013,963,5.1859640100820235,3817.747291127086,6.736879343508679
1013,1012,3.6263082694956466,4660.515299064767,6.796507540757197
1013,1014,3.813269747255905,5546.796288977535,9.626921232661743
1014,964,4.642771829784308,4809.520368029871,10.227854471676366
1014,1013,5.153486925455877,5551.072343633503,11.545480562725704
1014,1015,3.5988848958168353,7130.895795825517,14.2075695463674
1014,1047,3.1962200049621003,3639.778077878209,5.520095889716404
1015,965,3.651597992395471,4323.046646422032,7.22316168489716
1015,1014,3.6117529804955453,7201.401513419722,14.19504203708595
1015,1016,3.755358805795709,5294.548087181762,9.115572654758203
1015,1048,3.814100392473585,21582.07772850136,24.89740112725194
1016,966,3.5697861658948375,4741.731307461639,6.132425317493009
1016,1015,19.035547100489996,5237.2891203822255,23.00249300533988
1016,1017,5.613703611358122,4735.877513579728,9.544652149522678
1017,967,6.741210509638501,3407.026669110691,9.032819354770504
1017,1016,5.101847140034986,4662.294737981703,9.391248790487126
1017,1018,8.74446396345382,5038.357005169084,11.250127814434972
1017,1050,3.1962200049621,3391.251247350599,4.309725572953225
1018,1017,3.2292028120182823,5021.106597067892,6.788916713689349
1018,1019,3.1962200049621003,5609.082435648901,8.160645361987552
1018,1051,3.6011166423509926,7408.687778520298,8.75383408659302
1019,969,3.744264642775532,3390.454465515912,5.145973992344294
1019,1018,5.1158077891844425,6391.068307950437,10.85142281684799
1019,1020,4.560419331235384,5136.819380164511,9.387101310419036
1019,1052,3.490106194848094,3540.3331702383443,4.075764325217412
1020,970,3.372067691329271,4583.155493408717,7.082911991997193
1020,1019,3.1962200049621,4888.369646175908,7.524714090971445
1020,1053,3.3689189701563182,8796.851116998296,10.686455098066151
1021,972,5.642650057618697,4535.523362349293,6.953789298495764
1021,1055,4.924835120805412,4246.232954959648,6.069293121404554
1022,973,3.2716443399521813,5307.660624863811,5.9470505247518535
1022,1056,3.1962200049621,5429.32326521761,5.649426192257313
1023,978,3.252059885501928,5367.050843176211,5.844895053527008
1023,1058,7.135888646426068,4044.94145214,8.033777005528425
1026,984,4.014223225430082,4047.299215575331,4.367859225502492
1026,1027,6.034085992249306,4836.595065710998,7.059281458806737
1027,985,5.399884516239929,3814.4301210554713,5.665502998636304
1027,1026,4.639892391555789,4836.595065710998,6.525633889841899
1028,988,5.1177060795077844,5951.783010883595,7.893455076306498
1028,1029,5.196221218744476,5307.480892105454,6.200321306387881
1029,989,4.821952610901229,3764.6810876846034,4.114139294620185
1029,1028,6.636276883677234,5307.480892105454,8.62024001021407
1031,994,4.3277893488160375,3598.3609710795313,5.4420423540181435
1031,1032,3.858046881958899,21441.116533791068,33.65876923194511
1032,995,5.090940445090824,3703.268788185337,7.218127598531085
1032,1031,3.7722152122650825,21442.60225098535,31.84032660465774
1033,996,4.623605302895341,11062.52816085456,21.2314533591176
1033,1032,4.200872026325183,4954.485181187135,9.69013372432696
1034,997,3.2727600020555334,3163.125895517476,6.771251343160374
1035,998,4.947952129115584,15729.037083252031,25.37017738237373
1035,1062,3.2594078049831348,3343.359899017172,4.5694546329294745
1036,1063,5.980172432601442,4866.12243811333,7.80570488504617
1037,1000,4.8251831683452515,39753.95327398573,66.23548993565672
1037,1064,4.362077628909519,10847.759009503225,14.216282768465174
1038,1004,4.892937411289178,6401.428718662573,10.588698247090786
1038,1039,8.383638285812873,6272.559977173318,12.10504961171143
1039,1005,6.336174743431457,6300.508676980666,10.851932134892117
1039,1038,4.578909903088779,5494.71377305848,7.92276860560642
1040,1007,6.569641799023444,4508.246728280734,8.92676497393932
1040,1041,10.042793012070582,3914.247965418291,9.142171996601606
1041,1040,4.60687090779097,3740.777693253569,5.573634664905483
1041,1042,4.391280436893658,8234.26458327948,11.116864905209168
1042,1041,4.015821262075957,3966.953829953396,5.2905948032150665
1042,1043,4.175201551615077,26157.585374413495,36.82250424725423
1042,1066,4.221414131726748,3756.940058973809,4.896224679193476
1043,1010,3.726513865245114,11643.446638103498,17.136879224764826
1043,1042,3.7530223625303707,16538.10926931795,23.490940688099545
1043,1044,3.4980115110589223,3137.3273126951353,3.8397567418252767
1043,1067,3.717906182954601,6694.178315996327,9.098489080007491
1044,1011,7.663022282826124,5553.899267475573,10.707135346595733
1044,1043,8.23646405578463,3137.3273126951353,5.382990107759801
1044,1045,3.7209705945928793,3027.095683461844,3.906786074340506
1044,1068,6.156847263220184,4928.917357779315,8.28059014948286
1045,1012,6.022219763910265,4621.29642153356,7.309375404693405
1045,1044,3.956962581250856,3027.0956834618437,3.9670563809916537
1045,1046,3.8429638927963357,3091.510511124006,3.578409088606111
1045,1069,3.1962200049621003,4226.566122499321,5.395802315578389
1046,1045,5.91740199343815,3099.8133970917174,4.640295826737381
1046,1047,3.4893587710848464,5079.512357463216,7.491984432453184
1046,1070,3.251519608329014,5240.483713795418,5.902171088182277
1047,1014,6.441094189371257,3652.0043106309663,8.099655439520586
1047,1046,10.997161631234999,4650.216510666652,10.848843801766964
1047,1071,3.1962200049621,4672.137011340594,5.400185511190992
1048,1015,4.3495240843392935,4363.698945648358,5.452899766051899
1048,1049,3.8256323988856344,9863.109427248935,11.44933039721316
1048,1072,4.623898987193416,6426.145270106189,9.037157523138802
1049,1048,4.5551750244544476,6125.144870927183,8.302660985971931
1049,1073,3.8306708536891088,13064.507644357733,15.20697444621357
1050,1017,3.699283264215738,3420.244326092578,4.80638448629832
1050,1051,3.519227166330878,6052.401006037908,7.468976871214541
1050,1074,3.1962200049621,3483.610886757127,5.599046160604967
1051,1018,6.080494875398437,6948.924175699352,10.675435505942678
1051,1050,3.6822242960030866,6062.208258334488,7.88763273423576
1051,1052,3.616261974111079,12741.81998617239,16.15325811426249
1052,1019,3.557186447044614,3526.0585827399905,4.683808606043506
1052,1051,6.322426524305631,5538.53704074272,9.88413373291746
1052,1053,7.509496128374448,4202.169261864317,8.388348767716352
1052,1075,5.914656289081936,5080.702470437132,9.670065168367088
1053,1020,4.313283283677402,9045.300850986898,12.6921380549379
1053,1052,3.697833732600261,4196.635153540115,6.009411511431043
1053,1054,7.498025092685103,4254.553968971872,7.0024555011760885
1054,1053,4.062637997778513,4254.553968971871,5.170115497276482
1054,1055,5.096598973554712,6194.676448225731,9.201303741019885
1054,1077,3.856800097379085,12040.404258564038,15.529028508267322
1055,1021,4.891917003267071,5827.376308020683,8.280296047437464
1055,1054,4.662121348150263,5256.43235243688,7.463750531459903
1055,1056,3.644549618877703,4391.612206343974,4.565759966676747
1055,1078,3.1962200049621003,6682.986880071159,6.820596807331487
1056,1022,5.776023656453976,5429.323265217617,7.8357791937421695
1056,1055,6.211215824059701,4391.612206343982,6.7045124778094305
1058,1023,4.206151592402501,3965.383534362244,5.738308312170133
1058,1081,3.1962200049621,3399.281296012179,4.579556973333698
1060,1088,3.6571109158189232,6665.470508453092,6.31245305165883
1061,1032,3.6628029904445114,3495.476025003295,4.634447463835195
1062,1035,4.067969835025875,3197.5649626369586,3.897377949207645
1062,1063,4.379578073297664,5403.123051908589,8.329302115799793
1062,1089,10.244436013104695,3407.9983312836184,7.165975518437358
1063,1036,4.149244282104177,4866.12243811333,6.1679527868541575
1063,1062,4.58103466344391,5403.12305190859,7.8053371485180065
1063,1064,4.094654003844972,6263.411093341401,7.844546232133983
1063,1090,4.265068334743256,4833.676439331857,6.880555806177163
1064,1037,4.032842245211372,4431.46558407327,5.4556054646786905
1064,1063,5.008855403242264,10685.914766271197,15.234604020888243
1066,1042,5.51376148482507,4006.090332743169,5.962300287083407
1066,1067,4.05212320546014,12519.70563723718,15.055991671126876
1067,1043,4.3314139558295786,6694.178315996327,9.147116042995648
1067,1066,4.047764200533528,5797.496231283207,6.648631661673397
1067,1068,4.074199358649767,4246.308620149972,6.019133937037857
1067,1095,4.052006442815645,10607.728541075554,12.740095866946366
1068,1044,4.514553624193759,4928.917357779315,6.715267306638051
1068,1067,4.065387739963418,4246.308620149972,5.948417497139418
1068,1069,3.1962200049621,10245.92589182647,12.955406500226184
1068,1096,4.48860050600218,9322.856434113226,15.394263969896908
1070,1046,8.07149888588241,7171.797737873616,11.783482908107818
1070,1098,5.122083370659778,3767.7330034639,7.04345756232971
1071,1047,3.1962200049621,4686.416449681386,5.742295102459872
1071,1099,3.1962200049621,4646.009361797688,5.233063661701295
1072,1048,4.568604883412129,6426.14527010619,8.773163547574473
1072,1100,3.1962200049621,3825.575935405772,4.1588420338948575
1073,1049,3.7752180482028064,13064.507644357736,14.759299311693333
1073,1074,3.4536054190613794,8737.453278481427,12.28556743447873
1074,1050,3.1962200049621003,3471.091362177893,5.4353491303907475
1074,1073,3.5758150744198645,10580.843487645388,14.927367798417093
1074,1102,3.5190399139367465,5595.322805801389,9.72014534201169
1075,1052,5.000707556761809,5540.90722862646,10.535954230216776
1075,1076,6.301337361848835,4540.412510975422,8.727797856165147
1076,1075,3.28084914352944,4540.412510975422,6.423023287037767
1076,1105,3.652165687505427,5055.011278923877,6.23593885697802
1077,1076,3.89800002766904,19826.25740406878,24.80186875778529
1077,1078,8.708230606669492,3601.6956979835945,6.689296211032504
1078,1055,3.334675380202403,6652.670548866174,6.626605237557729
1078,1077,3.2527899091894463,3907.361606603002,4.500822273655947
1079,1107,3.8313237931671833,3832.26576141986,4.347555911070058
1080,1081,3.1962200049621,6344.806241411978,9.647256858357082
1080,1110,5.096397361849292,4293.93733418721,7.227821166803187
1081,1058,3.1962200049621,3573.0500698797605,4.919518137573826
1081,1080,4.838130146626957,6344.229907876857,11.336866393423144
1082,1111,11.915078068075795,4137.766389200535,8.56120511044162
1084,678,3.9559529430532008,8015.493125185099,11.939751364344872
1084,1085,4.509276177925456,6704.377486610311,10.350475863627745
1084,1345,3.705813340118764,8400.728551339898,11.352354853397406
1085,1084,4.863995743614013,3673.0007125028137,5.61483500134998
1085,1086,4.196905168225688,5640.140111181959,11.651794026881344
1086,680,5.040096170370351,3405.0040166184344,6.466448248686336
1086,1085,4.676478720881834,5659.381156212708,12.548212123956665
1086,1346,5.212995061306148,53544.60946386936,87.77594839473369
1087,1088,3.7222752084489934,3464.642296989501,2.53577669586437
1087,1113,3.7081474678686397,5829.59805150374,7.201866791641919
1088,1060,3.675711532260733,7299.148815216698,8.108832779870177
1088,1087,5.249208382605715,4151.963886021664,5.704126929188186
1089,1062,3.9667600400418426,3407.9983312836184,3.831454094510232
1090,1063,4.985400174425972,4232.772160363591,6.070681012904098
1090,1116,4.664755109375881,3561.5380275219027,5.327496757258513
1095,1067,4.048229319032221,7013.581431205241,8.083280926460471
1095,1096,4.719910307441926,4936.190642970361,7.405063424280149
1095,1120,14.375095054933377,4454.897733045212,9.804821746399252
1096,1068,3.7874562834377326,9127.004027544504,13.632725951588782
1096,1095,5.7411535679667525,6454.0870583313035,11.914892416001704
1096,1097,5.975234520625957,6602.646360090224,12.354959791539253
1096,1121,3.7071241353330286,3869.26675775412,5.962707501442946
1098,1070,3.8397120955398902,3478.6853877125504,5.5691955644963445
1098,1123,4.6839236633701535,3775.774906495849,7.066461237488611
1099,1071,4.016738450986977,8204.824022907764,13.141563816759426
1099,1124,3.273106267283184,58347.23730527421,85.18076901160659
1100,1072,5.1454042883181765,5267.832337242659,8.672428159260246
1100,1101,4.740361616477239,7933.716755412559,14.931125742613467
1100,1125,6.000048443811585,3322.8178802076263,7.376073306974681
1101,1100,3.8586206368647655,6153.032331137149,11.270325401422555
1101,1102,3.464430149750723,21402.569782486196,34.27961751974273
1102,1074,3.7887236373190416,3976.734773773848,7.119775263302058
1102,1101,3.4664875654526868,27540.562094525267,44.11809285256687
1102,1103,3.981519611337588,5064.415732015802,6.935376158628023
1102,1126,3.565090017646946,7212.6791351331085,12.096201574433474
1103,1102,3.1962200049621,6005.822118691201,8.652767923878438
1103,1127,3.643111953267814,4305.998772082709,5.269176317057865
1105,1076,10.652425451767833,5055.011278923876,11.87206124231722
1105,1128,3.922464621918853,6690.936053926251,8.25868516727037
1107,1079,11.60352784365041,3832.2657614198592,8.305390826966669
1109,1110,6.177511426207231,7149.831705294319,11.998301444777534
1109,1131,13.793649309256704,5051.456394427766,12.308651575005728
1110,1080,3.1962200049620995,4155.8666176178385,4.607172656051707
1110,1109,3.4590053121189674,6739.170639227066,9.609953945250044
1111,1082,4.198386988401773,4137.766389200537,4.508702373138303
1111,1132,12.082700092786778,3301.2355248300173,7.150962940056927
1113,1087,4.584510741158522,5829.59805150374,7.687350918977064
1116,1090,5.902548338844476,3583.088810782332,6.266165445352435
1120,1095,7.5975224129060015,4452.1179132095085,6.894050424658364
1120,1142,4.137974581985051,5857.421463461834,5.757422254330546
1121,1096,3.63968999635529,4119.801101410377,6.381855735047202
1121,1122,3.7813820705281143,7053.509260065346,11.55050954903885
1122,1097,7.0891502372527295,4619.251483623024,8.408109820793504
1122,1121,4.26432629130448,5370.208242730476,8.937388983861206
1122,1123,3.6008309415524393,4182.665558239943,5.988920250106907
1123,1098,11.429657493607145,3753.205899159392,10.721515424892107
1123,1122,3.9185657833834604,6019.428984428889,9.14205247656496
1123,1124,3.5268689466032432,58962.49236402535,88.19993742023185
1123,1144,3.769336118872119,60214.58680898821,97.72141657810351
1125,1100,3.398449065028382,3350.755275914232,6.397895575347314
1125,1124,3.409885645244448,13697.754836864233,23.368377995567016
1125,1146,3.3193675886359872,5875.4588178902395,8.418151207316622
1126,1102,3.2333420553799463,3122.580683042067,5.293208018166218
1126,1127,3.3145230077800503,10239.819197181918,14.660353984529872
1126,1148,3.764094838355443,3283.6842794088807,5.726242853300636
1127,1103,3.405599173805823,7179.893532423459,8.992344517452427
1127,1149,3.2648574408125945,12052.678846640454,13.598810701465078
1128,1105,5.375717330554953,6690.936053926251,10.077932843558283
1128,1151,7.0099685783126455,4957.193815003686,9.118564390440548
1131,1109,3.7639450991450634,4134.463316780023,5.937890015415366
1131,1155,3.516997925703783,3947.60236516798,4.179111891703258
1132,1111,3.8365854556145913,3301.2355248300155,3.69330875355972
1132,1156,4.416263809661165,4694.807065116614,6.327441957325551
1133,1159,3.706543727221855,4467.982735812615,5.5151811396773525
1139,1162,6.5951756861700925,5101.728654239517,8.218328414417542
1140,1163,5.797560999120514,7414.773710798626,10.132139762341904
1141,1142,4.038935609237594,4037.678558703999,3.671226429465082
1141,1167,4.907356304809745,5847.274914346016,5.923374464235328
1142,1120,9.686519609419852,8538.250588992398,12.459835337206387
1142,1141,5.177031939626115,14381.337029273624,15.57067132617026
1142,1143,5.584227126185411,4320.976480834477,6.127672904417611
1143,1142,3.6828177118176066,3991.908229841812,4.168935845534007
1143,1168,7.937525421565152,3942.838428877848,7.4912573435168
1144,1123,3.568864764212373,57279.82903796419,92.03354202746613
1144,1145,3.9840033717039147,4515.822847398895,10.20011514953876
1144,1170,3.9689276356225642,7871.506261055116,17.418428990007385
1145,1124,3.342844811595423,4302.707287734692,6.080816045168338
1145,1144,5.453527706349181,6406.952330108823,17.22979593333158
1145,1146,3.524668137541924,15132.941347611237,27.39090206635661
1145,1171,3.741783738667681,5449.7479838025165,11.56526381432802
1146,1125,3.602973481676096,5296.52601329898,7.694727014438331
1146,1145,3.3962908172815793,6637.832830200955,9.918123115969658
1146,1147,3.366743476240695,4464.310427015569,5.793098641498705
1147,1146,3.705569073170114,4505.530332088909,6.237955167976692
1147,1148,3.1962200049621,4720.554816846392,6.290147149521547
1148,1126,3.1962200049621,3044.9868628040513,5.166996389320301
1148,1147,5.2256621871209,4735.180429256633,8.559470565886187
1148,1149,3.1962200049621003,7635.215484820109,10.486450596753278
1148,1173,3.1962200049621003,4458.871091648971,6.666430103356186
1149,1127,3.223348306641883,18310.72983625381,18.77436767540569
1149,1148,3.1962200049621,7546.558400145604,11.071582869967791
1149,1150,3.254827052727349,14470.705628730138,14.882724676381454
1149,1174,3.1962200049621003,4198.7823743715,5.880887035507461
1150,1149,3.1962200049621003,5123.239865245744,5.0530804262817925
1150,1175,3.1962200049621003,9151.775289337022,10.163821966963772
1151,1128,4.04958975425702,4957.193815003686,6.92402802367776
1151,1152,4.27415766444532,5988.305198408303,9.742882040417888
1152,1151,4.260646359906891,4591.234883776981,7.245330027336128
1152,1177,3.38594703498472,4248.11151857602,6.738844138600102
1155,1131,4.538494697635559,3947.6023651679793,5.3405593641901
1156,1132,3.7409657281878888,4694.807065116616,5.310043394945868
1156,1181,5.121573585655699,4636.982287474218,6.54158825125756
1157,1158,3.6501898130386414,7154.700038699915,8.417741862085304
1157,1186,3.5895738015652165,8209.603989652276,10.986837202396734
1158,1157,3.583327918765369,9014.442498498374,10.84121191112799
1158,1159,3.6799074607040914,4081.715157538132,4.558927899889472
1159,1133,3.6518812251727675,24361.601631881,29.240412238812183
1159,1158,7.538722062061632,4118.818225929622,7.439198149880391
1162,1139,10.011768802915494,5101.728654239523,9.212482094450266
1162,1189,5.313066314203996,5984.331201437719,7.733108302715436
1163,1140,5.652491479835251,7414.773710798624,10.158421214832124
1163,1191,6.65646088277481,5535.893570447895,7.877725605003284
1164,1165,10.63022985283015,5098.018086912797,8.440794591918735
1164,1193,4.0866148224485634,8606.140949122608,8.752556053104845
1165,1164,7.7829076657446965,5098.018086912797,7.600233926510011
1165,1194,7.125276450278758,4275.423098106424,6.046920112469119
1166,1167,6.190678730973863,6792.134279185116,7.515473675156438
1166,1196,13.520416668104264,4529.354059458256,7.69690361612874
1167,1141,7.263418108905569,5847.274914346016,7.069240663806103
1167,1166,5.115123726066447,6793.543651140753,7.095591679770516
1168,1143,4.6365118982125235,3942.838428877848,5.513900796619227
1168,1198,5.822984086651354,4343.218559611705,6.247090805536542
1169,1170,5.125499556318884,3614.952287451391,4.363087397100115
1169,1199,4.199113105428802,5265.191192772228,6.778167957473955
1170,1169,4.3397174042766,3575.3449125298403,4.529168101941892
1170,1200,5.021940365449621,6384.789825893222,8.12652368750884
1171,1145,3.5263959450567786,6848.318069741595,13.361620306317947
1171,1170,3.52613559032582,7454.836632322833,13.686474289549908
1172,1202,4.073306887268747,4697.165738650216,7.94850092709786
1173,1148,3.1962200049621003,4463.880562440298,6.194791330500477
1173,1204,3.1962200049620995,4385.940971397938,6.397602924422977
1174,1149,3.1962200049621,4275.839334763207,5.3497784568633495
1174,1175,3.2708492259211592,5200.560764065864,6.06628826286297
1174,1205,3.1962200049621,3813.14844655445,4.7905433457128614
1175,1150,3.2184818043964576,10733.248118302505,11.226731051599067
1175,1174,3.2230538872234185,5209.371486973107,6.262669907683228
1175,1176,4.427651592506607,5925.280345918166,7.642140035609511
1175,1206,3.266447694045671,4901.937752653029,5.596643348571932
1176,1175,4.488521508241803,7703.872050256818,14.456126861680158
1176,1177,3.589048242039223,5025.223031486851,6.831114398202087
1176,1207,4.238177950118765,4614.426653398609,9.530508242982568
1177,1152,3.3689876150096,4901.5339709383525,8.02361010024176
1177,1176,8.025156410439365,4181.243268537036,8.357694082386663
1177,1178,3.652461985807682,51501.714382583246,64.91718596548321
1177,1208,3.4154652526121847,3740.736158613177,6.045105593185164
1178,1177,4.039809317980049,50852.49104936004,65.5027407814614
1180,1212,6.9811769917272635,4105.525993918436,6.4850312859597965
1181,1156,3.5751625439696353,4636.982287474218,5.284693164371406
1182,1183,3.1962200049621003,3579.957608145803,5.564410443667018
1183,1182,3.1962200049621,3582.2961325085143,6.5936512480439875
1183,1184,3.1962200049620995,4884.736948587373,11.556501929752343
1183,1218,3.1962200049621003,5864.919936477507,8.682969179825887
1184,1183,3.1962200049620995,4877.111354289475,8.432934178142059
1184,1185,3.5234601937882437,3570.8512247259546,4.723299346714136
1184,1219,3.583931761683781,5015.318399122534,8.124717615864526
1185,1184,3.5097902063612354,3570.8003577685713,4.927134854892726
1185,1186,5.403794012595535,3190.596653949901,5.477494147484365
1185,1220,3.3558634912797882,4980.269808718974,7.047407218104738
1186,1185,4.507028406314499,3174.2825494834633,4.883082310668805
1189,1162,5.271157482178115,3481.22937705673,4.4992012277382365
1191,1163,3.548173167669629,5527.261745708571,6.048022503613934
1191,1192,4.168208731475635,4015.370823890965,4.687644553435616
1191,1226,5.2146562672192935,6994.351280665414,9.448350090424707
1192,1191,10.241085829085678,4571.54638451474,7.969857721024094
1192,1193,5.165121132218934,4474.60041400684,5.551209870657874
1193,1164,4.0158252126620315,8606.140949122611,8.718043339182348
1193,1192,4.390043525212871,4474.600414006841,4.909313913917488
1194,1165,4.422695927377884,4275.423098106424,5.1247010971295905
1196,1166,4.066515020746264,4529.354059458254,4.255982435272809
1197,1198,4.377977041227118,5062.103897105157,5.294651162254636
1198,1168,5.041111262238605,4343.218559611705,5.402484209683241
1198,1197,5.474142312030199,3074.5881313316854,5.484835434263688
1198,1199,4.28312902920306,3184.134820848197,3.962555516232907
1199,1169,4.164583376837829,5201.4438803855755,6.468514392903481
1199,1198,4.212723067640322,3184.1348208481973,3.8105824871687743
1199,1200,5.686828009110951,3376.496240667442,5.468190670306005
1200,1170,4.817914111739792,6572.175319795267,7.996109541524694
1200,1199,4.377188463177132,3383.339091257879,4.681389759185948
1200,1230,3.2389553222402743,3950.426845677224,4.075200790677716
1201,1171,3.1962200049621,4861.619679200943,3.2926045918372813
1201,1202,4.3304843784238285,4184.993518132133,6.395565209908165
1202,1172,5.302674005030717,4718.885053918101,10.04738451160188
1202,1232,3.511776825690336,6495.244223258231,11.587841151020504
1203,1204,7.174172902568922,3783.9289597967936,7.58864280179617
1203,1233,3.1962200049621,5902.805402128995,8.465697369464062
1204,1173,4.8804098544997885,4315.855649426715,8.269465574124169
1204,1203,6.381968535181569,3783.978060440128,7.7659149752827155
1205,1174,4.2890197456705925,4154.354930965382,6.222811885938613
1205,1235,4.054717097780253,3390.342441997571,5.990832558138676
1206,1175,4.321619816309013,4880.254560576173,7.1334391968609125
1206,1207,3.1962200049621,4103.100400702135,5.586226988599507
1207,1176,4.630116100152357,4627.506275595993,10.047873678679649
1207,1206,3.1962200049621,4140.875255688719,5.339856354613795
1207,1208,3.85780966962047,4158.316460764787,8.85793635300709
1207,1237,3.777467048342808,9382.376206852829,18.90789242222348
1208,1177,4.72120067673504,4679.113819193144,8.9261234126773
1208,1207,5.360464971945218,5467.501182634307,12.37806391050733
1208,1209,5.121462944155165,4989.65661572339,11.017676892155816
1208,1238,4.859343778119733,9560.035359224294,21.28258374978699
1209,1208,4.3744075378293905,4898.752858563906,9.606908256758306
1209,1239,3.874886982652119,5577.7050487335655,11.621302580865978
1210,1211,4.660911633491183,3420.875897451737,4.193245996175049
1211,1212,3.6210119132562064,4393.30675120725,4.874666688244017
1212,1180,3.387371841197425,4101.959196369713,5.224513408915628
1212,1211,4.756173672991797,5738.094119528952,7.132671661939504
1212,1213,4.030421326582789,4139.280922352825,4.866920610927457
1213,1212,5.853791972230106,4139.280922352827,5.9391757830430425
1213,1214,4.619748896182826,4009.941606311047,5.620219992104673
1213,1245,3.7063597724532573,5478.236660321219,7.776534407470608
1214,1213,12.976411169907529,4009.94160631105,8.885880848443747
1218,1183,3.1962200049621003,5864.919936477507,8.927966675455655
1218,1219,6.070206679150204,6448.702360139692,13.705002050039322
1218,1250,5.557684910976815,9696.731412103569,16.88192253160549
1219,1184,4.816251609087904,5016.722325694047,8.939639459671467
1219,1218,3.860777814896679,6452.568986340087,10.544308077042611
1219,1251,4.6844153809203455,4914.863831171156,7.629624087835925
1220,1185,4.7031184970857005,4603.577916911539,6.4243408154810915
1220,1252,3.610138096440877,7931.774300086555,8.8449351110392
1226,1191,6.770938682750599,7003.296528029935,10.79697881099532
1226,1227,5.473395654538065,4016.329634291561,5.087829175204613
1226,1257,6.004989159810633,5269.2424136666305,7.378107157724603
1227,1226,5.237318030627285,4016.329634291562,5.005509627297141
1230,1200,5.158030752107704,4062.537481017233,5.518732232691042
1231,1201,6.4583058731388,4141.862588468856,6.925249873595449
1232,1202,3.6914341108230766,5231.460488883432,9.306034647290078
1233,1203,3.1962200049620995,5855.440261683898,7.331421491953021
1233,1234,3.1962200049621,6734.937237509055,7.99176693287218
1234,1233,3.1962200049620995,4029.290680208864,4.78115642781202
1234,1268,3.1962200049620995,4961.2159976324665,6.519876597017256
1235,1205,7.126273126728333,3517.570326793954,7.809560552004237
1235,1236,4.018223584043503,4390.734059849288,6.664666773314458
1236,1235,8.182835548007825,4402.821894827649,9.46641682316456
1236,1237,4.262184489104897,4093.312235571923,4.542081332063134
1237,1207,3.541228463115277,5612.7424300884495,11.085239761767244
1237,1236,4.911260366507335,4101.165208557931,5.548034226469809
1237,1238,4.042853466780398,5481.908554937727,9.640551010593068
1238,1208,4.333692618387759,6065.425948248286,11.251523172021052
1238,1237,5.24257855321432,5684.462480163346,11.280496695506162
1238,1239,4.350564789824047,4621.765184281936,8.708283603725906
1238,1269,4.185156664438509,5171.714547699935,8.80541765756081
1239,1209,4.9392349781653175,5646.655882596852,14.619194443751248
1239,1238,4.4611908656855785,4689.5058717483225,10.102036892378372
1239,1240,3.394145992466818,7113.2415518215175,13.61812107426201
1239,1270,3.651950960324256,3608.131799900686,7.9816429900157235
1240,1239,3.2683765888005185,18103.58897301697,25.316878411186295
1240,1241,3.1982031018141845,3427.8764021210895,7.242808377805778
1240,1271,3.1962200049620995,4135.633125788251,7.255162547075684
1243,1274,6.909876453886672,3578.4239729704495,6.086238722311917
1244,1245,4.039640535741226,4376.682866605509,5.562378368443399
1244,1275,4.293708813737435,5019.462133776344,6.578634097513971
1245,1213,3.210002195440805,5478.23666032122,7.087929974095836
1245,1244,4.608639214481628,3295.275366364867,4.686321383511165
1245,1246,3.1962200049620995,13361.411726082082,17.312766067333982
1246,1245,3.1962200049620995,5054.392733129624,6.5438036450707004
1246,1247,3.219126361499011,6260.796431289049,6.9220710419884695
1246,1276,3.422201754469795,3885.450863919503,4.082810345567502
1247,1246,3.5516888199637395,6162.744814707053,6.2706758700195975
1247,1248,3.493336085024358,4337.091998944268,5.4805426413807155
1248,1247,3.6238469117843057,4435.143615526265,6.06593393237559
1248,1277,3.6059765213836914,5865.96390010279,8.632277050109359
1250,1218,3.932312968091594,9679.239704839609,13.794190292477596
1250,1280,8.184502862953634,3647.8459336474584,5.296873267113998
1251,1219,7.337626560042535,4902.47885880154,9.23987056249014
1251,1252,3.2968809138647805,4509.6494127223505,5.652236607516805
1252,1220,3.1962200049621,4917.506166906322,5.104364875330028
1252,1251,3.6788216048830704,18338.690330578316,25.45915879586104
1252,1253,3.1962200049621,8298.454550610499,8.345182031389717
1252,1282,4.475648885462975,4390.157266681624,7.34733741855221
1253,1252,5.119155771259025,4503.5893411723955,5.415489426632882
1253,1283,5.090772037939607,5995.46026930124,9.482468334049717
1254,1287,4.054363021547532,3902.712515227589,4.34671567592078
1257,1226,5.446551823926216,4531.777090272173,5.913494537640129
1261,1292,5.538110743524584,5960.851161398964,7.152605146052454
1266,1267,3.1962200049621003,3882.682632642229,7.346382869475517
1267,1266,3.1962200049621,4721.391688292883,8.495780054295516
1268,1234,5.797869267215485,5413.735062873648,9.525134835163058
1268,1297,3.1962200049621,4720.223847839037,5.355398984274743
1269,1238,4.127805731493674,5218.440572849666,8.70548314366286
1269,1270,3.1962200049621,3874.687277139514,6.7954187616479595
1270,1239,3.8642923677586327,3617.715870309548,7.5952898626087535
1270,1269,3.1962200049620995,3852.2358195543993,6.452727888634854
1271,1240,3.1962200049621,3458.7257126664936,5.944542642955145
1271,1272,3.3878949483311582,5060.536855332121,6.4415843303824545
1272,1271,3.1962200049621,5022.7569382122465,6.3463779334419534
1272,1273,3.5900420470847947,4844.702303487835,6.64785251913393
1273,1272,10.844957895503763,4954.63894693731,10.95450431293443
1273,1274,5.923577239350847,4048.924587742646,7.331286740437007
1273,1299,5.137155798405188,4165.764490808797,5.567038963338722
1274,1273,3.405199726461927,3604.357179522606,4.837676894504777
1274,1275,3.5084340362614332,5335.8794911822915,5.547936458024448
1275,1274,3.2736788513351986,5335.87949118229,5.694817827553365
1276,1246,3.2714115436502564,3885.4508639195046,4.236972288303362
1277,1248,3.605871749845901,6285.909441940021,9.206084486676014
1277,1278,3.616612369611806,9798.86981340625,11.734948849371705
1278,1277,3.607932113212544,9798.869813406252,11.476712674170578
1279,1278,3.1962200049621003,4501.244175013237,4.965810287215352
1280,1250,3.832615381982913,3647.8459336474575,3.5996374423820514
1280,1281,3.298394771176314,5228.086536146291,5.332772391778737
1280,1308,4.036997050880918,4271.170826193281,4.536856667902464
1281,1280,6.193131078372884,5252.263281921914,6.458770179861393
1281,1282,4.540402136880944,7297.424201371822,11.81947623489944
1282,1252,3.5126830469937307,10842.997850126923,14.817759001772146
1282,1281,5.364366655140176,7361.72750064153,12.175005893619506
1282,1283,3.668235725555545,3638.4125846379247,5.887762055379109
1282,1309,4.340256427641388,4894.101173785459,8.12741703530579
1283,1253,3.77880660605239,5847.7950470959295,8.100723917272875
1283,1282,3.8193295707509,3623.213522278292,5.701733032998969
1283,1284,3.8796948646635987,3888.16834290592,5.205869796396759
1283,1310,4.152032506095393,6908.059426492215,12.819369138797049
1284,1283,7.7243474575748,4007.832822647162,7.579831457780212
1284,1311,4.115407991388873,7510.010734541469,9.06753934851983
1285,1286,3.6357979897011874,7349.863776410219,10.39190359613011
1285,1312,4.0231858283559765,4097.485343224659,8.377076305401575
1286,1285,3.2828659998128167,7409.998840738734,7.506839914405308
1286,1287,3.6594845170891594,3501.819138281033,5.021081042115898
1287,1254,4.04611880920025,12637.518485565108,14.085853634270508
1287,1286,15.431532231586708,3646.0603431354502,8.622116821077483
1287,1313,3.9379093479639717,6991.663839565665,7.765598668388852
1288,1289,6.595348103341767,5548.988512655351,8.893577285904966
1288,1315,10.503597490550677,5313.479113142097,10.59192743203798
1289,1288,6.890379813863699,5548.988512655344,9.09351303981942
1292,1261,5.559749673509814,5960.851161398968,7.104317871221803
1292,1291,5.548274659701586,4078.196857867025,4.8779544474206125
1294,1264,5.550203802786822,3280.552542927978,4.273345768694947
1295,1318,3.1962200049621,3709.629606947534,4.207615189044722
1296,1297,3.2457068354084355,4272.241879594392,5.839768984747862
1296,1319,5.268935295564639,3928.114665059454,7.947563174648897
1297,1268,5.503439009880902,4773.304729594707,7.471922597964955
1297,1296,3.1962200049621,4269.4851135494955,6.656839724843808
1299,1273,4.12350759969495,4328.123483881263,6.358851237461398
1299,1321,3.6202826197816584,3677.349377010967,3.2575536153257176
1301,1302,3.1962200049621,9305.999556913452,12.47493221537767
1302,1301,3.1962200049621,7271.160424756834,9.107872383576916
1305,1306,3.5683635368856073,4343.406103577867,4.978049307839521
1306,1305,11.0608605014648,4558.291661554413,8.53064283117579
1307,1308,3.892629706297369,5510.25333566314,5.579528145584783
1307,1327,4.62482356315654,3960.5688185200815,5.117577702744873
1308,1280,15.411269298319592,4271.17082619328,8.553571263346445
1308,1307,7.764496205835653,5510.253335663139,7.854336748859081
1309,1282,4.628024691955422,5912.9654506750285,10.128374605686131
1309,1310,4.633248283431199,6251.560902224475,12.087335976720611
1311,1284,5.053827873739576,7499.064993535338,10.24387578772524
1311,1310,4.619964173859447,4689.671975260955,8.570444672106532
1311,1312,5.289262312202356,5821.118894836063,11.067733521192602
1311,1329,5.149408770960203,4132.771151425673,9.35732497413239
1312,1285,11.268637693461129,4249.342488043982,7.68302426479724
1312,1311,3.668067132954459,6797.6667985885815,9.383880003509557
1313,1287,4.073603338301487,6048.319369107957,6.724681577227337
1313,1314,4.001234188866834,5191.04975541322,5.810013606936268
1314,1313,7.373707132438766,4096.910459116665,6.12708051052811
1314,1330,6.444278355850453,5296.595310195484,7.34189525796147
1315,1288,3.2983657119985557,5313.479113142095,5.799233760594552
1318,1295,3.3006421987370054,3597.770201214933,3.6799014074790777
1319,1296,3.4444728296601,4445.049062727154,5.608883363419416
1319,1318,3.623703664465139,5613.352762193861,5.936014144242564
1320,1334,3.5146826080538682,3847.897193134843,4.7596244762917035
1321,1299,5.021141880983483,4447.0544782121615,4.691942854097256
1322,1323,6.188373404100819,4241.335125660373,5.886930659651171
1323,1322,5.902009543089201,4241.335125660374,6.133338552346722
1326,1327,3.7685202759273833,6527.097469882113,8.229004743023697
1326,1347,4.1567895553315495,3696.580998318848,5.723218696143001
1327,1307,8.387133239780514,4512.447633887234,7.421521108415168
1327,1326,5.231373649814155,6552.143682357186,9.181799374084594
1328,1310,4.290946407343672,5415.951785023863,12.208865221616543
1328,1329,4.271752854825497,3912.0312121216903,9.820863065375766
1328,1350,4.682048544179611,28218.83739870474,40.43416569644323
1329,1311,4.023402797117317,4145.911918721194,8.322139209849372
1329,1328,5.321067077516583,4001.9910575927543,10.656115111491296
1329,1351,3.5777712665872894,3930.737614019727,4.179355184102235
1330,1355,6.684412430540107,4133.380148530593,6.279744717864769
1334,1320,18.50534276361184,3847.868120038069,9.059433817185782
1334,1364,5.755051671426568,3328.0735631667512,6.313773508656798
1341,1342,3.1962200049621,4017.9352967859586,6.086905912826454
1341,1541,5.259114293878751,4700.649336471935,8.079974963228203
1342,1341,5.423010318988779,4492.001520486057,8.524615736257541
1342,1343,7.778387358780125,4804.448758530129,9.701347748104084
1343,1342,3.6784613092718996,4804.448758530129,6.670830845723515
1343,1542,3.841145328642483,3879.470369920564,5.728776107482259
1344,1547,4.013103362179207,5025.5700628076265,6.544681056539179
1345,1084,5.834504843869533,5681.778281357004,9.438795501897804
1345,1548,3.730541834759352,5055.768840816716,7.452769651980419
1346,1086,4.821306932726326,70245.76001525002,109.12826123103748
1346,1550,3.773837056030361,3116.694526090412,3.4427675382356853
1347,1326,4.372808830964535,3696.580998318848,5.588154688241161
1347,1348,4.554026497619105,4865.779429270251,6.513359695171687
1348,1347,6.9022074869997745,5711.157985103789,10.079587270285238
1350,1328,4.604905176496105,38686.32948837768,54.69661221700807
1350,1351,5.091569015115822,26356.79490226947,32.72449008425249
1350,1372,7.062448721542022,5041.132345369017,9.67641770666176
1351,1329,4.906799405038134,5977.692121175019,11.05120731168612
1351,1350,4.71304859476428,27285.74506627596,32.7875745846549
1351,1352,5.022362192306305,7698.953982419563,11.58646372563173
1352,1351,5.1525329813087675,6404.2432458762005,9.290494740002998
1352,1353,6.78161458102811,4595.84546382082,8.157693429679993
1353,1352,4.765879652146702,4557.407412077038,6.055443418322097
1353,1354,3.98929478591572,4053.156398505875,5.3657437204794505
1353,1374,4.55873594217215,7330.455324050905,9.646636131793842
1354,1353,4.237489131510289,4019.175751927112,5.324608964136786
1354,1355,7.156810087448609,5962.321618575439,10.666567357411116
1354,1375,6.300893818132144,5214.000044309443,9.031079775069426
1355,1354,4.224432029092582,5316.088567426499,7.145292473729318
1357,1379,10.22933547669965,3735.2915975349138,6.9340733976513675
1366,1367,4.482817439255621,4375.120814611019,5.08528290246878
1367,1366,6.140957471461905,4375.120814611018,6.780259221796204
1367,1385,3.218685117294684,5326.785141635854,5.074937763938184
1368,1369,3.75937877364055,3283.2448457526807,3.309322545313252
1369,1368,3.4182980575958366,4933.923360417518,5.440069681448968
1369,1390,9.21427665516289,4446.013827365111,7.971674685448666
1371,1370,5.405903080953908,4461.040534743362,6.191058070530206
1371,1392,5.669973407669765,3869.213455042071,4.992697485228627
1372,1350,14.505445241248289,4995.35191176302,11.050423443093491
1372,1394,4.430316856228839,5499.602159153184,6.056196193422324
1374,1353,6.801000459929247,7360.618807406276,11.87654545240652
1374,1397,4.184238936197116,4173.015907452218,4.3692051473323605
1375,1354,4.4434902708119814,4782.996818942918,6.154881502391447
1375,1376,5.636507138448931,4061.545364412946,5.562098711688664
1376,1375,4.1073055132571845,4053.219999485834,4.648144197771167
1376,1399,4.676190144161359,4066.9223603175033,4.580191532457572
1377,1378,3.686371012352287,7255.978896383443,7.435774122797898
1378,1377,3.845040869322816,8451.675368282245,8.429874596321547
1378,1379,3.638327316234164,6068.89391389342,6.148276893843735
1378,1401,4.180653305937081,25370.790437447937,30.721073219755127
1379,1357,3.370339918831766,3735.291597534917,3.836416924995605
1379,1378,3.717680001997155,4637.198604351876,4.688448837691452
1385,1367,3.1962200049621,4329.916804774345,4.639656219701804
1385,1386,3.5124750307007844,3562.8989424506144,3.3921333328896495
1386,1385,7.95003578529743,4357.589060593505,8.087102602557483
1389,1390,7.15560851392891,7579.119489689509,10.987530635008875
1390,1369,3.755816268097625,4682.8296940145465,5.776062380841059
1390,1389,3.9206675756548464,4938.59606234133,5.867020077545172
1392,1393,4.153110744826507,7386.375570526979,7.817151762927274
1393,1392,4.066965481761303,6234.142025472576,6.482916638119905
1393,1394,4.546245392890601,4734.278555182233,5.966584387249428
1394,1372,4.543277368128414,5489.473109867932,5.92502515048353
1394,1393,8.7345009896384,4724.149505896981,7.7085337799186995
1394,1395,8.930049974654276,3666.315067653717,6.051231130083841
1395,1394,5.230476048238864,3668.241449336201,4.264022332788148
1395,1396,4.028458690597534,3671.428561950913,3.9928025225325374
1396,1395,12.372913431234599,3683.603754143266,7.524271645359517
1396,1413,6.539871793793567,5382.12907834818,8.230653459703568
1397,1374,28.677575697775886,4173.015907452217,10.442589511889324
1399,1376,6.309817357596238,4703.437210532812,6.0773954303986475
1399,1400,10.56995596823725,5181.657150892199,11.089889008516275
1400,1399,4.338560629465594,5307.208425676067,6.408776724022434
1400,1401,4.354371808189031,4217.739698429197,6.294025731558982
1401,1378,4.12553334914175,25388.798260567175,30.68425179352053
1401,1400,4.3775109300240524,4194.400776451665,5.450399156808978
1401,1417,3.823641018523988,4485.681904740319,5.632026777681329
1402,1403,12.416036307346435,3247.333278934263,5.479628890538882
1403,1402,6.274370417036043,3247.333278934262,4.019610594899686
1406,1428,3.1962200049620995,3923.2238323408583,5.159464591073327
1408,1430,3.1962200049621,5733.238957548496,8.385491760810659
1409,1431,3.8436474987469333,3651.3434955164767,5.510114202061445
1413,1396,4.803232281698227,5376.816873529807,6.468952915442418
1413,1414,7.455667561753883,3728.4202398943735,5.283555257813327
1414,1413,5.114491370982863,3391.61095571125,3.549870205155795
1414,1415,3.806269590290646,3447.179446689629,3.5346304958937833
1415,1414,4.818235089311892,3469.228154297174,4.225020697220821
1415,1416,4.911988506678964,4042.19563403924,5.205786864977769
1416,1415,20.81233902327755,4052.992142664424,9.073559748843762
1416,1433,5.917662743157541,3640.597496706121,4.827030360263299
1417,1401,4.535801173241629,4493.93035552078,6.014399915978334
1417,1418,5.221572641203015,6135.87761739153,6.694923454333702
1417,1435,3.656266957850016,7021.599522525754,7.788501223776212
1418,1417,4.965267661792518,7099.565697992331,7.238392104842623
1418,1436,8.043658173830554,3658.6662835325774,4.934763942589681
1428,1406,12.754791490326138,3992.499442619968,9.229972909529684
1430,1408,3.1962200049621,5733.238957548496,8.385491760810659
1430,1431,3.1962200049621,5514.8025658095075,7.96456300655948
1431,1409,3.1962200049621,5155.80998821327,6.103230093030302
1431,1430,3.1962200049621,5503.278594523548,8.07540078706818
1431,1432,3.3732819890030195,7818.984604677905,11.550460545473411
1432,1431,5.228963070300438,7837.221977456853,14.503143570703122
1432,1452,3.3793954351770417,3457.276929407435,3.8855986418925657
1433,1416,4.778616049235237,3640.5974967061206,3.7425642049299057
1433,1434,3.905942566146502,7412.536992325347,8.703888532523838
1433,1453,3.3865346533766942,3306.229382571996,3.8790688105285143
1434,1433,3.9127878495195354,7412.5369923253475,7.3859223457697745
1434,1435,8.195726707378963,3583.142813355238,6.4900949439119655
1435,1417,3.9189365141914387,6533.879331887861,6.457014184177152
1435,1434,3.7416836252183017,3583.142813355238,4.020192134366175
1435,1436,4.848182762352004,4028.986801234465,5.037854881370945
1436,1418,3.770778494177061,3658.666283532578,3.1734324736051804
1436,1435,3.826624372701203,4028.986801234464,4.304058043890112
1436,1437,3.5894006476012477,5784.990798917364,5.638222999255001
1436,1455,3.946891428565148,3580.5978671686316,3.6773389292440326
1437,1436,4.558956556689319,5784.990798917364,5.738811196570769
1438,1457,3.5660583952655216,4240.66254364202,4.07723179341642
1443,1444,4.196320325804762,8239.25394433253,10.342535713451213
1444,1443,5.515926038636442,8239.25394433253,11.283000304564686
1451,1452,3.1962200049621,4017.232914036425,5.308974153926868
1451,1470,4.118435230364371,6873.483264032391,7.585371762681117
1452,1432,3.234450892327143,3380.18961877106,3.980966219266212
1452,1451,4.034974674193624,3960.560232798003,5.689277320408493
1452,1471,5.798334291570816,4958.96471732755,9.026069430140408
1453,1433,3.8266656034951616,3306.229382571996,3.4251664654194576
1455,1436,11.386545943141583,3580.597867168633,6.170337217036604
1456,1455,3.219088463187219,6190.9639914619,5.689273539103448
1457,1456,3.1962200049621,3053.4340169061416,3.073706392329163
1462,1482,11.634161009975827,6667.6941339734385,13.458752341296703
1466,1467,8.228859342681467,5873.537246454083,8.978437903554896
1466,1486,9.84287236812483,5182.510763937879,8.93703628490178
1467,1466,9.01065949822008,5873.5372464540815,9.403896463295451
1470,1451,3.2492191833562005,6241.413967147326,6.512652630104941
1470,1471,4.529175333832434,8502.954044092503,12.203578585068868
1470,1489,9.204235868908304,5089.271742080027,7.542499166633559
1471,1452,4.848007545800112,5015.637398565969,8.782900970696662
1471,1470,5.149521999986713,8502.9540440925,12.662996603336635
1471,1472,3.935124650333078,4856.290543840663,6.613266222712349
1471,1490,4.7000115245517895,14201.030884336751,17.953263379720468
1472,1471,10.266648539904127,4856.290543840671,10.376432400271622
1481,1482,6.185001947308399,5808.104589814454,9.209796633174069
1481,1498,3.1962200049621,5457.969454589158,6.7862057210884315
1482,1462,3.1962200049621,6280.845633960258,6.696174477339818
1482,1481,3.313806441041706,5719.798341009506,6.606758976699082
1482,1499,11.749279339588746,9839.572860658502,19.064325389682537
1486,1466,9.601533558729745,5182.51076393788,9.257900340031313
1486,1487,6.494441480869097,6448.1706148065305,9.448847327419124
1487,1486,10.62009706584375,4671.605045380784,8.38253725036329
1490,1471,4.127352321138876,7347.998810119771,8.683572560986175
1490,1491,3.1962200049621,12743.972387391152,12.072957478931688
1491,1490,3.1962200049621,17327.311638859137,16.626815403275664
1491,1507,6.116373601685225,7860.473733696529,10.868228091882354
1494,1509,8.73472663463225,3682.922066674536,6.975244700663598
1495,1496,4.780090714170773,4984.121546316789,7.758293055684163
1496,1495,5.026011001182364,4984.121546316788,8.402379426011418
1496,1512,3.6814171517293155,5449.68668280629,6.548254926430246
1498,1481,3.1962200049621003,4690.658977574705,5.184210573029203
1498,1516,3.2853664125896644,8411.061311492445,9.99559173983835
1499,1482,5.518140837909136,9839.5728606585,13.18206627834334
1506,1507,3.1962200049620995,18671.47786205337,17.93296738038246
1506,1520,3.1962200049620995,21792.497446524336,20.760108892506707
1507,1491,4.262642101624234,7860.473733696528,9.411459602263566
1507,1506,4.368915869772121,6821.348425516163,8.249054954727573
1507,1521,5.100596819437078,3395.2772056687636,4.80152249757375
1508,1509,4.402169023105659,5326.419201051452,9.54862078719782
1509,1494,3.1962200049620995,3682.922066674537,3.722898053735653
1509,1524,3.5581752238122895,6898.861466892766,8.559039371657466
1512,1496,3.5279349264589572,18986.654912485617,23.064326423993514
1512,1513,3.6950479131295895,10717.689967877452,12.86622214658778
1513,1512,3.4677620878296427,13247.676165733916,16.165505747267716
1513,1530,3.5811040580482247,21491.514002824893,26.00625496191029
1515,1531,9.747637940054643,3585.9655984684987,6.47526365566764
1516,1498,4.992371277198659,7689.907094110593,10.869707177989984
1516,1517,9.645012315380585,5133.664990300849,10.213263669163648
1516,1535,8.091762104582646,6807.459065429804,12.708938158141612
1517,1516,3.2066105029264276,5482.644366117196,6.333455096431818
1520,1506,3.1962200049620995,8414.081681439948,8.10006565736095
1520,1521,3.1962200049621,7890.116358028935,15.706006317310797
1521,1507,3.1962200049621,3395.2772056687654,5.437972120718231
1521,1520,3.1962200049620995,7890.116358028936,11.990871541940043
1521,1522,3.1962200049621,5273.956670669815,7.577539420497324
1522,1521,3.5012391465900716,4702.043159751581,6.083378678803845
1522,1523,3.377822199073489,11843.217123215043,13.776860676578773
1523,1522,3.223313226851569,8555.358041935684,10.39752578376918
1523,1524,3.1962200049621,4368.117632688365,6.002252272377667
1524,1509,4.738839629285835,6892.705101781325,9.06727397784097
1524,1523,3.2483318190446315,5703.748438382034,7.614021846178538
1530,1513,3.5764207371403454,4318.176672650361,5.22706103272443
1531,1515,5.517496265946262,4758.992907053752,5.945197557510217
1533,1534,4.338063747517221,4831.80605729928,5.218702965431852
1534,1533,3.1962200049620995,4831.806057299279,4.458434225810959
1534,1559,3.1962200049621003,3853.799851297485,3.5093499480755894
1535,1516,3.1962200049621,6021.3964984703725,6.755901517768515
1535,1536,3.1962200049621,6831.7301273227395,7.793553102938342
1535,1571,4.888735106816767,5905.251664179694,8.407279227490868
1536,1535,3.1962200049620995,7743.614092849355,8.817394553899987
1540,1541,7.063140298710534,5110.348435785152,8.751986442176646
1541,1341,4.297778478379281,4208.758943095751,6.433459963311941
1541,1540,5.468055578487654,3402.33336481916,5.307842458438494
1542,1343,5.797225453318229,4704.509092618102,8.592622114386732
1542,1543,5.981690179667322,4194.892452674695,8.506089625336198
1543,1542,3.739863367834753,3845.3646372302,5.0628803288754085
1543,1544,3.460127183655197,5314.515217914544,7.781167113754547
1544,1543,3.7551576957672803,5187.932416434139,7.33985949816012
1544,1545,3.7500933029713392,3883.5342230158126,6.328912200322059
1545,1544,5.856521204724206,4204.1828856906295,8.596577395483312
1545,1619,6.788872447676796,4282.233259409364,8.693128725934324
1546,1620,7.350097841959124,4651.208750736018,8.779441733027287
1547,1344,4.013103362179207,5025.5700628076265,6.544681056539179
1547,1548,3.803738897848134,6932.337934724539,9.420997421537535
1547,1626,4.34923958792332,16675.413678870304,22.995072396431897
1548,1345,6.96938399261927,5561.584340660822,10.101875735170411
1548,1547,6.273499969053371,7439.528366943683,11.42039368411876
1548,1549,4.407706565771581,5232.4812430438415,7.062660462570612
1548,1627,6.307441125693875,5147.730382319143,9.67808865795951
1549,1548,4.383418452162657,4070.3648669173526,5.560773007559574
1549,1550,6.002141060386923,40066.57874684183,66.62049736448104
1550,1346,3.1962200049620995,4939.290280903115,5.674966850642239
1550,1549,5.067412418449648,57517.54534093542,88.7240360422145
1550,1628,3.1962200049621,9141.590311233824,7.88827025904445
1551,1552,3.8383361210230125,4337.146078011911,6.156528120632228
1552,1761,3.9787702100974434,3926.4335229486887,7.075034879022468
1552,1551,4.139243192354272,4421.037608028359,6.909916984903958
1552,1553,3.635560191253584,3534.330498419774,6.7000774227066815
1553,1552,3.595277146338618,3455.438590979804,5.779080040680107
1553,1554,3.500079726613081,3329.107323219283,5.304108129891368
1554,1553,3.281435016422708,3252.3820747119207,5.36293328553573
1554,1630,3.6975377373907596,4293.606403751432,6.283148645534745
1555,1554,3.262111209612039,4737.110940630406,8.739522585715426
1555,1556,3.1962200049621003,3250.4531697007715,4.989007244095524
1555,1631,4.979786346065821,3416.4853146167907,7.8864321243066415
1556,1555,3.2246594495833287,3478.592613713661,5.763751127986472
1559,1534,9.854581394038432,3853.799851297485,6.92246865757661
1559,1560,3.356962791438587,3953.706176893587,4.283445188021815
1560,1559,3.5821865327301263,3953.706176893587,4.598224231656571
1568,1569,3.1962200049620995,3915.348794182768,4.006696541967054
1569,1568,3.1962200049621,3915.348794182764,4.259750023435204
1571,1535,3.1962200049621,6691.9225550260335,7.964217297919387
1582,1583,3.1962200049621,3716.696635244265,4.1900929347270335
1583,1586,12.824810216831624,3622.170723520529,9.980246253574812
1586,1583,3.1962200049621,3606.019120405638,4.478135424695207
1586,1587,3.1962200049621003,4225.2859276067065,4.849555416377694
1587,1586,5.099769347990335,4299.015020699666,6.135232343348991
1587,1590,3.1962200049621,5582.7426422679855,6.341665144974166
1590,1587,3.1962200049621003,5730.597194852711,6.517769747499041
1590,1591,7.469265143658855,4825.832101185667,8.12623985081665
1591,1590,3.1962200049621,4805.23524653781,5.382944002393437
1591,1592,3.1962200049621,4618.182794333324,5.109176603325714
1592,1591,9.183417554047857,4644.016381078682,8.90378674834382
1592,1598,4.360362775966775,4197.552246170374,5.646377522954721
1598,1592,3.1962200049621,4243.482198926159,4.711980560949179
1598,1599,3.1962200049621,3769.713462260596,4.288847221378214
1599,1600,3.310262676499426,5868.371533855826,6.582751852050006
1599,1605,3.203749194952807,3430.8467430123637,3.699647182327214
1600,1599,4.090808328122579,5871.957256694309,8.478049487235712
1600,1601,5.3318661725559435,5967.362249518206,7.90886528216597
1601,1600,5.9537142470325,5967.3622495182035,9.287948715500558
1601,1606,7.195272219912169,4808.988035670497,7.702667243338327
1604,1605,7.311801371531449,4949.010989376655,6.678690822288397
1604,1608,5.107878635216867,6060.51274880784,7.7246762879778785
1605,1599,4.801068870356932,3447.4008122538808,4.145419675534532
1605,1604,5.348673280423757,4955.742443812075,6.727544664056504
1606,1601,5.621387464513151,4808.988035670498,7.310453561039748
1607,1608,6.4569323831742835,3593.8604953592057,5.199167984718276
1607,1612,3.1962200049621,5362.277747422013,5.790613388110378
1608,1604,3.1962200049620995,6055.3093309644755,5.6929310714919215
1608,1607,8.625196014196618,3491.7591622398995,5.556458415152269
1610,1611,3.1962200049621,5213.30223798408,4.6813360490659655
1610,1614,3.1962200049621,4172.187052536711,4.576847425984289
1611,1610,9.360060210020771,5236.922243871999,9.290380744715907
1611,1612,3.1962200049621,4193.59590070106,3.4717986572866177
1612,1607,4.423435100791177,5326.266767967117,6.978088120042894
1612,1611,3.1962200049620995,4227.505051200762,3.902614080024395
1612,1613,9.52244579315339,3593.248638019556,6.773278857857798
1613,1612,3.1962200049621,3611.417792956011,3.788035059274304
1614,1610,3.6310985927688995,4181.297534380719,4.901477821799514
1615,1616,4.024470691928739,3194.279715972837,4.304903155006037
1616,1615,4.980667158782747,3194.2797159728375,4.739048169658447
1616,1617,3.9228655103690415,4548.0872666467785,4.831439664070517
1617,1616,14.367053628558184,4548.0872666467785,9.118982046002586
1617,1658,7.719460758290768,6983.7908010426345,10.023968714844155
1618,1662,4.276308689851773,6137.35521661741,8.519886718434135
1619,1545,3.344532012371205,4168.946735040652,6.1808255439216016
1620,1546,3.6547991492994725,3551.345428353372,4.002856691643565
1620,1621,7.631474191019231,3053.7782762291777,6.164035731989335
1621,1620,9.062044146851626,3053.7782762291777,6.928303800667546
1621,1666,5.666859969798016,5494.126296501368,11.60351487407148
1623,1671,7.90175326731165,4190.479954505465,7.281825662773172
1624,1672,3.1962200049620995,4371.47363377001,4.309084946673474
1625,1626,4.605721471703904,9527.666389938304,12.400611243201432
1625,1675,5.058467825280095,7692.110152030762,10.815528953402248
1626,1547,4.41940113019195,16675.35232752062,21.61708247927549
1626,1625,4.9390928523997815,6279.707172605711,8.167578993624414
1627,1548,4.383330293762362,4888.142594909519,6.396575927780807
1627,1677,5.710948153100271,4662.742953661599,7.751449620991318
1628,1550,3.1962200049621,9478.683493950552,8.269717719037093
1628,1679,3.1962200049620995,3203.227466695434,2.745728024047078
1629,1552,3.7581142836579584,5987.596182579271,7.13008863648648
1629,1681,6.8563467006253935,5900.63381740759,9.76496823603662
1630,1554,3.5130870693802043,14342.706315327536,24.128748812631923
1631,1684,6.901735273536993,4116.0515796207155,8.154515531766704
1635,1640,3.1962200049621,3227.444928658405,3.701652983635137
1640,1635,3.1962200049621,12116.157088253029,12.343586302153952
1640,1645,8.159453536908675,3326.9457929113323,5.63882376272924
1645,1640,3.1962200049621,3262.5822129437033,3.1925008474415932
1645,1649,3.1962200049620995,5856.912483530639,5.0110919576857675
1649,1645,5.8924678130657355,5864.253267707498,6.748129041772105
1649,1650,5.724552011441377,5541.9661992055135,6.889159764516894
1650,1649,3.1962200049620995,5519.425205168266,4.85623835570026
1650,1651,3.4725395085474906,4089.002640249702,4.668318386061636
1651,1650,5.441233750911344,5241.0909335783035,6.489373317659556
1651,1652,4.043281360183506,4436.159721978195,4.62690475723016
1652,1651,17.141958692364284,4534.827886087701,8.530138359547042
1652,1653,16.575181963588445,9188.53151379311,17.97538479529625
1653,1652,3.287744044255775,9070.72282553402,9.54702331851349
1653,1654,3.4303858515913976,17354.615463899754,18.223719369229254
1654,1653,6.085036058048907,12217.904874885226,17.650596192240137
1654,1656,7.859578263759665,16487.594372885138,26.58051805621332
1655,1656,6.093629414784792,23969.10828422096,34.48226231539049
1656,1654,3.1962200049621,11135.074923429773,11.750924039283356
1656,1655,3.493740437381348,6145.371949630251,6.446806523906246
1658,1617,4.354544306793253,6983.790801042634,7.573178186901902
1658,1659,3.9867990050565925,5262.079566051865,5.519366067929447
1659,1658,14.206986124922084,5262.079566051862,10.375077559739136
1659,1660,4.012425426041628,4538.549400239517,4.838361955553321
1659,1688,7.807047825200877,3903.097708203214,6.32877884527866
1660,1659,7.194823669962448,4540.416475545515,6.635796981524639
1660,1661,5.836250588018328,6188.478528454158,7.9475187200066175
1661,1660,4.064799473894795,6181.884315702723,6.544799814410336
1661,1662,14.296126697078453,4078.354256532434,8.361502201475705
1662,1618,4.826769563041728,5951.578735733741,8.86557458016967
1662,1661,5.936971693655658,3892.577775648766,5.874780258555502
1663,1692,7.6165278363644155,3872.02045601743,8.04705187568712
1664,1665,3.751032234069994,3977.1540653404977,5.036061712502081
1664,1693,5.027660039466337,5888.149270457466,10.25437202492065
1665,1664,4.2785314482074845,3995.765056477401,5.057956357890313
1665,1666,3.463269356368654,3585.9877568343713,5.499632859060711
1666,1621,3.592012892782611,5505.3322841651425,7.501970375025186
1666,1665,5.701140776327746,3803.180546172571,6.208672345760911
1666,1667,3.386586388512134,3628.409529748672,4.867858139948959
1666,1694,3.4820376117560032,5932.1244165279,8.873271867305743
1667,1666,6.5022619760723765,3709.666923357496,6.6104142977506015
1667,1668,6.744536778929213,4746.259880141811,8.134784673498967
1667,1695,5.2573161318504695,5282.496006110698,7.71577373588403
1668,1667,3.39035444352826,3708.6165024676143,4.178684055791431
1668,1669,7.9601115549514025,3560.585783938507,7.793213970008231
1668,1696,4.273564550668652,3790.5999506598655,6.530455642922377
1669,1668,4.637432195032832,3830.000312139048,6.772203591112133
1669,1670,4.336981630123787,27255.20808775201,45.21699664594188
1670,1669,4.6845899711683066,27215.84389777756,46.24882162052983
1670,1671,7.135787596555092,5387.240369465695,9.899621847858125
1671,1623,4.121835943481015,4190.479954505466,5.395021230751636
1671,1670,5.593452832630585,5387.24329317876,8.815355016089997
1671,1672,5.0009287434904,18249.883713511812,29.994236679365812
1671,1698,4.629652220387815,4562.703573093502,7.872325648642423
1672,1624,3.3989857770018257,4370.203461179592,4.608577300977987
1672,1671,4.308555544570414,18269.19423235928,27.89223923645176
1672,1673,3.8895505801818735,4859.907562250193,6.3940101274044885
1672,1699,4.32042440516248,4324.063641423347,5.993283602290664
1673,1672,8.591435724167441,4839.603656983236,10.06328991988966
1673,1700,4.129027018009007,6011.892582899822,7.567727646532307
1674,1701,4.411676911478877,5038.125709733875,8.282979938060203
1675,1625,5.058467825280095,7692.110152030762,10.815528953402245
1675,1676,4.796495105450869,3931.9815421562826,5.7321100990936955
1675,1702,4.03797306863366,28112.87966937926,31.52190184526308
1676,1675,7.049105324605652,4782.4698676044445,7.9119930372311105
1676,1677,6.021902671243892,6833.328848541268,10.556993336326258
1677,1627,4.549431794781831,4662.7429536616,6.661319931462321
1677,1676,4.429027919252592,6491.890014973273,8.05571929668515
1677,1678,4.7201357574699845,5134.125654436979,6.722745428357988
1677,1703,7.408688827333983,4103.379334805053,7.278843663763601
1678,1677,4.37595013659629,5134.125654436979,6.1445505246432415
1678,1679,6.8472746150665005,29144.879072652875,52.7544791163907
1679,1628,3.1962200049621,3154.6198032051134,2.6976378410999446
1679,1678,5.367828382402452,47781.198752102035,78.40580859010468
1679,1680,5.308607589113616,53101.03361802275,85.09882076280397
1679,1704,3.477696109104163,3318.2858165434336,3.784838387960048
1680,1679,6.888194622019726,35131.1753234883,62.89141618944003
1680,1681,6.305242785619692,5276.0007741273785,7.25207549993937
1681,1629,4.836876465432858,5506.973955979327,7.232242847103734
1681,1680,5.206242999721903,5276.0007741273785,7.527812821452173
1681,1682,6.204351921455455,4569.812550226811,5.932576342022006
1681,1706,4.671538961562181,10370.232133811243,13.115393715185474
1682,1681,4.956968815910392,4569.81255022681,6.444251862418267
1682,1707,8.561547911883011,3866.1221427027112,6.454363436624046
1684,1631,3.8107783804819895,4116.0346600964285,5.518517942052043
1684,1685,5.9568825369654945,4229.039691987537,8.005098595102401
1685,1684,3.7208276074397837,4229.039691987537,5.828789320912206
1685,1710,4.113666738713055,48122.7801707757,74.48066452060407
1686,1714,3.1962200049620995,4249.544761396415,7.405823514069163
1688,1659,8.200826949677683,3903.097708203212,6.635688879423558
1691,1692,4.89219999851478,4013.495403112261,6.767321180868034
1691,1721,4.779289668440233,3552.3404618714685,4.256795739496002
1692,1663,6.757069188321934,5693.248997714512,12.074038902982902
1692,1691,5.5709073512881995,4694.601965420563,8.246106883642947
1693,1664,3.477487925937723,5834.648478981541,8.456063415106733
1693,1722,3.59515514761408,3889.737190488801,5.916624989028351
1694,1666,4.277946439056799,5934.809593312471,9.836355585277548
1694,1695,3.8722677981448745,12704.059453574122,18.18183018318599
1694,1723,3.6912978721339953,28504.803909850605,42.62889599157689
1695,1667,4.214754786350539,5282.496006110696,6.206759906191053
1695,1694,3.752970199918263,12693.041433851517,17.02089253059074
1696,1668,8.22826674186642,3801.2600406332126,9.062213239240698
1696,1697,6.168135911824496,4445.262710550228,8.028466123759316
1696,1724,6.035121256145067,4175.954236179986,6.626225833462499
1697,1696,4.185023478030794,4447.290724184286,6.532661242758569
1697,1725,7.4853057610263525,4792.286513834029,10.892724752315283
1698,1671,6.8728264451165115,4562.7035730935,9.134001327209006
1698,1727,4.3729688729737335,3628.735456181365,5.144847597399456
1699,1672,8.5950977101862,4304.738097727661,8.018675715132218
1699,1728,3.3006505952058207,5210.323569428662,7.009742183214705
1700,1673,4.225544970875992,4900.025528160887,7.380330952669747
1700,1701,6.474821215343964,5128.759554166509,8.882561404561889
1700,1729,4.1817974509620734,5650.510376446499,7.331191808155774
1701,1674,9.850558554032743,5038.125709733875,12.516929712206856
1701,1700,4.672248990432821,5128.75955416651,7.105239115958257
1701,1702,9.836107469637673,5097.849086352653,12.759173616964707
1701,1730,4.523409481104584,8134.899303882537,10.646025075868822
1702,1675,4.057417653220215,28112.87966937926,31.38535706663723
1702,1701,4.409597228840131,4336.3450485482135,7.1129685631135136
1702,1731,4.415411812687373,11479.66554285224,17.799276604803815
1703,1677,4.419655811109579,4103.379334805054,5.656635355746489
1703,1733,12.792935812393333,3663.9371348571535,9.372393364035018
1704,1679,3.1962200049621,3250.450194967786,2.968971933287852
1704,1705,6.764506326830922,3150.4422923849843,6.18717143481756
1704,1735,12.405448438020578,3106.2562023739315,7.712412732830999
1705,1704,4.211422840302498,3135.1032658089425,4.04080192438644
1705,1706,3.728323851054965,3177.2807991566106,5.309951878386844
1706,1681,3.4834788436800075,3592.0866084367894,3.320022681248841
1706,1705,3.6716640812633052,3177.28079915661,4.774394956887675
1706,1707,5.205420658087282,46055.5867044968,83.12827356741563
1707,1682,4.122301399611063,3866.1221427027112,5.275886093891625
1707,1706,3.5788129417949923,5644.053811317622,7.081394918162836
1707,1708,4.118760696886933,3891.992939341109,5.409058911272346
1707,1736,5.091704028592161,3922.8126167015353,5.21390598097434
1708,1707,5.654423313802834,4857.839907542349,8.463612501361215
1708,1709,3.892470842295443,3238.335632923541,4.534852223690035
1709,1708,6.592188501617622,3480.1736994716366,6.130426604181409
1709,1710,4.32059713921129,33191.36832294577,52.11036601521872
1710,1709,4.698100825110058,33084.98491764201,56.89433793838361
1710,1737,4.822682938178382,3488.7712321280287,6.344135641692517
1711,1712,3.9409647744761136,2974.440150167461,3.8507984205352503
1711,1742,6.401201415544256,4212.865580914802,10.029204901060211
1712,1711,3.1962200049621003,2974.440150167461,4.186780005523383
1712,1713,3.1962200049620995,8300.20392652241,12.496822699745325
1712,1743,3.196220004962101,10117.264240830937,16.164983241173218
1713,1712,3.3518635490443454,8295.32250215367,12.231546693367854
1713,1714,3.1962200049621,3747.760259395899,5.694699625888318
1713,1744,3.1962200049621,3523.150082084815,4.584048092705851
1714,1686,8.830924195519389,4876.36089647637,10.271384423522203
1714,1713,3.1962200049621,3752.906256796813,5.793969920406958
1714,1745,3.1962200049621,4324.096964972414,5.241077409011793
1720,1721,4.444845992774531,3743.196953620344,4.399468854926724
1721,1691,3.1962200049621,3552.3404618714685,3.82415566626236
1721,1720,4.0824061495377135,3743.1969536203433,3.791175629776923
1722,3,3.3305197108273985,6223.123872875256,11.720351084725827
1722,1693,3.387100068223942,3883.672854143628,6.606370151479213
1723,5,4.629095843319956,5398.044695032226,9.436028217975776
1723,1694,3.5073857741932626,28476.76956311556,42.91426321659742
1724,1696,5.444443033769787,4175.954236179987,7.133195685631748
1724,1725,4.875718364780704,10503.65316143556,18.03217482363844
1725,8,4.492208144322906,5097.717560214809,9.890432988566278
1725,1697,4.140639763614934,4801.555042293985,7.436371072883191
1725,1726,5.04749057146071,5081.56966665264,8.629095687333686
1726,9,4.557080572393078,3507.538783158471,7.002804599643509
1726,1725,5.569956471237126,4286.122668150923,9.437981157808007
1726,1727,4.5814113565894194,5488.855969176225,11.332561913599148
1727,10,5.76057408437568,3988.172613477668,8.494621064605594
1727,1698,6.439798021479711,3628.735456181364,6.5030404343446095
1727,1726,4.616194993104378,6072.879044639478,12.231785690745406
1727,1728,4.676542565054778,4761.472165746238,7.722995463391784
1728,11,6.712082456361873,5026.2248159296905,12.139104662055288
1728,1699,4.328313937076479,5191.198334833527,8.422772482387277
1728,1727,4.157938536648191,4761.472165746239,7.461940434836729
1728,1729,6.316025888472103,3522.746793250388,6.73534871736015
1729,12,5.293996166637177,9291.46690319491,15.698262285566038
1729,1700,4.178816970085944,7625.35174709985,9.537506687513904
1729,1728,7.703102093517228,3522.746793250388,7.240463639601899
1730,13,3.7645872111006895,7702.0669272973855,12.52414474304549
1730,1701,4.672972124666963,7016.59395552034,10.38647703681634
1731,1702,4.406187756751052,8522.205749101047,13.251734189327127
1733,1703,3.9191556287912626,3381.5408660824664,4.696708681187866
1735,18,8.924629064523373,3362.0906945622755,7.018971201018843
1735,1704,5.400431552055951,29338.596687004236,49.59512040681386
1736,21,4.446567491895757,3903.1852485313952,5.393143467263558
1736,1707,4.050650850757201,3922.8126167015353,4.961002490835674
1737,1710,6.517946942123187,3488.7712321280287,7.638925552470628
1737,1738,9.89606465753199,4499.7305304115525,11.329232098531753
1738,1737,3.9312091103192297,4171.09292092553,6.386151345312085
1738,1739,3.6233173296733368,32947.886069957225,47.46503630473645
1739,1738,3.7943727322626843,33286.708837040605,48.39533333351055
1739,1740,3.7764592338399363,7904.103233358066,9.396093524047153
1740,1739,3.794732875874103,6073.8382932448585,7.393899614740208
1740,1741,12.916079247436613,4030.6849250150217,9.87371043646374
1741,1740,3.8246016476902405,4030.6849250150217,5.6439543784307125
1741,1742,4.102786275638032,3861.0698833465062,5.315634261004771
1742,28,4.392464795433284,7222.247991970393,15.42940793520901
1742,1711,4.103669133907571,3837.0515407261128,6.735868024101553
1742,1741,3.972094290150276,3861.0698833465062,5.950726582274455
1742,1743,3.230318645973956,4024.340256654776,6.592448616633652
1743,29,4.057787322668841,6401.221261110799,12.511087992057648
1743,1712,3.874695125440513,10117.26424083094,16.710511469914493
1743,1742,5.131907720809817,4906.381803301414,10.57945829146088
1744,30,4.744474385215213,14296.832062757145,26.694988939042677
1744,1713,3.305481814185161,24444.865210693803,36.42628567620169
1744,1745,4.296941543564381,18426.034868252813,31.682885477777624
1745,1714,4.22542999495868,4352.44997291475,6.799949441987981
1745,1744,3.339165974417578,9226.36672209426,13.87283489309238
1745,1746,3.604936768119446,68133.71787404992,101.12705683902108
1746,1715,2.015394312047801,2526.2385225559656,2.7964847481434623
1750,1751,9.681184139399239,3608.3741684521624,6.643252745639511
1751,1750,6.137223955445415,3598.981917656497,5.048927487000828
