node_aa,grid_id,chi_hat,l_r_hat,l_f_hat
1,sq_10_16,1.0000753530982642,1.0000629242576895,1.0000604644285944
2,sq_10_17,1.0000753530982642,1.0000629242576902,1.0000604644285946
3,sq_10_18,1.0000753530982642,1.0000629242576908,1.0000604644285955
4,sq_10_19,1.0000753530982642,1.0000629242576917,1.0000604644285949
5,sq_10_20,1.0000753530982642,1.0000629242576908,1.0000604644285949
6,sq_10_21,1.0000753530982642,1.000062924257691,1.0000604644285942
7,sq_10_22,1.0000753530982642,1.000062924257691,1.0000604644285953
8,sq_10_23,1.0000753530982642,1.0000629242576915,1.000060464428595
9,sq_10_24,1.0000753530982642,1.0000629242576908,1.0000604644285949
10,sq_10_25,1.0000753530982642,1.000062924257691,1.000060464428595
11,sq_10_26,1.0000753530982642,1.0000629242576902,1.0000604644285955
12,sq_10_27,1.0000753530982642,1.0000629242576902,1.0000604644285953
13,sq_10_28,1.0000753530982642,1.000063104423726,1.0000604910216462
14,sq_10_29,1.0000753530982642,1.000063375266781,1.0000608004024434
15,sq_10_30,1.0000753530982642,1.0000632886199017,1.0000604294604576
16,sq_10_31,1.0000753530982642,1.0000630064294787,1.0000605308348889
17,sq_10_32,1.0000753530982642,1.0000629242576915,1.0000604644285949
18,sq_10_33,1.0000753530982642,1.000062964902008,1.0000605078082045
19,sq_10_34,1.0000753530982642,1.0000630675339939,1.000060442956101
20,sq_10_35,1.0000753530982642,1.000063649149605,1.000060476656879
21,sq_10_36,1.0000753530982642,1.0000626612799237,1.0000615093387135
22,sq_10_37,1.0000753530982642,1.000063444250782,1.0000604428455586
23,sq_10_39,1.0000753530982642,1.0000649887913615,1.0000600024062223
24,sq_10_40,1.0000753530982642,1.0000634623592453,1.0000606323448253
25,sq_10_41,1.0000753530982642,1.0000637895783353,1.0000604239599662
26,sq_10_42,1.0000753530982642,1.000063221352946,1.000060502390463
27,sq_10_43,1.0000753530982642,1.0000634797758923,1.0000605656257973
28,sq_10_44,1.0000753530982642,1.0000629242576904,1.0000604644285946
29,sq_10_45,1.0000753530982642,1.0000630006255167,1.0000604724911135
30,sq_10_46,1.0000753530982642,1.0000630666933297,1.0000605123405895
31,sq_10_47,1.0000753530982642,1.0000630168378797,1.0000606203399418
32,sq_10_48,1.0000753530982642,1.000064365768547,1.0000605518258234
33,sq_10_50,1.0000753530982642,1.0000633793693503,1.0000604639558706
34,sq_10_51,1.0000753530982642,1.000064086836085,1.0000608258521613
35,sq_11_18,1.0000753530982642,1.0000635190239964,1.0000605864669232
36,sq_11_19,1.0000753530982642,1.0000629934792948,1.000060484236323
37,sq_11_20,1.0000753530982642,1.0000629242576915,1.0000604644285958
38,sq_11_21,1.0000753530982642,1.0000629359397601,1.0000604843862404
39,sq_11_22,1.0000753530982642,1.0000629242576904,1.0000604644285949
40,sq_11_23,1.0000753530982642,1.0000630005741615,1.000060460462797
41,sq_11_24,1.0000753530982642,1.0000630026007185,1.0000604971741538
42,sq_11_25,1.0000753530982642,1.00006304971551,1.0000605104240932
43,sq_11_26,1.0000753530982642,1.0000629763172912,1.0000605667004383
44,sq_11_27,1.0000753530982642,1.000063312041058,1.0000604607631551
45,sq_11_29,1.0000753530982642,1.0000632882973988,1.0000605435680163
46,sq_11_30,1.0000753530982642,1.0000634052728894,1.0000604030321276
47,sq_11_31,1.0000753530982642,1.0000629347714263,1.0000606594951442
48,sq_11_32,1.0000753530982642,1.0000628823446918,1.0000605774570348
49,sq_11_33,1.0000753530982642,1.0000629242576917,1.000060464428595
50,sq_11_35,1.0000753530982642,1.0000629242576908,1.0000604644285949
51,sq_11_36,1.0000753530982642,1.000062974209226,1.0000604684614351
52,sq_11_37,1.0000753530982642,1.0000630450856478,1.0000604368782562
53,sq_11_38,1.0000753530982642,1.0000629242576915,1.0000604644285949
54,sq_11_39,1.0000753530982642,1.0000629242576906,1.0000604644285955
55,sq_11_40,1.0000753530982642,1.0000629242576906,1.0000604644285955
56,sq_11_41,1.0000753530982642,1.0000629242576906,1.0000604644285944
57,sq_11_42,1.0000753530982642,1.000062924257691,1.0000604644285953
58,sq_11_43,1.0000753530982642,1.000062924257691,1.0000604644285953
59,sq_11_44,1.0000753530982642,1.0000629242576904,1.0000604644285946
60,sq_11_45,1.0000753530982642,1.0000629242576908,1.0000604644285942
61,sq_11_46,1.0000753530982642,1.0000629242576906,1.0000604644285955
62,sq_11_47,1.0000753530982642,1.0000629242576913,1.000060464428594
63,sq_11_48,1.0000753530982642,1.0000629242576906,1.000060464428595
64,sq_11_49,1.0000753530982642,1.0000629242576904,1.000060464428595
65,sq_11_50,1.0000753530982642,1.0000629242576904,1.0000604644285949
66,sq_11_51,1.0000753530982642,1.0000629242576897,1.0000604644285955
67,sq_11_52,1.0000753530982642,1.0000635294391818,1.000060520033575
68,sq_11_53,1.0000753530982642,1.0000640226066528,1.0000603437635565
69,sq_11_54,1.0000753530982642,1.0000629242576902,1.0000604644285949
70,sq_12_20,1.0000753530982642,1.0000629440621607,1.0000604824348165
71,sq_12_21,1.0000753530982642,1.0000629716278795,1.0000604807035702
72,sq_12_22,1.0000753530982642,1.0000628293458906,1.0000608308648544
73,sq_12_23,1.0000753530982642,1.0000635655369305,1.0000603032013666
74,sq_12_25,1.0000753530982642,1.000063896071061,1.0000603015528664
75,sq_12_26,1.0000753530982642,1.0000630426254684,1.0000605122707087
76,sq_12_27,1.0000753530982642,1.000062958896034,1.0000605262528126
77,sq_12_28,1.0000753530982642,1.000062988093388,1.000060476066873
78,sq_12_29,1.0000753530982642,1.0000629242576928,1.0000604644285946
79,sq_12_30,1.0000753530982642,1.0000639929388468,1.0000602526371936
80,sq_12_31,1.0000753530982642,1.0000629242576906,1.0000604644285949
81,sq_12_32,1.0000753530982642,1.0000630383040687,1.0000604591141322
82,sq_12_33,1.0000753530982642,1.0000629544853203,1.0000604789255094
83,sq_12_34,1.0000753530982642,1.0000630064989404,1.0000605107377203
84,sq_12_35,1.0000753530982642,1.000063387391939,1.00006039754073
85,sq_12_36,1.0000753530982642,1.000062924257691,1.000060464428595
86,sq_12_39,1.0000753530982642,1.000065049202837,1.000059829516873
87,sq_12_40,1.0000753530982642,1.00006385167398,1.0000603491396958
88,sq_12_41,1.0000753530982642,1.0000637474510419,1.0000602888364967
89,sq_12_42,1.0000753530982642,1.000061825253009,1.000061398364566
90,sq_12_43,1.0000753530982642,0.9997972834736414,1.000432652212152
91,sq_12_44,1.0000753530982642,1.0000629242576908,1.0000604644285949
92,sq_12_45,1.0000753530982642,1.0000613704844512,1.0000626638950743
93,sq_12_46,1.0000753530982642,1.0000635063061676,1.0000607011554463
94,sq_12_47,1.0000753530982642,1.0000634439135097,1.0000605351103822
95,sq_12_48,1.0000753530982642,1.000064305794541,1.000060251389817
96,sq_12_50,1.0000753530982642,1.0000630200042995,1.0000605491070267
97,sq_12_51,1.0000753530982642,1.0000630828518038,1.0000605762167818
98,sq_12_52,1.0000753530982642,1.0000637952677391,1.0000604292546218
99,sq_12_53,1.0000753530982642,1.0000639383726109,1.000060572711064
100,sq_12_54,1.0000753530982642,1.0000635344320918,1.0000607901975986
101,sq_13_10,1.0000753530982642,1.0000656926640898,1.0000664943280757
102,sq_13_11,1.0000753530982642,1.000062924257689,1.000060464428595
103,sq_13_12,1.0000753530982642,1.0000618374083199,1.0000675169965623
104,sq_13_20,1.0000753530982642,1.000062952108616,1.0000604864905849
105,sq_13_21,1.0000753530982642,1.0000629784642256,1.00006047695376
106,sq_13_22,1.0000753530982642,1.0000629893710258,1.0000605391644113
107,sq_13_23,1.0000753530982642,1.0000629635864478,1.000060470591467
108,sq_13_24,1.0000753530982642,1.000062924257691,1.0000604644285958
109,sq_13_25,1.0000753530982642,1.000062924257691,1.0000604644285953
110,sq_13_26,1.0000753530982642,1.000062924257691,1.0000604644285953
111,sq_13_27,1.0000753530982642,1.0000629242576915,1.000060464428595
112,sq_13_28,1.0000753530982642,1.0000629242576913,1.000060464428595
113,sq_13_29,1.0000753530982642,1.000062924257691,1.0000604644285953
114,sq_13_30,1.0000753530982642,1.0000629242576893,1.0000604644285955
115,sq_13_31,1.0000753530982642,1.00006292425769,1.0000604644285955
116,sq_13_32,1.0000753530982642,1.0000629242576906,1.0000604644285949
117,sq_13_33,1.0000753530982642,1.000062924257691,1.0000604644285953
118,sq_13_34,1.0000753530982642,1.000062924257691,1.0000604644285953
119,sq_13_35,1.0000753530982642,1.000062924257691,1.0000604644285946
120,sq_13_36,1.0000753530982642,1.0000629242576908,1.0000604644285953
121,sq_13_37,1.0000753530982642,1.0000629242576908,1.0000604644285958
122,sq_13_38,1.0000753530982642,1.0000629242576913,1.000060464428595
123,sq_13_39,1.0000753530982642,1.0000629242576908,1.0000604644285953
124,sq_13_41,1.0000753530982642,1.0000629851100453,1.0000605114106755
125,sq_13_42,1.0000753530982642,1.0000629378249437,1.0000605185710576
126,sq_13_43,1.0000753530982642,1.0000630116769937,1.0000605631520594
127,sq_13_44,1.0000753530982642,1.0000653318496189,1.0000598761316248
128,sq_13_45,1.0000753530982642,1.0000629242576906,1.000060464428595
129,sq_13_46,1.0000753530982642,1.0000630840653348,1.0000610567891186
130,sq_13_47,1.0000753530982642,1.0000630577617486,1.0000605249160195
131,sq_13_48,1.0000753530982642,1.0000637009533475,1.00006059278966
132,sq_13_49,1.0000753530982642,1.0000639315720559,1.0000604139677585
133,sq_13_50,1.0000753530982642,1.000063070388137,1.000060680636672
134,sq_13_51,1.0000753530982642,1.00006292425769,1.0000604644285958
135,sq_13_52,1.0000753530982642,1.000067394790906,1.0000592966491422
136,sq_13_53,1.0000753530982642,1.0000637453820527,1.0000610344003238
137,sq_13_54,1.0000753530982642,1.0000639363086228,1.0000618866953608
138,sq_13_9,1.0000753530982642,1.0000722521530003,1.0000748742969878
139,sq_14_10,1.0000753530982642,1.0000781135695072,1.0000798879655903
140,sq_14_11,1.0000753530982642,1.0000843676564304,1.000067390623728
141,sq_14_12,1.0000753530982642,1.000063158224993,1.0000667203517593
142,sq_14_19,1.0000753530982642,1.0000629242576908,1.0000604644285949
143,sq_14_20,1.0000753530982642,1.0000629242576908,1.0000604644285949
144,sq_14_21,1.0000753530982642,0.9143304490253535,1.1168848374197504
145,sq_14_22,1.0000753530982642,1.0000629242576902,1.0000604644285955
146,sq_14_23,1.0000753530982642,0.999945554282362,1.0002066787724213
147,sq_14_24,1.0000753530982642,1.0000628004223058,1.0000606272584218
148,sq_14_25,1.0000753530982642,1.0000632252869246,1.0000604229924557
149,sq_14_26,1.0000753530982642,1.0000629346282708,1.0000604720925357
150,sq_14_27,1.0000753530982642,1.0000629371940841,1.0000604594881806
151,sq_14_28,1.0000753530982642,1.0000629605269549,1.0000604761276273
152,sq_14_29,1.0000753530982642,1.0000629455538517,1.0000604691884154
153,sq_14_30,1.0000753530982642,1.0000683181513166,1.0000612570169038
154,sq_14_31,1.0000753530982642,1.0000629550590434,1.0000605282364186
155,sq_14_32,1.0000753530982642,1.0000629242576902,1.0000604644285953
156,sq_14_33,1.0000753530982642,1.0000629242576915,1.0000604644285953
157,sq_14_34,1.0000753530982642,1.000062941036367,1.0000604687341415
158,sq_14_35,1.0000753530982642,1.0000630044067471,1.0000604627818959
159,sq_14_36,1.0000753530982642,1.0000630132467487,1.0000606152125868
160,sq_14_37,1.0000753530982642,1.0000629067168185,1.0000605712717954
161,sq_14_38,1.0000753530982642,1.0000626349395143,1.0000612707518926
162,sq_14_39,1.0000753530982642,1.0000629242576917,1.0000604644285946
163,sq_14_40,1.0000753530982642,1.000062924257691,1.000060464428595
164,sq_14_41,1.0000753530982642,1.0000629242576913,1.0000604644285955
165,sq_14_42,1.0000753530982642,1.0000629242576917,1.000060464428595
166,sq_14_43,1.0000753530982642,1.000063133672326,1.0000604119986802
167,sq_14_44,1.0000753530982642,1.0000633986812484,1.00006037613258
168,sq_14_45,1.0000753530982642,1.0000629606228302,1.0000604972888394
169,sq_14_46,1.0000753530982642,1.0000629242576906,1.000060464428595
170,sq_14_47,1.0000753530982642,1.000062924257691,1.0000604644285942
171,sq_14_48,1.0000753530982642,1.0000629242576902,1.000060464428595
172,sq_14_50,1.0000753530982642,1.0000629242576906,1.000060464428595
173,sq_14_51,1.0000753530982642,1.0000629242576904,1.0000604644285949
174,sq_14_52,1.0000753530982642,1.000062924257691,1.000060464428595
175,sq_14_53,1.0000753530982642,1.0000629242576906,1.0000604644285946
176,sq_14_54,1.0000753530982642,1.0000629242576913,1.0000604644285946
177,sq_14_7,1.0000753530982642,1.0000676489610958,1.0000633697482355
178,sq_14_8,1.0000753530982642,1.0000663838893142,1.000063345714809
179,sq_14_9,1.0000753530982642,1.0000802726132418,1.0000590468594028
180,sq_15_0,1.0000753530982642,1.0000857259116653,1.0000757568731564
181,sq_15_12,1.0000753530982642,1.0000660531770116,1.0000667650530728
182,sq_15_13,1.0000753530982642,1.0000711913938563,1.00006237291238
183,sq_15_2,1.0000753530982642,1.000079899112861,1.0000772460185294
184,sq_15_20,1.0000753530982642,1.0000630660672307,1.0000604846909793
185,sq_15_21,1.0000753530982642,1.0000645736862817,1.0000609509040275
186,sq_15_22,1.0000753530982642,1.0000632422016114,1.00006048880398
187,sq_15_23,1.0000753530982642,1.0000629242576906,1.0000604644285949
188,sq_15_24,1.0000753530982642,1.0000630550926233,1.000060535543527
189,sq_15_25,1.0000753530982642,1.0000629943327994,1.0000605105511182
190,sq_15_26,1.0000753530982642,1.0000631526001138,1.0000605015177424
191,sq_15_27,1.0000753530982642,1.000062953525057,1.0000604768634755
192,sq_15_28,1.0000753530982642,1.0000630133182158,1.0000604704223255
193,sq_15_29,1.0000753530982642,1.000062948579021,1.0000604660354686
194,sq_15_3,1.0000753530982642,1.000072139926457,1.0000675958798348
195,sq_15_30,1.0000753530982642,1.0000644689022782,1.0000603741626308
196,sq_15_31,1.0000753530982642,1.0001373450649351,0.9999903124759921
197,sq_15_32,1.0000753530982642,1.0111916358761857,0.9900251215349319
198,sq_15_33,1.0000753530982642,1.000062924257691,1.0000604644285955
199,sq_15_34,1.0000753530982642,1.0000629242576913,1.0000604644285953
200,sq_15_35,1.0000753530982642,1.0000631021676074,1.000060482513838
201,sq_15_36,1.0000753530982642,1.0000628833220628,1.000060935486529
202,sq_15_37,1.0000753530982642,1.0000629737564637,1.0000604645698292
203,sq_15_38,1.0000753530982642,1.0000629335746603,1.0000605105546043
204,sq_15_39,1.0000753530982642,1.0000629855570187,1.0000604522606906
205,sq_15_40,1.0000753530982642,1.0000629260622667,1.0000604734135847
206,sq_15_41,1.0000753530982642,1.0000629407577513,1.0000604692245096
207,sq_15_42,1.0000753530982642,1.0000629603959101,1.0000604684895344
208,sq_15_43,1.0000753530982642,1.0000629800105059,1.0000604622502334
209,sq_15_44,1.0000753530982642,1.0000629242576904,1.0000604644285953
210,sq_15_45,1.0000753530982642,1.0000632941961722,1.0000605566752372
211,sq_15_46,1.0000753530982642,1.0000632577778894,1.0000605820228516
212,sq_15_47,1.0000753530982642,1.0000629996323074,1.0000604864302027
213,sq_15_48,1.0000753530982642,1.0000636778871907,1.0000603846180178
214,sq_15_49,1.0000753530982642,1.0000629807850585,1.0000606008167299
215,sq_15_50,1.0000753530982642,1.0000629242576908,1.0000604644285953
216,sq_15_51,1.0000753530982642,1.0000629242576915,1.0000604644285944
217,sq_15_52,1.0000753530982642,1.0000629242576906,1.0000604644285949
218,sq_15_53,1.0000753530982642,1.00006292425769,1.0000604644285955
219,sq_15_54,1.0000753530982642,1.0000637226581899,1.000060455712368
220,sq_15_6,1.0000753530982642,1.0000629242576866,1.0000604644285946
221,sq_15_7,1.0000753530982642,1.0000629242576895,1.0000604644285953
222,sq_16_0,1.0000753530982642,1.0000739487112025,1.0000674368586986
223,sq_16_1,1.0000753530982642,1.0000765180943654,1.0000712171168284
224,sq_16_12,1.0000753530982642,1.000077215533377,1.0000664057114446
225,sq_16_13,1.0000753530982642,1.0000629242576897,1.000060464428595
226,sq_16_2,1.0000753530982642,1.0000629242576904,1.0000604644285946
227,sq_16_20,1.0000753530982642,1.000062924257691,1.0000604644285953
228,sq_16_21,1.0000753530982642,1.0000629242576897,1.0000604644285955
229,sq_16_22,1.0000753530982642,1.0000629242576904,1.0000604644285953
230,sq_16_23,1.0000753530982642,1.00006292425769,1.000060464428595
231,sq_16_24,1.0000753530982642,1.0000629829876408,1.0000605138656917
232,sq_16_25,1.0000753530982642,1.0000629242576902,1.0000604644285949
233,sq_16_26,1.0000753530982642,1.0000631767188013,1.0000604717622819
234,sq_16_27,1.0000753530982642,1.0000629541127768,1.0000605267980394
235,sq_16_28,1.0000753530982642,1.0000630515411355,1.0000604587649107
236,sq_16_29,1.0000753530982642,1.000063060095267,1.0000604499987436
237,sq_16_3,1.0000753530982642,1.0000688829474422,1.000064861803927
238,sq_16_30,1.0000753530982642,1.0000645854565502,1.0000628754855745
239,sq_16_31,1.0000753530982642,1.00006306941348,1.0000604374231918
240,sq_16_32,1.0000753530982642,1.0000629640532452,1.0000604666520916
241,sq_16_33,1.0000753530982642,1.0000629410001958,1.0000604784313667
242,sq_16_34,1.0000753530982642,1.000062944974096,1.0000604774719526
243,sq_16_35,1.0000753530982642,1.0000629242576915,1.000060464428595
244,sq_16_36,1.0000753530982642,1.00006307062883,1.0000604470582652
245,sq_16_37,1.0000753530982642,1.0000629886163084,1.0000604700659212
246,sq_16_38,1.0000753530982642,1.0000631011228382,1.0000605299061864
247,sq_16_39,1.0000753530982642,1.0000629426763665,1.0000604812118716
248,sq_16_4,1.0000753530982642,1.000065410145604,1.0000720387165456
249,sq_16_40,1.0000753530982642,1.000062901276639,1.000060522125369
250,sq_16_41,1.0000753530982642,1.0000628592781513,1.0000606483857284
251,sq_16_42,1.0000753530982642,1.0000629130607572,1.0000605027120821
252,sq_16_45,1.0000753530982642,1.0000648772045324,1.0000594837014478
253,sq_16_46,1.0000753530982642,1.0001510878427224,0.999934301189095
254,sq_16_47,1.0000753530982642,1.0000629242576906,1.0000604644285949
255,sq_16_48,1.0000753530982642,1.000064079590773,1.0000598796652493
256,sq_16_5,1.0000753530982642,1.0000753316173738,1.0000611924916696
257,sq_16_50,1.0000753530982642,1.0000638260024977,1.0000603096116527
258,sq_16_51,1.0000753530982642,1.0000632594444296,1.0000616501690038
259,sq_16_52,1.0000753530982642,1.0000632248124124,1.000060465039847
260,sq_16_54,1.0000753530982642,1.0000638420141787,1.0000605430907672
261,sq_16_55,1.0000753530982642,1.0000639882747129,1.0000603621730604
262,sq_16_56,1.0000753530982642,1.0000643376918892,1.0000604593878313
263,sq_16_6,1.0000753530982642,1.0000670076818878,1.000062817006519
264,sq_17_13,1.0000753530982642,1.0000629242576888,1.000060464428596
265,sq_17_14,1.0000753530982642,1.0000629242576897,1.0000604644285944
266,sq_17_15,1.0000753530982642,1.0000657813740352,1.0000629981614646
267,sq_17_16,1.0000753530982642,1.0000647367080373,1.0000609351669993
268,sq_17_17,1.0000753530982642,1.0000653034253166,1.0000616002253115
269,sq_17_18,1.0000753530982642,1.0000632535830813,1.000060786197664
270,sq_17_20,1.0000753530982642,1.0000632869277426,1.000060456177623
271,sq_17_21,1.0000753530982642,1.0000629242576908,1.0000604644285949
272,sq_17_22,1.0000753530982642,1.000062924257691,1.0000604644285949
273,sq_17_23,1.0000753530982642,1.000063129437417,1.00006052803824
274,sq_17_24,1.0000753530982642,1.0000631505188213,1.0000605179849202
275,sq_17_25,1.0000753530982642,1.0000629630849247,1.0000605462405856
276,sq_17_26,1.0000753530982642,1.0000629344336331,1.000060471541304
277,sq_17_27,1.0000753530982642,1.0000629242576917,1.0000604644285955
278,sq_17_28,1.0000753530982642,1.0000629242576913,1.0000604644285958
279,sq_17_29,1.0000753530982642,1.0000629242576917,1.0000604644285958
280,sq_17_31,1.0000753530982642,1.0000630297427837,1.0000604841017042
281,sq_17_32,1.0000753530982642,1.0000629438206048,1.0000604740556638
282,sq_17_33,1.0000753530982642,1.0000629242576913,1.0000604644285946
283,sq_17_34,1.0000753530982642,1.0000629242576908,1.0000604644285958
284,sq_17_35,1.0000753530982642,1.0000629242576917,1.0000604644285955
285,sq_17_36,1.0000753530982642,1.0000629242576915,1.0000604644285949
286,sq_17_37,1.0000753530982642,1.0000629242576913,1.0000604644285955
287,sq_17_38,1.0000753530982642,1.0000629242576908,1.000060464428596
288,sq_17_39,1.0000753530982642,1.000062940204174,1.0000604707196468
289,sq_17_40,1.0000753530982642,1.0000629102454461,1.0000605050558613
290,sq_17_41,1.0000753530982642,1.0000629238929943,1.0000604850351842
291,sq_17_42,1.0000753530982642,1.000062955097762,1.0000604675160911
292,sq_17_43,1.0000753530982642,1.0000630293984374,1.000060462859663
293,sq_17_44,1.0000753530982642,1.0000633056259802,1.0000630959223822
294,sq_17_45,1.0000753530982642,1.0000632311417559,1.00006041075828
295,sq_17_47,1.0000753530982642,1.000063163874597,1.0000605440384636
296,sq_17_48,1.0000753530982642,1.0000639201415753,1.0000603013416696
297,sq_17_49,1.0000753530982642,1.000063249430611,1.000060620212285
298,sq_17_50,1.0000753530982642,1.0000637436800761,1.0000606187995358
299,sq_17_51,1.0000753530982642,1.0000634947849771,1.0000606562280319
300,sq_17_52,1.0000753530982642,1.000063392460059,1.000060449157493
301,sq_17_53,1.0000753530982642,1.0000632410577428,1.0000611831916206
302,sq_17_54,1.0000753530982642,1.0000628142709709,1.0000610805368375
303,sq_17_55,1.0000753530982642,1.000064546087199,1.0000603363033784
304,sq_18_13,1.0000753530982642,1.000068957340801,1.0000768960690134
305,sq_18_14,1.0000753530982642,1.0000735805645804,1.0000738335871955
306,sq_18_15,1.0000753530982642,1.0000858811322806,1.0000559640155313
307,sq_18_16,1.0000753530982642,1.000063289309232,1.0000717241766361
308,sq_18_17,1.0000753530982642,1.0000652913762136,1.0000608675587268
309,sq_18_18,1.0000753530982642,1.0000654398188003,1.0000608332471361
310,sq_18_19,1.0000753530982642,1.0000629242576897,1.0000604644285946
311,sq_18_20,1.0000753530982642,1.00006654958228,1.0000612689078954
312,sq_18_21,1.0000753530982642,1.0000680186826552,1.0000609555270126
313,sq_18_22,1.0000753530982642,1.0000668626944287,1.0000639083030773
314,sq_18_25,1.0000753530982642,1.0000671766767453,1.000058955108069
315,sq_18_26,1.0000753530982642,1.000062947267912,1.0000605210895457
316,sq_18_27,1.0000753530982642,1.0000629817762363,1.0000604828093071
317,sq_18_28,1.0000753530982642,1.000062955739876,1.0000604660795596
318,sq_18_29,1.0000753530982642,1.0000630040689342,1.0000605313534332
319,sq_18_30,1.0000753530982642,1.0000630355355558,1.0000604666309392
320,sq_18_31,1.0000753530982642,1.0000629200177564,1.0000604921876077
321,sq_18_32,1.0000753530982642,1.000062924257692,1.000060464428595
322,sq_18_33,1.0000753530982642,1.0000629407811312,1.0000604771090238
323,sq_18_34,1.0000753530982642,1.0000629341467235,1.0000604849627732
324,sq_18_35,1.0000753530982642,1.0000629403946513,1.000060482440822
325,sq_18_36,1.0000753530982642,1.0000629358107411,1.0000604666785489
326,sq_18_37,1.0000753530982642,1.0000629613190921,1.0000604587155342
327,sq_18_38,1.0000753530982642,1.000062924257691,1.0000604644285953
328,sq_18_39,1.0000753530982642,1.0000630027839816,1.0000604638976311
329,sq_18_40,1.0000753530982642,1.0000629818550733,1.0000604518637144
330,sq_18_41,1.0000753530982642,1.0000629242576908,1.0000604644285949
331,sq_18_42,1.0000753530982642,1.0000629242576913,1.0000604644285958
332,sq_18_43,1.0000753530982642,1.0000630026499078,1.000060495582463
333,sq_18_44,1.0000753530982642,1.0000630045295085,1.0000604777493958
334,sq_18_45,1.0000753530982642,1.0000629242576908,1.000060464428596
335,sq_18_46,1.0000753530982642,1.0000629242576906,1.0000604644285949
336,sq_18_47,1.0000753530982642,1.0000629820978313,1.0000604940013142
337,sq_18_48,1.0000753530982642,1.000063587096953,1.0000603403211794
338,sq_18_50,1.0000753530982642,1.000062924257691,1.0000604644285946
339,sq_18_52,1.0000753530982642,1.0000629242576913,1.0000604644285949
340,sq_18_54,1.0000753530982642,1.0000629242576913,1.0000604644285946
341,sq_19_20,1.0000753530982642,1.0000629242576902,1.000060464428594
342,sq_19_25,1.0000753530982642,1.000062924257691,1.000060464428595
343,sq_19_26,1.0000753530982642,1.000062924257692,1.0000604644285944
344,sq_19_27,1.0000753530982642,1.0000630209388468,1.0000604702862386
345,sq_19_28,1.0000753530982642,1.0000629402331238,1.0000604693911448
346,sq_19_29,1.0000753530982642,1.0000629662751412,1.000060496315111
347,sq_19_30,1.0000753530982642,1.000062939891752,1.000060478145883
348,sq_19_31,1.0000753530982642,1.0000629515147537,1.0000604624362428
349,sq_19_32,1.0000753530982642,1.0000629370313767,1.000060464106769
350,sq_19_33,1.0000753530982642,1.0000629309672144,1.0000604664454187
351,sq_19_34,1.0000753530982642,1.0000629365601006,1.0000604686533041
352,sq_19_35,1.0000753530982642,1.0000629296313468,1.000060465172091
353,sq_19_36,1.0000753530982642,1.0000629314595748,1.0000604652378107
354,sq_19_37,1.0000753530982642,1.0000629353160553,1.0000604633156696
355,sq_19_38,1.0000753530982642,1.0000629415587325,1.000060466351902
356,sq_19_39,1.0000753530982642,1.0000629518667217,1.0000604772016646
357,sq_19_40,1.0000753530982642,1.0000629702574075,1.0000604618151243
358,sq_19_41,1.0000753530982642,1.0000629507361016,1.0000604917978961
359,sq_19_42,1.0000753530982642,1.000063045880859,1.0000604374137767
360,sq_19_43,1.0000753530982642,1.0000636011195747,1.0000602690517884
361,sq_19_44,1.0000753530982642,1.0000630009746825,1.0000605211610991
362,sq_19_45,1.0000753530982642,1.0000630386403615,1.0000604686698582
363,sq_19_46,1.0000753530982642,1.0000626742357142,1.0000611670604471
364,sq_19_47,1.0000753530982642,1.0000630345916084,1.0000604518229224
365,sq_19_48,1.0000753530982642,1.0000629331534694,1.0000605304259047
366,sq_19_49,1.0000753530982642,1.0000631825419928,1.0000605159653002
367,sq_19_50,1.0000753530982642,1.00006298292444,1.0000606265368628
368,sq_19_51,1.0000753530982642,1.0000630319632458,1.000060751872775
369,sq_19_52,1.0000753530982642,1.000063480619722,1.0000605646628773
370,sq_19_53,1.0000753530982642,1.0000629242576886,1.000060464428596
371,sq_1_33,1.0000753530982642,1.0000632244638363,1.0000606742200766
372,sq_20_20,1.0000753530982642,1.0000673287386652,1.0000608531208173
373,sq_20_21,1.0000753530982642,1.0000761192940884,1.0000652694871681
374,sq_20_22,1.0000753530982642,1.0000631260178663,1.000060666389233
375,sq_20_23,1.0000753530982642,1.0000629242576906,1.0000604644285949
376,sq_20_24,1.0000753530982642,1.0000630838143583,1.0000620009459271
377,sq_20_25,1.0000753530982642,1.0000633989830834,1.0000614396967449
378,sq_20_26,1.0000753530982642,1.000063182094358,1.0000609111308
379,sq_20_27,1.0000753530982642,1.0000629672321157,1.0000604699377067
380,sq_20_28,1.0000753530982642,1.0000629242576902,1.0000604644285953
381,sq_20_29,1.0000753530982642,1.000062964906912,1.0000604719074806
382,sq_20_30,1.0000753530982642,1.000062948931465,1.0000604687970285
383,sq_20_31,1.0000753530982642,1.000062939498718,1.0000604617479287
384,sq_20_32,1.0000753530982642,1.0000629288225826,1.0000604688576034
385,sq_20_33,1.0000753530982642,1.000062924257691,1.0000604644285953
386,sq_20_34,1.0000753530982642,1.0000629242576915,1.000060464428595
387,sq_20_35,1.0000753530982642,1.0000629242576908,1.0000604644285955
388,sq_20_36,1.0000753530982642,1.000062924257691,1.0000604644285953
389,sq_20_37,1.0000753530982642,1.0000629242576915,1.0000604644285953
390,sq_20_38,1.0000753530982642,1.0000629242576908,1.0000604644285955
391,sq_20_39,1.0000753530982642,1.000062930184186,1.0000604698956337
392,sq_20_40,1.0000753530982642,1.0000629409560964,1.0000604678371847
393,sq_20_41,1.0000753530982642,1.0000629309404903,1.0000604811168934
394,sq_20_42,1.0000753530982642,1.0000629498755376,1.0000604697492477
395,sq_20_43,1.0000753530982642,1.0000630152046652,1.0000604775551734
396,sq_20_44,1.0000753530982642,1.0000629474828195,1.0000604654889826
397,sq_20_45,1.0000753530982642,1.0000629242576913,1.000060464428595
398,sq_20_46,1.0000753530982642,1.0000629242576915,1.0000604644285955
399,sq_20_47,1.0000753530982642,1.0000629489225352,1.0000604701908011
400,sq_20_48,1.0000753530982642,1.0000625810440196,1.0000613058176273
401,sq_20_49,1.0000753530982642,1.0000635406621963,1.0000604126088577
402,sq_20_50,1.0000753530982642,1.0000631669911666,1.000060580848558
403,sq_20_51,1.0000753530982642,1.0000631595654441,1.000060464492406
404,sq_20_52,1.0000753530982642,1.0000651208987903,1.0000600922141347
405,sq_21_23,1.0000753530982642,1.0000632241120067,1.0000605508254816
406,sq_21_24,1.0000753530982642,1.0000636719086144,1.000060666797751
407,sq_21_25,1.0000753530982642,1.0000629929448328,1.0000604863078366
408,sq_21_26,1.0000753530982642,1.0000635226272925,1.0000603401481356
409,sq_21_27,1.0000753530982642,1.000062924257691,1.000060464428595
410,sq_21_28,1.0000753530982642,1.0000630058524258,1.0000604720024628
411,sq_21_29,1.0000753530982642,1.000062942268529,1.0000604646626317
412,sq_21_30,1.0000753530982642,1.0000629470397786,1.0000604671221112
413,sq_21_31,1.0000753530982642,1.0000629208138407,1.0000604963185327
414,sq_21_32,1.0000753530982642,1.0000629324863977,1.000060467328708
415,sq_21_33,1.0000753530982642,1.0000629255587852,1.000060471553096
416,sq_21_34,1.0000753530982642,1.0000629351147963,1.00006046480252
417,sq_21_35,1.0000753530982642,1.0000629255057518,1.0000604741807375
418,sq_21_36,1.0000753530982642,1.0000629255527267,1.00006048582024
419,sq_21_37,1.0000753530982642,1.000062924257692,1.0000604644285953
420,sq_21_38,1.0000753530982642,1.0000629304382835,1.000060467772512
421,sq_21_39,1.0000753530982642,1.0000629272311148,1.0000604747741557
422,sq_21_40,1.0000753530982642,1.0000629418437663,1.0000604744543908
423,sq_21_41,1.0000753530982642,1.000062941357711,1.0000604850558636
424,sq_21_42,1.0000753530982642,1.0000628981386397,1.0000606538758798
425,sq_21_43,1.0000753530982642,1.0000630356659386,1.0000604514442102
426,sq_21_44,1.0000753530982642,1.0000629242576917,1.0000604644285949
427,sq_21_45,1.0000753530982642,1.0000629332690383,1.0000604660402543
428,sq_21_46,1.0000753530982642,1.0000629352036094,1.0000604657737744
429,sq_21_47,1.0000753530982642,1.0000629482507621,1.000060471513739
430,sq_21_48,1.0000753530982642,1.000062924257691,1.0000604644285958
431,sq_21_49,1.0000753530982642,1.000063043479119,1.0000604619882505
432,sq_21_50,1.0000753530982642,1.000065131894752,1.000060217014319
433,sq_22_25,1.0000753530982642,1.000062951918587,1.000060472087239
434,sq_22_26,1.0000753530982642,1.000062946452675,1.000060477075549
435,sq_22_27,1.0000753530982642,1.0000629462345791,1.0000605531438378
436,sq_22_28,1.0000753530982642,1.000062931106208,1.0000604703939935
437,sq_22_29,1.0000753530982642,1.000062924257691,1.0000604644285955
438,sq_22_30,1.0000753530982642,1.0000629242576915,1.0000604644285955
439,sq_22_31,1.0000753530982642,1.0000629242576922,1.0000604644285953
440,sq_22_32,1.0000753530982642,1.0000629242576913,1.0000604644285953
441,sq_22_33,1.0000753530982642,1.0000629242576922,1.0000604644285953
442,sq_22_34,1.0000753530982642,1.0000629242576913,1.0000604644285953
443,sq_22_35,1.0000753530982642,1.0000629242576915,1.0000604644285949
444,sq_22_36,1.0000753530982642,1.0000629242576917,1.000060464428595
445,sq_22_37,1.0000753530982642,1.0000629232205855,1.000060472941755
446,sq_22_38,1.0000753530982642,1.0000629196623958,1.0000604768384451
447,sq_22_39,1.0000753530982642,1.0000629248762676,1.000060470820641
448,sq_22_40,1.0000753530982642,1.000062927795031,1.000060467624138
449,sq_22_41,1.0000753530982642,1.0000629286001022,1.0000604708914196
450,sq_22_42,1.0000753530982642,1.0000629375625865,1.0000604686334926
451,sq_22_43,1.0000753530982642,1.0000629327034434,1.0000604684532586
452,sq_22_44,1.0000753530982642,1.0000629898279492,1.0000604572738403
453,sq_22_45,1.0000753530982642,1.000062926643175,1.00006047041163
454,sq_22_46,1.0000753530982642,1.0000629368672243,1.0000604703613423
455,sq_22_47,1.0000753530982642,1.000062924257691,1.0000604644285955
456,sq_22_48,1.0000753530982642,1.0000629242576904,1.0000604644285955
457,sq_22_49,1.0000753530982642,1.000062986236301,1.0000604846730097
458,sq_22_50,1.0000753530982642,1.0000636014816549,1.000061792340229
459,sq_23_25,1.0000753530982642,1.000063004805127,1.0000605371574063
460,sq_23_26,1.0000753530982642,1.0000639088394587,1.0000601466189183
461,sq_23_27,1.0000753530982642,1.0000630028200093,1.0000604925504821
462,sq_23_28,1.0000753530982642,1.0000629242576922,1.000060464428595
463,sq_23_29,1.0000753530982642,1.0000629423582916,1.0000604717620951
464,sq_23_3,1.0000753530982642,1.000063807612853,1.0000620239334659
465,sq_23_30,1.0000753530982642,1.0000629801979288,1.0000604562254582
466,sq_23_31,1.0000753530982642,1.0000629294442258,1.0000604774182578
467,sq_23_32,1.0000753530982642,1.000062928560231,1.0000604759883862
468,sq_23_33,1.0000753530982642,1.0000629181555047,1.0000604867629626
469,sq_23_34,1.0000753530982642,1.0000629147099254,1.0000604880994968
470,sq_23_35,1.0000753530982642,1.0000629217267618,1.0000604930250887
471,sq_23_36,1.0000753530982642,1.0000511705453095,1.0000717251988096
472,sq_23_37,1.0000753530982642,1.0000628381899708,1.0000606000868784
473,sq_23_38,1.0000753530982642,1.0000629242576915,1.0000604644285953
474,sq_23_39,1.0000753530982642,1.0000629340939233,1.0000604700549978
475,sq_23_4,1.0000753530982642,1.0000638757183755,1.0000632187246592
476,sq_23_40,1.0000753530982642,1.0000629328905246,1.0000604711477514
477,sq_23_41,1.0000753530982642,1.000062922955225,1.0000605264133742
478,sq_23_42,1.0000753530982642,1.0000630858804143,1.000060417662336
479,sq_23_43,1.0000753530982642,1.0000629461478863,1.0000604655310155
480,sq_23_44,1.0000753530982642,1.0000629305219801,1.0000604650268319
481,sq_23_45,1.0000753530982642,1.0000629382296393,1.000060467862563
482,sq_23_46,1.0000753530982642,1.0000629366515195,1.000060466592844
483,sq_23_47,1.0000753530982642,1.000062919253369,1.000060474441609
484,sq_23_48,1.0000753530982642,1.000062924257691,1.0000604644285953
485,sq_23_49,1.0000753530982642,1.0000630414943446,1.0000604645524591
486,sq_23_5,1.0000753530982642,1.0000629242576904,1.0000604644285955
487,sq_23_50,1.0000753530982642,1.0000641502898522,1.0000604455320716
488,sq_23_6,1.0000753530982642,1.0000629242576897,1.0000604644285958
489,sq_24_1,1.0000753530982642,1.0000598778922223,1.0000789945567399
490,sq_24_2,1.0000753530982642,1.0000623466973735,1.0000616182139843
491,sq_24_25,1.0000753530982642,1.0000629242576917,1.0000604644285953
492,sq_24_26,1.0000753530982642,1.0000629242576917,1.0000604644285953
493,sq_24_28,1.0000753530982642,1.0000629242576908,1.0000604644285955
494,sq_24_29,1.0000753530982642,1.0000629242576917,1.0000604644285949
495,sq_24_3,1.0000753530982642,1.0000629242576902,1.0000604644285949
496,sq_24_30,1.0000753530982642,1.0000629242576915,1.0000604644285953
497,sq_24_31,1.0000753530982642,1.0000629242576915,1.000060464428595
498,sq_24_32,1.0000753530982642,1.000062924257691,1.0000604644285955
499,sq_24_33,1.0000753530982642,1.000062924257691,1.0000604644285953
500,sq_24_34,1.0000753530982642,1.0000629242576915,1.0000604644285953
501,sq_24_35,1.0000753530982642,1.0000629242576922,1.0000604644285955
502,sq_24_36,1.0000753530982642,1.0000629242576913,1.0000604644285953
503,sq_24_37,1.0000753530982642,1.0000629242576915,1.0000604644285955
504,sq_24_38,1.0000753530982642,1.0000629242576913,1.0000604644285953
505,sq_24_39,1.0000753530982642,1.0000629353101294,1.0000604780167022
506,sq_24_40,1.0000753530982642,1.0000629242576913,1.0000604644285953
507,sq_24_41,1.0000753530982642,1.0000629242576913,1.000060464428595
508,sq_24_42,1.0000753530982642,1.000062924257692,1.0000604644285949
509,sq_24_43,1.0000753530982642,1.000062924257691,1.0000604644285949
510,sq_24_44,1.0000753530982642,1.0000626335258247,1.0000613144664936
511,sq_24_45,1.0000753530982642,1.000062965934999,1.000060485331316
512,sq_24_46,1.0000753530982642,1.0000630195987326,1.0000606891908623
513,sq_24_47,1.0000753530982642,1.0000630094650602,1.0000604881276363
514,sq_24_48,1.0000753530982642,1.0000629081624077,1.0000606833291426
515,sq_24_49,1.0000753530982642,1.0000629242576913,1.0000604644285942
516,sq_24_50,1.0000753530982642,1.0000640122599018,1.0000605649175485
517,sq_24_6,1.0000753530982642,1.0000682261222722,1.0000693846473805
518,sq_24_7,1.0000753530982642,1.0000631007086218,1.0000619964017754
519,sq_24_8,1.0000753530982642,1.0000673995209948,1.000070087383982
520,sq_24_9,1.0000753530982642,1.0000757541800622,1.000086637319658
521,sq_25_0,1.0000753530982642,1.0000380342077988,1.0001168326571703
522,sq_25_1,1.0000753530982642,0.9999032228427638,1.000158298164044
523,sq_25_10,1.0000753530982642,1.0000263698905039,1.0000992394592
524,sq_25_11,1.0000753530982642,0.894279534261131,1.0547411001680302
525,sq_25_21,1.0000753530982642,0.998982641025363,1.0010049900305373
526,sq_25_22,1.0000753530982642,1.00006292425769,1.0000604644285949
527,sq_25_23,1.0000753530982642,1.0000550904529688,1.0000678613528573
528,sq_25_24,1.0000753530982642,1.0000110812763519,1.0000886966643252
529,sq_25_25,1.0000753530982642,1.0000629307930549,1.0000605314568423
530,sq_25_29,1.0000753530982642,1.000063012953936,1.0000604839639748
531,sq_25_30,1.0000753530982642,1.0000629404876449,1.000060500182214
532,sq_25_31,1.0000753530982642,1.00006297677363,1.0000604821678063
533,sq_25_32,1.0000753530982642,1.000062925978309,1.000060469971465
534,sq_25_33,1.0000753530982642,1.0000629229526885,1.00006047752931
535,sq_25_34,1.0000753530982642,1.0000629274498887,1.0000604740979795
536,sq_25_35,1.0000753530982642,1.0000629272027397,1.0000604685831158
537,sq_25_36,1.0000753530982642,1.0000629242576913,1.0000604644285953
538,sq_25_37,1.0000753530982642,1.000062928306172,1.000060468911401
539,sq_25_38,1.0000753530982642,1.0000629313760268,1.0000604740136283
540,sq_25_39,1.0000753530982642,1.0000629223220145,1.0000604819352146
541,sq_25_40,1.0000753530982642,1.0000629289765468,1.0000604683464467
542,sq_25_41,1.0000753530982642,1.000062924257691,1.0000604644285953
543,sq_25_42,1.0000753530982642,1.000062924257691,1.0000604644285942
544,sq_25_43,1.0000753530982642,1.0000629242576906,1.0000604644285953
545,sq_25_44,1.0000753530982642,1.0000629242576906,1.0000604644285949
546,sq_25_45,1.0000753530982642,1.0000629242576908,1.0000604644285944
547,sq_25_46,1.0000753530982642,1.000062924257691,1.0000604644285946
548,sq_25_48,1.0000753530982642,1.000062970607286,1.0000605403630616
549,sq_25_49,1.0000753530982642,1.0000633931622953,1.0000604283027483
550,sq_25_8,1.0000753530982642,1.0000629242576902,1.0000604644285955
551,sq_25_9,1.0000753530982642,1.0000629242576902,1.0000604644285953
552,sq_26_11,1.0000753530982642,1.0000629242576897,1.0000604644285955
553,sq_26_12,1.0000753530982642,1.0000629242576904,1.000060464428595
554,sq_26_13,1.0000753530982642,1.0000629242576897,1.0000604644285949
555,sq_26_19,1.0000753530982642,1.000062924257689,1.0000604644285953
556,sq_26_20,1.0000753530982642,1.0000629242576908,1.000060464428595
557,sq_26_21,1.0000753530982642,1.00006292425769,1.0000604644285935
558,sq_26_22,1.0000753530982642,1.0000629242576908,1.0000604644285942
559,sq_26_23,1.0000753530982642,1.000062924257691,1.0000604644285953
560,sq_26_24,1.0000753530982642,1.0000629242576904,1.0000604644285953
561,sq_26_25,1.0000753530982642,1.000062924257691,1.0000604644285946
562,sq_26_28,1.0000753530982642,1.0000629242576906,1.0000604644285942
563,sq_26_29,1.0000753530982642,1.0000629242576913,1.0000604644285946
564,sq_26_30,1.0000753530982642,1.0000630682893514,1.000060469513322
565,sq_26_31,1.0000753530982642,1.0000629389373963,1.0000605633967277
566,sq_26_32,1.0000753530982642,1.000062920272236,1.0000604838407443
567,sq_26_33,1.0000753530982642,1.0000629201368867,1.0000604811915639
568,sq_26_34,1.0000753530982642,1.0000629264009449,1.0000604706690914
569,sq_26_35,1.0000753530982642,1.000062928007819,1.0000604686707288
570,sq_26_36,1.0000753530982642,1.0000629260928096,1.0000604703368376
571,sq_26_37,1.0000753530982642,1.0000629303121067,1.0000604711520138
572,sq_26_38,1.0000753530982642,1.0000629322797052,1.0000604702563327
573,sq_26_39,1.0000753530982642,1.0000629215924028,1.00006049221001
574,sq_26_40,1.0000753530982642,1.0000629242576906,1.0000604644285958
575,sq_26_42,1.0000753530982642,1.0000627255010213,1.0000612048785742
576,sq_26_43,1.0000753530982642,1.0000633407134074,1.0000604286142556
577,sq_26_44,1.0000753530982642,1.000063273846827,1.0000603761614935
578,sq_26_45,1.0000753530982642,1.0000633654269335,1.000060438169808
579,sq_26_46,1.0000753530982642,1.0000629788739797,1.0000609069055624
580,sq_26_47,1.0000753530982642,1.000056600026938,1.000063745405185
581,sq_26_48,1.0000753530982642,0.999585292522745,1.0003969764303298
582,sq_26_49,1.0000753530982642,0.9960917627264763,1.0043637865948234
583,sq_26_50,1.0000753530982642,0.478772656310507,1.8567165669147454
584,sq_27_13,1.0000753530982642,0.9377855219914046,1.1279106791708517
585,sq_27_14,1.0000753530982642,1.0000629242576897,1.0000604644285953
586,sq_27_15,1.0000753530982642,0.9983353187130565,1.0025735193683045
587,sq_27_16,1.0000753530982642,0.9947602428064329,1.0039047049040137
588,sq_27_17,1.0000753530982642,1.0000714022627752,1.0000626433813569
589,sq_27_18,1.0000753530982642,1.00006365105029,1.0000732028425732
590,sq_27_19,1.0000753530982642,1.0000652140643296,1.0000637829634917
591,sq_27_20,1.0000753530982642,1.000067271339107,1.0000624898483326
592,sq_27_21,1.0000753530982642,1.0000640013828104,1.000060879132183
593,sq_27_22,1.0000753530982642,1.000072853168782,1.0000583274751222
594,sq_27_24,1.0000753530982642,1.0000652147685476,1.0000602967188543
595,sq_27_25,1.0000753530982642,1.0000630371689032,1.0000604811581166
596,sq_27_26,1.0000753530982642,1.0000629242576897,1.0000604644285953
597,sq_27_30,1.0000753530982642,1.0000629680491853,1.000060486446578
598,sq_27_31,1.0000753530982642,1.0000629436909476,1.0000604702322897
599,sq_27_32,1.0000753530982642,1.0000629821724984,1.0000604583064465
600,sq_27_33,1.0000753530982642,1.0000629242576908,1.0000604644285958
601,sq_27_34,1.0000753530982642,1.000062924257692,1.0000604644285949
602,sq_27_35,1.0000753530982642,1.0000629242576913,1.0000604644285953
603,sq_27_36,1.0000753530982642,1.0000629242576915,1.0000604644285955
604,sq_27_37,1.0000753530982642,1.0000629242576908,1.0000604644285953
605,sq_27_38,1.0000753530982642,1.000062924257691,1.0000604644285953
606,sq_27_39,1.0000753530982642,1.0000629242576906,1.0000604644285958
607,sq_27_40,1.0000753530982642,1.000062924257691,1.000060464428595
608,sq_27_41,1.0000753530982642,1.0000629242576906,1.000060464428596
609,sq_27_42,1.0000753530982642,1.0000629242576915,1.0000604644285949
610,sq_27_43,1.0000753530982642,1.0000629242576906,1.0000604644285949
611,sq_27_45,1.0000753530982642,1.0000629242576908,1.0000604644285953
612,sq_27_46,1.0000753530982642,1.000062924257691,1.0000604644285949
613,sq_27_47,1.0000753530982642,1.0000629242576904,1.000060464428595
614,sq_27_48,1.0000753530982642,1.0000629242576904,1.0000604644285958
615,sq_27_49,1.0000753530982642,1.0000629242576895,1.0000604644285949
616,sq_28_15,1.0000753530982642,1.0000629242576888,1.0000604644285955
617,sq_28_16,1.0000753530982642,1.0000632697678276,1.000061693203673
618,sq_28_17,1.0000753530982642,1.0000637922049673,1.0000607676900168
619,sq_28_18,1.0000753530982642,1.0000807427036191,1.0000647865942143
620,sq_28_25,1.0000753530982642,1.000063773784195,1.0000613103020477
621,sq_28_28,1.0000753530982642,1.000063031501304,1.000060457972523
622,sq_28_29,1.0000753530982642,1.000062981030285,1.0000604767692975
623,sq_28_30,1.0000753530982642,1.0000632468713602,1.000060416972899
624,sq_28_31,1.0000753530982642,1.0000629242576917,1.000060464428595
625,sq_28_32,1.0000753530982642,1.0000629274042743,1.0000604833360651
626,sq_28_33,1.0000753530982642,1.0000629487632091,1.0000604763667105
627,sq_28_34,1.0000753530982642,1.0000629561483971,1.0000604780748845
628,sq_28_35,1.0000753530982642,1.0000630157323886,1.000060472303942
629,sq_28_36,1.0000753530982642,1.0000812590187151,1.0000530109735086
630,sq_28_37,1.0000753530982642,0.9992199372610221,1.0006939110832487
631,sq_28_38,1.0000753530982642,0.9876916995036685,1.0063155314453955
632,sq_28_40,1.0000753530982642,1.0002959396381015,0.9999027286194798
633,sq_28_41,1.0000753530982642,1.0032583259895125,0.9971325809214872
634,sq_28_42,1.0000753530982642,1.0768133729059164,0.8909055909827497
635,sq_28_43,1.0000753530982642,1.0000629242576915,1.0000604644285955
636,sq_28_44,1.0000753530982642,0.9874058363582638,1.0070837043485872
637,sq_28_45,1.0000753530982642,0.981410984207553,1.0140101318482053
638,sq_28_46,1.0000753530982642,1.000040916217074,1.0000733187043163
639,sq_28_47,1.0000753530982642,1.0000629986862555,1.0000607262470849
640,sq_28_48,1.0000753530982642,1.000063055183238,1.000060808266332
641,sq_28_49,1.0000753530982642,1.0000649798574193,1.0000600790226128
642,sq_28_50,1.0000753530982642,1.0000647610630342,1.0000613714298772
643,sq_28_51,1.0000753530982642,1.0000637864794268,1.000060888569733
644,sq_28_58,1.0000753530982642,1.0000624144086856,1.000061676903396
645,sq_29_16,1.0000753530982642,1.0000759473223715,1.0000706916776279
646,sq_29_17,1.0000753530982642,1.00006292425769,1.0000604644285953
647,sq_29_25,1.0000753530982642,1.0000642014071714,1.0000603406352087
648,sq_29_26,1.0000753530982642,1.0000629242576904,1.0000604644285955
649,sq_29_27,1.0000753530982642,1.000062924257691,1.0000604644285955
650,sq_29_28,1.0000753530982642,1.0000629242576913,1.000060464428595
651,sq_29_29,1.0000753530982642,1.0000629242576908,1.000060464428595
652,sq_29_30,1.0000753530982642,1.0000629242576915,1.000060464428595
653,sq_29_31,1.0000753530982642,1.0000629242576908,1.0000604644285953
654,sq_29_32,1.0000753530982642,1.0000629242576917,1.0000604644285955
655,sq_29_33,1.0000753530982642,1.0000629242576913,1.0000604644285958
656,sq_29_34,1.0000753530982642,1.000062924257691,1.0000604644285953
657,sq_29_35,1.0000753530982642,1.0000629242576906,1.0000604644285953
658,sq_29_36,1.0000753530982642,1.0000629242576908,1.0000604644285955
659,sq_29_37,1.0000753530982642,1.0000629242576908,1.0000604644285955
660,sq_29_38,1.0000753530982642,1.0000629242576904,1.0000604644285949
661,sq_29_39,1.0000753530982642,1.0000629242576908,1.0000604644285949
662,sq_29_40,1.0000753530982642,1.0000629242576913,1.000060464428595
663,sq_29_41,1.0000753530982642,1.0000629242576906,1.0000604644285953
664,sq_29_42,1.0000753530982642,1.0000629242576906,1.0000604644285949
665,sq_29_43,1.0000753530982642,1.0000629242576906,1.0000604644285953
666,sq_29_44,1.0000753530982642,1.000062924257691,1.000060464428595
667,sq_29_45,1.0000753530982642,1.0000629242576915,1.0000604644285955
668,sq_29_46,1.0000753530982642,1.000062924257691,1.0000604644285949
669,sq_29_47,1.0000753530982642,1.000062924257691,1.0000604644285949
670,sq_29_48,1.0000753530982642,1.0000633163231845,1.0000605441010115
671,sq_29_49,1.0000753530982642,1.000063604315986,1.0000604312950834
672,sq_29_50,1.0000753530982642,1.0000658197559427,1.0000598696567948
673,sq_29_51,1.0000753530982642,1.0000628647391434,1.000061075018642
674,sq_29_55,1.0000753530982642,1.0000664323954884,1.0000614362856426
675,sq_29_56,1.0000753530982642,1.0000629242576902,1.0000604644285949
676,sq_29_58,1.0000753530982642,1.000063285292265,1.0000604725091748
677,sq_29_59,1.0000753530982642,1.0000630447370833,1.0000611696609731
678,sq_2_31,1.0000753530982642,1.0000805739264427,1.0000656344038859
679,sq_2_32,1.0000753530982642,1.0001512181540018,1.0000058635603228
680,sq_2_33,1.0000753530982642,1.0108088717301944,0.9936492526541186
681,sq_30_16,1.0000753530982642,1.9316192699703265,0.5819537748009791
682,sq_30_17,1.0000753530982642,1.6783860783786024,0.6364887484104335
683,sq_30_18,1.0000753530982642,1.1100695109821554,0.9599290176508467
684,sq_30_26,1.0000753530982642,1.0019989225283141,0.9993178605574965
685,sq_30_27,1.0000753530982642,1.000851196583022,0.9984985448921254
686,sq_30_28,1.0000753530982642,1.0000629242576904,1.000060464428596
687,sq_30_29,1.0000753530982642,1.000066629188162,1.0000604214556608
688,sq_30_30,1.0000753530982642,1.0019108799129326,0.9974653009820726
689,sq_30_31,1.0000753530982642,1.000063954823813,1.0000596922140812
690,sq_30_32,1.0000753530982642,1.000063032556134,1.0000604439910386
691,sq_30_33,1.0000753530982642,1.0000629359706328,1.0000604653940182
692,sq_30_34,1.0000753530982642,1.0000665877644954,1.000057303560334
693,sq_30_36,1.0000753530982642,1.0000591362047428,1.0000632314850093
694,sq_30_37,1.0000753530982642,1.000062939386814,1.0000604930084394
695,sq_30_38,1.0000753530982642,1.0000631276231162,1.000060723826911
696,sq_30_39,1.0000753530982642,1.000060882031482,1.0000669763729926
697,sq_30_40,1.0000753530982642,1.0000629242576904,1.000060464428595
698,sq_30_41,1.0000753530982642,1.0000629762919466,1.000060516765274
699,sq_30_42,1.0000753530982642,1.0000629242576924,1.0000604644285944
700,sq_30_43,1.0000753530982642,1.000062924257691,1.0000604644285958
701,sq_30_44,1.0000753530982642,1.0000629242576902,1.0000604644285953
702,sq_30_45,1.0000753530982642,1.000062924257691,1.0000604644285953
703,sq_30_46,1.0000753530982642,1.0000629242576906,1.000060464428595
704,sq_30_47,1.0000753530982642,1.0000629242576904,1.0000604644285953
705,sq_30_48,1.0000753530982642,1.0000629242576902,1.000060464428595
706,sq_30_49,1.0000753530982642,1.0000629242576908,1.0000604644285949
707,sq_30_50,1.0000753530982642,1.0000629242576902,1.0000604644285949
708,sq_30_51,1.0000753530982642,1.0000629242576908,1.0000604644285953
709,sq_30_52,1.0000753530982642,1.00006292425769,1.0000604644285946
710,sq_30_53,1.0000753530982642,1.0000629242576908,1.0000604644285953
711,sq_30_54,1.0000753530982642,1.0000629242576897,1.0000604644285953
712,sq_30_55,1.0000753530982642,1.0000629242576902,1.0000604644285949
713,sq_30_56,1.0000753530982642,1.0000629242576893,1.000060464428596
714,sq_30_57,1.0000753530982642,1.00006292425769,1.0000604644285955
715,sq_30_58,1.0000753530982642,1.0000629242576908,1.0000604644285949
716,sq_30_59,1.0000753530982642,1.0000629242576902,1.000060464428595
717,sq_30_60,1.0000753530982642,1.000062924257691,1.0000604644285949
718,sq_30_61,1.0000753530982642,1.0000629242576904,1.000060464428595
719,sq_30_62,1.0000753530982642,1.0000629242576897,1.0000604644285953
720,sq_31_16,1.0000753530982642,1.0000809577495209,1.000076989885859
721,sq_31_18,1.0000753530982642,1.0000673802042563,1.0000622092404154
722,sq_31_19,1.0000753530982642,1.0000692536351805,1.00006648997786
723,sq_31_20,1.0000753530982642,1.0000709511397095,1.0000657813456735
724,sq_31_26,1.0000753530982642,1.00006313213855,1.0000604736454772
725,sq_31_27,1.0000753530982642,1.0000629206108966,1.0000616143654566
726,sq_31_28,1.0000753530982642,1.0000633426684018,1.0000604128601596
727,sq_31_29,1.0000753530982642,1.0000631231299737,1.0000604769055415
728,sq_31_31,1.0000753530982642,1.0000630950369318,1.0000604985462886
729,sq_31_32,1.0000753530982642,1.0000631129523079,1.0000603709191882
730,sq_31_33,1.0000753530982642,1.0000692119149426,1.0000566362900236
731,sq_31_34,1.0000753530982642,1.0006261471011795,0.9997099789892817
732,sq_31_35,1.0000753530982642,1.0004519788161792,0.999874963475915
733,sq_31_36,1.0000753530982642,1.0001561901513971,1.00000704747378
734,sq_31_37,1.0000753530982642,1.0000650538293663,1.0000594979540192
735,sq_31_38,1.0000753530982642,1.0000644748063108,1.000058966912314
736,sq_31_39,1.0000753530982642,1.0000630148514598,1.000060463493508
737,sq_31_40,1.0000753530982642,1.000063028476535,1.0000605556262026
738,sq_31_41,1.0000753530982642,1.0000639327027279,1.0000589746616613
739,sq_31_42,1.0000753530982642,1.0000629547111453,1.0000605565773668
740,sq_31_43,1.0000753530982642,1.0000647525186672,1.0000572992177525
741,sq_31_44,1.0000753530982642,1.0007168646435345,0.9987311472595026
742,sq_31_45,1.0000753530982642,1.0192423412267486,0.9714946613022676
743,sq_31_46,1.0000753530982642,0.9898851444037972,1.0093098264494396
744,sq_31_47,1.0000753530982642,1.000052516261508,1.0000668055120039
745,sq_31_48,1.0000753530982642,1.000063113227013,1.000060689638958
746,sq_31_49,1.0000753530982642,1.000062951420335,1.0000605719045277
747,sq_31_50,1.0000753530982642,1.0000633851247558,1.0000604355096339
748,sq_31_51,1.0000753530982642,1.0000640345621088,1.000061319699894
749,sq_31_52,1.0000753530982642,1.000063778371074,1.0000604175777963
750,sq_31_53,1.0000753530982642,1.0000629242576904,1.0000604644285942
751,sq_31_54,1.0000753530982642,1.0000629242576902,1.000060464428595
752,sq_31_55,1.0000753530982642,1.0000629242576906,1.0000604644285949
753,sq_31_56,1.0000753530982642,1.0000629242576904,1.0000604644285946
754,sq_31_58,1.0000753530982642,1.0000639437245726,1.000060857868073
755,sq_31_59,1.0000753530982642,1.0000629242576917,1.0000604644285942
756,sq_31_60,1.0000753530982642,1.00006292425769,1.000060464428595
757,sq_31_61,1.0000753530982642,1.000062924257691,1.0000604644285942
758,sq_31_62,1.0000753530982642,1.0000629242576902,1.000060464428595
759,sq_32_16,1.0000753530982642,1.0000629242576893,1.0000604644285946
760,sq_32_20,1.0000753530982642,1.0000629242576902,1.0000604644285953
761,sq_32_26,1.0000753530982642,1.0000629242576908,1.0000604644285953
762,sq_32_27,1.0000753530982642,1.0000629242576908,1.0000604644285949
763,sq_32_28,1.0000753530982642,1.000062924257691,1.0000604644285946
764,sq_32_29,1.0000753530982642,1.000062924257691,1.0000604644285953
765,sq_32_30,1.0000753530982642,1.000062950810534,1.0000604849581327
766,sq_32_31,1.0000753530982642,1.0000629242576917,1.0000604644285949
767,sq_32_32,1.0000753530982642,1.0000629242576913,1.000060464428595
768,sq_32_33,1.0000753530982642,1.0000629242576908,1.0000604644285953
769,sq_32_34,1.0000753530982642,1.0000629242576913,1.0000604644285949
770,sq_32_35,1.0000753530982642,1.0000629242576915,1.000060464428595
771,sq_32_36,1.0000753530982642,1.0000629598532966,1.0000604683321332
772,sq_32_37,1.0000753530982642,1.0000629619811205,1.0000604774972015
773,sq_32_38,1.0000753530982642,1.000062924257691,1.000060464428595
774,sq_32_39,1.0000753530982642,1.0000629317201006,1.0000605685028554
775,sq_32_40,1.0000753530982642,1.000063038113475,1.0000604664899493
776,sq_32_41,1.0000753530982642,1.0000629449306542,1.0000604809920024
777,sq_32_42,1.0000753530982642,1.0000611463465463,1.0000612857930309
778,sq_32_43,1.0000753530982642,1.0000964930049863,1.0000000755971747
779,sq_32_44,1.0000753530982642,1.000063300415571,1.0000603230850056
780,sq_32_45,1.0000753530982642,1.0000629457354104,1.0000604725670688
781,sq_32_46,1.0000753530982642,1.0000629731782382,1.000060493928076
782,sq_32_47,1.0000753530982642,1.0000692958336095,1.0000579969772347
783,sq_32_48,1.0000753530982642,1.0000700825728752,1.0000582611893953
784,sq_32_49,1.0000753530982642,1.0000640470156756,1.000060269779376
785,sq_32_50,1.0000753530982642,1.000060468189145,1.0000707363404553
786,sq_32_51,1.0000753530982642,1.0000660425190318,1.000059930217826
787,sq_32_52,1.0000753530982642,1.0000629242576915,1.0000604644285955
788,sq_32_53,1.0000753530982642,1.000046865234346,1.0001023754660978
789,sq_32_54,1.0000753530982642,1.0000657275474247,1.0000600491367146
790,sq_32_55,1.0000753530982642,1.00006457389161,1.000060354071282
791,sq_32_56,1.0000753530982642,1.0000642077931263,1.0000610052087195
792,sq_32_59,1.0000753530982642,1.0000703693591098,1.000054238432229
793,sq_32_60,1.0000753530982642,1.0005355329656032,0.9996222940634777
794,sq_32_61,1.0000753530982642,1.0000220427941948,1.0000905269236957
795,sq_32_62,1.0000753530982642,1.0000629320998986,1.0000606080552714
796,sq_32_63,1.0000753530982642,1.00006341265431,1.000060572616364
797,sq_32_64,1.0000753530982642,1.000063685032542,1.0000605626434849
798,sq_32_65,1.0000753530982642,1.0000629242576915,1.0000604644285949
799,sq_32_67,1.0000753530982642,1.0000748766534195,1.0000787819782266
800,sq_32_68,1.0000753530982642,1.0000768048121411,1.0000601497417285
801,sq_33_16,1.0000753530982642,1.0000847824962185,1.0000772548812462
802,sq_33_17,1.0000753530982642,1.0000802527129118,1.000081283749288
803,sq_33_18,1.0000753530982642,1.0000680913139173,1.0000833420112798
804,sq_33_19,1.0000753530982642,1.0000693390952384,1.0000702223254463
805,sq_33_20,1.0000753530982642,1.0000678874413638,1.0000689300857404
806,sq_33_21,1.0000753530982642,1.0000636140627712,1.0000611491029516
807,sq_33_22,1.0000753530982642,1.0000635780503704,1.0000605337549298
808,sq_33_26,1.0000753530982642,1.000062924257691,1.0000604644285953
809,sq_33_27,1.0000753530982642,1.0000629242576908,1.0000604644285949
810,sq_33_28,1.0000753530982642,1.0000629242576904,1.000060464428595
811,sq_33_29,1.0000753530982642,1.0000629242576915,1.000060464428595
812,sq_33_30,1.0000753530982642,1.000062924257691,1.000060464428595
813,sq_33_31,1.0000753530982642,1.0000629242576915,1.0000604644285955
814,sq_33_33,1.0000753530982642,1.0000629242576917,1.000060464428595
815,sq_33_34,1.0000753530982642,1.0000629242576906,1.0000604644285949
816,sq_33_35,1.0000753530982642,1.000062924257691,1.0000604644285949
817,sq_33_36,1.0000753530982642,1.000062917509394,1.0000604779310849
818,sq_33_38,1.0000753530982642,1.0000628769547288,1.0000606096881566
819,sq_33_39,1.0000753530982642,1.0000629523285567,1.000060499591015
820,sq_33_40,1.0000753530982642,1.0000631679791037,1.0000604351115647
821,sq_33_41,1.0000753530982642,1.0000630381583475,1.0000604526390902
822,sq_33_42,1.0000753530982642,1.0000629578201432,1.0000604744643604
823,sq_33_43,1.0000753530982642,1.0000629242576904,1.0000604644285953
824,sq_33_44,1.0000753530982642,1.000062924257692,1.0000604644285953
825,sq_33_45,1.0000753530982642,1.000062924257691,1.0000604644285953
826,sq_33_46,1.0000753530982642,1.0000603828779742,1.000061580196777
827,sq_33_47,1.0000753530982642,1.0000629242576913,1.0000604644285955
828,sq_33_48,1.0000753530982642,0.9949477897782226,1.000159356776098
829,sq_33_49,1.0000753530982642,1.0120799042419584,0.9883587570566018
830,sq_33_50,1.0000753530982642,1.0002065373672224,0.9999260101459896
831,sq_33_51,1.0000753530982642,1.0000659728378534,1.000059495597489
832,sq_33_52,1.0000753530982642,1.0000661366563801,1.0000601800730962
833,sq_33_53,1.0000753530982642,1.000065291904381,1.0000598136283072
834,sq_33_55,1.0000753530982642,1.00009734184462,1.0000337391049967
835,sq_33_56,1.0000753530982642,1.0000637597889948,1.0000604105201552
836,sq_33_57,1.0000753530982642,1.0000755888441428,1.000055858085305
837,sq_33_58,1.0000753530982642,1.000154860029983,0.9999872869529403
838,sq_33_59,1.0000753530982642,1.00006292425769,1.0000604644285953
839,sq_33_60,1.0000753530982642,0.9991913341631788,1.0007252175728392
840,sq_33_61,1.0000753530982642,1.0000619356139813,1.0000612555297084
841,sq_33_62,1.0000753530982642,1.0000629237862775,1.0000605389612507
842,sq_33_63,1.0000753530982642,1.0000631635153503,1.000060440080958
843,sq_33_64,1.0000753530982642,1.0000637873108835,1.0000605080062785
844,sq_33_65,1.0000753530982642,1.0000649831505506,1.000059086308655
845,sq_33_66,1.0000753530982642,1.0000629568634767,1.0000610132587522
846,sq_33_67,1.0000753530982642,1.0000629242576908,1.0000604644285949
847,sq_33_68,1.0000753530982642,1.0000651786739063,1.0000603323452553
848,sq_34_16,1.0000753530982642,1.0000643143702785,1.000061694350453
849,sq_34_17,1.0000753530982642,1.0000629242576902,1.000060464428595
850,sq_34_18,1.0000753530982642,1.0000629242576902,1.0000604644285946
851,sq_34_19,1.0000753530982642,1.0000629242576888,1.0000604644285955
852,sq_34_22,1.0000753530982642,1.0000649360247489,1.0000605260249977
853,sq_34_23,1.0000753530982642,1.0000601417564954,1.0000716109250192
854,sq_34_26,1.0000753530982642,1.0000629864515798,1.0000605217401175
855,sq_34_27,1.0000753530982642,1.0000629242576908,1.0000604644285942
856,sq_34_28,1.0000753530982642,1.0000629242576908,1.000060464428595
857,sq_34_29,1.0000753530982642,1.0000632017553588,1.000060420553959
858,sq_34_30,1.0000753530982642,1.0000629361051585,1.0000605050064064
859,sq_34_31,1.0000753530982642,1.000062949083788,1.0000604690922086
860,sq_34_32,1.0000753530982642,1.0000629242576908,1.000060464428596
861,sq_34_33,1.0000753530982642,1.000062924257691,1.0000604644285946
862,sq_34_35,1.0000753530982642,1.000062924257691,1.0000604644285953
863,sq_34_36,1.0000753530982642,1.0000629242576917,1.000060464428595
864,sq_34_38,1.0000753530982642,1.0000629242576904,1.0000604644285953
865,sq_34_39,1.0000753530982642,1.0000630396500976,1.0000605029653284
866,sq_34_40,1.0000753530982642,1.00006292425769,1.0000604644285958
867,sq_34_41,1.0000753530982642,1.0000630612439676,1.0000604588278588
868,sq_34_43,1.0000753530982642,1.0000634889106532,1.000060381944649
869,sq_34_44,1.0000753530982642,1.00006299132922,1.0000604641831816
870,sq_34_45,1.0000753530982642,1.0000629337570428,1.0000604939512754
871,sq_34_46,1.0000753530982642,1.0000626327504605,1.000061351860533
872,sq_34_47,1.0000753530982642,1.0000633080821746,1.000060607639246
873,sq_34_48,1.0000753530982642,1.0000629242576906,1.0000604644285949
874,sq_34_49,1.0000753530982642,1.0000629242576897,1.000060464428596
875,sq_34_50,1.0000753530982642,1.0000621917659915,1.000060737478763
876,sq_34_51,1.0000753530982642,0.9999316761603856,1.0001801087491982
877,sq_34_52,1.0000753530982642,1.0000629242576908,1.0000604644285949
878,sq_34_53,1.0000753530982642,0.8689170650315344,1.083233979850191
879,sq_34_54,1.0000753530982642,1.0103338967773527,0.9465544868822704
880,sq_34_55,1.0000753530982642,1.000293091507158,0.9998048955691673
881,sq_34_56,1.0000753530982642,1.0000654641638556,1.000059362751331
882,sq_34_57,1.0000753530982642,1.00007290517399,1.000056271256478
883,sq_34_59,1.0000753530982642,1.000098790611687,1.0000269429569284
884,sq_34_60,1.0000753530982642,1.0014658910741927,0.9982787073677322
885,sq_34_61,1.0000753530982642,1.0000691083033475,1.0000566116970822
886,sq_34_62,1.0000753530982642,1.000070781946659,1.0000540063105459
887,sq_34_63,1.0000753530982642,1.0195766185419701,0.9782895645778212
888,sq_34_64,1.0000753530982642,1.0000629242576906,1.000060464428595
889,sq_34_65,1.0000753530982642,0.7969346375475952,1.1697286594880816
890,sq_34_66,1.0000753530982642,1.0000629242576904,1.000060464428595
891,sq_34_67,1.0000753530982642,0.9999346554925613,1.000154232514004
892,sq_34_68,1.0000753530982642,1.0000623720007917,1.0000620098353346
893,sq_35_23,1.0000753530982642,1.000062810007814,1.000061100138799
894,sq_35_24,1.0000753530982642,1.0000633198824722,1.0000610046485103
895,sq_35_25,1.0000753530982642,1.00006326977158,1.0000613415549107
896,sq_35_26,1.0000753530982642,1.0000630995006383,1.0000604628754781
897,sq_35_27,1.0000753530982642,1.0000629986482061,1.000060499120412
898,sq_35_28,1.0000753530982642,1.0000630555699221,1.0000605397015274
899,sq_35_29,1.0000753530982642,1.0000629242576917,1.0000604644285946
900,sq_35_30,1.0000753530982642,1.0000630945209894,1.0000604131982456
901,sq_35_31,1.0000753530982642,1.0000629242576908,1.0000604644285949
902,sq_35_32,1.0000753530982642,1.0000629242576904,1.0000604644285953
903,sq_35_33,1.0000753530982642,1.0000629242576913,1.0000604644285946
904,sq_35_34,1.0000753530982642,1.000062924257689,1.000060464428595
905,sq_35_35,1.0000753530982642,1.000062924257691,1.000060464428595
906,sq_35_36,1.0000753530982642,1.0000629242576915,1.0000604644285949
907,sq_35_37,1.0000753530982642,1.000062924257691,1.0000604644285949
908,sq_35_38,1.0000753530982642,1.0000629242576906,1.0000604644285955
909,sq_35_39,1.0000753530982642,1.0000629242576908,1.0000604644285949
910,sq_35_40,1.0000753530982642,1.0000630208505126,1.000060470326674
911,sq_35_41,1.0000753530982642,1.0000634032401423,1.00006043985138
912,sq_35_42,1.0000753530982642,1.000062862798137,1.0000607249485456
913,sq_35_43,1.0000753530982642,1.0000632240014329,1.000060446217463
914,sq_35_44,1.0000753530982642,1.0000629361439768,1.0000604855028046
915,sq_35_45,1.0000753530982642,1.0000629327221577,1.0000604655443865
916,sq_35_46,1.0000753530982642,1.000062944156515,1.000060507672261
917,sq_35_47,1.0000753530982642,1.0000629242576904,1.000060464428595
918,sq_35_48,1.0000753530982642,1.000063058949112,1.0000604741694619
919,sq_35_49,1.0000753530982642,1.000063286002492,1.0000604439509053
920,sq_35_50,1.0000753530982642,1.0000630815230322,1.0000607430023827
921,sq_35_51,1.0000753530982642,1.0000629242576904,1.0000604644285946
922,sq_35_52,1.0000753530982642,1.0000628076324622,1.0000607968808757
923,sq_35_53,1.0000753530982642,1.0000649654181013,1.0000599828779135
924,sq_35_54,1.0000753530982642,1.0000636299807208,1.0000604208257167
925,sq_35_55,1.0000753530982642,1.0000628442572563,1.0000606244972323
926,sq_35_56,1.0000753530982642,1.0000629242576897,1.0000604644285953
927,sq_35_57,1.0000753530982642,1.000062924257692,1.0000604644285942
928,sq_35_58,1.0000753530982642,1.000062924257691,1.0000604644285955
929,sq_35_59,1.0000753530982642,1.0055903759608191,0.9978686465635181
930,sq_35_60,1.0000753530982642,1.0766730709743955,0.9475663502209765
931,sq_35_61,1.0000753530982642,1.0018400032647394,0.9989254086566633
932,sq_35_62,1.0000753530982642,1.000113985216102,1.000029469120506
933,sq_35_63,1.0000753530982642,1.0001543047006944,0.9999968109082339
934,sq_35_64,1.0000753530982642,1.0032526444368275,0.997705156284203
935,sq_35_65,1.0000753530982642,1.1183684133949927,0.8753724388642635
936,sq_35_66,1.0000753530982642,1.001705154547502,0.9989352544908984
937,sq_35_67,1.0000753530982642,1.0000997620794834,1.000025274633569
938,sq_35_68,1.0000753530982642,1.0001513241404814,0.9999627302536843
939,sq_35_69,1.0000753530982642,1.0000629242576895,1.0000604644285958
940,sq_35_70,1.0000753530982642,0.681866605590142,1.449970127714776
941,sq_35_71,1.0000753530982642,0.9850565425438191,0.980211693393562
942,sq_35_72,1.0000753530982642,0.9963198998214416,1.00282336442229
943,sq_36_23,1.0000753530982642,1.0000633099458425,1.0000604814101604
944,sq_36_24,1.0000753530982642,1.0000629242576913,1.0000604644285944
945,sq_36_25,1.0000753530982642,1.0000630230290706,1.0000607828608477
946,sq_36_26,1.0000753530982642,1.0000633153243772,1.0000604834728373
947,sq_36_27,1.0000753530982642,1.000062975135719,1.0000605685599835
948,sq_36_28,1.0000753530982642,1.000063011561285,1.000060456416154
949,sq_36_29,1.0000753530982642,1.0000629615016352,1.000060468150616
950,sq_36_30,1.0000753530982642,1.0000629242576913,1.0000604644285953
951,sq_36_31,1.0000753530982642,1.0000629242576906,1.0000604644285955
952,sq_36_32,1.0000753530982642,1.0000629242576915,1.0000604644285955
953,sq_36_33,1.0000753530982642,1.0000629242576906,1.0000604644285955
954,sq_36_34,1.0000753530982642,1.0000629242576906,1.0000604644285946
955,sq_36_35,1.0000753530982642,1.000062924257691,1.0000604644285942
956,sq_36_36,1.0000753530982642,1.0000629242576908,1.0000604644285953
957,sq_36_37,1.0000753530982642,1.000062924257691,1.0000604644285949
958,sq_36_38,1.0000753530982642,1.0000629242576908,1.0000604644285944
959,sq_36_39,1.0000753530982642,1.000062924257691,1.0000604644285953
960,sq_36_40,1.0000753530982642,1.0000629242576902,1.000060464428595
961,sq_36_41,1.0000753530982642,1.0000629242576908,1.0000604644285949
962,sq_36_42,1.0000753530982642,1.0000631299982834,1.0000604940987436
963,sq_36_44,1.0000753530982642,1.0000633437789554,1.0000604947644407
964,sq_36_45,1.0000753530982642,1.000063069118619,1.000060444964878
965,sq_36_46,1.0000753530982642,1.0000630754635387,1.0000604542765807
966,sq_36_47,1.0000753530982642,1.0000629242576897,1.0000604644285946
967,sq_36_48,1.0000753530982642,1.0000629242576915,1.0000604644285955
968,sq_36_49,1.0000753530982642,1.0000629242576908,1.0000604644285953
969,sq_36_50,1.0000753530982642,1.0000629242576902,1.000060464428595
970,sq_36_51,1.0000753530982642,1.0000629242576904,1.000060464428595
971,sq_36_52,1.0000753530982642,1.0000629242576893,1.0000604644285955
972,sq_36_53,1.0000753530982642,1.0000629242576906,1.0000604644285953
973,sq_36_54,1.0000753530982642,1.0000639538844753,1.0000605397412565
974,sq_36_55,1.0000753530982642,1.00006292425769,1.0000604644285953
975,sq_36_56,1.0000753530982642,1.0000629242576893,1.0000604644285949
976,sq_36_57,1.0000753530982642,1.0000641371722259,1.0000601472470143
977,sq_36_58,1.0000753530982642,1.0001176218511516,1.0000367838301703
978,sq_36_59,1.0000753530982642,1.0000629242576913,1.0000604644285942
979,sq_36_60,1.0000753530982642,1.000920188618754,0.9996378524498548
980,sq_36_61,1.0000753530982642,1.0173503779394215,0.9932755132159127
981,sq_36_62,1.0000753530982642,1.0006409774144795,0.9996701435985073
982,sq_36_63,1.0000753530982642,1.00239602599303,0.9990641066442797
983,sq_36_64,1.0000753530982642,1.0563965987501411,0.9763936280041804
984,sq_36_65,1.0000753530982642,1.4500618908782823,0.629682209751536
985,sq_36_66,1.0000753530982642,0.8511826355686178,1.0851441327236273
986,sq_36_67,1.0000753530982642,0.9976119540159597,1.0016191144109845
987,sq_36_68,1.0000753530982642,1.000069762431252,1.0000589323677598
988,sq_36_69,1.0000753530982642,1.0000629242576908,1.0000604644285949
989,sq_36_70,1.0000753530982642,1.0000629242576904,1.0000604644285953
990,sq_36_71,1.0000753530982642,0.9471493852356924,0.9737179886189313
991,sq_36_72,1.0000753530982642,1.4661591172433712,0.5827985929328456
992,sq_37_23,1.0000753530982642,0.9283464861916447,1.042901579475866
993,sq_37_24,1.0000753530982642,0.9998357196654204,1.000253056991991
994,sq_37_25,1.0000753530982642,1.0000624486959113,1.0000609092994666
995,sq_37_26,1.0000753530982642,1.000063418762234,1.0000605342298692
996,sq_37_27,1.0000753530982642,1.0000632420751043,1.0000609801256295
997,sq_37_28,1.0000753530982642,1.0000629604081965,1.0000605608086832
998,sq_37_29,1.0000753530982642,1.0000629626085507,1.0000604711807841
999,sq_37_30,1.0000753530982642,1.0000629474578655,1.000060463016648
1000,sq_37_31,1.0000753530982642,1.0000629242576922,1.0000604644285949
1001,sq_37_32,1.0000753530982642,1.000062985380952,1.0000604486737221
1002,sq_37_33,1.0000753530982642,1.0000644477275562,1.000060337254822
1003,sq_37_34,1.0000753530982642,1.0000629242576902,1.000060464428595
1004,sq_37_35,1.0000753530982642,1.0000629242576904,1.0000604644285949
1005,sq_37_36,1.0000753530982642,1.0000629242576906,1.0000604644285953
1006,sq_37_37,1.0000753530982642,1.00006292425769,1.000060464428595
1007,sq_37_38,1.0000753530982642,1.0000631714261645,1.0000605225541068
1008,sq_37_39,1.0000753530982642,1.000062924257691,1.0000604644285946
1009,sq_37_40,1.0000753530982642,1.0000629242576917,1.0000604644285953
1010,sq_37_41,1.0000753530982642,1.0000629242576908,1.0000604644285953
1011,sq_37_42,1.0000753530982642,1.0000629242576906,1.0000604644285953
1012,sq_37_43,1.0000753530982642,1.0000629242576904,1.0000604644285953
1013,sq_37_44,1.0000753530982642,1.0000629242576906,1.000060464428595
1014,sq_37_45,1.0000753530982642,1.0000629242576904,1.0000604644285955
1015,sq_37_46,1.0000753530982642,1.0000629242576913,1.0000604644285955
1016,sq_37_47,1.0000753530982642,1.0000629242576902,1.0000604644285944
1017,sq_37_48,1.0000753530982642,1.000062924257691,1.0000604644285955
1018,sq_37_49,1.0000753530982642,1.0000629242576902,1.000060464428595
1019,sq_37_50,1.0000753530982642,1.000063823401019,1.0000604483019688
1020,sq_37_51,1.0000753530982642,1.0000643038718973,1.0000603974842792
1021,sq_37_53,1.0000753530982642,1.0000629242576908,1.0000604644285949
1022,sq_37_54,1.0000753530982642,1.0000629242576906,1.0000604644285942
1023,sq_37_59,1.0000753530982642,1.0000629242576897,1.000060464428595
1024,sq_37_62,1.0000753530982642,1.0000629242576895,1.0000604644285955
1025,sq_37_63,1.0000753530982642,1.0000629242576895,1.000060464428595
1026,sq_37_65,1.0000753530982642,1.00006292425769,1.0000604644285953
1027,sq_37_66,1.0000753530982642,1.0000629242576897,1.0000604644285946
1028,sq_37_69,1.0000753530982642,1.0000629242576904,1.0000604644285953
1029,sq_37_70,1.0000753530982642,1.000063384034369,1.0000608886706837
1030,sq_38_24,1.0000753530982642,1.0000638782149505,1.0000604278450587
1031,sq_38_25,1.0000753530982642,1.000062896905809,1.0000606799615452
1032,sq_38_26,1.0000753530982642,1.0000629624707975,1.0000604846473546
1033,sq_38_27,1.0000753530982642,1.0000630765263012,1.0000604411396115
1034,sq_38_28,1.0000753530982642,1.0000629242576906,1.0000604644285953
1035,sq_38_29,1.0000753530982642,1.000068058856942,1.00005801635122
1036,sq_38_30,1.0000753530982642,1.0000942827979409,1.0000438602001391
1037,sq_38_31,1.0000753530982642,1.0000628545567791,1.0000611820211776
1038,sq_38_35,1.0000753530982642,0.9995414942614476,1.0007444481661805
1039,sq_38_36,1.0000753530982642,0.9125142533627404,1.0474238779492089
1040,sq_38_38,1.0000753530982642,0.8114807501496409,1.048153137168855
1041,sq_38_39,1.0000753530982642,0.9917776653977955,1.0034309906141576
1042,sq_38_40,1.0000753530982642,0.9999451897750962,1.0001117988628618
1043,sq_38_41,1.0000753530982642,1.000065231990332,1.0000599042377323
1044,sq_38_42,1.0000753530982642,1.000066787382215,1.000053709142511
1045,sq_38_43,1.0000753530982642,1.0000629242576908,1.0000604644285949
1046,sq_38_44,1.0000753530982642,1.000057677389876,0.9994071549181271
1047,sq_38_45,1.0000753530982642,1.001499922115383,0.9988606766955666
1048,sq_38_46,1.0000753530982642,0.9979068379861828,1.0013980023467874
1049,sq_38_47,1.0000753530982642,1.0000336616730234,1.00007804836356
1050,sq_38_48,1.0000753530982642,1.0000637592545636,1.000060903531555
1051,sq_38_49,1.0000753530982642,1.0000638191098998,1.00006053588243
1052,sq_38_50,1.0000753530982642,1.0000629947941235,1.0000606145269246
1053,sq_38_51,1.0000753530982642,1.0000640235720193,1.0000604145748786
1054,sq_38_52,1.0000753530982642,1.0000648127256349,1.0000607136822015
1055,sq_38_53,1.0000753530982642,1.0000630931810426,1.0000607948621816
1056,sq_38_54,1.0000753530982642,1.00006292425769,1.000060464428595
1057,sq_38_55,1.0000753530982642,1.0000668774795647,1.0000601663504924
1058,sq_38_59,1.0000753530982642,1.0000622225531905,1.000063168638288
1059,sq_38_63,1.0000753530982642,1.0000629242576902,1.000060464428595
1060,sq_39_25,1.0000753530982642,1.0000629242576904,1.000060464428595
1061,sq_39_26,1.0000753530982642,1.0000629242576906,1.0000604644285955
1062,sq_39_29,1.0000753530982642,1.0000631535714577,1.0000606040825022
1063,sq_39_30,1.0000753530982642,1.0000631691629809,1.000060435963974
1064,sq_39_31,1.0000753530982642,1.00006292425769,1.0000604644285955
1065,sq_39_36,1.0000753530982642,1.0000624890606635,1.000069020664912
1066,sq_39_40,1.0000753530982642,1.0000634680763938,1.0000606002926138
1067,sq_39_41,1.0000753530982642,1.000062924257691,1.000060464428596
1068,sq_39_42,1.0000753530982642,1.0000629242576908,1.0000604644285949
1069,sq_39_43,1.0000753530982642,1.0000629242576913,1.0000604644285949
1070,sq_39_44,1.0000753530982642,1.0000629242576913,1.0000604644285958
1071,sq_39_45,1.0000753530982642,1.0000629242576902,1.000060464428595
1072,sq_39_46,1.0000753530982642,1.0000629242576904,1.000060464428595
1073,sq_39_47,1.0000753530982642,1.0000629242576897,1.0000604644285953
1074,sq_39_48,1.0000753530982642,1.0000629242576906,1.0000604644285949
1075,sq_39_50,1.0000753530982642,1.000063644682799,1.000060435102282
1076,sq_39_51,1.0000753530982642,1.0000638703755798,1.000060550369928
1077,sq_39_52,1.0000753530982642,1.000063657287255,1.0000603899823062
1078,sq_39_53,1.0000753530982642,1.0000629242576893,1.0000604644285955
1079,sq_39_55,1.0000753530982642,1.0000629242576893,1.0000604644285958
1080,sq_39_58,1.0000753530982642,1.0000629242576904,1.0000604644285949
1081,sq_39_59,1.0000753530982642,1.0000629242576897,1.000060464428595
1082,sq_39_63,1.0000753530982642,1.0000629242576902,1.0000604644285946
1083,sq_3_30,1.0000753530982642,1.0000629242576906,1.0000604644285955
1084,sq_3_31,1.0000753530982642,1.0000629242576897,1.0000604644285953
1085,sq_3_32,1.0000753530982642,1.0000629242576913,1.000060464428595
1086,sq_3_33,1.0000753530982642,1.0000629242576906,1.0000604644285953
1087,sq_40_24,1.0000753530982642,1.0000629242576895,1.0000604644285953
1088,sq_40_25,1.0000753530982642,1.0000658427784246,1.0000634483692268
1089,sq_40_29,1.0000753530982642,1.0000632003029954,1.000060555932572
1090,sq_40_30,1.0000753530982642,1.0000633793616047,1.0000605741943427
1091,sq_40_31,1.0000753530982642,1.00006292425769,1.000060464428595
1092,sq_40_34,1.0000753530982642,1.0000629242576902,1.0000604644285946
1093,sq_40_35,1.0000753530982642,1.0000629242576893,1.0000604644285955
1094,sq_40_36,1.0000753530982642,1.0000629242576897,1.0000604644285955
1095,sq_40_41,1.0000753530982642,1.000062924257691,1.000060464428595
1096,sq_40_42,1.0000753530982642,1.0000629242576906,1.0000604644285949
1097,sq_40_43,1.0000753530982642,1.00006292425769,1.0000604644285955
1098,sq_40_44,1.0000753530982642,1.0000631091410612,1.0000604829572515
1099,sq_40_45,1.0000753530982642,1.0000630553852081,1.0000604840146736
1100,sq_40_46,1.0000753530982642,1.0000629989591907,1.0000605150004362
1101,sq_40_47,1.0000753530982642,1.000063194714939,1.000060488752061
1102,sq_40_48,1.0000753530982642,1.0000629242576904,1.0000604644285953
1103,sq_40_49,1.0000753530982642,1.0000648077613525,1.0000602812900588
1104,sq_40_50,1.0000753530982642,1.000062964174375,1.0000612546140049
1105,sq_40_51,1.0000753530982642,0.999883980071943,1.0001488159198342
1106,sq_40_54,1.0000753530982642,0.997563301884895,1.0013397841575506
1107,sq_40_55,1.0000753530982642,0.986489857752663,1.006100386650867
1108,sq_40_56,1.0000753530982642,1.0000629242576902,1.0000604644285953
1109,sq_40_57,1.0000753530982642,0.9992698058240256,1.0004354005320648
1110,sq_40_58,1.0000753530982642,0.9999240465630597,1.0001445321396913
1111,sq_40_63,1.0000753530982642,1.0000503266652587,1.0000712126217524
1112,sq_41_23,1.0000753530982642,1.0000704833585377,1.000061781330636
1113,sq_41_24,1.0000753530982642,1.000062924257689,1.0000604644285946
1114,sq_41_28,1.0000753530982642,1.0000724869668216,1.0000573848291252
1115,sq_41_29,1.0000753530982642,1.000148560503485,0.9999484442119327
1116,sq_41_30,1.0000753530982642,1.0000551076382398,1.0000674202945077
1117,sq_41_31,1.0000753530982642,1.0000652667702246,1.000061666902349
1118,sq_41_33,1.0000753530982642,1.000071910387533,1.0000600302882623
1119,sq_41_34,1.0000753530982642,1.0000690727417265,1.0000615242573503
1120,sq_41_41,1.0000753530982642,1.0000637981865743,1.0000607443880365
1121,sq_41_42,1.0000753530982642,1.0000634481290682,1.0000606209801068
1122,sq_41_43,1.0000753530982642,1.0000630557656744,1.0000606119311801
1123,sq_41_44,1.0000753530982642,1.0000629750411498,1.0000604724270852
1124,sq_41_45,1.0000753530982642,1.0000629242576913,1.000060464428595
1125,sq_41_46,1.0000753530982642,1.0000630497084386,1.0000605658314676
1126,sq_41_48,1.0000753530982642,1.0000646727156433,1.0000604031367246
1127,sq_41_49,1.0000753530982642,1.0000647187757177,1.0000606648098354
1128,sq_41_51,1.0000753530982642,1.0000632843885424,1.0000605640877516
1129,sq_41_53,1.0000753530982642,1.0000836295599302,1.0000640848764963
1130,sq_41_54,1.0000753530982642,1.0000694242853088,1.0000599611623169
1131,sq_41_57,1.0000753530982642,1.000063001988864,1.0000611282079586
1132,sq_41_63,1.0000753530982642,1.0000650196917664,1.0000623947757432
1133,sq_42_22,1.0000753530982642,1.000054403725417,1.0000870704419738
1134,sq_42_23,1.0000753530982642,1.0000714866269411,1.0000865138451414
1135,sq_42_26,1.0000753530982642,1.0000629242576904,1.0000604644285953
1136,sq_42_27,1.0000753530982642,1.0000683084652953,1.0000605033819796
1137,sq_42_28,1.0000753530982642,1.0000746013292232,1.000063243722878
1138,sq_42_31,1.0000753530982642,1.0000732844429705,1.0000583363382167
1139,sq_42_32,1.0000753530982642,1.00006292425769,1.0000604644285946
1140,sq_42_34,1.0000753530982642,1.0000629242576902,1.000060464428595
1141,sq_42_40,1.0000753530982642,1.000062924257691,1.0000604644285942
1142,sq_42_41,1.0000753530982642,1.0000629242576893,1.0000604644285953
1143,sq_42_42,1.0000753530982642,1.00006292425769,1.0000604644285946
1144,sq_42_44,1.0000753530982642,1.0000629242576913,1.000060464428595
1145,sq_42_45,1.0000753530982642,1.0000629242576906,1.0000604644285953
1146,sq_42_46,1.0000753530982642,1.0000629242576915,1.0000604644285946
1147,sq_42_47,1.0000753530982642,1.0000629242576917,1.000060464428595
1148,sq_42_48,1.0000753530982642,1.0000629242576915,1.0000604644285942
1149,sq_42_49,1.0000753530982642,1.0000629242576906,1.0000604644285953
1150,sq_42_50,1.0000753530982642,1.0000629242576904,1.0000604644285958
1151,sq_42_51,1.0000753530982642,1.0000629242576915,1.0000604644285942
1152,sq_42_52,1.0000753530982642,1.0000632157197158,1.0000610685581437
1153,sq_42_53,1.0000753530982642,1.0000629242576882,1.0000604644285942
1154,sq_42_54,1.0000753530982642,1.0000841144645385,1.000073356369705
1155,sq_42_57,1.0000753530982642,1.000065306249991,1.000060309198612
1156,sq_42_63,1.0000753530982642,1.0000650434184275,1.000061447493536
1157,sq_43_20,1.0000753530982642,1.00006292425769,1.0000604644285949
1158,sq_43_21,1.0000753530982642,1.0000629242576904,1.0000604644285949
1159,sq_43_22,1.0000753530982642,1.0000629242576904,1.0000604644285953
1160,sq_43_25,1.0000753530982642,1.0000629242576915,1.000060464428593
1161,sq_43_26,1.0000753530982642,1.0000629242576857,1.0000604644285946
1162,sq_43_32,1.0000753530982642,1.0000652445967826,1.0000614020538245
1163,sq_43_34,1.0000753530982642,1.0000709189647308,1.0000600631671095
1164,sq_43_36,1.0000753530982642,1.0000670542635015,1.0000596629711167
1165,sq_43_37,1.0000753530982642,1.0001058752052496,1.000029262880124
1166,sq_43_39,1.0000753530982642,1.0000629242576904,1.0000604644285949
1167,sq_43_40,1.0000753530982642,1.0000683599426656,1.0000584904606138
1168,sq_43_42,1.0000753530982642,1.0001117007695335,1.0000186162481375
1169,sq_43_43,1.0000753530982642,1.0000216624532356,1.0000797483096828
1170,sq_43_44,1.0000753530982642,1.0000539523079675,1.0000663610612286
1171,sq_43_45,1.0000753530982642,1.0000629604942168,1.0000604808395728
1172,sq_43_46,1.0000753530982642,1.0000618732054094,1.0000622511131316
1173,sq_43_48,1.0000753530982642,1.0000670270476242,1.0000609087426777
1174,sq_43_49,1.0000753530982642,1.0000632319734208,1.0000609783870364
1175,sq_43_50,1.0000753530982642,1.0000634733342937,1.0000604042413164
1176,sq_43_51,1.0000753530982642,1.0000629242576908,1.0000604644285953
1177,sq_43_52,1.0000753530982642,1.00006310661553,1.0000605690780986
1178,sq_43_53,1.0000753530982642,1.0000640134493273,1.0000601235020834
1179,sq_43_57,1.0000753530982642,1.0000740564517427,1.0000618075529966
1180,sq_43_58,1.0000753530982642,1.0000806962769178,1.0000599939163903
1181,sq_43_63,1.0000753530982642,1.0000637078273933,1.0000611388839962
1182,sq_44_16,1.0000753530982642,1.0000676587481916,1.0000600033241935
1183,sq_44_17,1.0000753530982642,1.0000629743241836,1.0000605591090195
1184,sq_44_18,1.0000753530982642,1.0000630391645327,1.0000607962476764
1185,sq_44_19,1.0000753530982642,1.0000650230110335,1.0000602869982125
1186,sq_44_20,1.0000753530982642,1.0000631672878726,1.0000606824727922
1187,sq_44_25,1.0000753530982642,1.0000629242576895,1.0000604644285953
1188,sq_44_30,1.0000753530982642,1.0000697311247309,1.0000601813019871
1189,sq_44_32,1.0000753530982642,1.0000655942404315,1.0000608040610777
1190,sq_44_33,1.0000753530982642,1.000068337556648,1.0000623934650272
1191,sq_44_34,1.0000753530982642,1.000063891383599,1.000060650210138
1192,sq_44_35,1.0000753530982642,1.0000635344470594,1.0000608416379853
1193,sq_44_36,1.0000753530982642,1.0000843422656684,1.0000769657226425
1194,sq_44_37,1.0000753530982642,1.0000650001964821,1.000060871131917
1195,sq_44_38,1.0000753530982642,1.0000629242576902,1.000060464428595
1196,sq_44_39,1.0000753530982642,1.000071297289886,1.000089805189023
1197,sq_44_41,1.0000753530982642,1.000064931286459,1.0000752226135443
1198,sq_44_42,1.0000753530982642,1.0000629242576904,1.0000604644285953
1199,sq_44_43,1.0000753530982642,1.0000635500498594,1.000060605437951
1200,sq_44_44,1.0000753530982642,1.0000631534959508,1.0000605616650544
1201,sq_44_45,1.0000753530982642,1.0000630657260177,1.000060528210447
1202,sq_44_46,1.0000753530982642,1.0000629242576908,1.0000604644285953
1203,sq_44_47,1.0000753530982642,1.0000629242576904,1.0000604644285953
1204,sq_44_48,1.0000753530982642,1.0000629242576908,1.0000604644285949
1205,sq_44_49,1.0000753530982642,1.0000629242576908,1.000060464428595
1206,sq_44_50,1.0000753530982642,1.0000629242576902,1.000060464428595
1207,sq_44_51,1.0000753530982642,1.000062924257691,1.0000604644285953
1208,sq_44_52,1.0000753530982642,1.000062924257691,1.0000604644285958
1209,sq_44_53,1.0000753530982642,1.0000629242576913,1.0000604644285949
1210,sq_44_56,1.0000753530982642,1.00006292425769,1.000060464428595
1211,sq_44_57,1.0000753530982642,1.0000629242576902,1.000060464428595
1212,sq_44_58,1.0000753530982642,1.0000629242576913,1.0000604644285946
1213,sq_44_59,1.0000753530982642,1.0000629242576904,1.0000604644285946
1214,sq_44_60,1.0000753530982642,1.00006292425769,1.000060464428595
1215,sq_44_61,1.0000753530982642,1.0000629242576893,1.000060464428596
1216,sq_44_63,1.0000753530982642,1.0000812951684297,1.0000693580088242
1217,sq_44_64,1.0000753530982642,1.0000629242576904,1.0000604644285949
1218,sq_45_17,1.0000753530982642,1.000062924257691,1.000060464428595
1219,sq_45_18,1.0000753530982642,1.0000629242576915,1.0000604644285944
1220,sq_45_19,1.0000753530982642,1.0000634526810614,1.0000608487907847
1221,sq_45_20,1.0000753530982642,1.0000629242576908,1.0000604644285955
1222,sq_45_24,1.0000753530982642,1.0000629242576913,1.000060464428594
1223,sq_45_25,1.0000753530982642,1.0000629242576893,1.0000604644285949
1224,sq_45_30,1.0000753530982642,1.000062924257689,1.0000604644285953
1225,sq_45_31,1.0000753530982642,1.0000629242576906,1.000060464428595
1226,sq_45_34,1.0000753530982642,1.0000645787221296,1.0000619901261218
1227,sq_45_35,1.0000753530982642,1.00006573800129,1.0000603850032346
1228,sq_45_41,1.0000753530982642,1.0000854805513624,1.0000436226117009
1229,sq_45_42,1.0000753530982642,1.0014027992548475,0.9991392849035141
1230,sq_45_44,1.0000753530982642,1.0185471472994538,0.9727819742613144
1231,sq_45_45,1.0000753530982642,1.3942170604020863,0.6194292838162229
1232,sq_45_46,1.0000753530982642,1.004859002208592,0.9943635159529218
1233,sq_45_47,1.0000753530982642,1.000078009438806,1.0000476238854745
1234,sq_45_48,1.0000753530982642,1.0000652312605027,1.0000600540081583
1235,sq_45_49,1.0000753530982642,1.0000631698188702,1.00006108313676
1236,sq_45_50,1.0000753530982642,1.000071949357607,1.0000590231432178
1237,sq_45_51,1.0000753530982642,1.0000657036978577,1.0000595965036125
1238,sq_45_52,1.0000753530982642,1.000062891936964,1.0000606006205373
1239,sq_45_53,1.0000753530982642,1.0000629394015477,1.000060464571785
1240,sq_45_54,1.0000753530982642,1.0000629523970586,1.0000606690661824
1241,sq_45_55,1.0000753530982642,1.000063636553897,1.0000613349061815
1242,sq_45_56,1.0000753530982642,1.0000636768716675,1.0000605120672703
1243,sq_45_57,1.0000753530982642,1.000070056137905,1.0000605279115575
1244,sq_45_58,1.0000753530982642,1.0000691310145469,1.000077319245697
1245,sq_45_59,1.0000753530982642,1.000068269164572,1.0000635651089929
1246,sq_45_60,1.0000753530982642,1.0000721238417674,1.0000624524183026
1247,sq_45_61,1.0000753530982642,1.0000681596806174,1.000063485301591
1248,sq_45_62,1.0000753530982642,1.0000626631792908,1.000063422589618
1249,sq_45_64,1.0000753530982642,1.0000682819548556,1.0000631117281689
1250,sq_46_17,1.0000753530982642,1.0000643501746342,1.0000603960771428
1251,sq_46_18,1.0000753530982642,1.000063216441081,1.0000606003054127
1252,sq_46_19,1.0000753530982642,1.0000641396562717,1.0000602948402908
1253,sq_46_20,1.0000753530982642,1.0000643508101892,1.0000604516493468
1254,sq_46_24,1.0000753530982642,1.0000637076434225,1.0000606496219726
1255,sq_46_30,1.0000753530982642,1.0000798775179662,1.0000680372846762
1256,sq_46_31,1.0000753530982642,1.0000656075409633,1.0000611180247305
1257,sq_46_34,1.0000753530982642,1.0000629242576897,1.0000604644285949
1258,sq_46_35,1.0000753530982642,1.0000629242576895,1.0000604644285953
1259,sq_46_36,1.0000753530982642,1.0000725837044928,1.0000602051580973
1260,sq_46_37,1.0000753530982642,1.0000629242576904,1.0000604644285933
1261,sq_46_38,1.0000753530982642,1.0000639230627102,1.0000614445512834
1262,sq_46_39,1.0000753530982642,1.0000639306952182,1.0000605473134108
1263,sq_46_40,1.0000753530982642,1.0000635194706702,1.00006153915692
1264,sq_46_41,1.0000753530982642,1.0000647297308838,1.0000647004712608
1265,sq_46_42,1.0000753530982642,1.000065341248934,1.0000609173187596
1266,sq_46_46,1.0000753530982642,1.0000629332428816,1.0000605241785414
1267,sq_46_47,1.0000753530982642,1.0000629242576902,1.0000604644285953
1268,sq_46_48,1.0000753530982642,1.0000634191480149,1.0000604975448282
1269,sq_46_52,1.0000753530982642,1.0000629828711967,1.0000604595065203
1270,sq_46_53,1.0000753530982642,1.0000629242576902,1.0000604644285955
1271,sq_46_54,1.0000753530982642,1.0000629242576904,1.0000604644285953
1272,sq_46_55,1.0000753530982642,1.0000629242576902,1.000060464428595
1273,sq_46_56,1.0000753530982642,1.0000629242576906,1.0000604644285949
1274,sq_46_57,1.0000753530982642,1.0000629242576906,1.0000604644285949
1275,sq_46_58,1.0000753530982642,1.00006292425769,1.0000604644285955
1276,sq_46_60,1.0000753530982642,1.0000629242576895,1.0000604644285953
1277,sq_46_62,1.0000753530982642,1.0000629242576895,1.0000604644285953
1278,sq_46_63,1.0000753530982642,1.0000629242576908,1.0000604644285949
1279,sq_46_64,1.0000753530982642,1.00006292425769,1.000060464428595
1280,sq_47_17,1.0000753530982642,1.0000633943240795,1.0000605062306984
1281,sq_47_18,1.0000753530982642,1.0000633417859928,1.0000604779647615
1282,sq_47_19,1.0000753530982642,1.0000631637294721,1.0000604775119921
1283,sq_47_20,1.0000753530982642,1.0000630827494936,1.0000605042032922
1284,sq_47_21,1.0000753530982642,1.0000638296646678,1.0000605258853938
1285,sq_47_22,1.0000753530982642,1.0000631565418932,1.0000605271792498
1286,sq_47_23,1.0000753530982642,1.0000643547439716,1.0000606035566528
1287,sq_47_24,1.0000753530982642,1.0000629242576904,1.0000604644285958
1288,sq_47_29,1.0000753530982642,1.0000629242576866,1.000060464428595
1289,sq_47_30,1.0000753530982642,1.0000629242576902,1.0000604644285946
1290,sq_47_31,1.0000753530982642,1.0000726532798223,1.0000650677886342
1291,sq_47_37,1.0000753530982642,1.000064949922457,1.000060856692833
1292,sq_47_38,1.0000753530982642,1.0000630521247404,1.0000617441500275
1293,sq_47_40,1.0000753530982642,1.0000395403061695,1.000082226086979
1294,sq_47_41,1.0000753530982642,0.9962672758155813,1.0030043341211778
1295,sq_47_46,1.0000753530982642,0.8389826340373634,1.1116380122231706
1296,sq_47_47,1.0000753530982642,1.0000629242576895,1.0000604644285953
1297,sq_47_48,1.0000753530982642,1.000061264341082,1.0000627423202075
1298,sq_47_52,1.0000753530982642,1.0000634455628752,1.0000606620131107
1299,sq_47_56,1.0000753530982642,1.0000635428007856,1.0000604744348562
1300,sq_47_58,1.0000753530982642,1.000065932008,1.0000618502787573
1301,sq_47_64,1.0000753530982642,1.0000629242576908,1.0000604644285953
1302,sq_47_65,1.0000753530982642,1.0000669859221343,1.0000619957606187
1303,sq_47_66,1.0000753530982642,1.0000642469773195,1.0000623675872218
1304,sq_47_67,1.0000753530982642,1.0000724715352982,1.0000689437585595
1305,sq_48_13,1.0000753530982642,1.0000656825052727,1.0000602994894943
1306,sq_48_14,1.0000753530982642,1.0000686060322905,1.0000623007179335
1307,sq_48_16,1.0000753530982642,1.0000660278996438,1.000082268736911
1308,sq_48_17,1.0000753530982642,1.0000582215501643,1.0000768016263384
1309,sq_48_19,1.0000753530982642,1.000062786103966,1.0000621287491576
1310,sq_48_20,1.0000753530982642,1.0000629569830413,1.0000605333828916
1311,sq_48_21,1.0000753530982642,1.0000630148234015,1.0000605216544718
1312,sq_48_22,1.0000753530982642,1.0000630103825923,1.000060649883499
1313,sq_48_24,1.0000753530982642,1.0000686465166513,1.0000609477294653
1314,sq_48_25,1.0000753530982642,1.0000637563433006,1.000061442663541
1315,sq_48_29,1.0000753530982642,1.0000634933779136,1.000061945047299
1316,sq_48_37,1.0000753530982642,1.0000640844549353,1.000060650378742
1317,sq_48_45,1.0000753530982642,1.0000578545174579,1.0000842591738657
1318,sq_48_46,1.0000753530982642,1.0000629242576906,1.0000604644285946
1319,sq_48_47,1.0000753530982642,1.0000633569021267,1.0000606382766586
1320,sq_48_52,1.0000753530982642,1.0000631258355397,1.0000608114149656
1321,sq_48_56,1.0000753530982642,1.0000651736146813,1.0000642157213644
1322,sq_48_58,1.0000753530982642,1.0000645331549,1.0000612474197865
1323,sq_48_59,1.0000753530982642,1.0000683185704156,1.0000598739890052
1324,sq_48_65,1.0000753530982642,1.0000669247465812,1.0000624473212865
1325,sq_49_14,1.0000753530982642,1.0000630848816991,1.0000607447284553
1326,sq_49_15,1.0000753530982642,1.0000639174441044,1.0000610392021247
1327,sq_49_16,1.0000753530982642,1.0000631765400054,1.0000640194416048
1328,sq_49_20,1.0000753530982642,1.000062932906763,1.0000604768998786
1329,sq_49_21,1.0000753530982642,1.0000629605093907,1.0000605133505907
1330,sq_49_25,1.0000753530982642,1.00006488446821,1.0000606451532672
1331,sq_49_29,1.0000753530982642,1.000067064639962,1.0000651793407864
1332,sq_49_30,1.0000753530982642,1.0000727427365108,1.0000605755285679
1333,sq_49_45,1.0000753530982642,1.0000629242576884,1.0000604644285958
1334,sq_49_52,1.0000753530982642,1.000062924257691,1.000060464428595
1335,sq_49_53,1.0000753530982642,1.0000629242576906,1.000060464428595
1336,sq_49_54,1.0000753530982642,1.0000629242576902,1.0000604644285949
1337,sq_49_55,1.0000753530982642,1.0000629242576906,1.000060464428595
1338,sq_49_56,1.0000753530982642,1.00006292425769,1.0000604644285953
1339,sq_49_59,1.0000753530982642,1.0000629242576895,1.0000604644285949
1340,sq_49_65,1.0000753530982642,1.0000629242576895,1.0000604644285949
1341,sq_4_12,1.0000753530982642,1.0000629242576908,1.0000604644285949
1342,sq_4_13,1.0000753530982642,1.0000630879068817,1.0000605306776955
1343,sq_4_14,1.0000753530982642,1.0000635272754506,1.0000605735151993
1344,sq_4_30,1.0000753530982642,1.0000693476945413,1.0000594926386868
1345,sq_4_31,1.0000753530982642,1.0000638150417231,1.0000604609287513
1346,sq_4_33,1.0000753530982642,1.0000629242576908,1.0000604644285953
1347,sq_50_15,1.0000753530982642,1.0000629242576908,1.0000604644285949
1348,sq_50_16,1.0000753530982642,1.0000630404336288,1.0000607204415526
1349,sq_50_17,1.0000753530982642,1.0000645780475006,1.000060473930301
1350,sq_50_20,1.0000753530982642,1.0000629242576906,1.0000604644285953
1351,sq_50_21,1.0000753530982642,1.0000629242576906,1.0000604644285946
1352,sq_50_22,1.0000753530982642,1.000063176924542,1.0000605472064157
1353,sq_50_23,1.0000753530982642,1.0000632992986933,1.0000605837368068
1354,sq_50_24,1.0000753530982642,1.000064361257313,1.0000612289130495
1355,sq_50_25,1.0000753530982642,1.0000633564816752,1.0000605684922679
1356,sq_50_26,1.0000753530982642,0.9968948307688974,1.0018733185302908
1357,sq_50_28,1.0000753530982642,0.9934870752915529,1.0034395936344507
1358,sq_50_29,1.0000753530982642,0.9996055563469168,1.000331599386826
1359,sq_50_30,1.0000753530982642,0.9999536355783147,1.0001791021348145
1360,sq_50_35,1.0000753530982642,1.0000629242576895,1.0000604644285949
1361,sq_50_36,1.0000753530982642,1.0000763655000666,1.0000594760433024
1362,sq_50_45,1.0000753530982642,1.0000682437424626,1.0000736414508524
1363,sq_50_46,1.0000753530982642,1.0000629242576904,1.0000604644285953
1364,sq_50_51,1.0000753530982642,1.0000634822119896,1.0000604120293208
1365,sq_50_52,1.0000753530982642,1.0000629185776257,1.0000610481162693
1366,sq_50_54,1.0000753530982642,1.0000673089082768,1.0000637224579538
1367,sq_50_59,1.0000753530982642,1.0000691643716502,1.0000614536022063
1368,sq_50_60,1.0000753530982642,1.0000629242576897,1.0000604644285953
1369,sq_50_64,1.0000753530982642,1.0000711037891383,1.0000635499558388
1370,sq_50_65,1.0000753530982642,1.0000724271908132,1.0000641563499146
1371,sq_51_17,1.0000753530982642,1.0000661733553098,1.0000607014727452
1372,sq_51_18,1.0000753530982642,1.000064188931932,1.000060854778483
1373,sq_51_20,1.0000753530982642,1.000063263740065,1.0000608825856647
1374,sq_51_22,1.0000753530982642,1.0000642071434405,1.0000607598839293
1375,sq_51_23,1.0000753530982642,1.000063983385695,1.000060752726767
1376,sq_51_24,1.0000753530982642,1.0000641184668737,1.0000605484988268
1377,sq_51_25,1.0000753530982642,1.000063435754489,1.0000609161396352
1378,sq_51_26,1.0000753530982642,1.0000642256117853,1.000060681589268
1379,sq_51_27,1.0000753530982642,1.0000635936539797,1.0000623664806672
1380,sq_51_28,1.0000753530982642,1.0000635862569667,1.0000617026086194
1381,sq_51_36,1.0000753530982642,1.0000703161298803,1.000061644112125
1382,sq_51_37,1.0000753530982642,1.0000696822834652,1.000061727844726
1383,sq_51_38,1.0000753530982642,1.0000702647837292,1.000062800957297
1384,sq_51_46,1.0000753530982642,1.0000629242576895,1.000060464428595
1385,sq_51_51,1.0000753530982642,1.0000638998400877,1.000064908138924
1386,sq_51_60,1.0000753530982642,1.0000654349474358,1.0000612206227628
1387,sq_51_61,1.0000753530982642,1.000065575352509,1.0000633575887685
1388,sq_51_62,1.0000753530982642,1.0000712702942032,1.0000638222817293
1389,sq_51_63,1.0000753530982642,1.0000678567303622,1.0000640130435123
1390,sq_51_64,1.0000753530982642,1.000064457986813,1.0000609059282322
1391,sq_51_65,1.0000753530982642,1.0000630091388827,1.000061692466696
1392,sq_51_66,1.0000753530982642,1.0000757478767468,1.0000647420209763
1393,sq_52_18,1.0000753530982642,1.0000631580465988,1.0000689338399817
1394,sq_52_19,1.0000753530982642,1.0000633295000805,1.0000605377631493
1395,sq_52_20,1.0000753530982642,1.0000629242576902,1.000060464428595
1396,sq_52_21,1.0000753530982642,1.0000629242576906,1.0000604644285944
1397,sq_52_22,1.0000753530982642,1.0000629242576897,1.000060464428595
1398,sq_52_23,1.0000753530982642,1.0000629242576904,1.0000604644285953
1399,sq_52_24,1.0000753530982642,1.0000629242576904,1.0000604644285953
1400,sq_52_25,1.0000753530982642,1.0000629242576913,1.0000604644285946
1401,sq_52_26,1.0000753530982642,1.0000629242576906,1.0000604644285949
1402,sq_52_27,1.0000753530982642,1.0000629242576917,1.000060464428595
1403,sq_52_36,1.0000753530982642,1.00006292425769,1.0000604644285955
1404,sq_52_37,1.0000753530982642,1.000062924257691,1.000060464428593
1405,sq_52_39,1.0000753530982642,1.0000629242576888,1.000060464428595
1406,sq_52_40,1.0000753530982642,1.0000629242576908,1.0000604644285944
1407,sq_52_46,1.0000753530982642,1.0000662524504624,1.0000615710418028
1408,sq_52_51,1.0000753530982642,1.0000665801972537,1.000060672916234
1409,sq_52_62,1.0000753530982642,1.0000658074207742,1.0000602982727311
1410,sq_52_63,1.0000753530982642,1.0000630608371086,1.0000608740149233
1411,sq_52_64,1.0000753530982642,1.0000814230931918,1.00007222777188
1412,sq_52_66,1.0000753530982642,1.0000726503927904,1.0000594362791866
1413,sq_52_67,1.0000753530982642,1.000065560776316,1.0000653067399694
1414,sq_53_22,1.0000753530982642,0.9999692628341034,1.0000972330444908
1415,sq_53_23,1.0000753530982642,0.9998905284723276,1.000153629462946
1416,sq_53_24,1.0000753530982642,1.0000610783533375,1.0000619971488296
1417,sq_53_25,1.0000753530982642,1.000063368097478,1.0000620469814714
1418,sq_53_27,1.0000753530982642,1.0000686680187776,1.00006038706443
1419,sq_53_28,1.0000753530982642,1.0000665193098757,1.000061595697679
1420,sq_53_30,1.0000753530982642,1.0000854218020638,1.0000555893905723
1421,sq_53_31,1.0000753530982642,1.0000773568400199,1.0000573040689027
1422,sq_53_32,1.0000753530982642,1.0000745809157001,1.0000606652007775
1423,sq_53_33,1.0000753530982642,1.0000735084628685,1.0000594519572736
1424,sq_53_34,1.0000753530982642,1.000066080316944,1.0000617272395596
1425,sq_53_35,1.0000753530982642,1.000069546470388,1.0000613324310623
1426,sq_53_36,1.0000753530982642,1.0000868100874634,1.0000594376753578
1427,sq_53_40,1.0000753530982642,1.0000705698156491,1.0000664971704256
1428,sq_53_41,1.0000753530982642,1.0000736616455903,1.0000674129738558
1429,sq_53_46,1.0000753530982642,1.0000851824938053,1.000071527095519
1430,sq_53_51,1.0000753530982642,1.000062941954139,1.0000630751556225
1431,sq_53_62,1.0000753530982642,1.0000648263869185,1.0000606036438642
1432,sq_53_63,1.0000753530982642,1.0000629377569947,1.0000611667601371
1433,sq_53_64,1.0000753530982642,1.0000670741968505,1.0000610717545448
1434,sq_54_25,1.0000753530982642,1.00006550530512,1.0000604112160847
1435,sq_54_26,1.0000753530982642,1.0000634167354439,1.00006093532623
1436,sq_54_27,1.0000753530982642,1.0000636239296807,1.0000605429713953
1437,sq_54_28,1.0000753530982642,1.000066901629478,1.0000614188892247
1438,sq_54_29,1.0000753530982642,1.0000632898946886,1.0000610273400767
1439,sq_54_30,1.0000753530982642,1.0000629051648129,1.0000666453121783
1440,sq_54_34,1.0000753530982642,1.0000652891977866,1.0000705946113928
1441,sq_54_41,1.0000753530982642,1.0000780958931554,1.0000802268403655
1442,sq_54_42,1.0000753530982642,1.0000695804180064,1.000077128810668
1443,sq_54_46,1.0000753530982642,1.0000667742294624,1.0000664726064408
1444,sq_54_51,1.0000753530982642,1.0000677978396397,1.0000785482216954
1445,sq_54_52,1.0000753530982642,1.0000689831643013,1.000063006227958
1446,sq_54_54,1.0000753530982642,1.000080269555855,1.000081373776922
1447,sq_54_55,1.0000753530982642,1.000064392901167,1.0000637846777887
1448,sq_54_56,1.0000753530982642,1.0000646084726723,1.0000611934284838
1449,sq_54_57,1.0000753530982642,1.0000630327703477,1.000061204535843
1450,sq_54_58,1.0000753530982642,1.0000657918349214,1.0000617125905007
1451,sq_54_61,1.0000753530982642,1.0000695106665827,1.0000616969046503
1452,sq_54_63,1.0000753530982642,1.0000752358787883,1.0000614079967343
1453,sq_54_64,1.0000753530982642,1.0000636549056527,1.0000607253141287
1454,sq_55_25,1.0000753530982642,1.0000654589502014,1.000061787772703
1455,sq_55_27,1.0000753530982642,1.0000615571237341,1.0000694810718738
1456,sq_55_28,1.0000753530982642,1.0000784437704513,1.0000819038331117
1457,sq_55_29,1.0000753530982642,1.0000629242576897,1.000060464428594
1458,sq_55_30,1.0000753530982642,1.0000629242576904,1.0000604644285955
1459,sq_55_31,1.0000753530982642,1.0000629242576893,1.000060464428595
1460,sq_55_42,1.0000753530982642,1.0000629242576895,1.0000604644285942
1461,sq_55_43,1.0000753530982642,1.0000629242576908,1.0000604644285953
1462,sq_55_44,1.0000753530982642,1.000062924257691,1.0000604644285935
1463,sq_55_46,1.0000753530982642,1.0000629242576893,1.0000604644285953
1464,sq_55_50,1.0000753530982642,1.0000629242576897,1.0000604644285955
1465,sq_55_51,1.0000753530982642,1.0000692356503034,1.0000654003650007
1466,sq_55_52,1.0000753530982642,1.0000777861083567,1.000061351923863
1467,sq_55_53,1.0000753530982642,1.0000868046382303,1.000061782701278
1468,sq_55_54,1.0000753530982642,1.0000679284956593,1.0000668979885463
1469,sq_55_61,1.0000753530982642,1.0000686008360171,1.0000611297879962
1470,sq_55_62,1.0000753530982642,1.0000666593407563,1.0000619131085575
1471,sq_55_63,1.0000753530982642,1.000065717866333,1.000063656783944
1472,sq_55_64,1.0000753530982642,1.0000689821436675,1.000062098093322
1473,sq_55_65,1.0000753530982642,1.0000714649995908,1.000062140529887
1474,sq_55_66,1.0000753530982642,1.000067027560046,1.0000655001222656
1475,sq_55_67,1.0000753530982642,1.0000691956539847,1.0000624576874346
1476,sq_56_25,1.0000753530982642,1.0000774697975043,1.0000809008064135
1477,sq_56_26,1.0000753530982642,1.0000766218859511,1.0000774812842579
1478,sq_56_27,1.0000753530982642,1.0000912294238602,1.0000761318244398
1479,sq_56_31,1.0000753530982642,1.0000706291394417,1.0000623447659838
1480,sq_56_43,1.0000753530982642,1.0000897965900173,1.000064007642914
1481,sq_56_44,1.0000753530982642,1.0000692635854906,1.0000616049000355
1482,sq_56_45,1.0000753530982642,1.0000737716849382,1.0000631017836488
1483,sq_56_46,1.0000753530982642,1.000070717656008,1.0000628829993388
1484,sq_56_48,1.0000753530982642,1.000099854520941,1.0000750538096759
1485,sq_56_50,1.0000753530982642,1.0000662405825171,1.0000615536937878
1486,sq_56_52,1.0000753530982642,1.0000699669170894,1.0000616648925957
1487,sq_56_53,1.0000753530982642,1.0000659738470852,1.0000635309111323
1488,sq_56_54,1.0000753530982642,1.0000695036841656,1.0000607251747593
1489,sq_56_62,1.0000753530982642,1.000062739694115,1.0000617961998646
1490,sq_56_63,1.0000753530982642,1.0000660424858312,1.000061126786646
1491,sq_56_64,1.0000753530982642,1.0000718972546574,1.000061660232161
1492,sq_56_65,1.0000753530982642,1.0000757913532925,1.0000660128058536
1493,sq_56_66,1.0000753530982642,1.0000711680624106,1.000062341653747
1494,sq_56_67,1.0000753530982642,1.0000697161425935,1.0000625006379311
1495,sq_56_68,1.0000753530982642,1.000078514744827,1.0000700574917436
1496,sq_57_26,1.0000753530982642,1.0000790245135414,1.0000843572439009
1497,sq_57_27,1.0000753530982642,1.0000687549861837,1.0000732385413376
1498,sq_57_28,1.0000753530982642,1.0000933065039395,1.0000874765929904
1499,sq_57_30,1.0000753530982642,1.0000981169332335,1.0000874099381796
1500,sq_57_31,1.0000753530982642,1.000087354676357,1.0000764685888215
1501,sq_57_45,1.0000753530982642,1.0000626338522944,1.0000632752887537
1502,sq_57_46,1.0000753530982642,1.0000824530883285,1.0000638953678362
1503,sq_57_47,1.0000753530982642,1.0000726843814038,1.0000827529533416
1504,sq_57_48,1.0000753530982642,1.0000758022352632,1.000081683748093
1505,sq_57_49,1.0000753530982642,1.0000637050616692,1.0000643896437915
1506,sq_57_50,1.0000753530982642,1.0000692329706888,1.0000675917838227
1507,sq_57_53,1.0000753530982642,1.0000600367413828,1.0000731263771765
1508,sq_57_54,1.0000753530982642,1.0000617427577312,1.0000660066010574
1509,sq_57_64,1.0000753530982642,1.0000791923150447,1.000069048307145
1510,sq_57_65,1.0000753530982642,1.0000718355033684,1.000065208902245
1511,sq_57_67,1.0000753530982642,1.0000660251742668,1.000061447578036
1512,sq_57_68,1.0000753530982642,1.000066785149638,1.0000614509512822
1513,sq_57_69,1.0000753530982642,1.000067595105475,1.0000636929670257
1514,sq_57_70,1.0000753530982642,1.000062924257691,1.0000604644285942
1515,sq_58_27,1.0000753530982642,1.0000629242576893,1.000060464428596
1516,sq_58_28,1.0000753530982642,1.0000629242576897,1.0000604644285949
1517,sq_58_29,1.0000753530982642,1.0000629242576893,1.000060464428595
1518,sq_58_30,1.0000753530982642,1.0000629242576895,1.0000604644285938
1519,sq_58_45,1.0000753530982642,1.0000629242576902,1.0000604644285946
1520,sq_58_46,1.0000753530982642,1.0000629242576902,1.0000604644285949
1521,sq_58_54,1.0000753530982642,1.000066905223265,1.0000625241834724
1522,sq_58_55,1.0000753530982642,1.000080119868912,1.0000702244742348
1523,sq_58_64,1.0000753530982642,1.0000688427192628,1.0000647389682384
1524,sq_58_65,1.0000753530982642,1.0000670552270827,1.0000630087827447
1525,sq_58_66,1.0000753530982642,1.000071233199331,1.0000627553080448
1526,sq_58_67,1.0000753530982642,1.000065225180766,1.000060796162468
1527,sq_58_68,1.0000753530982642,1.0000630991186605,1.0000611466589027
1528,sq_58_70,1.0000753530982642,1.0000617568885246,1.0000669212045392
1529,sq_58_71,1.0000753530982642,1.0000663345765612,1.0000694236121765
1530,sq_58_72,1.0000753530982642,1.000063846976975,1.0000623304525686
1531,sq_58_73,1.0000753530982642,1.0000639626816583,1.0000629278293256
1532,sq_58_74,1.0000753530982642,1.000065770435459,1.000062097385661
1533,sq_59_27,1.0000753530982642,1.0000864702310013,1.000081522783977
1534,sq_59_28,1.0000753530982642,1.0000839625731999,1.0000829009680046
1535,sq_59_29,1.0000753530982642,1.0000961093906189,1.0000830679492099
1536,sq_59_30,1.0000753530982642,1.0000869306181484,1.000067970161037
1537,sq_59_31,1.0000753530982642,1.000076704328303,1.0000631267698092
1538,sq_59_32,1.0000753530982642,1.0000813844940086,1.0000595047922662
1539,sq_59_33,1.0000753530982642,1.0000951023486029,1.0000698281832976
1540,sq_59_45,1.0000753530982642,1.0001011869375918,1.0000725582098542
1541,sq_59_46,1.0000753530982642,1.000089518505831,1.00005676694395
1542,sq_59_55,1.0000753530982642,1.000069162989473,1.0000644286140528
1543,sq_59_64,1.0000753530982642,1.000071369194072,1.0000652512505583
1544,sq_5_10,1.0000753530982642,1.0000724165697454,1.0000757882812144
1545,sq_5_11,1.0000753530982642,1.0000689546602661,1.0000585689668933
1546,sq_5_12,1.0000753530982642,1.0000656415377327,1.0000602274985004
1547,sq_5_14,1.0000753530982642,1.0000630056460293,1.0000606786439517
1548,sq_5_15,1.0000753530982642,1.0000638037980636,1.000060417390412
1549,sq_5_16,1.0000753530982642,1.0000637423844265,1.0000604408147635
1550,sq_5_17,1.0000753530982642,1.0000629242576895,1.0000604644285953
1551,sq_5_19,1.0000753530982642,1.0000802416939352,1.000078975120941
1552,sq_5_30,1.0000753530982642,1.0000655520044084,1.0000599023625425
1553,sq_5_31,1.0000753530982642,1.0000629242576908,1.0000604644285949
1554,sq_5_32,1.0000753530982642,1.0000629242576906,1.000060464428595
1555,sq_5_33,1.0000753530982642,1.000062924257691,1.000060464428595
1556,sq_5_34,1.0000753530982642,1.00006292425769,1.0000604644285953
1557,sq_5_35,1.0000753530982642,1.0000636920027035,1.0000604755722837
1558,sq_5_36,1.0000753530982642,1.0000629242576893,1.0000604644285953
1559,sq_5_37,1.0000753530982642,1.000062924257691,1.0000604644285942
1560,sq_5_38,1.0000753530982642,1.0000630553281806,1.0000605107034428
1561,sq_5_39,1.0000753530982642,1.0000630552711285,1.0000611249605535
1562,sq_60_30,1.0000753530982642,1.0000629242576868,1.0000604644285946
1563,sq_60_31,1.0000753530982642,1.0000679886949364,1.0000637588547827
1564,sq_60_33,1.0000753530982642,1.0000646364145407,1.0000617220174477
1565,sq_60_34,1.0000753530982642,1.0000629242576893,1.0000604644285962
1566,sq_60_35,1.0000753530982642,1.0000629242576893,1.0000604644285962
1567,sq_60_36,1.0000753530982642,1.0000781832350476,1.0000601878586381
1568,sq_60_37,1.0000753530982642,1.0000890763180899,1.0000598786103054
1569,sq_60_38,1.0000753530982642,1.0000629242576895,1.0000604644285955
1570,sq_60_39,1.0000753530982642,1.0000629242576908,1.0000604644285949
1571,sq_60_40,1.0000753530982642,1.0000629242576897,1.000060464428595
1572,sq_60_41,1.0000753530982642,1.0000629242576897,1.0000604644285955
1573,sq_60_42,1.0000753530982642,1.0000629242576888,1.0000604644285953
1574,sq_60_43,1.0000753530982642,1.0000629242576897,1.000060464428595
1575,sq_60_44,1.0000753530982642,1.0000629242576893,1.0000604644285962
1576,sq_60_45,1.0000753530982642,1.0000629242576897,1.0000604644285946
1577,sq_60_55,1.0000753530982642,1.00006292425769,1.0000604644285955
1578,sq_60_64,1.0000753530982642,1.0000629242576906,1.0000604644285942
1579,sq_61_34,1.0000753530982642,1.0000780848803101,1.0000616974149095
1580,sq_61_35,1.0000753530982642,1.0000926338397695,1.0000773996286443
1581,sq_61_40,1.0000753530982642,1.000088092169439,1.0000822946217363
1582,sq_61_41,1.0000753530982642,1.000078844501121,1.0000838824302842
1583,sq_61_43,1.0000753530982642,1.0000828369616934,1.000077423247569
1584,sq_61_44,1.0000753530982642,1.0000725820174452,1.0000667682133164
1585,sq_61_45,1.0000753530982642,1.000067744879871,1.000060726634351
1586,sq_61_55,1.0000753530982642,1.0000820111068922,1.000060684276746
1587,sq_62_43,1.0000753530982642,1.0000629242576908,1.0000604644285933
1588,sq_62_44,1.0000753530982642,1.000062924257691,1.0000604644285942
1589,sq_62_45,1.0000753530982642,1.0000629242576906,1.0000604644285955
1590,sq_62_54,1.0000753530982642,1.0000669838097258,1.0000659572058017
1591,sq_62_55,1.0000753530982642,1.0000813902763,1.0000717513550885
1592,sq_63_45,1.0000753530982642,1.0000629242576902,1.000060464428595
1593,sq_63_46,1.0000753530982642,1.0000718678935159,1.0000591101072263
1594,sq_63_53,1.0000753530982642,1.000078746238231,1.0000637141615805
1595,sq_63_54,1.0000753530982642,1.0001072270837064,1.0000629799934373
1596,sq_63_55,1.0000753530982642,1.0001113072274366,1.0000704067468749
1597,sq_64_46,1.0000753530982642,1.0000941440878384,1.000064861758271
1598,sq_64_47,1.0000753530982642,1.000071431870559,1.000061077884646
1599,sq_64_48,1.0000753530982642,1.0000723515754057,1.0000684814489824
1600,sq_64_51,1.0000753530982642,1.0000757314087318,1.0000648518624273
1601,sq_64_52,1.0000753530982642,1.0000843646085404,1.0000797068762035
1602,sq_64_53,1.0000753530982642,1.0000731319078053,1.0000635712299648
1603,sq_64_54,1.0000753530982642,1.0000705028921455,1.0000658593311462
1604,sq_64_55,1.0000753530982642,1.0000711298152842,1.0000740597632756
1605,sq_65_48,1.0000753530982642,1.0000707158051216,1.0000624274939256
1606,sq_65_49,1.0000753530982642,1.0000630179364958,1.000061997572189
1607,sq_65_50,1.0000753530982642,1.0000702330273068,1.0000601602175037
1608,sq_65_51,1.0000753530982642,1.0000824805784174,1.000064208239993
1609,sq_65_52,1.0000753530982642,1.0000727450172495,1.0000616465505834
1610,sq_65_53,1.0000753530982642,1.0000667141319604,1.0000722622736695
1611,sq_66_48,1.0000753530982642,1.0000629242576902,1.0000604644285955
1612,sq_66_49,1.0000753530982642,1.0000629242576906,1.0000604644285944
1613,sq_66_51,1.0000753530982642,1.0000629242576888,1.0000604644285964
1614,sq_67_47,1.0000753530982642,1.0000658953420645,1.000060671484301
1615,sq_67_48,1.0000753530982642,1.00006292425769,1.0000604644285949
1616,sq_67_51,1.0000753530982642,1.0000629242576884,1.0000604644285953
1617,sq_68_46,1.0000753530982642,1.0000778067304106,1.000075609217469
1618,sq_68_47,1.0000753530982642,1.00006292425769,1.000060464428595
1619,sq_69_45,1.0000753530982642,1.0000629242576895,1.0000604644285958
1620,sq_6_10,1.0000753530982642,1.0000629242576904,1.0000604644285953
1621,sq_6_11,1.0000753530982642,1.0000629242576904,1.000060464428595
1622,sq_6_12,1.0000753530982642,1.0000629242576906,1.0000604644285944
1623,sq_6_16,1.0000753530982642,1.0000629242576902,1.000060464428595
1624,sq_6_17,1.0000753530982642,1.0000629242576906,1.000060464428595
1625,sq_6_19,1.0000753530982642,1.0000629242576904,1.000060464428595
1626,sq_6_20,1.0000753530982642,1.0000629242576902,1.0000604644285949
1627,sq_6_22,1.0000753530982642,1.0000629242576906,1.0000604644285949
1628,sq_6_25,1.0000753530982642,1.0000629242576906,1.000060464428595
1629,sq_6_26,1.0000753530982642,1.0000629242576908,1.0000604644285949
1630,sq_6_29,1.0000753530982642,1.0000629242576895,1.0000604644285953
1631,sq_6_30,1.0000753530982642,1.0000629242576908,1.0000604644285949
1632,sq_6_31,1.0000753530982642,1.000062924257691,1.0000604644285944
1633,sq_6_33,1.0000753530982642,1.0000631222119283,1.00006111026071
1634,sq_6_35,1.0000753530982642,1.0000639169939924,1.0000605339664106
1635,sq_6_37,1.0000753530982642,1.0000629242576904,1.0000604644285946
1636,sq_6_38,1.0000753530982642,1.000062924257691,1.0000604644285946
1637,sq_70_40,1.0000753530982642,1.000080160840254,1.0000731998396346
1638,sq_70_41,1.0000753530982642,1.000088573768337,1.0000770254235793
1639,sq_70_42,1.0000753530982642,1.0000762004951749,1.0000625869521378
1640,sq_70_43,1.0000753530982642,1.0000629242576897,1.0000604644285949
1641,sq_70_44,1.0000753530982642,1.0000629242576897,1.0000604644285946
1642,sq_70_45,1.0000753530982642,1.0000629242576893,1.000060464428595
1643,sq_71_39,1.0000753530982642,1.00006292425769,1.0000604644285949
1644,sq_71_40,1.0000753530982642,1.0000723914213863,1.000062218636004
1645,sq_71_43,1.0000753530982642,1.0000629242576888,1.0000604644285955
1646,sq_71_44,1.0000753530982642,1.000062924257689,1.0000604644285946
1647,sq_72_39,1.0000753530982642,1.0000629242576868,1.0000604644285946
1648,sq_72_41,1.0000753530982642,1.0000955334169446,1.0000547488530485
1649,sq_72_42,1.0000753530982642,1.0001026211367832,1.0000603767447171
1650,sq_72_43,1.0000753530982642,1.0000916680236571,1.0000638845144982
1651,sq_72_44,1.0000753530982642,1.0000667365086604,1.0000647214079506
1652,sq_73_39,1.0000753530982642,1.0000649537684219,1.0000644917912858
1653,sq_73_40,1.0000753530982642,1.0000701791619968,1.0000602664729816
1654,sq_73_41,1.0000753530982642,1.0000862115364257,1.0000687705562823
1655,sq_73_44,1.0000753530982642,1.0000810727995169,1.0000638529488226
1656,sq_74_44,1.0000753530982642,1.000087463276761,1.0000710270167503
1657,sq_75_44,1.0000753530982642,1.0000629242576915,1.000060464428593
1658,sq_76_44,1.0000753530982642,1.0000883315241815,1.0000616960418538
1659,sq_76_45,1.0000753530982642,1.000079831260584,1.00007444582362
1660,sq_77_45,1.0000753530982642,1.0000998774519358,1.0000603987498056
1661,sq_78_44,1.0000753530982642,1.0001039942434273,1.0000708678970314
1662,sq_7_10,1.0000753530982642,1.0000679311448601,1.0000691216682693
1663,sq_7_12,1.0000753530982642,1.00006292425769,1.0000604644285946
1664,sq_7_13,1.0000753530982642,1.0000629242576904,1.0000604644285949
1665,sq_7_14,1.0000753530982642,1.0000642248896847,1.000060809777803
1666,sq_7_15,1.0000753530982642,1.0000645959299719,1.000060769244893
1667,sq_7_16,1.0000753530982642,1.0000629242576915,1.0000604644285946
1668,sq_7_17,1.0000753530982642,1.0000629242576902,1.0000604644285953
1669,sq_7_18,1.0000753530982642,1.0000629242576906,1.0000604644285955
1670,sq_7_19,1.0000753530982642,1.0000631583759259,1.0000604767165762
1671,sq_7_20,1.0000753530982642,1.0000629242576906,1.0000604644285949
1672,sq_7_21,1.0000753530982642,1.0000629242576904,1.000060464428595
1673,sq_7_22,1.0000753530982642,1.0000629242576908,1.0000604644285949
1674,sq_7_23,1.0000753530982642,1.000062924257691,1.000060464428595
1675,sq_7_24,1.0000753530982642,1.0000629242576908,1.000060464428595
1676,sq_7_25,1.0000753530982642,1.0000629242576904,1.000060464428595
1677,sq_7_26,1.0000753530982642,1.0000629242576904,1.0000604644285953
1678,sq_7_27,1.0000753530982642,1.0000629242576895,1.0000604644285949
1679,sq_7_28,1.0000753530982642,1.0000629242576908,1.0000604644285953
1680,sq_7_29,1.0000753530982642,1.00006292425769,1.000060464428595
1681,sq_7_30,1.0000753530982642,1.0000629242576904,1.0000604644285949
1682,sq_7_31,1.0000753530982642,1.0000629242576906,1.0000604644285949
1683,sq_7_32,1.0000753530982642,1.0000629242576906,1.000060464428595
1684,sq_7_33,1.0000753530982642,1.0000631641451143,1.0000604665326795
1685,sq_7_34,1.0000753530982642,1.0000636484243806,1.000060363942112
1686,sq_7_35,1.0000753530982642,1.0000637739219735,1.000060679164467
1687,sq_7_36,1.0000753530982642,1.00006414742024,1.000060791864084
1688,sq_7_37,1.0000753530982642,1.0000629242576913,1.0000604644285946
1689,sq_7_38,1.0000753530982642,1.0000629242576913,1.0000604644285946
1690,sq_7_39,1.0000753530982642,1.000062924257691,1.000060464428595
1691,sq_7_47,1.0000753530982642,1.0000629242576897,1.0000604644285955
1692,sq_7_9,1.0000753530982642,1.00006292425769,1.0000604644285944
1693,sq_8_13,1.0000753530982642,1.0000629242576893,1.0000604644285958
1694,sq_8_14,1.0000753530982642,1.0000629242576897,1.0000604644285953
1695,sq_8_15,1.0000753530982642,1.000062924257691,1.0000604644285942
1696,sq_8_16,1.0000753530982642,1.0000629242576904,1.0000604644285942
1697,sq_8_17,1.0000753530982642,1.00006292425769,1.0000604644285955
1698,sq_8_18,1.0000753530982642,1.000063119309103,1.0000605348594664
1699,sq_8_20,1.0000753530982642,1.0000630574636673,1.0000605719168234
1700,sq_8_21,1.0000753530982642,1.0000629242576906,1.0000604644285949
1701,sq_8_22,1.0000753530982642,1.000062924257691,1.0000604644285942
1702,sq_8_23,1.0000753530982642,1.0000629242576906,1.0000604644285949
1703,sq_8_25,1.0000753530982642,1.0000637486185344,1.000060392401691
1704,sq_8_26,1.0000753530982642,1.0000640888886216,1.000060744009381
1705,sq_8_27,1.0000753530982642,1.0000635741766146,1.0000603905041858
1706,sq_8_28,1.0000753530982642,1.0000629242576906,1.000060464428595
1707,sq_8_29,1.0000753530982642,1.0000629242576908,1.0000604644285953
1708,sq_8_31,1.0000753530982642,1.0000644645103816,1.0000601158763656
1709,sq_8_33,1.0000753530982642,1.0000629998485666,1.0000604794818075
1710,sq_8_34,1.0000753530982642,1.0000632882689133,1.0000605161606373
1711,sq_8_35,1.0000753530982642,1.0000629242576904,1.0000604644285953
1712,sq_8_36,1.0000753530982642,1.0000629242576902,1.0000604644285949
1713,sq_8_37,1.0000753530982642,1.0000629242576908,1.0000604644285949
1714,sq_8_38,1.0000753530982642,1.0000629242576902,1.0000604644285949
1715,sq_8_39,1.0000753530982642,1.0000630033292432,1.0000605861821823
1716,sq_8_44,1.0000753530982642,1.0000644238170662,1.0000603121204847
1717,sq_8_45,1.0000753530982642,1.0000633624969766,1.000060507807491
1718,sq_8_46,1.0000753530982642,1.0000647441783517,1.0000599977378846
1719,sq_8_47,1.0000753530982642,1.0000632863236611,1.0000605162854463
1720,sq_8_48,1.0000753530982642,1.0000684768575827,1.0000595583049101
1721,sq_8_50,1.0000753530982642,1.0000629942238273,1.0000606359716895
1722,sq_8_51,1.0000753530982642,1.0000619612702422,1.0000676986671324
1723,sq_8_8,1.0000753530982642,1.0000652193784854,1.0000640923196376
1724,sq_8_9,1.0000753530982642,1.0000640061608148,1.000060966163608
1725,sq_9_14,1.0000753530982642,1.0000852779824558,1.000079023562297
1726,sq_9_15,1.0000753530982642,1.0000629242576893,1.0000604644285955
1727,sq_9_16,1.0000753530982642,1.0000629242576904,1.0000604644285949
1728,sq_9_18,1.0000753530982642,1.0000630744871601,1.000060469788267
1729,sq_9_20,1.0000753530982642,1.000063055827426,1.0000605133841471
1730,sq_9_22,1.0000753530982642,1.000063297269471,1.0000604233558723
1731,sq_9_23,1.0000753530982642,1.0000629651626503,1.0000605208027546
1732,sq_9_24,1.0000753530982642,1.00006298746612,1.0000604938766802
1733,sq_9_25,1.0000753530982642,1.0000629242576904,1.0000604644285953
1734,sq_9_26,1.0000753530982642,1.0000629242576897,1.0000604644285946
1735,sq_9_27,1.0000753530982642,1.0000629242576904,1.0000604644285949
1736,sq_9_28,1.0000753530982642,1.000062924257691,1.0000604644285953
1737,sq_9_29,1.0000753530982642,1.0000682601544582,1.0000609760827495
1738,sq_9_30,1.0000753530982642,1.0000629242576908,1.0000604644285944
1739,sq_9_31,1.0000753530982642,1.0000629242576902,1.000060464428595
1740,sq_9_32,1.0000753530982642,1.0000629242576908,1.0000604644285949
1741,sq_9_33,1.0000753530982642,1.000062924257691,1.000060464428595
1742,sq_9_36,1.0000753530982642,1.0000629242576908,1.0000604644285949
1743,sq_9_39,1.0000753530982642,1.000062924257691,1.0000604644285944
1744,sq_9_40,1.0000753530982642,1.0000629242576908,1.0000604644285953
1745,sq_9_41,1.0000753530982642,1.0000629242576902,1.000060464428595
1746,sq_9_42,1.0000753530982642,1.0000629242576893,1.0000604644285946
1747,sq_9_43,1.0000753530982642,1.0000629242576906,1.0000604644285949
1748,sq_9_44,1.0000753530982642,1.0000629242576913,1.0000604644285946
1749,sq_9_45,1.0000753530982642,1.000062924257691,1.0000604644285946
1750,sq_9_46,1.0000753530982642,1.0000629775551073,1.0000607558265961
1751,sq_9_47,1.0000753530982642,1.0000638089887246,1.0000605657646369
1752,sq_9_48,1.0000753530982642,1.0000629242576906,1.0000604644285949
1753,sq_9_49,1.0000753530982642,1.0000629242576904,1.0000604644285949
1754,sq_9_50,1.0000753530982642,1.00006292425769,1.0000604644285958
1755,sq_9_51,1.0000753530982642,1.0000634408839721,1.0000605337121906
1756,sq_9_7,1.0000753530982642,1.0000639101574604,1.0000609527227928
1757,sq_9_8,1.0000753530982642,1.0000684114114506,1.0000621332308377
1758,sq_9_9,1.0000753530982642,1.0000843227692444,1.0000716237371505
1759,sq_18_49,1.0000753530982642,1.0000629242576904,1.0000604644285949
1760,sq_18_55,1.0000753530982642,1.0000637716703689,1.0000603416863627
1761,sq_25_20,1.0000753530982642,1.0000635995989668,1.0000617111158419
1762,sq_27_27,1.0000753530982642,1.000062924257689,1.0000604644285942
1763,sq_46_59,1.0000753530982642,1.0000629242576902,1.0000604644285953
1764,sq_48_36,1.0000753530982642,1.00006292425769,1.000060464428594
1765,sq_53_67,1.0000753530982642,1.0000629242576884,1.0000604644285953
1766,sq_54_60,1.0000753530982642,1.0000629242576902,1.0000604644285949
1767,sq_4_35,1.0000753530982642,1.0000629242576897,1.0000604644285949
1768,sq_8_49,1.0000753530982642,1.0000670307415993,1.0000600394249912
1769,sq_7_50,1.0000753530982642,1.0000633345443173,1.000060611448285
1770,sq_0_33,1.0000753530982642,1.0000821182201618,1.0000676643486641
1771,sq_0_34,1.0000753530982642,1.0000800787522868,1.0000573428167594
1772,sq_0_35,1.0000753530982642,1.0000773254392161,1.0000590868589467
1773,sq_0_36,1.0000753530982642,1.0000757925865322,1.0000776989066018
1774,sq_0_37,1.0000753530982642,1.0000629242576904,1.0000604644285955
1775,sq_10_11,1.0000753530982642,1.0000688138324578,1.0000603163773027
1776,sq_10_12,1.0000753530982642,1.000064517499872,1.0000686922201214
1777,sq_10_13,1.0000753530982642,1.0000629242576906,1.000060464428595
1778,sq_10_14,1.0000753530982642,1.0000635869961338,1.0000621660059705
1779,sq_10_15,1.0000753530982642,1.0000629242576904,1.000060464428595
1780,sq_10_2,1.0000753530982642,1.0000714656528396,1.0000600473257217
1781,sq_10_3,1.0000753530982642,1.0000648068695757,1.0000623948501977
1782,sq_10_38,1.0000753530982642,1.0000629242576906,1.0000604644285942
1783,sq_10_4,1.0000753530982642,1.00006292425769,1.0000604644285953
1784,sq_10_49,1.0000753530982642,1.0000644274958272,1.0000610274650217
1785,sq_10_52,1.0000753530982642,1.0000629242576897,1.000060464428595
1786,sq_10_53,1.0000753530982642,1.0000629242576902,1.0000604644285938
1787,sq_10_6,1.0000753530982642,1.00006292425769,1.0000604644285946
1788,sq_10_7,1.0000753530982642,1.0000629242576895,1.0000604644285953
1789,sq_11_10,1.0000753530982642,1.000062924257692,1.0000604644285942
1790,sq_11_11,1.0000753530982642,1.00008243709972,1.0000717597755975
1791,sq_11_13,1.0000753530982642,1.0000629242576897,1.000060464428595
1792,sq_11_14,1.0000753530982642,1.0000629242576904,1.0000604644285953
1793,sq_11_15,1.0000753530982642,1.0000629242576902,1.0000604644285933
1794,sq_11_16,1.0000753530982642,1.0000629242576906,1.0000604644285949
1795,sq_11_17,1.0000753530982642,1.000062924257691,1.0000604644285946
1796,sq_11_28,1.0000753530982642,1.000062924257691,1.000060464428595
1797,sq_11_3,1.0000753530982642,1.0000629242576893,1.0000604644285953
1798,sq_11_34,1.0000753530982642,1.0000629242576906,1.0000604644285958
1799,sq_11_55,1.0000753530982642,1.0000629242576884,1.0000604644285953
1800,sq_11_6,1.0000753530982642,1.0000629242576897,1.0000604644285946
1801,sq_11_8,1.0000753530982642,1.0000884837465143,1.0000723858470593
1802,sq_11_9,1.0000753530982642,1.0000857052854892,1.000074587959013
1803,sq_12_11,1.0000753530982642,1.0000629242576902,1.000060464428594
1804,sq_12_12,1.0000753530982642,1.00006292425769,1.0000604644285935
1805,sq_12_15,1.0000753530982642,1.00006292518591,1.0000629678383721
1806,sq_12_16,1.0000753530982642,1.0000645831241193,1.000069775825237
1807,sq_12_17,1.0000753530982642,1.0000767439248028,1.0000727123811848
1808,sq_12_18,1.0000753530982642,1.0000629242576908,1.0000604644285949
1809,sq_12_19,1.0000753530982642,1.0000629242576908,1.0000604644285949
1810,sq_12_2,1.0000753530982642,1.0000780486123986,1.0000706370689414
1811,sq_12_24,1.0000753530982642,1.0000630315940477,1.000060469579683
1812,sq_12_37,1.0000753530982642,1.0000629242576906,1.000060464428595
1813,sq_12_38,1.0000753530982642,1.0000631589088953,1.000060470841362
1814,sq_12_4,1.0000753530982642,1.0000629242576902,1.0000604644285946
1815,sq_12_49,1.0000753530982642,1.0000629242576897,1.0000604644285953
1816,sq_12_5,1.0000753530982642,1.0000629242576904,1.0000604644285949
1817,sq_12_6,1.0000753530982642,1.0000629242576893,1.0000604644285955
1818,sq_12_7,1.0000753530982642,1.0000629242576888,1.0000604644285953
1819,sq_12_8,1.0000753530982642,1.0000914150511255,1.0000751081596608
1820,sq_13_13,1.0000753530982642,1.0000865272207342,1.0000721552690253
1821,sq_13_15,1.0000753530982642,1.0000698659206593,1.0000619213946662
1822,sq_13_16,1.0000753530982642,1.0000629242576897,1.0000604644285958
1823,sq_13_18,1.0000753530982642,1.0000638028869164,1.0000605925473938
1824,sq_13_19,1.0000753530982642,1.000062990071327,1.000060499738049
1825,sq_13_3,1.0000753530982642,1.000086015686569,1.0000777027291325
1826,sq_13_4,1.0000753530982642,1.000062511747411,1.0000663741272713
1827,sq_13_40,1.0000753530982642,1.0000628898424948,1.000060682348386
1828,sq_13_5,1.0000753530982642,1.0000739839096953,1.000065847189833
1829,sq_13_6,1.0000753530982642,1.0000811914664187,1.0000625663995286
1830,sq_13_7,1.0000753530982642,1.0000622338325662,1.0000796465816424
1831,sq_14_13,1.0000753530982642,1.0000613294594558,1.0000829778054272
1832,sq_14_14,1.0000753530982642,1.0000827690178027,1.0000649891477442
1833,sq_14_17,1.0000753530982642,1.0000873608074197,1.0000695094222332
1834,sq_14_18,1.0000753530982642,1.000062924257691,1.0000604644285955
1835,sq_14_3,1.0000753530982642,1.0000629242576917,1.000060464428593
1836,sq_14_4,1.0000753530982642,1.0000645331186562,1.000062746762383
1837,sq_14_49,1.0000753530982642,1.0000629242576908,1.0000604644285949
1838,sq_14_5,1.0000753530982642,1.0000629242576915,1.0000604644285949
1839,sq_14_55,1.0000753530982642,1.0000629242576915,1.0000604644285949
1840,sq_14_6,1.0000753530982642,1.0000629242576904,1.0000604644285942
1841,sq_15_14,1.0000753530982642,1.0000629242576908,1.0000604644285933
1842,sq_15_15,1.0000753530982642,1.0000633016520588,1.0000613416517654
1843,sq_15_16,1.0000753530982642,1.0000629242576902,1.0000604644285949
1844,sq_15_19,1.0000753530982642,1.0000629242576904,1.0000604644285955
1845,sq_15_4,1.0000753530982642,1.0000629242576893,1.000060464428595
1846,sq_15_55,1.0000753530982642,1.00006292425769,1.000060464428595
1847,sq_16_10,1.0000753530982642,1.0000629242576893,1.000060464428595
1848,sq_16_11,1.0000753530982642,1.0000629242576884,1.0000604644285953
1849,sq_16_14,1.0000753530982642,1.0000629242576897,1.0000604644285955
1850,sq_16_15,1.0000753530982642,1.0000654316068043,1.0000640799735994
1851,sq_16_16,1.0000753530982642,1.0000663547432653,1.0000623376246334
1852,sq_16_17,1.0000753530982642,1.000062250686093,1.0000688678196072
1853,sq_16_18,1.0000753530982642,1.0000629242576893,1.0000604644285964
1854,sq_16_19,1.0000753530982642,1.0000629242576897,1.0000604644285949
1855,sq_16_43,1.0000753530982642,1.0000629896384416,1.0000604615266364
1856,sq_16_44,1.0000753530982642,1.0000631358633554,1.000061450486703
1857,sq_16_49,1.0000753530982642,1.0000629242576906,1.0000604644285944
1858,sq_16_53,1.0000753530982642,1.0000629242576906,1.0000604644285949
1859,sq_16_7,1.0000753530982642,1.000062924257689,1.0000604644285966
1860,sq_17_10,1.0000753530982642,1.0000629242576906,1.0000604644285944
1861,sq_17_19,1.0000753530982642,1.0000629242576893,1.0000604644285944
1862,sq_17_30,1.0000753530982642,1.0000619878410903,1.0000661368939014
1863,sq_17_46,1.0000753530982642,1.0000629242576908,1.0000604644285949
1864,sq_17_5,1.0000753530982642,1.0000880471276044,1.0000725768726526
1865,sq_17_6,1.0000753530982642,1.0000629242576902,1.000060464428595
1866,sq_17_9,1.0000753530982642,1.0000780050947804,1.0000692399383744
1867,sq_18_10,1.0000753530982642,1.0000724406294252,1.0000629168532402
1868,sq_18_11,1.0000753530982642,1.00006292425769,1.000060464428595
1869,sq_18_12,1.0000753530982642,1.0000688144447272,1.0000645017052874
1870,sq_18_23,1.0000753530982642,1.000064328613204,1.00006093767893
1871,sq_18_24,1.0000753530982642,1.0000629242576897,1.0000604644285955
1872,sq_18_51,1.0000753530982642,1.0000652915452213,1.0000601587789624
1873,sq_18_53,1.0000753530982642,1.000066155667802,1.000059595050948
1874,sq_18_6,1.0000753530982642,1.0000826683627233,1.0000766083667958
1875,sq_18_7,1.0000753530982642,1.0000684313791657,1.000070431323923
1876,sq_18_8,1.0000753530982642,1.000091337520974,1.0000794787072966
1877,sq_18_9,1.0000753530982642,1.0000629242576884,1.0000604644285953
1878,sq_19_10,1.0000753530982642,1.000081421200689,1.0000637819101452
1879,sq_19_11,1.0000753530982642,1.0000673848765738,1.0000753878723876
1880,sq_19_15,1.0000753530982642,1.0000861014636426,1.0000756801821997
1881,sq_19_17,1.0000753530982642,1.000092728757997,1.0000602508297332
1882,sq_19_18,1.0000753530982642,1.0000738620145668,1.0000781539324073
1883,sq_19_19,1.0000753530982642,1.0000676316487314,1.0000703277507135
1884,sq_19_22,1.0000753530982642,1.0000629242576897,1.0000604644285953
1885,sq_19_23,1.0000753530982642,1.00006292425769,1.000060464428595
1886,sq_19_24,1.0000753530982642,1.0000629242576906,1.0000604644285946
1887,sq_19_4,1.0000753530982642,1.0000680196125884,1.0000672992786441
1888,sq_19_5,1.0000753530982642,1.0000627280999952,1.0000662430999843
1889,sq_19_54,1.0000753530982642,1.0000629242576897,1.000060464428595
1890,sq_19_55,1.0000753530982642,1.0000629242576913,1.000060464428595
1891,sq_19_7,1.0000753530982642,1.000062924257692,1.0000604644285946
1892,sq_19_8,1.0000753530982642,1.00006292425769,1.0000604644285955
1893,sq_19_9,1.0000753530982642,1.0000620065844363,1.0000669454455766
1894,sq_1_34,1.0000753530982642,1.0000629242576902,1.0000604644285946
1895,sq_1_35,1.0000753530982642,1.0000629242576904,1.0000604644285955
1896,sq_1_36,1.0000753530982642,1.0000629242576895,1.0000604644285938
1897,sq_1_37,1.0000753530982642,1.00006292425769,1.000060464428595
1898,sq_20_10,1.0000753530982642,1.0000629242576904,1.000060464428595
1899,sq_20_11,1.0000753530982642,1.0000743280193387,1.0000661352407352
1900,sq_20_12,1.0000753530982642,1.000065706608027,1.000064863110767
1901,sq_20_14,1.0000753530982642,1.0000712074459168,1.0000753546358019
1902,sq_20_17,1.0000753530982642,1.000063796594184,1.0000808968884374
1903,sq_20_5,1.0000753530982642,1.0000696055709823,1.000063563903428
1904,sq_20_6,1.0000753530982642,1.0000629242576897,1.0000604644285958
1905,sq_20_7,1.0000753530982642,1.0000629242576893,1.0000604644285938
1906,sq_20_9,1.0000753530982642,1.0000629242576893,1.0000604644285953
1907,sq_21_10,1.0000753530982642,1.0000629242576893,1.0000604644285944
1908,sq_21_11,1.0000753530982642,1.0000832085204499,1.000073331327398
1909,sq_21_12,1.0000753530982642,1.0000629242576897,1.0000604644285946
1910,sq_21_13,1.0000753530982642,1.0000629242576897,1.0000604644285946
1911,sq_21_14,1.0000753530982642,1.00006292425769,1.000060464428595
1912,sq_21_15,1.0000753530982642,1.0000629242576902,1.0000604644285955
1913,sq_21_17,1.0000753530982642,1.0000613864455683,1.0000672707163896
1914,sq_21_21,1.0000753530982642,1.0000629242576904,1.0000604644285949
1915,sq_21_22,1.0000753530982642,1.0000633183967158,1.000060567834291
1916,sq_21_4,1.0000753530982642,1.0000765037264483,1.0000705689941933
1917,sq_21_5,1.0000753530982642,1.0000745115841454,1.0000630087246805
1918,sq_21_8,1.0000753530982642,1.000081140841348,1.0000627299402651
1919,sq_22_13,1.0000753530982642,1.000071835671996,1.000062614958574
1920,sq_22_14,1.0000753530982642,1.000065131874228,1.0000732994511
1921,sq_22_21,1.0000753530982642,1.0000603253472193,1.0000689403202936
1922,sq_22_22,1.0000753530982642,1.0000631395095858,1.0000619959121142
1923,sq_22_23,1.0000753530982642,1.0000629242576895,1.0000604644285953
1924,sq_22_24,1.0000753530982642,1.000062551178896,1.0000616244362617
1925,sq_22_5,1.0000753530982642,1.0000767953406546,1.0000617575406967
1926,sq_22_6,1.0000753530982642,1.0000842609666487,1.0000598555858682
1927,sq_22_7,1.0000753530982642,1.0000761270386245,1.0000630688393297
1928,sq_22_8,1.0000753530982642,1.0000664978054636,1.0000662438490928
1929,sq_22_9,1.0000753530982642,1.000073568685979,1.0000783983507127
1930,sq_23_10,1.0000753530982642,1.0000674951265816,1.00006190877157
1931,sq_23_15,1.0000753530982642,1.0000663074586578,1.0000656210733492
1932,sq_23_16,1.0000753530982642,1.000066464165785,1.0000632346692615
1933,sq_23_2,1.0000753530982642,1.0000896346413057,1.0000765867171526
1934,sq_23_20,1.0000753530982642,1.0000881481824002,1.000073304463841
1935,sq_23_21,1.0000753530982642,1.0000689017414766,1.0000798285081614
1936,sq_23_22,1.0000753530982642,1.0000620632602757,1.0000853251810566
1937,sq_23_23,1.0000753530982642,1.0000629242576906,1.0000604644285953
1938,sq_23_24,1.0000753530982642,1.000062924257691,1.0000604644285958
1939,sq_23_8,1.0000753530982642,1.0000633724820052,1.0000614320958308
1940,sq_23_9,1.0000753530982642,1.0000658200896575,1.0000678660606124
1941,sq_24_10,1.0000753530982642,1.0000587408145256,1.0000799272034502
1942,sq_24_11,1.0000753530982642,1.0000607598259945,1.0000910300364125
1943,sq_24_13,1.0000753530982642,1.0000622844201874,1.0000651928709157
1944,sq_24_14,1.0000753530982642,1.0000788124014146,1.0000764252027101
1945,sq_24_15,1.0000753530982642,1.0000629242576884,1.0000604644285953
1946,sq_24_16,1.0000753530982642,1.000060295547522,1.000090751402039
1947,sq_24_17,1.0000753530982642,1.0000609770155802,1.000084392226248
1948,sq_24_18,1.0000753530982642,1.0000629242576897,1.000060464428595
1949,sq_24_19,1.0000753530982642,1.0000629242576884,1.0000604644285953
1950,sq_24_20,1.0000753530982642,1.0000629242576888,1.0000604644285949
1951,sq_24_21,1.0000753530982642,1.00006292425769,1.0000604644285935
1952,sq_24_22,1.0000753530982642,1.0000629242576893,1.0000604644285953
1953,sq_24_24,1.0000753530982642,1.000063004858008,1.000060462098251
1954,sq_24_27,1.0000753530982642,1.0000631902040666,1.0000607876424092
1955,sq_25_18,1.0000753530982642,1.000065615483394,1.0000621284668363
1956,sq_25_19,1.0000753530982642,1.0000629805533288,1.0000606011149311
1957,sq_25_26,1.0000753530982642,1.0000629242576906,1.000060464428595
1958,sq_25_27,1.0000753530982642,1.0000629242576904,1.000060464428595
1959,sq_25_28,1.0000753530982642,1.0000629242576902,1.0000604644285955
1960,sq_25_3,1.0000753530982642,1.000069697173961,1.000073132364455
1961,sq_25_47,1.0000753530982642,1.0000630950815457,1.0000604842971619
1962,sq_25_5,1.0000753530982642,1.0000629242576897,1.0000604644285946
1963,sq_25_6,1.0000753530982642,1.0000629242576902,1.0000604644285946
1964,sq_26_10,1.0000753530982642,1.00006292425769,1.000060464428595
1965,sq_26_14,1.0000753530982642,1.0000629242576895,1.000060464428595
1966,sq_26_2,1.0000753530982642,1.0000714088273919,1.0000606933699143
1967,sq_26_26,1.0000753530982642,1.0000705793545683,1.0000600004337283
1968,sq_26_27,1.0000753530982642,1.0000629242576895,1.0000604644285955
1969,sq_26_41,1.0000753530982642,1.000062924257691,1.0000604644285946
1970,sq_26_5,1.0000753530982642,1.0000687487723772,1.000064434268045
1971,sq_26_8,1.0000753530982642,1.000065638042637,1.000061986958198
1972,sq_27_10,1.0000753530982642,1.00006292425769,1.000060464428595
1973,sq_27_11,1.0000753530982642,1.0000629242576893,1.0000604644285949
1974,sq_27_12,1.0000753530982642,1.00006292425769,1.000060464428595
1975,sq_27_23,1.0000753530982642,1.0000629242576893,1.0000604644285962
1976,sq_27_28,1.0000753530982642,1.0000629242576902,1.0000604644285953
1977,sq_27_29,1.0000753530982642,1.0000630917805349,1.0000605632734259
1978,sq_27_44,1.0000753530982642,1.0000633481351846,1.0000603950882223
1979,sq_27_5,1.0000753530982642,1.000062924257689,1.0000604644285955
1980,sq_27_6,1.0000753530982642,1.0000694196551283,1.0000596096325385
1981,sq_27_7,1.0000753530982642,1.0000750467304054,1.0000673634003214
1982,sq_28_10,1.0000753530982642,1.000074753303548,1.0000682975828397
1983,sq_28_12,1.0000753530982642,1.000075979107475,1.0000694156171386
1984,sq_28_13,1.0000753530982642,1.0000714880619201,1.0000714680768823
1985,sq_28_14,1.0000753530982642,1.0000891914800525,1.0000704096561135
1986,sq_28_2,1.0000753530982642,1.0000730565024964,1.0000628373985034
1987,sq_28_20,1.0000753530982642,1.0000673428240976,1.0000623072976829
1988,sq_28_21,1.0000753530982642,1.0000693935172176,1.0000646192621223
1989,sq_28_22,1.0000753530982642,1.0000792650489274,1.0000824399097017
1990,sq_28_23,1.0000753530982642,1.0000669293520756,1.0000604388592174
1991,sq_28_26,1.0000753530982642,1.0000636398425047,1.000060702201055
1992,sq_28_27,1.0000753530982642,1.0000630362996918,1.000060451336828
1993,sq_28_3,1.0000753530982642,1.0000768578438357,1.0000737236996902
1994,sq_28_39,1.0000753530982642,1.000062966790885,1.0000604614164386
1995,sq_28_5,1.0000753530982642,1.0000791323483231,1.0000825044184256
1996,sq_28_59,1.0000753530982642,1.0000619037540956,1.0000632431402776
1997,sq_29_10,1.0000753530982642,1.0000692391960335,1.0000662875155466
1998,sq_29_12,1.0000753530982642,1.0001053608685166,1.0000702265938066
1999,sq_29_13,1.0000753530982642,1.0000629242576906,1.0000604644285944
2000,sq_29_14,1.0000753530982642,1.0000585192674154,1.000079930902301
2001,sq_29_15,1.0000753530982642,1.000062924257691,1.0000604644285942
2002,sq_29_2,1.0000753530982642,1.0000629242576884,1.0000604644285953
2003,sq_29_20,1.0000753530982642,1.000062924257692,1.0000604644285944
2004,sq_29_22,1.0000753530982642,1.0000629242576902,1.0000604644285955
2005,sq_29_23,1.0000753530982642,1.0000629242576904,1.000060464428594
2006,sq_29_24,1.0000753530982642,1.0000629242576884,1.0000604644285953
2007,sq_29_3,1.0000753530982642,1.0000846668721906,1.0000729755672284
2008,sq_29_52,1.0000753530982642,1.000063143594097,1.000060577716845
2009,sq_29_53,1.0000753530982642,1.0000668755500934,1.0000599341968057
2010,sq_29_54,1.0000753530982642,1.0000648031496782,1.0000604304345424
2011,sq_29_57,1.0000753530982642,1.0000629242576913,1.0000604644285944
2012,sq_29_60,1.0000753530982642,1.0000629242576888,1.000060464428595
2013,sq_29_8,1.0000753530982642,1.0000629242576884,1.0000604644285953
2014,sq_29_9,1.0000753530982642,1.00007457604239,1.0000622388787068
2015,sq_2_34,1.0000753530982642,1.0000629242576904,1.0000604644285949
2016,sq_2_35,1.0000753530982642,1.0000629242576906,1.000060464428595
2017,sq_2_36,1.0000753530982642,1.0000629242576895,1.0000604644285955
2018,sq_2_37,1.0000753530982642,1.0000629242576884,1.0000604644285953
2019,sq_30_10,1.0000753530982642,1.0000629242576902,1.000060464428595
2020,sq_30_11,1.0000753530982642,1.00006485741447,1.0000616165978427
2021,sq_30_12,1.0000753530982642,1.0000832238133486,1.0000742940157776
2022,sq_30_21,1.0000753530982642,1.000062924257689,1.0000604644285953
2023,sq_30_22,1.0000753530982642,1.0000629242576904,1.0000604644285942
2024,sq_30_23,1.0000753530982642,1.0000715060141099,1.0000782978285965
2025,sq_30_24,1.0000753530982642,1.000063495294981,1.0000605440333337
2026,sq_30_25,1.0000753530982642,1.0000629484420855,1.0000604768304153
2027,sq_30_35,1.0000753530982642,1.0000629335836948,1.0000604627585237
2028,sq_30_63,1.0000753530982642,1.0000635238888314,1.0000610814848419
2029,sq_30_64,1.0000753530982642,1.0000586547722927,1.0000765321904694
2030,sq_30_65,1.0000753530982642,1.0000722043390307,1.0000721206715357
2031,sq_31_10,1.0000753530982642,1.0000914416933562,1.0000707453773965
2032,sq_31_11,1.0000753530982642,1.0000808006222741,1.0000699704920117
2033,sq_31_12,1.0000753530982642,1.0000629242576897,1.000060464428595
2034,sq_31_21,1.0000753530982642,1.0000629242576897,1.0000604644285955
2035,sq_31_24,1.0000753530982642,1.00006292425769,1.0000604644285955
2036,sq_31_25,1.0000753530982642,1.0000629678758346,1.0000604958724737
2037,sq_31_30,1.0000753530982642,1.0000629579496225,1.0000604862774345
2038,sq_31_57,1.0000753530982642,1.0000644088538586,1.0000601718475615
2039,sq_31_63,1.0000753530982642,1.0000629242576902,1.0000604644285949
2040,sq_31_65,1.0000753530982642,1.0000629242576888,1.000060464428595
2041,sq_31_66,1.0000753530982642,1.0000629242576893,1.0000604644285958
2042,sq_32_18,1.0000753530982642,1.0000734458810716,1.000068157654095
2043,sq_32_21,1.0000753530982642,1.0000681290916864,1.000065203159127
2044,sq_32_22,1.0000753530982642,1.000079623004072,1.0000570779674958
2045,sq_32_23,1.0000753530982642,1.0000912813841385,1.0000611435913032
2046,sq_32_24,1.0000753530982642,1.0000689305503279,1.0000647187718166
2047,sq_32_25,1.0000753530982642,1.0000631360527235,1.0000605007350718
2048,sq_32_57,1.0000753530982642,1.0000666001087277,1.0000599826465721
2049,sq_32_58,1.0000753530982642,1.0000628944636956,1.0000605240384646
2050,sq_32_66,1.0000753530982642,1.0000625341065679,1.0000651704528296
2051,sq_33_14,1.0000753530982642,1.0000629242576906,1.0000604644285944
2052,sq_33_15,1.0000753530982642,1.000116561862524,1.0000663002813637
2053,sq_33_24,1.0000753530982642,1.0001054400887812,1.0000614952048272
2054,sq_33_25,1.0000753530982642,1.0000651723455345,1.000059768795871
2055,sq_33_32,1.0000753530982642,1.000062924257691,1.0000604644285953
2056,sq_33_37,1.0000753530982642,1.0000629242576924,1.0000604644285953
2057,sq_33_54,1.0000753530982642,1.0000629242576904,1.000060464428595
2058,sq_33_69,1.0000753530982642,1.0000629242576906,1.0000604644285949
2059,sq_34_20,1.0000753530982642,1.0000629242576893,1.000060464428595
2060,sq_34_21,1.0000753530982642,1.0000629242576904,1.0000604644285946
2061,sq_34_24,1.0000753530982642,1.0000629242576902,1.0000604644285949
2062,sq_34_25,1.0000753530982642,1.0000666184629945,1.0000610175220261
2063,sq_34_34,1.0000753530982642,1.0000623767174786,1.0000623651070535
2064,sq_34_37,1.0000753530982642,1.0000629900591977,1.0000606849187899
2065,sq_34_42,1.0000753530982642,1.0000630937909878,1.0000604606459502
2066,sq_34_58,1.0000753530982642,1.0000636614796625,1.0000604542706188
2067,sq_34_69,1.0000753530982642,1.0000666661459932,1.0000625652375457
2068,sq_34_70,1.0000753530982642,1.0000578105151277,1.0000770846886204
2069,sq_34_71,1.0000753530982642,1.000068871062704,1.0000628988091702
2070,sq_35_17,1.0000753530982642,1.0000629242576895,1.0000604644285953
2071,sq_35_18,1.0000753530982642,1.0000629242576904,1.0000604644285953
2072,sq_35_19,1.0000753530982642,1.0000629242576893,1.000060464428595
2073,sq_35_22,1.0000753530982642,1.000062924257691,1.0000604644285942
2074,sq_36_17,1.0000753530982642,1.0000678648826005,1.0000646253944105
2075,sq_36_19,1.0000753530982642,1.0000679313983984,1.0000662549255155
2076,sq_36_21,1.0000753530982642,1.0000570421862371,1.0000782274952023
2077,sq_36_22,1.0000753530982642,1.0000629242576897,1.0000604644285955
2078,sq_36_43,1.0000753530982642,1.0000629242576906,1.0000604644285949
2079,sq_37_17,1.0000753530982642,1.0000629242576893,1.0000604644285935
2080,sq_37_21,1.0000753530982642,1.0000629242576884,1.0000604644285953
2081,sq_37_22,1.0000753530982642,1.0000629242576897,1.0000604644285938
2082,sq_37_52,1.0000753530982642,1.0000637984891059,1.0000604302398082
2083,sq_37_55,1.0000753530982642,1.0000636323518635,1.0000640230755522
2084,sq_37_56,1.0000753530982642,1.0000629242576895,1.0000604644285953
2085,sq_37_57,1.0000753530982642,1.0000692412393357,1.0000645579809928
2086,sq_37_58,1.0000753530982642,1.0000798689457013,1.0000598862769934
2087,sq_37_60,1.0000753530982642,1.0000629242576904,1.0000604644285953
2088,sq_37_61,1.0000753530982642,1.0000629242576906,1.000060464428595
2089,sq_37_64,1.0000753530982642,1.0000629242576902,1.0000604644285955
2090,sq_37_67,1.0000753530982642,1.0000629242576893,1.0000604644285964
2091,sq_37_68,1.0000753530982642,1.0000625666223377,1.000062386066128
2092,sq_37_71,1.0000753530982642,1.0000689030181313,1.000062464803337
2093,sq_37_72,1.0000753530982642,1.0000746445939053,1.0000662553912154
2094,sq_38_20,1.0000753530982642,1.0000629242576902,1.0000604644285955
2095,sq_38_32,1.0000753530982642,1.0000629242576904,1.0000604644285949
2096,sq_38_33,1.0000753530982642,1.0000629242576908,1.0000604644285949
2097,sq_38_34,1.0000753530982642,1.000063353967005,1.0000604618433657
2098,sq_38_37,1.0000753530982642,1.0000629242576906,1.000060464428595
2099,sq_38_56,1.0000753530982642,1.0000629242576904,1.0000604644285942
2100,sq_38_57,1.0000753530982642,1.00006292425769,1.0000604644285953
2101,sq_38_58,1.0000753530982642,1.0000634866247429,1.000060624347272
2102,sq_38_60,1.0000753530982642,1.000062924257691,1.0000604644285946
2103,sq_38_61,1.0000753530982642,1.0000721436806148,1.0000613046035747
2104,sq_38_62,1.0000753530982642,1.0000629242576913,1.0000604644285946
2105,sq_38_64,1.0000753530982642,1.0000629242576902,1.0000604644285953
2106,sq_38_66,1.0000753530982642,1.0000629242576904,1.000060464428595
2107,sq_38_67,1.0000753530982642,1.0000629242576888,1.000060464428595
2108,sq_38_68,1.0000753530982642,1.0000629242576897,1.0000604644285946
2109,sq_38_70,1.0000753530982642,1.0000678905326685,1.0000598376278593
2110,sq_39_21,1.0000753530982642,1.0000854883079235,1.0000736131296175
2111,sq_39_23,1.0000753530982642,1.000068676299351,1.0000657806864228
2112,sq_39_24,1.0000753530982642,1.000063732034351,1.000062569157076
2113,sq_39_27,1.0000753530982642,1.0000629242576906,1.0000604644285953
2114,sq_39_28,1.0000753530982642,1.0000629242576906,1.0000604644285949
2115,sq_39_32,1.0000753530982642,1.0000696012123846,1.0000775167063218
2116,sq_39_33,1.0000753530982642,1.0000671129987573,1.0000635631600605
2117,sq_39_34,1.0000753530982642,1.0000629242576902,1.0000604644285949
2118,sq_39_35,1.0000753530982642,1.0000734904523827,1.0000609122710251
2119,sq_39_37,1.0000753530982642,1.0000637975317788,1.0000675238124415
2120,sq_39_39,1.0000753530982642,1.0000629242576902,1.0000604644285949
2121,sq_39_49,1.0000753530982642,1.0000642971852463,1.000061204689873
2122,sq_39_54,1.0000753530982642,1.0000763366399799,1.0000684516028415
2123,sq_39_56,1.0000753530982642,1.0000793690436205,1.0000681577942703
2124,sq_39_57,1.0000753530982642,1.000066013728165,1.0000614998942288
2125,sq_39_60,1.0000753530982642,1.0000629242576906,1.000060464428595
2126,sq_39_61,1.0000753530982642,1.000065419390606,1.0000605583752336
2127,sq_39_62,1.0000753530982642,1.0000682885099386,1.0000591250347168
2128,sq_39_64,1.0000753530982642,1.0000629242576906,1.0000604644285946
2129,sq_39_65,1.0000753530982642,1.0000629242576884,1.0000604644285955
2130,sq_39_67,1.0000753530982642,1.00006292425769,1.000060464428595
2131,sq_39_70,1.0000753530982642,1.0000652576937272,1.000060321285883
2132,sq_3_12,1.0000753530982642,1.0000629242576893,1.0000604644285955
2133,sq_3_13,1.0000753530982642,1.0000629242576897,1.0000604644285946
2134,sq_3_14,1.0000753530982642,1.0000629242576904,1.0000604644285944
2135,sq_3_34,1.0000753530982642,1.0000629242576904,1.0000604644285949
2136,sq_3_35,1.0000753530982642,1.0000629242576906,1.0000604644285946
2137,sq_3_36,1.0000753530982642,1.0000629242576893,1.000060464428596
2138,sq_3_37,1.0000753530982642,1.0000627161043933,1.0000608806447402
2139,sq_40_21,1.0000753530982642,1.00007167751877,1.0000637436204893
2140,sq_40_22,1.0000753530982642,1.0000629242576893,1.0000604644285953
2141,sq_40_23,1.0000753530982642,1.0000629242576906,1.0000604644285944
2142,sq_40_26,1.0000753530982642,1.0000629242576886,1.000060464428595
2143,sq_40_28,1.0000753530982642,1.0000629242576902,1.0000604644285953
2144,sq_40_32,1.0000753530982642,1.0000629242576875,1.000060464428596
2145,sq_40_37,1.0000753530982642,1.0000629242576886,1.0000604644285955
2146,sq_40_39,1.0000753530982642,1.0000629242576884,1.0000604644285958
2147,sq_40_40,1.0000753530982642,1.000071046602228,1.0000598036387964
2148,sq_40_52,1.0000753530982642,1.0000670640598073,1.0000599572540567
2149,sq_40_53,1.0000753530982642,1.0000764685519858,1.0000701233629206
2150,sq_40_59,1.0000753530982642,1.0000629242576893,1.0000604644285949
2151,sq_40_60,1.0000753530982642,1.00006292425769,1.0000604644285953
2152,sq_40_61,1.0000753530982642,1.00006292425769,1.0000604644285955
2153,sq_40_62,1.0000753530982642,1.0000629242576902,1.0000604644285933
2154,sq_40_64,1.0000753530982642,1.000078151561467,1.0000690136270631
2155,sq_40_65,1.0000753530982642,1.00006292425769,1.0000604644285935
2156,sq_40_66,1.0000753530982642,1.00006292425769,1.0000604644285949
2157,sq_40_67,1.0000753530982642,1.0000629242576897,1.000060464428595
2158,sq_40_68,1.0000753530982642,1.0000640299989,1.0000625152691476
2159,sq_40_70,1.0000753530982642,1.0000629242576897,1.0000604644285953
2160,sq_41_19,1.0000753530982642,1.000068181857768,1.0000649935698156
2161,sq_41_20,1.0000753530982642,1.000084114420374,1.0000752440218201
2162,sq_41_21,1.0000753530982642,1.0000629242576904,1.0000604644285935
2163,sq_41_22,1.0000753530982642,1.0000629242576906,1.0000604644285946
2164,sq_41_27,1.0000753530982642,1.000062924257689,1.0000604644285958
2165,sq_41_32,1.0000753530982642,1.00006292425769,1.0000604644285935
2166,sq_41_35,1.0000753530982642,1.0000629242576904,1.0000604644285944
2167,sq_41_37,1.0000753530982642,1.0000742736183692,1.0000640829533267
2168,sq_41_38,1.0000753530982642,1.0000629242576886,1.0000604644285962
2169,sq_41_39,1.0000753530982642,1.0000629242576902,1.0000604644285955
2170,sq_41_47,1.0000753530982642,1.0000629242576922,1.0000604644285944
2171,sq_41_50,1.0000753530982642,1.0000629242576897,1.0000604644285949
2172,sq_41_55,1.0000753530982642,1.000062924257689,1.000060464428595
2173,sq_41_56,1.0000753530982642,1.0000886750674949,1.0000687164605684
2174,sq_41_58,1.0000753530982642,1.0000856229411126,1.0000617029111007
2175,sq_41_60,1.0000753530982642,1.0000673661628405,1.0000602499267166
2176,sq_41_61,1.0000753530982642,1.0000629242576888,1.0000604644285955
2177,sq_41_62,1.0000753530982642,1.00006292425769,1.0000604644285949
2178,sq_41_64,1.0000753530982642,1.000062924257689,1.0000604644285953
2179,sq_41_65,1.0000753530982642,1.0000814172198291,1.0000861338829061
2180,sq_41_67,1.0000753530982642,1.0000546033870255,1.0000905508801514
2181,sq_41_68,1.0000753530982642,1.0000629242576884,1.0000604644285953
2182,sq_42_19,1.0000753530982642,1.0000629242576893,1.0000604644285966
2183,sq_42_24,1.0000753530982642,1.0000629242576882,1.0000604644285942
2184,sq_42_25,1.0000753530982642,1.0000685325119107,1.0000698462123012
2185,sq_42_29,1.0000753530982642,1.0000629242576897,1.0000604644285949
2186,sq_42_30,1.0000753530982642,1.0000629242576902,1.0000604644285953
2187,sq_42_33,1.0000753530982642,1.0000629242576893,1.0000604644285955
2188,sq_42_35,1.0000753530982642,1.0000706813650047,1.0000602472013513
2189,sq_42_36,1.0000753530982642,1.0000737344541133,1.0000588834420951
2190,sq_42_43,1.0000753530982642,1.0000629242576902,1.0000604644285949
2191,sq_42_55,1.0000753530982642,1.000062924257692,1.0000604644285942
2192,sq_42_56,1.0000753530982642,1.0000629242576895,1.0000604644285953
2193,sq_42_58,1.0000753530982642,1.0000629242576893,1.0000604644285955
2194,sq_42_59,1.0000753530982642,1.0000629242576888,1.0000604644285946
2195,sq_42_60,1.0000753530982642,1.00006292425769,1.0000604644285944
2196,sq_42_61,1.0000753530982642,1.0000629242576895,1.0000604644285944
2197,sq_42_62,1.0000753530982642,1.0000629242576908,1.0000604644285953
2198,sq_42_64,1.0000753530982642,1.0000629242576886,1.0000604644285955
2199,sq_42_66,1.0000753530982642,1.0000629242576906,1.000060464428595
2200,sq_42_67,1.0000753530982642,1.0000629242576904,1.000060464428595
2201,sq_42_68,1.0000753530982642,1.0000629242576888,1.0000604644285962
2202,sq_43_18,1.0000753530982642,1.0000629242576897,1.0000604644285946
2203,sq_43_19,1.0000753530982642,1.0000629242576908,1.0000604644285949
2204,sq_43_23,1.0000753530982642,1.0000632701167194,1.0000644848461977
2205,sq_43_27,1.0000753530982642,1.0000629242576884,1.0000604644285953
2206,sq_43_28,1.0000753530982642,1.0000629242576908,1.000060464428594
2207,sq_43_29,1.0000753530982642,1.0000629242576897,1.0000604644285942
2208,sq_43_30,1.0000753530982642,1.0000629242576904,1.0000604644285953
2209,sq_43_31,1.0000753530982642,1.0000629242576884,1.0000604644285953
2210,sq_43_41,1.0000753530982642,1.000062924257691,1.0000604644285949
2211,sq_43_47,1.0000753530982642,1.0000631788321346,1.0000604467625867
2212,sq_43_54,1.0000753530982642,1.0000666974575172,1.0000596411426201
2213,sq_43_55,1.0000753530982642,1.0000693767476032,1.000076820640911
2214,sq_43_56,1.0000753530982642,1.0000875326565886,1.0000802917127647
2215,sq_43_59,1.0000753530982642,1.0000723413895334,1.0000621095122812
2216,sq_43_60,1.0000753530982642,1.0000629242576904,1.0000604644285949
2217,sq_43_62,1.0000753530982642,1.0000629242576908,1.0000604644285958
2218,sq_43_64,1.0000753530982642,1.0000634352318853,1.0000623886362008
2219,sq_43_66,1.0000753530982642,1.00006292425769,1.0000604644285946
2220,sq_44_21,1.0000753530982642,1.0000629242576893,1.000060464428596
2221,sq_44_22,1.0000753530982642,1.0000629242576908,1.0000604644285953
2222,sq_44_29,1.0000753530982642,1.0000629242576908,1.0000604644285938
2223,sq_44_31,1.0000753530982642,1.0000629242576902,1.000060464428596
2224,sq_44_40,1.0000753530982642,1.0000662713440553,1.0000631626351766
2225,sq_44_54,1.0000753530982642,1.0000629242576908,1.0000604644285953
2226,sq_44_55,1.0000753530982642,1.0000629242576902,1.0000604644285953
2227,sq_44_62,1.0000753530982642,1.0000629242576906,1.0000604644285955
2228,sq_44_65,1.0000753530982642,1.0000635213219427,1.0000608054956195
2229,sq_44_66,1.0000753530982642,1.0000749107365179,1.0000748423893078
2230,sq_44_67,1.0000753530982642,1.0000636175226583,1.000072016546501
2231,sq_45_15,1.0000753530982642,1.0000629242576897,1.000060464428595
2232,sq_45_16,1.0000753530982642,1.00006292425769,1.0000604644285962
2233,sq_45_21,1.0000753530982642,1.0000715066840002,1.000067268667817
2234,sq_45_26,1.0000753530982642,1.0000728888972288,1.000063543106924
2235,sq_45_27,1.0000753530982642,1.0000629242576897,1.000060464428595
2236,sq_45_28,1.0000753530982642,1.0000637617478345,1.000061117492029
2237,sq_45_29,1.0000753530982642,1.0000629242576904,1.0000604644285935
2238,sq_45_33,1.0000753530982642,1.0000629242576908,1.0000604644285933
2239,sq_45_37,1.0000753530982642,1.0000629242576897,1.0000604644285953
2240,sq_45_40,1.0000753530982642,1.000062924257689,1.0000604644285962
2241,sq_45_43,1.0000753530982642,1.0000629242576904,1.0000604644285953
2242,sq_45_63,1.0000753530982642,1.0000629242576897,1.0000604644285946
2243,sq_45_65,1.0000753530982642,1.0000629242576902,1.0000604644285938
2244,sq_45_66,1.0000753530982642,1.0000629242576888,1.0000604644285953
2245,sq_46_15,1.0000753530982642,1.0000629242576873,1.0000604644285949
2246,sq_46_16,1.0000753530982642,1.0000629242576902,1.0000604644285949
2247,sq_46_21,1.0000753530982642,1.0000659990542387,1.0000602924720796
2248,sq_46_22,1.0000753530982642,1.0000640680249147,1.0000623355734126
2249,sq_46_25,1.0000753530982642,1.0000735424313374,1.0000741923822938
2250,sq_46_27,1.0000753530982642,1.0000629242576904,1.0000604644285953
2251,sq_46_28,1.0000753530982642,1.0000629242576897,1.000060464428595
2252,sq_46_29,1.0000753530982642,1.0000777678376476,1.0000797190588462
2253,sq_46_32,1.0000753530982642,1.000057293026557,1.0000833555389226
2254,sq_46_33,1.0000753530982642,1.0000634314681525,1.0000617562860183
2255,sq_46_43,1.0000753530982642,1.0000652994318142,1.0000616693790687
2256,sq_46_44,1.0000753530982642,1.0000659799279827,1.000064721390961
2257,sq_46_45,1.0000753530982642,1.0000606478114011,1.0000660373973702
2258,sq_46_49,1.0000753530982642,1.000063387292279,1.0000605348618754
2259,sq_46_50,1.0000753530982642,1.0000629242576908,1.000060464428595
2260,sq_46_51,1.0000753530982642,1.000063292672205,1.0000609431913638
2261,sq_46_61,1.0000753530982642,1.000064815150249,1.0000758172931625
2262,sq_46_65,1.0000753530982642,1.0000734275083785,1.0000609607298543
2263,sq_46_66,1.0000753530982642,1.0000629242576888,1.0000604644285949
2264,sq_46_67,1.0000753530982642,1.000062924257691,1.0000604644285942
2265,sq_47_16,1.0000753530982642,1.0000629242576873,1.0000604644285949
2266,sq_47_25,1.0000753530982642,1.0000629242576897,1.0000604644285949
2267,sq_47_28,1.0000753530982642,1.0000671951640379,1.0000616162782014
2268,sq_47_32,1.0000753530982642,1.0000784345715878,1.0000763925624
2269,sq_47_33,1.0000753530982642,1.0000629242576913,1.000060464428595
2270,sq_47_34,1.0000753530982642,1.0000629242576895,1.000060464428595
2271,sq_47_35,1.0000753530982642,1.000062924257689,1.0000604644285946
2272,sq_47_36,1.0000753530982642,1.00006292425769,1.0000604644285949
2273,sq_47_39,1.0000753530982642,1.0000629242576906,1.0000604644285946
2274,sq_47_42,1.0000753530982642,1.0000629242576897,1.0000604644285949
2275,sq_47_43,1.0000753530982642,1.0000629242576904,1.0000604644285953
2276,sq_47_44,1.0000753530982642,1.0000629242576902,1.0000604644285946
2277,sq_47_45,1.0000753530982642,1.0000636173722925,1.0000630975991682
2278,sq_47_49,1.0000753530982642,1.0000632328133963,1.0000606892367156
2279,sq_47_50,1.0000753530982642,1.00006292425769,1.000060464428595
2280,sq_47_51,1.0000753530982642,1.0000629242576888,1.000060464428596
2281,sq_47_53,1.0000753530982642,1.0000629242576897,1.000060464428595
2282,sq_47_54,1.0000753530982642,1.00006292425769,1.0000604644285946
2283,sq_47_55,1.0000753530982642,1.0000650289087902,1.0000640284337894
2284,sq_47_57,1.0000753530982642,1.000066620748113,1.000060115981747
2285,sq_47_60,1.0000753530982642,1.0000629242576904,1.0000604644285944
2286,sq_47_61,1.0000753530982642,1.0000822723823615,1.0000634604166965
2287,sq_47_62,1.0000753530982642,1.0000629242576888,1.0000604644285953
2288,sq_47_63,1.0000753530982642,1.0000629242576895,1.0000604644285935
2289,sq_48_15,1.0000753530982642,1.0000629242576902,1.0000604644285946
2290,sq_48_18,1.0000753530982642,1.0000629242576902,1.0000604644285953
2291,sq_48_23,1.0000753530982642,1.0000654885696458,1.0000602181765326
2292,sq_48_28,1.0000753530982642,1.0000778177393683,1.0000685506634863
2293,sq_48_30,1.0000753530982642,1.000062924257691,1.0000604644285953
2294,sq_48_31,1.0000753530982642,1.0000629242576908,1.000060464428595
2295,sq_48_33,1.0000753530982642,1.0000629242576904,1.0000604644285949
2296,sq_48_38,1.0000753530982642,1.0000646207438983,1.0000607307397018
2297,sq_48_39,1.0000753530982642,1.000076538085254,1.0000612015437216
2298,sq_48_40,1.0000753530982642,1.000062924257689,1.0000604644285946
2299,sq_48_41,1.0000753530982642,1.000062924257689,1.0000604644285964
2300,sq_48_42,1.0000753530982642,1.00006292425769,1.0000604644285944
2301,sq_48_43,1.0000753530982642,1.0000629242576902,1.0000604644285953
2302,sq_48_44,1.0000753530982642,1.0000629242576895,1.0000604644285949
2303,sq_48_48,1.0000753530982642,1.0000629242576893,1.0000604644285953
2304,sq_48_49,1.0000753530982642,1.00006292425769,1.0000604644285953
2305,sq_48_50,1.0000753530982642,1.0000646408789051,1.0000603378419137
2306,sq_48_51,1.0000753530982642,1.0000634189071262,1.0000611310126704
2307,sq_48_53,1.0000753530982642,1.00006292425769,1.0000604644285946
2308,sq_48_54,1.0000753530982642,1.000065016140474,1.000060557027738
2309,sq_48_55,1.0000753530982642,1.0000629242576906,1.0000604644285949
2310,sq_48_57,1.0000753530982642,1.000057852928039,1.0000799019518143
2311,sq_48_60,1.0000753530982642,1.000072877752241,1.000092283032131
2312,sq_48_61,1.0000753530982642,1.0000845504771303,1.0000785918120316
2313,sq_48_62,1.0000753530982642,1.0000689465631132,1.0000810103421423
2314,sq_48_64,1.0000753530982642,1.000074609694088,1.000065561894428
2315,sq_48_66,1.0000753530982642,1.0000787832303184,1.0000654831396307
2316,sq_48_67,1.0000753530982642,1.0000876161937156,1.0000654030437082
2317,sq_49_13,1.0000753530982642,1.0000629242576897,1.000060464428595
2318,sq_49_17,1.0000753530982642,1.0000629242576908,1.0000604644285949
2319,sq_49_18,1.0000753530982642,1.00006292425769,1.0000604644285944
2320,sq_49_19,1.0000753530982642,1.0000629242576915,1.000060464428595
2321,sq_49_22,1.0000753530982642,1.00006292425769,1.0000604644285944
2322,sq_49_23,1.0000753530982642,1.0000629242576904,1.0000604644285946
2323,sq_49_24,1.0000753530982642,1.0000629242576895,1.0000604644285955
2324,sq_49_26,1.0000753530982642,1.00006948953188,1.0000631076818345
2325,sq_49_27,1.0000753530982642,1.000066605362466,1.0000629790873485
2326,sq_49_31,1.0000753530982642,1.0000702396413437,1.0000642623344906
2327,sq_49_32,1.0000753530982642,1.0000629242576895,1.0000604644285938
2328,sq_49_33,1.0000753530982642,1.0000629242576906,1.0000604644285942
2329,sq_49_34,1.0000753530982642,1.0000629242576902,1.0000604644285953
2330,sq_49_36,1.0000753530982642,1.00006292425769,1.0000604644285953
2331,sq_49_38,1.0000753530982642,1.0000629242576902,1.000060464428595
2332,sq_49_39,1.0000753530982642,1.0000629242576897,1.0000604644285953
2333,sq_49_40,1.0000753530982642,1.0000629242576895,1.0000604644285953
2334,sq_49_41,1.0000753530982642,1.0000688612172008,1.0000624625454622
2335,sq_49_43,1.0000753530982642,1.0000629242576897,1.0000604644285953
2336,sq_49_44,1.0000753530982642,1.0000629242576902,1.0000604644285955
2337,sq_49_46,1.0000753530982642,1.00006292425769,1.0000604644285953
2338,sq_49_48,1.0000753530982642,1.0000629242576884,1.000060464428595
2339,sq_49_49,1.0000753530982642,1.0000648538396528,1.0000606993349137
2340,sq_49_51,1.0000753530982642,1.0000629242576902,1.0000604644285946
2341,sq_49_57,1.0000753530982642,1.000062924257689,1.000060464428595
2342,sq_49_58,1.0000753530982642,1.000062924257691,1.000060464428595
2343,sq_49_61,1.0000753530982642,1.0000629242576902,1.000060464428595
2344,sq_49_62,1.0000753530982642,1.0000629242576902,1.0000604644285955
2345,sq_49_63,1.0000753530982642,1.0000629242576904,1.0000604644285942
2346,sq_49_64,1.0000753530982642,1.0000629242576893,1.0000604644285958
2347,sq_4_11,1.0000753530982642,1.000062924257691,1.0000604644285946
2348,sq_4_15,1.0000753530982642,1.00006854265562,1.0000616660489539
2349,sq_4_16,1.0000753530982642,1.0000768780721219,1.0000758385333153
2350,sq_4_32,1.0000753530982642,1.0000644836932082,1.0000607230766798
2351,sq_4_34,1.0000753530982642,1.000063936801476,1.0000606899543167
2352,sq_4_36,1.0000753530982642,1.0000626460294575,1.0000612310493655
2353,sq_4_37,1.0000753530982642,1.000062994865056,1.0000606099100786
2354,sq_4_38,1.0000753530982642,1.0000629666301055,1.000060578877854
2355,sq_4_39,1.0000753530982642,1.0000629242576902,1.0000604644285955
2356,sq_50_14,1.0000753530982642,1.0000629242576906,1.0000604644285944
2357,sq_50_18,1.0000753530982642,1.0000629242576904,1.0000604644285942
2358,sq_50_19,1.0000753530982642,1.0000629242576915,1.000060464428595
2359,sq_50_27,1.0000753530982642,1.000062924257691,1.0000604644285946
2360,sq_50_31,1.0000753530982642,1.0000629242576902,1.0000604644285946
2361,sq_50_34,1.0000753530982642,1.0000629242576893,1.000060464428595
2362,sq_50_39,1.0000753530982642,1.000062924257689,1.0000604644285946
2363,sq_50_42,1.0000753530982642,1.0000629242576893,1.0000604644285949
2364,sq_50_43,1.0000753530982642,1.000084572044536,1.0000674126743436
2365,sq_50_44,1.0000753530982642,1.000085811623951,1.0000683444313059
2366,sq_50_49,1.0000753530982642,1.0000705939960362,1.0000611491976568
2367,sq_50_50,1.0000753530982642,1.0000643284878499,1.0000654409972654
2368,sq_50_53,1.0000753530982642,1.0000585211853328,1.000085982342416
2369,sq_50_55,1.0000753530982642,1.0000492731806192,1.0001023564338418
2370,sq_50_61,1.0000753530982642,1.0000655286579103,1.0000838623186923
2371,sq_50_63,1.0000753530982642,1.0000715531187914,1.0000658047125788
2372,sq_50_66,1.0000753530982642,1.0000607922237907,1.000083659434222
2373,sq_51_13,1.0000753530982642,1.0000629555689418,1.000078575057257
2374,sq_51_14,1.0000753530982642,1.000062924257689,1.0000604644285949
2375,sq_51_19,1.0000753530982642,1.0000629242576893,1.0000604644285958
2376,sq_51_21,1.0000753530982642,1.0000629242576895,1.0000604644285953
2377,sq_51_29,1.0000753530982642,1.0000629242576902,1.000060464428595
2378,sq_51_30,1.0000753530982642,1.0000629242576895,1.0000604644285953
2379,sq_51_32,1.0000753530982642,1.0000629242576882,1.0000604644285964
2380,sq_51_39,1.0000753530982642,1.0000629242576893,1.0000604644285955
2381,sq_51_42,1.0000753530982642,1.00006292425769,1.0000604644285953
2382,sq_51_43,1.0000753530982642,1.000065087444202,1.0000764945883027
2383,sq_51_59,1.0000753530982642,1.0000700614390376,1.0000652677899313
2384,sq_52_13,1.0000753530982642,1.0000628266600047,1.0000619464787566
2385,sq_52_28,1.0000753530982642,1.0000631115013359,1.000067195634238
2386,sq_52_29,1.0000753530982642,1.0000669846497054,1.000060401861159
2387,sq_52_30,1.0000753530982642,1.0000629242576895,1.0000604644285949
2388,sq_52_31,1.0000753530982642,1.0000629242576893,1.0000604644285949
2389,sq_52_32,1.0000753530982642,1.000062924257691,1.0000604644285935
2390,sq_52_34,1.0000753530982642,1.0000629242576902,1.0000604644285953
2391,sq_52_35,1.0000753530982642,1.000062924257689,1.0000604644285949
2392,sq_52_42,1.0000753530982642,1.0000676434154596,1.0000669858341893
2393,sq_52_43,1.0000753530982642,1.0000629242576904,1.0000604644285955
2394,sq_52_60,1.0000753530982642,1.0000629242576902,1.0000604644285944
2395,sq_52_61,1.0000753530982642,1.0000629242576895,1.0000604644285949
2396,sq_53_14,1.0000753530982642,1.0000629242576893,1.0000604644285953
2397,sq_53_17,1.0000753530982642,1.000059847879203,1.000073591911754
2398,sq_53_21,1.0000753530982642,1.0000629242576897,1.0000604644285953
2399,sq_53_26,1.0000753530982642,1.0000629242576904,1.0000604644285946
2400,sq_53_29,1.0000753530982642,1.0000629242576895,1.0000604644285953
2401,sq_53_37,1.0000753530982642,1.0000629242576895,1.0000604644285958
2402,sq_53_42,1.0000753530982642,1.0000629242576897,1.0000604644285955
2403,sq_53_49,1.0000753530982642,1.0000629242576893,1.0000604644285955
2404,sq_53_52,1.0000753530982642,1.0000629242576897,1.000060464428595
2405,sq_53_54,1.0000753530982642,1.0000629242576888,1.0000604644285966
2406,sq_53_55,1.0000753530982642,1.000062924257689,1.0000604644285953
2407,sq_53_58,1.0000753530982642,1.0000629242576897,1.000060464428595
2408,sq_53_59,1.0000753530982642,1.0000712754636563,1.0000658277071774
2409,sq_53_61,1.0000753530982642,1.0000779801584267,1.0000645334334708
2410,sq_54_22,1.0000753530982642,1.0000655263310783,1.000060498489904
2411,sq_54_23,1.0000753530982642,1.0000629242576904,1.0000604644285946
2412,sq_54_24,1.0000753530982642,1.0000640503474048,1.0000605030034244
2413,sq_54_31,1.0000753530982642,1.0000654785565628,1.000061194222705
2414,sq_54_32,1.0000753530982642,1.00006292425769,1.0000604644285944
2415,sq_54_33,1.0000753530982642,1.0000629242576902,1.0000604644285933
2416,sq_54_35,1.0000753530982642,1.0000629242576908,1.0000604644285933
2417,sq_54_36,1.0000753530982642,1.00006292425769,1.0000604644285953
2418,sq_54_37,1.0000753530982642,1.0000629242576895,1.0000604644285955
2419,sq_54_38,1.0000753530982642,1.0000629242576904,1.0000604644285944
2420,sq_54_43,1.0000753530982642,1.0000629242576906,1.0000604644285946
2421,sq_54_44,1.0000753530982642,1.000062924257691,1.000060464428595
2422,sq_54_45,1.0000753530982642,1.0000629242576904,1.0000604644285946
2423,sq_54_53,1.0000753530982642,1.0000629242576884,1.0000604644285953
2424,sq_54_59,1.0000753530982642,1.0000629242576902,1.000060464428595
2425,sq_54_62,1.0000753530982642,1.000065600182203,1.0000608838936598
2426,sq_54_65,1.0000753530982642,1.000067850413807,1.00006458706707
2427,sq_54_66,1.0000753530982642,1.0000723864770218,1.0000751214252472
2428,sq_54_67,1.0000753530982642,1.000073100195614,1.0000625527571272
2429,sq_54_68,1.0000753530982642,1.0000629242576904,1.0000604644285946
2430,sq_55_23,1.0000753530982642,1.0000823675184058,1.0000602139442774
2431,sq_55_24,1.0000753530982642,1.0000681827893603,1.0000593951106744
2432,sq_55_26,1.0000753530982642,1.0000629242576888,1.0000604644285953
2433,sq_55_34,1.0000753530982642,1.0000777624981365,1.0000756562701782
2434,sq_55_35,1.0000753530982642,1.0000958056735905,1.0000752501916599
2435,sq_55_37,1.0000753530982642,1.0000846322620127,1.0000615939279909
2436,sq_55_38,1.0000753530982642,1.0000687886789945,1.0000736714406016
2437,sq_55_39,1.0000753530982642,1.000068334468963,1.0000638703280622
2438,sq_55_41,1.0000753530982642,1.0000890252024803,1.0000758612699707
2439,sq_55_45,1.0000753530982642,1.000076092765219,1.0000691149648295
2440,sq_55_55,1.0000753530982642,1.00006292425769,1.0000604644285953
2441,sq_55_56,1.0000753530982642,1.0000629242576902,1.0000604644285946
2442,sq_55_57,1.0000753530982642,1.0000629242576908,1.0000604644285958
2443,sq_55_58,1.0000753530982642,1.0000656180262055,1.000060993023099
2444,sq_55_59,1.0000753530982642,1.000069019829728,1.000062264879686
2445,sq_55_60,1.0000753530982642,1.0000629242576906,1.0000604644285944
2446,sq_55_68,1.0000753530982642,1.00006292425769,1.0000604644285955
2447,sq_55_69,1.0000753530982642,1.0000629242576888,1.0000604644285953
2448,sq_55_70,1.0000753530982642,1.0000629242576904,1.0000604644285949
2449,sq_55_71,1.0000753530982642,1.0000795009469494,1.0000728237702992
2450,sq_56_28,1.0000753530982642,1.0000629242576904,1.0000604644285933
2451,sq_56_37,1.0000753530982642,1.0000629242576902,1.0000604644285955
2452,sq_56_39,1.0000753530982642,1.0000629242576893,1.0000604644285944
2453,sq_56_51,1.0000753530982642,1.0000629242576897,1.0000604644285949
2454,sq_56_55,1.0000753530982642,1.0000781369411498,1.0000656927384541
2455,sq_56_57,1.0000753530982642,1.0000629242576893,1.0000604644285953
2456,sq_56_58,1.0000753530982642,1.00006292425769,1.0000604644285938
2457,sq_56_59,1.0000753530982642,1.0000629242576904,1.0000604644285949
2458,sq_56_60,1.0000753530982642,1.0000629242576897,1.0000604644285953
2459,sq_56_61,1.0000753530982642,1.0000629242576897,1.000060464428595
2460,sq_56_69,1.0000753530982642,1.0000629242576906,1.000060464428595
2461,sq_56_70,1.0000753530982642,1.0000629242576895,1.0000604644285955
2462,sq_56_71,1.0000753530982642,1.000062924257689,1.0000604644285955
2463,sq_57_25,1.0000753530982642,1.0000629242576884,1.0000604644285953
2464,sq_57_33,1.0000753530982642,1.0000629242576897,1.000060464428595
2465,sq_57_39,1.0000753530982642,1.000065519538979,1.0000649835954136
2466,sq_57_40,1.0000753530982642,1.0000694806633479,1.00007887996245
2467,sq_57_41,1.0000753530982642,1.0000896911327841,1.0000728035016728
2468,sq_57_42,1.0000753530982642,1.0000629242576895,1.0000604644285938
2469,sq_57_43,1.0000753530982642,1.0000629242576888,1.0000604644285953
2470,sq_57_44,1.0000753530982642,1.0000625250185733,1.0000612631150485
2471,sq_57_51,1.0000753530982642,1.0000629242576886,1.0000604644285955
2472,sq_57_52,1.0000753530982642,1.0000629242576904,1.0000604644285935
2473,sq_57_56,1.0000753530982642,1.0000629242576906,1.0000604644285942
2474,sq_57_57,1.0000753530982642,1.0000629242576902,1.000060464428594
2475,sq_57_58,1.0000753530982642,1.0000629242576913,1.0000604644285942
2476,sq_57_59,1.0000753530982642,1.0000629242576904,1.000060464428595
2477,sq_57_60,1.0000753530982642,1.0000629242576886,1.0000604644285958
2478,sq_57_61,1.0000753530982642,1.0000629242576904,1.0000604644285949
2479,sq_57_62,1.0000753530982642,1.0000629242576897,1.0000604644285962
2480,sq_57_71,1.0000753530982642,1.000062924257688,1.0000604644285955
2481,sq_57_72,1.0000753530982642,1.0000629242576904,1.0000604644285944
2482,sq_57_74,1.0000753530982642,1.0000629242576904,1.0000604644285942
2483,sq_58_39,1.0000753530982642,1.0000629242576897,1.0000604644285958
2484,sq_58_40,1.0000753530982642,1.0000805325702131,1.0000799960120883
2485,sq_58_41,1.0000753530982642,1.0000800589052097,1.0000695340215127
2486,sq_58_42,1.0000753530982642,1.0000976541004603,1.000061750281643
2487,sq_58_47,1.0000753530982642,1.0000808798016154,1.0000611892712803
2488,sq_58_48,1.0000753530982642,1.0000802383165226,1.0000655060266697
2489,sq_58_49,1.0000753530982642,1.0000702301290434,1.0000647240938303
2490,sq_58_51,1.0000753530982642,1.0000629242576904,1.0000604644285949
2491,sq_58_52,1.0000753530982642,1.0000629242576904,1.0000604644285949
2492,sq_58_53,1.0000753530982642,1.00006292425769,1.0000604644285935
2493,sq_58_58,1.0000753530982642,1.0000673460206484,1.0000648565082997
2494,sq_58_60,1.0000753530982642,1.0000629242576906,1.0000604644285946
2495,sq_58_61,1.0000753530982642,1.00006292425769,1.0000604644285953
2496,sq_58_62,1.0000753530982642,1.0000629242576906,1.0000604644285944
2497,sq_58_63,1.0000753530982642,1.000062924257691,1.0000604644285946
2498,sq_58_69,1.0000753530982642,1.0000629242576895,1.0000604644285953
2499,sq_58_75,1.0000753530982642,1.0000629242576895,1.000060464428594
2500,sq_58_76,1.0000753530982642,1.0000691885863913,1.000065970323535
2501,sq_59_37,1.0000753530982642,1.000082056754014,1.000076304665216
2502,sq_59_39,1.0000753530982642,1.00006292425769,1.0000604644285935
2503,sq_59_41,1.0000753530982642,1.0000629242576902,1.0000604644285946
2504,sq_59_47,1.0000753530982642,1.00006292425769,1.000060464428595
2505,sq_59_52,1.0000753530982642,1.0000731755179886,1.0000703415905852
2506,sq_59_53,1.0000753530982642,1.0000629242576906,1.0000604644285955
2507,sq_59_54,1.0000753530982642,1.0000629242576908,1.0000604644285949
2508,sq_59_57,1.0000753530982642,1.000062924257689,1.0000604644285958
2509,sq_59_58,1.0000753530982642,1.0000629242576908,1.0000604644285933
2510,sq_59_63,1.0000753530982642,1.0000702472250154,1.0000616550770491
2511,sq_59_65,1.0000753530982642,1.0000681095597141,1.0000639123717516
2512,sq_59_66,1.0000753530982642,1.0000629242576893,1.0000604644285955
2513,sq_59_68,1.0000753530982642,1.00011132221497,1.000053954995773
2514,sq_59_71,1.0000753530982642,1.0000999700944828,1.00005430384959
2515,sq_59_72,1.0000753530982642,1.0000878091893217,1.0000623914865505
2516,sq_59_73,1.0000753530982642,1.0000880532111416,1.0000565194092605
2517,sq_59_74,1.0000753530982642,1.0000928823965447,1.0000617382837547
2518,sq_59_75,1.0000753530982642,1.0000629242576886,1.0000604644285958
2519,sq_5_13,1.0000753530982642,1.0000624717184272,1.000061368545451
2520,sq_5_40,1.0000753530982642,1.0000688494105914,1.0000789035728554
2521,sq_60_28,1.0000753530982642,1.0000629242576908,1.0000604644285933
2522,sq_60_32,1.0000753530982642,1.0001004757827776,1.0000574513754512
2523,sq_60_46,1.0000753530982642,1.000097280420208,1.0000663318484808
2524,sq_60_47,1.0000753530982642,1.0000629242576922,1.0000604644285942
2525,sq_60_56,1.0000753530982642,1.000062924257691,1.0000604644285942
2526,sq_60_57,1.0000753530982642,1.0000629242576895,1.0000604644285953
2527,sq_60_63,1.0000753530982642,1.00006292425769,1.0000604644285955
2528,sq_60_65,1.0000753530982642,1.0000629242576902,1.0000604644285949
2529,sq_61_30,1.0000753530982642,1.000062924257688,1.0000604644285949
2530,sq_61_31,1.0000753530982642,1.0000629242576917,1.000060464428593
2531,sq_61_38,1.0000753530982642,1.000062924257691,1.0000604644285949
2532,sq_61_42,1.0000753530982642,1.0000629242576897,1.0000604644285962
2533,sq_61_51,1.0000753530982642,1.0000629242576895,1.0000604644285953
2534,sq_61_52,1.0000753530982642,1.00006292425769,1.0000604644285949
2535,sq_62_30,1.0000753530982642,1.0000629242576897,1.0000604644285955
2536,sq_62_31,1.0000753530982642,1.000062924257689,1.0000604644285946
2537,sq_62_34,1.0000753530982642,1.0000629242576902,1.0000604644285955
2538,sq_62_38,1.0000753530982642,1.0000629242576897,1.000060464428595
2539,sq_62_39,1.0000753530982642,1.00006292425769,1.0000604644285935
2540,sq_62_41,1.0000753530982642,1.0000629242576913,1.0000604644285929
2541,sq_62_50,1.0000753530982642,1.0000629242576884,1.0000604644285953
2542,sq_62_51,1.0000753530982642,1.00006292425769,1.0000604644285944
2543,sq_62_52,1.0000753530982642,1.0000629242576882,1.0000604644285942
2544,sq_62_53,1.0000753530982642,1.0000629242576913,1.0000604644285938
2545,sq_63_31,1.0000753530982642,1.0000801759837954,1.000071654792247
2546,sq_63_34,1.0000753530982642,1.0000629242576893,1.0000604644285949
2547,sq_63_35,1.0000753530982642,1.0000645252101892,1.0000629905303364
2548,sq_63_36,1.0000753530982642,1.0000651979947004,1.0000663755077543
2549,sq_63_37,1.0000753530982642,1.0000698884174113,1.000061711417033
2550,sq_63_38,1.0000753530982642,1.0000662373424078,1.0000639441992962
2551,sq_63_41,1.0000753530982642,1.0000642250525995,1.0000609773463607
2552,sq_63_42,1.0000753530982642,1.00006292425769,1.0000604644285944
2553,sq_63_43,1.0000753530982642,1.0000629242576902,1.0000604644285933
2554,sq_63_44,1.0000753530982642,1.0000629242576902,1.0000604644285946
2555,sq_63_47,1.0000753530982642,1.0000629242576897,1.0000604644285953
2556,sq_63_48,1.0000753530982642,1.0000629242576904,1.0000604644285933
2557,sq_63_49,1.0000753530982642,1.0000629242576893,1.000060464428595
2558,sq_64_34,1.0000753530982642,1.0000629242576884,1.0000604644285953
2559,sq_64_40,1.0000753530982642,1.0000629242576922,1.000060464428593
2560,sq_64_41,1.0000753530982642,1.0000629242576908,1.0000604644285949
2561,sq_64_42,1.0000753530982642,1.000062924257689,1.0000604644285938
2562,sq_64_43,1.0000753530982642,1.000073668422561,1.00006250210114
2563,sq_64_49,1.0000753530982642,1.000087307610383,1.0000700555131246
2564,sq_65_39,1.0000753530982642,1.0000720844614002,1.0000629725080676
2565,sq_65_40,1.0000753530982642,1.0000629242576893,1.0000604644285964
2566,sq_65_43,1.0000753530982642,1.0000734134712923,1.000066829163782
2567,sq_65_46,1.0000753530982642,1.00006292425769,1.0000604644285953
2568,sq_65_47,1.0000753530982642,1.0000629242576913,1.0000604644285946
2569,sq_66_38,1.0000753530982642,1.0000629242576906,1.000060464428594
2570,sq_66_39,1.0000753530982642,1.0000656163044415,1.0000650130482196
2571,sq_66_41,1.0000753530982642,1.0000799048552713,1.0000751156889587
2572,sq_66_42,1.0000753530982642,1.0000720243092576,1.000064322754938
2573,sq_66_43,1.0000753530982642,1.0001058672503893,1.000064498836756
2574,sq_66_50,1.0000753530982642,1.0001210696212879,1.0000613865050183
2575,sq_66_52,1.0000753530982642,1.0000629242576893,1.0000604644285958
2576,sq_67_37,1.0000753530982642,1.000062924257691,1.0000604644285938
2577,sq_67_38,1.0000753530982642,1.0000629242576902,1.000060464428595
2578,sq_67_39,1.0000753530982642,1.0000629242576902,1.0000604644285953
2579,sq_67_41,1.0000753530982642,1.0000629242576884,1.0000604644285955
2580,sq_67_42,1.0000753530982642,1.000062924257689,1.0000604644285946
2581,sq_67_44,1.0000753530982642,1.0000735987331868,1.0000696656044128
2582,sq_67_45,1.0000753530982642,1.0000827198692255,1.000069407916708
2583,sq_67_49,1.0000753530982642,1.0000897223736758,1.0000579117914892
2584,sq_67_52,1.0000753530982642,1.0000999329798506,1.0000656536940842
2585,sq_68_36,1.0000753530982642,1.0000834367022229,1.000064485957425
2586,sq_68_37,1.0000753530982642,1.0000803508217309,1.0000686906342102
2587,sq_68_41,1.0000753530982642,1.0000749491419043,1.0000640504715481
2588,sq_68_44,1.0000753530982642,1.0000629242576906,1.0000604644285924
2589,sq_68_49,1.0000753530982642,1.0000629242576908,1.0000604644285949
2590,sq_69_35,1.0000753530982642,1.0000629242576902,1.0000604644285933
2591,sq_69_36,1.0000753530982642,1.0000629242576893,1.0000604644285946
2592,sq_69_41,1.0000753530982642,1.0000629242576882,1.0000604644285942
2593,sq_69_47,1.0000753530982642,1.00006292425769,1.0000604644285944
2594,sq_6_14,1.0000753530982642,1.0000629242576906,1.0000604644285949
2595,sq_6_15,1.0000753530982642,1.0000629242576897,1.000060464428595
2596,sq_6_18,1.0000753530982642,1.000062924257689,1.0000604644285938
2597,sq_6_21,1.0000753530982642,1.0000629242576897,1.0000604644285953
2598,sq_6_23,1.0000753530982642,1.00006292425769,1.0000604644285946
2599,sq_6_24,1.0000753530982642,1.0000629242576917,1.0000604644285942
2600,sq_6_27,1.0000753530982642,1.0000629242576915,1.000060464428593
2601,sq_6_32,1.0000753530982642,1.0000629242576895,1.0000604644285955
2602,sq_6_34,1.0000753530982642,1.0000652745822085,1.0000600594549232
2603,sq_6_36,1.0000753530982642,1.0000643462653267,1.00006043074514
2604,sq_6_39,1.0000753530982642,1.0000629814417727,1.0000606313737233
2605,sq_6_40,1.0000753530982642,1.0000629242576908,1.0000604644285949
2606,sq_70_35,1.0000753530982642,1.00006292425769,1.000060464428595
2607,sq_70_37,1.0000753530982642,1.0000629242576893,1.0000604644285958
2608,sq_70_46,1.0000753530982642,1.0000638948288383,1.0000632752949457
2609,sq_71_34,1.0000753530982642,1.0000629242576904,1.0000604644285935
2610,sq_71_35,1.0000753530982642,1.00006292425769,1.0000604644285935
2611,sq_71_46,1.0000753530982642,1.000062924257688,1.0000604644285949
2612,sq_73_43,1.0000753530982642,1.000062924257688,1.0000604644285944
2613,sq_73_45,1.0000753530982642,1.0000629242576904,1.0000604644285933
2614,sq_74_42,1.0000753530982642,1.0000629242576906,1.0000604644285924
2615,sq_7_11,1.0000753530982642,1.0000629242576902,1.000060464428595
2616,sq_7_40,1.0000753530982642,1.0000629242576908,1.0000604644285953
2617,sq_7_41,1.0000753530982642,1.0000629242576913,1.000060464428595
2618,sq_7_44,1.0000753530982642,1.0000629242576888,1.000060464428595
2619,sq_7_45,1.0000753530982642,1.0000629242576893,1.0000604644285949
2620,sq_7_46,1.0000753530982642,1.0000641171812295,1.00006724403598
2621,sq_8_10,1.0000753530982642,1.000066288050606,1.0000622569349322
2622,sq_8_11,1.0000753530982642,1.000066613493751,1.0000829822075035
2623,sq_8_12,1.0000753530982642,1.0000657396350343,1.0000641751018935
2624,sq_8_19,1.0000753530982642,1.0000629242576897,1.000060464428595
2625,sq_8_24,1.0000753530982642,1.0000631444361767,1.0000606881253469
2626,sq_8_30,1.0000753530982642,1.0000647263630613,1.0000609689006597
2627,sq_8_32,1.0000753530982642,1.0000630021870633,1.000060541106995
2628,sq_8_40,1.0000753530982642,1.00006292425769,1.0000604644285944
2629,sq_8_41,1.0000753530982642,1.0000633190268546,1.0000662803268727
2630,sq_8_42,1.0000753530982642,1.000066526194113,1.0000597413633814
2631,sq_8_43,1.0000753530982642,1.000063524214099,1.0000604698935112
2632,sq_8_52,1.0000753530982642,1.0000629242576906,1.000060464428595
2633,sq_8_6,1.0000753530982642,1.0000629242576897,1.0000604644285953
2634,sq_9_10,1.0000753530982642,1.0000629242576904,1.0000604644285946
2635,sq_9_11,1.0000753530982642,1.0000629242576902,1.0000604644285953
2636,sq_9_12,1.0000753530982642,1.000062924257689,1.0000604644285949
2637,sq_9_13,1.0000753530982642,1.0000629242576902,1.0000604644285933
2638,sq_9_17,1.0000753530982642,1.00006292425769,1.0000604644285946
2639,sq_9_19,1.0000753530982642,1.000063558289656,1.0000603395082894
2640,sq_9_21,1.0000753530982642,1.000063902326464,1.0000602683499855
2641,sq_9_34,1.0000753530982642,1.000063399588609,1.0000606855001184
2642,sq_9_35,1.0000753530982642,1.000063234268295,1.000060537966539
2643,sq_9_37,1.0000753530982642,1.0000638172317553,1.0000603078564885
2644,sq_9_38,1.0000753530982642,1.000066139694176,1.0000599481746861
2645,sq_9_4,1.0000753530982642,1.0000642465218126,1.0000616392542878
2646,sq_9_5,1.0000753530982642,1.0000629242576906,1.0000604644285949
2647,sq_9_6,1.0000753530982642,1.0000629242576915,1.0000604644285949
2648,sq_12_3,1.0000753530982642,1.0000629242576866,1.000060464428595
2649,sq_20_15,1.0000753530982642,1.000062924257687,1.0000604644285955
2650,sq_20_16,1.0000753530982642,1.0000629242576868,1.0000604644285946
2651,sq_12_13,1.0000753530982642,1.0000629242576866,1.000060464428595
2652,sq_13_55,1.0000753530982642,1.0000629242576866,1.0000604644285946
2653,sq_15_11,1.0000753530982642,1.0000629242576866,1.000060464428595
2654,sq_14_15,1.0000753530982642,1.0000713558289438,1.0000968240072867
2655,sq_17_12,1.0000753530982642,1.0000604893130423,1.0001159325492142
2656,sq_20_8,1.0000753530982642,1.0000097903754799,1.0001776663196293
2657,sq_25_2,1.0000753530982642,1.0000629242576866,1.000060464428595
2658,sq_22_20,1.0000753530982642,1.0000434339775308,1.000110132130228
2659,sq_39_38,1.0000753530982642,1.0000447711820073,1.000124002259044
2660,sq_25_12,1.0000753530982642,1.0000629242576866,1.0000604644285946
2661,sq_26_4,1.0000753530982642,1.0000629242576866,1.0000604644285946
2662,sq_26_9,1.0000753530982642,1.0000629242576857,1.0000604644285946
2663,sq_24_23,1.0000753530982642,1.0000629242576866,1.000060464428595
2664,sq_23_13,1.0000753530982642,1.0000629242576868,1.0000604644285946
2665,sq_28_7,1.0000753530982642,1.0000629242576868,1.0000604644285946
2666,sq_28_8,1.0000753530982642,1.0000629242576866,1.0000604644285946
2667,sq_21_51,1.0000753530982642,1.0000629242576868,1.0000604644285946
2668,sq_18_5,1.0000753530982642,1.0000629242576868,1.0000604644285946
2669,sq_23_11,1.0000753530982642,1.0000629242576868,1.0000604644285946
2670,sq_50_48,1.0000753530982642,1.0000629242576868,1.0000604644285946
2671,sq_17_56,1.0000753530982642,1.0000629242576866,1.0000604644285946
2672,sq_27_50,1.0000753530982642,1.000062924257689,1.0000604644285949
2673,sq_25_13,1.0000753530982642,1.0000478904777725,1.0001251367703234
2674,sq_42_21,1.0000753530982642,1.0000577345525439,1.0001038360589456
2675,sq_28_6,1.0000753530982642,1.0000655217804426,1.0001120268185866
2676,sq_27_2,1.0000753530982642,1.0000764388209051,1.000100580301756
2677,sq_29_19,1.0000753530982642,1.0000785078045324,1.0000997241564982
2678,sq_28_53,1.0000753530982642,1.0000761234842035,1.0001068512212024
2679,sq_31_64,1.0000753530982642,1.0000629242576868,1.0000604644285946
2680,sq_39_66,1.0000753530982642,1.0000629242576866,1.000060464428595
2681,sq_33_13,1.0000753530982642,1.0000757844840127,1.0000741997232485
2682,sq_38_22,1.0000753530982642,1.0000768610756294,1.0000551406118514
2683,sq_37_19,1.0000753530982642,1.0000629242576868,1.0000604644285946
2684,sq_38_69,1.0000753530982642,1.0000629242576866,1.0000604644285946
2685,sq_39_68,1.0000753530982642,1.0000629242576857,1.0000604644285958
2686,sq_40_33,1.0000753530982642,1.0000629242576857,1.0000604644285958
2687,sq_38_23,1.0000753530982642,1.0000629242576868,1.0000604644285946
2688,sq_42_37,1.0000753530982642,1.0000629242576868,1.0000604644285946
2689,sq_40_27,1.0000753530982642,1.0000629242576866,1.0000604644285946
2690,sq_41_66,1.0000753530982642,1.0000629242576868,1.0000604644285946
2691,sq_40_69,1.0000753530982642,1.0000629242576868,1.0000604644285946
2692,sq_68_39,1.0000753530982642,1.0000525194092549,1.0001139559292882
2693,sq_43_61,1.0000753530982642,1.0000618193392434,1.0000995009009115
2694,sq_43_38,1.0000753530982642,1.0000629242576868,1.0000604644285946
2695,sq_44_24,1.0000753530982642,1.0000691881754622,1.0000949674620299
2696,sq_52_17,1.0000753530982642,1.000058208446133,1.0001144843047927
2697,sq_53_48,1.0000753530982642,1.0000452483265034,1.000137502059773
2698,sq_56_47,1.0000753530982642,1.0000417587627326,1.000144105697053
2699,sq_58_56,1.0000753530982642,1.0000629242576866,1.0000604644285946
2700,sq_58_57,1.0000753530982642,1.0000629242576868,1.0000604644285946
2701,sq_59_48,1.0000753530982642,1.0000629242576857,1.0000604644285958
2702,sq_45_22,1.0000753530982642,1.0000629242576868,1.0000604644285946
2703,sq_44_28,1.0000753530982642,1.0000629242576868,1.0000604644285946
2704,sq_52_12,1.0000753530982642,1.0000629242576842,1.000060464428596
2705,sq_49_60,1.0000753530982642,1.0000629242576868,1.0000604644285946
2706,sq_49_50,1.0000753530982642,1.0000629242576868,1.0000604644285946
2707,sq_49_66,1.0000753530982642,1.0000629242576857,1.0000604644285958
2708,sq_51_16,1.0000753530982642,1.0000357055016014,1.0001500131640366
2709,sq_54_14,1.0000753530982642,1.0000143024159585,1.0001717253423204
2710,sq_50_37,1.0000753530982642,1.0000629242576866,1.0000604644285946
2711,sq_54_50,1.0000753530982642,1.0000711701003673,1.0000573091295675
2712,sq_53_50,1.0000753530982642,1.0000629242576868,1.0000604644285946
2713,sq_53_65,1.0000753530982642,1.0000629242576868,1.0000604644285946
2714,sq_55_36,1.0000753530982642,1.0000629242576868,1.0000604644285946
2715,sq_57_63,1.0000753530982642,1.0000629242576868,1.0000604644285946
2716,sq_57_73,1.0000753530982642,1.0000629242576866,1.0000604644285946
2717,sq_59_61,1.0000753530982642,1.0000629242576868,1.0000604644285946
2718,sq_59_38,1.0000753530982642,1.0000629242576868,1.0000604644285946
2719,sq_60_62,1.0000753530982642,1.0000629242576868,1.0000604644285946
2720,sq_62_42,1.0000753530982642,1.0000629242576866,1.0000604644285946
2721,sq_62_47,1.0000753530982642,1.0000629242576868,1.0000604644285946
2722,sq_66_45,1.0000753530982642,1.0000629242576866,1.000060464428595
2723,sq_69_46,1.0000753530982642,1.0000629242576868,1.0000604644285946
2724,sq_6_13,1.0000753530982642,1.0000629242576877,1.0000604644285944
2725,sq_73_38,1.0000753530982642,1.0000629242576857,1.0000604644285958
2726,sq_16_9,1.0000753530982642,1.0000400256204967,1.0001449261794946
2727,sq_7_42,1.0000753530982642,1.0000347358052095,1.0001512983960934
2728,sq_9_52,1.0000753530982642,1.0000629242576866,1.0000604644285946
2729,sq_8_5,1.0000753530982642,1.0000629242576868,1.0000604644285946
