node_aa,grid_id,chi_hat,l_r_hat,l_f_hat
1,sq_10_16,1.0000464155125217,1.0000789805418726,1.0000913625998065
2,sq_10_17,1.0000464155125217,1.000078980541872,1.0000913625998062
3,sq_10_18,1.0000464155125217,1.0000789805418713,1.000091362599807
4,sq_10_19,1.0000464155125217,1.0000789805418717,1.000091362599807
5,sq_10_20,1.0000464155125217,1.0000789805418722,1.0000913625998074
6,sq_10_21,1.0000464155125217,1.000078980541872,1.0000913625998071
7,sq_10_22,1.0000464155125217,1.000078980541873,1.000091362599806
8,sq_10_23,1.0000464155125217,1.000078980541872,1.0000913625998062
9,sq_10_24,1.0000464155125217,1.000078980541872,1.0000913625998078
10,sq_10_25,1.0000464155125217,1.0000789805418722,1.0000913625998065
11,sq_10_26,1.0000464155125217,1.0000789805418715,1.0000913625998067
12,sq_10_27,1.0000464155125217,1.0000789805418726,1.0000913625998067
13,sq_10_28,1.0000464155125217,1.0000794255645948,1.0000914924493203
14,sq_10_29,1.0000464155125217,1.0000800313676483,1.000092549722248
15,sq_10_30,1.0000464155125217,1.000079903251645,1.0000913405061316
16,sq_10_31,1.0000464155125217,1.0000791701002507,1.0000915960752472
17,sq_10_32,1.0000464155125217,1.0000789805418722,1.0000913625998065
18,sq_10_33,1.0000464155125217,1.0000790720852593,1.000091511529466
19,sq_10_34,1.0000464155125217,1.0000793458879622,1.000091328896697
20,sq_10_35,1.0000464155125217,1.0003926129230503,0.9998806514538165
21,sq_10_36,1.0000464155125217,1.0220544414726858,0.9788591509601605
22,sq_10_37,1.0000464155125217,1.000252447970423,0.9999800989516239
23,sq_10_39,1.0000464155125217,1.000089248090905,1.0000879891689138
24,sq_10_40,1.0000464155125217,1.0000802895143739,1.0000920339019237
25,sq_10_41,1.0000464155125217,1.000081163480942,1.0000914453756458
26,sq_10_42,1.0000464155125217,1.000079715386796,1.0000915585667425
27,sq_10_43,1.0000464155125217,1.0000803498067619,1.0000918242229506
28,sq_10_44,1.0000464155125217,1.0000789805418724,1.0000913625998067
29,sq_10_45,1.0000464155125217,1.0000791701758405,1.0000914073250917
30,sq_10_46,1.0000464155125217,1.0000793269031254,1.000091550843323
31,sq_10_47,1.0000464155125217,1.0000792129301186,1.0000918559852927
32,sq_10_48,1.0000464155125217,1.0000942374815167,1.0000860385510095
33,sq_10_50,1.0000464155125217,1.000076520848055,1.0000936227172732
34,sq_10_51,1.0000464155125217,0.9996454962138965,1.000391590195042
35,sq_11_18,1.0000464155125217,1.000078972910894,1.0000928441391368
36,sq_11_19,1.0000464155125217,1.0000791453729165,1.0000914458371493
37,sq_11_20,1.0000464155125217,1.0000789805418722,1.0000913625998065
38,sq_11_21,1.0000464155125217,1.000079005027038,1.00009142940103
39,sq_11_22,1.0000464155125217,1.0000789805418726,1.0000913625998062
40,sq_11_23,1.0000464155125217,1.000079179371952,1.00009136456852
41,sq_11_24,1.0000464155125217,1.0000791690577113,1.0000914868896458
42,sq_11_25,1.0000464155125217,1.0000792846544921,1.000091540618869
43,sq_11_26,1.0000464155125217,1.0000790860640236,1.0000917032952796
44,sq_11_27,1.0000464155125217,1.0000799556699007,1.0000914459038295
45,sq_11_29,1.0000464155125217,1.0000798749705384,1.0000917059803591
46,sq_11_30,1.0000464155125217,1.0000802036513192,1.000091283952246
47,sq_11_31,1.0000464155125217,1.0000789584249496,1.0000919910092305
48,sq_11_32,1.0000464155125217,1.0000788474937965,1.000091714505847
49,sq_11_33,1.0000464155125217,1.0000789805418724,1.0000913625998062
50,sq_11_35,1.0000464155125217,1.0000789805418715,1.000091362599807
51,sq_11_36,1.0000464155125217,1.0000791037088714,1.0000913871757098
52,sq_11_37,1.0000464155125217,1.0000792910000864,1.0000913039107273
53,sq_11_38,1.0000464155125217,1.000078980541872,1.0000913625998062
54,sq_11_39,1.0000464155125217,1.000078980541872,1.0000913625998062
55,sq_11_40,1.0000464155125217,1.0000789805418722,1.0000913625998067
56,sq_11_41,1.0000464155125217,1.0000789805418722,1.0000913625998067
57,sq_11_42,1.0000464155125217,1.0000789805418724,1.0000913625998062
58,sq_11_43,1.0000464155125217,1.0000789805418722,1.000091362599806
59,sq_11_44,1.0000464155125217,1.0000789805418715,1.000091362599807
60,sq_11_45,1.0000464155125217,1.0000789805418728,1.000091362599807
61,sq_11_46,1.0000464155125217,1.0000789805418715,1.0000913625998065
62,sq_11_47,1.0000464155125217,1.0000789805418717,1.000091362599807
63,sq_11_48,1.0000464155125217,1.0000789805418728,1.0000913625998067
64,sq_11_49,1.0000464155125217,1.0000789805418722,1.0000913625998062
65,sq_11_50,1.0000464155125217,1.0000789805418713,1.0000913625998071
66,sq_11_51,1.0000464155125217,1.0000789805418713,1.0000913625998067
67,sq_11_52,1.0000464155125217,1.0000804834938208,1.0000916918422031
68,sq_11_53,1.0000464155125217,1.0000817697088265,1.0000912448807782
69,sq_11_54,1.0000464155125217,1.00007898054187,1.0000913625998076
70,sq_12_20,1.0000464155125217,1.0000790257937489,1.0000914252441917
71,sq_12_21,1.0000464155125217,1.0000790810286553,1.0000914381690285
72,sq_12_22,1.0000464155125217,1.0000636425042448,1.000111445212254
73,sq_12_23,1.0000464155125217,0.9904667864525778,1.0058619913817048
74,sq_12_25,1.0000464155125217,0.9999073722517602,1.0001739704607326
75,sq_12_26,1.0000464155125217,1.000079024098259,1.0000917205104647
76,sq_12_27,1.0000464155125217,1.0000790520069567,1.0000915695321946
77,sq_12_28,1.0000464155125217,1.0000791373903166,1.0000914160342569
78,sq_12_29,1.0000464155125217,1.0000789805418713,1.0000913625998071
79,sq_12_30,1.0000464155125217,1.000081717020624,1.0000909459888492
80,sq_12_31,1.0000464155125217,1.0000789805418724,1.0000913625998071
81,sq_12_32,1.0000464155125217,1.0000792803063496,1.0000913680607857
82,sq_12_33,1.0000464155125217,1.0000791157129827,1.000091374558706
83,sq_12_34,1.0000464155125217,1.0000830287792564,1.0000891099099132
84,sq_12_35,1.0000464155125217,1.000568587148246,0.9998473236418169
85,sq_12_36,1.0000464155125217,1.0000789805418728,1.0000913625998062
86,sq_12_39,1.0000464155125217,0.9831073155859205,1.0111264093517085
87,sq_12_40,1.0000464155125217,0.9999606766326605,1.000164766288758
88,sq_12_41,1.0000464155125217,1.0000802401111901,1.0000914139565442
89,sq_12_42,1.0000464155125217,1.0000782647115247,1.0000923379663693
90,sq_12_43,1.0000464155125217,0.999813231351051,1.0004641724800454
91,sq_12_44,1.0000464155125217,1.0000789805418708,1.0000913625998067
92,sq_12_45,1.0000464155125217,1.0000774845433154,1.00009442210171
93,sq_12_46,1.0000464155125217,1.0000804180973055,1.0000922339825944
94,sq_12_47,1.0000464155125217,1.0000804533107956,1.0000916145318113
95,sq_12_48,1.0000464155125217,1.0000825076469186,1.000091016218138
96,sq_12_50,1.0000464155125217,1.000079198861121,1.0000916587368958
97,sq_12_51,1.0000464155125217,1.000079350796058,1.000091760373829
98,sq_12_52,1.0000464155125217,1.0000811736301956,1.0000914653383997
99,sq_12_53,1.0000464155125217,1.0000814813170733,1.0000919695731272
100,sq_12_54,1.0000464155125217,1.000080422133392,1.000092556122559
101,sq_13_10,1.0000464155125217,1.0000845619588978,1.0001110757903908
102,sq_13_11,1.0000464155125217,1.0000789805418724,1.0000913625998065
103,sq_13_12,1.0000464155125217,1.0000745517296876,1.0001136160316093
104,sq_13_20,1.0000464155125217,1.000079045047454,1.0000914397189076
105,sq_13_21,1.0000464155125217,1.0000791137252019,1.0000914159875294
106,sq_13_22,1.0000464155125217,1.000079125989985,1.000091617926091
107,sq_13_23,1.0000464155125217,1.0000790778820483,1.0000913918938878
108,sq_13_24,1.0000464155125217,1.0000789805418724,1.0000913625998065
109,sq_13_25,1.0000464155125217,1.0000789805418722,1.0000913625998065
110,sq_13_26,1.0000464155125217,1.0000789805418726,1.0000913625998062
111,sq_13_27,1.0000464155125217,1.0000789805418717,1.0000913625998065
112,sq_13_28,1.0000464155125217,1.000078980541872,1.0000913625998065
113,sq_13_29,1.0000464155125217,1.000078980541872,1.0000913625998067
114,sq_13_30,1.0000464155125217,1.0000789805418715,1.000091362599807
115,sq_13_31,1.0000464155125217,1.000078980541872,1.000091362599807
116,sq_13_32,1.0000464155125217,1.0000789805418722,1.000091362599806
117,sq_13_33,1.0000464155125217,1.000078980541872,1.0000913625998067
118,sq_13_34,1.0000464155125217,1.0000789805418724,1.0000913625998062
119,sq_13_35,1.0000464155125217,1.0000789805418713,1.0000913625998071
120,sq_13_36,1.0000464155125217,1.0000789805418728,1.0000913625998062
121,sq_13_37,1.0000464155125217,1.0000789805418717,1.0000913625998065
122,sq_13_38,1.0000464155125217,1.0000789805418726,1.000091362599807
123,sq_13_39,1.0000464155125217,1.0000789805418717,1.0000913625998065
124,sq_13_41,1.0000464155125217,1.000079119953748,1.000091529096564
125,sq_13_42,1.0000464155125217,1.000079001151318,1.000091539650397
126,sq_13_43,1.0000464155125217,1.0000788568571164,1.0000919423015313
127,sq_13_44,1.0000464155125217,0.9999335841547266,1.0001631634338333
128,sq_13_45,1.0000464155125217,1.0000789805418717,1.0000913625998065
129,sq_13_46,1.0000464155125217,1.0000792349611416,1.000093302327643
130,sq_13_47,1.0000464155125217,1.0000792899284978,1.0000915929152194
131,sq_13_48,1.0000464155125217,1.0000808989102028,1.0000919651677174
132,sq_13_49,1.0000464155125217,1.0000815149480478,1.0000914517606223
133,sq_13_50,1.0000464155125217,1.000079310528608,1.0000920822657857
134,sq_13_51,1.0000464155125217,1.0000789805418715,1.000091362599807
135,sq_13_52,1.0000464155125217,1.0000988677941853,1.0000853980801974
136,sq_13_53,1.0000464155125217,1.0001818936709628,1.0000506038501975
137,sq_13_54,1.0000464155125217,1.0035894291757685,0.9985133066404444
138,sq_13_9,1.0000464155125217,1.099602778355511,0.9393286542863679
139,sq_14_10,1.0000464155125217,1.9726342761850904,0.532669765234085
140,sq_14_11,1.0000464155125217,1.197938934085852,0.7972058394105319
141,sq_14_12,1.0000464155125217,1.000067042970736,1.0001249693103327
142,sq_14_19,1.0000464155125217,1.0000789805418728,1.0000913625998067
143,sq_14_20,1.0000464155125217,1.0000789805418715,1.000091362599807
144,sq_14_21,1.0000464155125217,0.9143430730753285,1.11692865176432
145,sq_14_22,1.0000464155125217,1.0000789805418724,1.0000913625998065
146,sq_14_23,1.0000464155125217,0.999961606893982,1.0002377145979247
147,sq_14_24,1.0000464155125217,1.0000789995976098,1.0000915401960346
148,sq_14_25,1.0000464155125217,1.000105132002749,1.0000779773506348
149,sq_14_26,1.0000464155125217,1.0000790096604644,1.0000913862078946
150,sq_14_27,1.0000464155125217,1.0000790142669167,1.0000913499400566
151,sq_14_28,1.0000464155125217,1.0000790688204704,1.000091408970416
152,sq_14_29,1.0000464155125217,1.0000790329110063,1.0000913830600364
153,sq_14_30,1.0000464155125217,1.000092385781124,1.0000951718883875
154,sq_14_31,1.0000464155125217,1.000079042056818,1.0000915747389296
155,sq_14_32,1.0000464155125217,1.0000789805418722,1.0000913625998058
156,sq_14_33,1.0000464155125217,1.0000789805418724,1.0000913625998062
157,sq_14_34,1.0000464155125217,1.0000790215136874,1.0000913803700768
158,sq_14_35,1.0000464155125217,1.0000791822946506,1.0000913769921507
159,sq_14_36,1.0000464155125217,1.0000791675225766,1.000091867242227
160,sq_14_37,1.0000464155125217,1.000078910482679,1.0000917002430683
161,sq_14_38,1.0000464155125217,1.0000780566908034,1.0000938744599694
162,sq_14_39,1.0000464155125217,1.0000789805418717,1.0000913625998065
163,sq_14_40,1.0000464155125217,1.0000789805418726,1.0000913625998062
164,sq_14_41,1.0000464155125217,1.0000789805418717,1.0000913625998062
165,sq_14_42,1.0000464155125217,1.0000789805418722,1.0000913625998065
166,sq_14_43,1.0000464155125217,1.0000795060115826,1.0000912514027807
167,sq_14_44,1.0000464155125217,1.0000801594482502,1.000091210101921
168,sq_14_45,1.0000464155125217,1.00007906352465,1.000091477119097
169,sq_14_46,1.0000464155125217,1.000078980541872,1.000091362599807
170,sq_14_47,1.0000464155125217,1.0000789805418713,1.0000913625998067
171,sq_14_48,1.0000464155125217,1.000078980541872,1.000091362599807
172,sq_14_50,1.0000464155125217,1.0000789805418717,1.000091362599806
173,sq_14_51,1.0000464155125217,1.0000789805418717,1.0000913625998067
174,sq_14_52,1.0000464155125217,1.0000789805418717,1.000091362599807
175,sq_14_53,1.0000464155125217,1.0000789805418724,1.0000913625998074
176,sq_14_54,1.0000464155125217,1.000078980541872,1.0000913625998065
177,sq_14_7,1.0000464155125217,1.000090032850079,1.0001018569987121
178,sq_14_8,1.0000464155125217,1.0000860328207013,1.000102381645011
179,sq_14_9,1.0000464155125217,1.0001163056144482,1.0000952697944494
180,sq_15_0,1.0000464155125217,1.0000949316808805,1.0001783816993466
181,sq_15_12,1.0000464155125217,1.0000814631166315,1.0001157501555822
182,sq_15_13,1.0000464155125217,1.00009765749097,1.0001001266512048
183,sq_15_2,1.0000464155125217,1.0001182426466684,1.0001481036929885
184,sq_15_20,1.0000464155125217,1.0000793217914803,1.000091465972932
185,sq_15_21,1.0000464155125217,1.0000830088383892,1.0000933215393957
186,sq_15_22,1.0000464155125217,1.0000797713587897,1.0000915197708318
187,sq_15_23,1.0000464155125217,1.000078980541872,1.0000913625998067
188,sq_15_24,1.0000464155125217,1.0000793088250193,1.0000916121555732
189,sq_15_25,1.0000464155125217,1.0000791590764975,1.0000915171588582
190,sq_15_26,1.0000464155125217,1.0000870214644553,1.0000871674469283
191,sq_15_27,1.0000464155125217,1.0001195587336096,1.000064208939391
192,sq_15_28,1.0000464155125217,1.0009998179438866,0.9996272819796628
193,sq_15_29,1.0000464155125217,1.0000793187261634,1.000091179191681
194,sq_15_3,1.0000464155125217,1.0000823208954022,1.0001376532219612
195,sq_15_30,1.0000464155125217,1.0000800608714473,1.0000942526135528
196,sq_15_31,1.0000464155125217,1.000153751191636,1.0000216586296726
197,sq_15_32,1.0000464155125217,1.0112085772982482,0.9900558998387193
198,sq_15_33,1.0000464155125217,1.0000789805418728,1.0000913625998065
199,sq_15_34,1.0000464155125217,1.0000789805418722,1.0000913625998065
200,sq_15_35,1.0000464155125217,0.9986764534345339,1.0004276682262445
201,sq_15_36,1.0000464155125217,1.0076534706981435,0.992793227828859
202,sq_15_37,1.0000464155125217,1.0000855126016637,1.0000873673276953
203,sq_15_38,1.0000464155125217,1.000078997273124,1.0000915090200213
204,sq_15_39,1.0000464155125217,1.000079137435079,1.0000913387053185
205,sq_15_40,1.0000464155125217,1.0000789828842698,1.000091391825268
206,sq_15_41,1.0000464155125217,1.000079020438056,1.000091382271154
207,sq_15_42,1.0000464155125217,1.0000790698156732,1.0000913847178432
208,sq_15_43,1.0000464155125217,1.0000791210809992,1.000091369338777
209,sq_15_44,1.0000464155125217,1.0000789805418715,1.000091362599807
210,sq_15_45,1.0000464155125217,1.000079882908504,1.0000917505714704
211,sq_15_46,1.0000464155125217,1.000079787199965,1.0000918226527258
212,sq_15_47,1.0000464155125217,1.0000791640226963,1.0000914519446513
213,sq_15_48,1.0000464155125217,1.0000808935631955,1.0000912912985722
214,sq_15_49,1.0000464155125217,1.0000790888336843,1.0000918135460133
215,sq_15_50,1.0000464155125217,1.0000789805418713,1.000091362599807
216,sq_15_51,1.0000464155125217,1.000078980541871,1.0000913625998076
217,sq_15_52,1.0000464155125217,1.0000789805418726,1.0000913625998062
218,sq_15_53,1.0000464155125217,1.0000789805418708,1.000091362599808
219,sq_15_54,1.0000464155125217,1.0000809904128394,1.0000915290197925
220,sq_15_6,1.0000464155125217,1.0000789805418682,1.0000913625998076
221,sq_15_7,1.0000464155125217,1.0000789805418717,1.0000913625998067
222,sq_16_0,1.0000464155125217,1.000105577582333,1.0001158059299093
223,sq_16_1,1.0000464155125217,1.000109402647747,1.0001293791158898
224,sq_16_12,1.0000464155125217,1.0001121178413874,1.000114089546034
225,sq_16_13,1.0000464155125217,1.0000789805418724,1.0000913625998062
226,sq_16_2,1.0000464155125217,1.0000789805418708,1.0000913625998074
227,sq_16_20,1.0000464155125217,1.0000789805418702,1.0000913625998082
228,sq_16_21,1.0000464155125217,1.0000789805418724,1.0000913625998065
229,sq_16_22,1.0000464155125217,1.0000789805418726,1.0000913625998065
230,sq_16_23,1.0000464155125217,1.000078980541872,1.0000913625998071
231,sq_16_24,1.0000464155125217,1.0000791158287996,1.00009153555487
232,sq_16_25,1.0000464155125217,1.000078980541872,1.000091362599807
233,sq_16_26,1.0000464155125217,1.0000796089517463,1.0000914498142772
234,sq_16_27,1.0000464155125217,1.0000790375635868,1.0000915717365255
235,sq_16_28,1.0000464155125217,1.0000793018815406,1.0000913755902208
236,sq_16_29,1.0000464155125217,1.0000792387676427,1.000091398607148
237,sq_16_3,1.0000464155125217,1.0000919990555537,1.000107249646598
238,sq_16_30,1.0000464155125217,1.00008259075557,1.000099470013195
239,sq_16_31,1.0000464155125217,1.0000793425694017,1.0000913150610575
240,sq_16_32,1.0000464155125217,1.0000790798544772,1.0000913795726112
241,sq_16_33,1.0000464155125217,1.000079019017041,1.0000914116788049
242,sq_16_34,1.0000464155125217,1.0000790292868547,1.000091409546398
243,sq_16_35,1.0000464155125217,1.000078980541872,1.0000913625998065
244,sq_16_36,1.0000464155125217,1.0000793526801337,1.0000913427883324
245,sq_16_37,1.0000464155125217,1.000079140785891,1.00009139645835
246,sq_16_38,1.0000464155125217,1.0000794382365843,1.0000915949464444
247,sq_16_39,1.0000464155125217,1.0000820762250697,1.00008923972576
248,sq_16_4,1.0000464155125217,1.0081010413208826,0.9930110364472249
249,sq_16_40,1.0000464155125217,1.0002053811950504,0.9998966132675119
250,sq_16_41,1.0000464155125217,0.999921023419638,1.0003697718371294
251,sq_16_42,1.0000464155125217,1.0000709209065943,1.0001038493999608
252,sq_16_45,1.0000464155125217,1.0000795451113464,1.000092447445822
253,sq_16_46,1.0000464155125217,1.0001602937369691,0.999970884125946
254,sq_16_47,1.0000464155125217,1.0000789805418717,1.0000913625998067
255,sq_16_48,1.0000464155125217,0.9988871459253328,1.0011354462043494
256,sq_16_5,1.0000464155125217,0.7917120973548142,1.2162554349836048
257,sq_16_50,1.0000464155125217,0.9881843759793649,1.009079664849777
258,sq_16_51,1.0000464155125217,0.9995758456156214,1.0008007788555986
259,sq_16_52,1.0000464155125217,1.0000763119128688,1.0000938145109806
260,sq_16_54,1.0000464155125217,1.0000812260026046,1.0000918642459287
261,sq_16_55,1.0000464155125217,1.0000816755018636,1.0000912974387384
262,sq_16_56,1.0000464155125217,1.0000825383052894,1.000091688918964
263,sq_16_6,1.0000464155125217,1.0000887531925982,1.0000998175549032
264,sq_17_13,1.0000464155125217,1.0000789805418706,1.0000913625998071
265,sq_17_14,1.0000464155125217,1.0000789805418726,1.0000913625998062
266,sq_17_15,1.0000464155125217,1.0000855518367293,1.000100154916965
267,sq_17_16,1.0000464155125217,1.0000833770625868,1.0000933276433701
268,sq_17_17,1.0000464155125217,1.0000847012813365,1.0000955615463196
269,sq_17_18,1.0000464155125217,1.0000797186432577,1.0000924811241594
270,sq_17_20,1.0000464155125217,1.000079894259469,1.0000914247537305
271,sq_17_21,1.0000464155125217,1.0000789805418713,1.0000913625998078
272,sq_17_22,1.0000464155125217,1.0000789805418724,1.0000913625998062
273,sq_17_23,1.0000464155125217,1.000079480549922,1.0000916166940554
274,sq_17_24,1.0000464155125217,1.0000795359551489,1.0000915895861224
275,sq_17_25,1.0000464155125217,1.0000790538166837,1.0000916365707884
276,sq_17_26,1.0000464155125217,1.0000790043743106,1.0000913878812332
277,sq_17_27,1.0000464155125217,1.0000789805418722,1.0000913625998062
278,sq_17_28,1.0000464155125217,1.000078980541872,1.0000913625998065
279,sq_17_29,1.0000464155125217,1.0000789805418717,1.0000913625998067
280,sq_17_31,1.0000464155125217,1.0000792272304875,1.000091458424413
281,sq_17_32,1.0000464155125217,1.0000790272438136,1.0000913983289526
282,sq_17_33,1.0000464155125217,1.0000789805418724,1.0000913625998062
283,sq_17_34,1.0000464155125217,1.0000789805418717,1.0000913625998065
284,sq_17_35,1.0000464155125217,1.0000789805418724,1.0000913625998065
285,sq_17_36,1.0000464155125217,1.0000789805418724,1.0000913625998062
286,sq_17_37,1.0000464155125217,1.0000789805418724,1.0000913625998062
287,sq_17_38,1.0000464155125217,1.0000789805418726,1.0000913625998065
288,sq_17_39,1.0000464155125217,1.0000790190020348,1.0000913867096737
289,sq_17_40,1.0000464155125217,1.000078935387908,1.0000914893384651
290,sq_17_41,1.0000464155125217,1.000078974598978,1.0000914285146505
291,sq_17_42,1.0000464155125217,1.000079057300856,1.0000913800451248
292,sq_17_43,1.0000464155125217,1.0000792442710351,1.0000913835154417
293,sq_17_44,1.0000464155125217,1.000079223629091,1.000099920287833
294,sq_17_45,1.0000464155125217,1.0000797593145632,1.0000912675585976
295,sq_17_47,1.0000464155125217,1.0000795624709318,1.00009167696952
296,sq_17_48,1.0000464155125217,1.0000815230338802,1.0000910837242565
297,sq_17_49,1.0000464155125217,1.0000797568336761,1.0000919435645363
298,sq_17_50,1.0000464155125217,1.0000810018124788,1.000092057335502
299,sq_17_51,1.0000464155125217,1.0000803692844842,1.0000921153613587
300,sq_17_52,1.0000464155125217,1.0000801583911358,1.0000914293061562
301,sq_17_53,1.0000464155125217,1.000079630957524,1.0000937274209096
302,sq_17_54,1.0000464155125217,1.0000808385483224,1.0000911016974572
303,sq_17_55,1.0000464155125217,1.0012551721877812,0.9994434018861024
304,sq_18_13,1.0000464155125217,1.0794807910025654,0.9364103495615205
305,sq_18_14,1.0000464155125217,1.5789511065158084,0.6440774517377681
306,sq_18_15,1.0000464155125217,0.8086100472512561,1.1789166350414513
307,sq_18_16,1.0000464155125217,0.9798266261510035,1.0339718116731718
308,sq_18_17,1.0000464155125217,0.9997373445038767,1.000578928039315
309,sq_18_18,1.0000464155125217,1.00006492461806,1.0001262708968643
310,sq_18_19,1.0000464155125217,1.0000789805418724,1.0000913625998062
311,sq_18_20,1.0000464155125217,1.0001115668583735,1.0000435446940268
312,sq_18_21,1.0000464155125217,1.0012933489623805,0.9961823113104228
313,sq_18_22,1.0000464155125217,1.1731211617430608,0.8761476225070682
314,sq_18_25,1.0000464155125217,0.9651191004403087,1.0173704755227153
315,sq_18_26,1.0000464155125217,1.0000388421549204,1.0001229763451422
316,sq_18_27,1.0000464155125217,1.000079072688361,1.0000914692064282
317,sq_18_28,1.0000464155125217,1.0000790590429671,1.0000913757436223
318,sq_18_29,1.0000464155125217,1.0000791595723557,1.000091599910233
319,sq_18_30,1.0000464155125217,1.0000792579911668,1.0000913976640253
320,sq_18_31,1.0000464155125217,1.000078963101438,1.0000914504938618
321,sq_18_32,1.0000464155125217,1.0000789805418724,1.0000913625998065
322,sq_18_33,1.0000464155125217,1.000079018632867,1.0000914073923408
323,sq_18_34,1.0000464155125217,1.000079000355788,1.0000914307979178
324,sq_18_35,1.0000464155125217,1.0000790164115476,1.0000914244223866
325,sq_18_36,1.0000464155125217,1.0000790090343068,1.0000913726356253
326,sq_18_37,1.0000464155125217,1.0000790750503523,1.0000913533989162
327,sq_18_38,1.0000464155125217,1.0000789805418722,1.0000913625998067
328,sq_18_39,1.0000464155125217,1.000079178080378,1.0000913801103266
329,sq_18_40,1.0000464155125217,1.0000791283162156,1.000091336482405
330,sq_18_41,1.0000464155125217,1.0000789805418715,1.0000913625998067
331,sq_18_42,1.0000464155125217,1.0000789805418728,1.0000913625998067
332,sq_18_43,1.0000464155125217,1.0000791699977938,1.000091481575194
333,sq_18_44,1.0000464155125217,1.0000791790140215,1.0000914249469155
334,sq_18_45,1.0000464155125217,1.0000789805418722,1.0000913625998065
335,sq_18_46,1.0000464155125217,1.000078980541873,1.000091362599806
336,sq_18_47,1.0000464155125217,1.0000791181030932,1.0000914720056227
337,sq_18_48,1.0000464155125217,1.0000806775989919,1.0000911268249675
338,sq_18_50,1.0000464155125217,1.0000789805418713,1.0000913625998071
339,sq_18_52,1.0000464155125217,1.0000789805418713,1.0000913625998071
340,sq_18_54,1.0000464155125217,1.0000789805418728,1.0000913625998076
341,sq_19_20,1.0000464155125217,1.0000789805418704,1.0000913625998076
342,sq_19_25,1.0000464155125217,1.000078980541872,1.0000913625998071
343,sq_19_26,1.0000464155125217,1.0000789805418724,1.000091362599807
344,sq_19_27,1.0000464155125217,1.000079222135151,1.0000914050243634
345,sq_19_28,1.0000464155125217,1.0000790194909799,1.0000913824046238
346,sq_19_29,1.0000464155125217,1.0000790784466411,1.0000914748779892
347,sq_19_30,1.0000464155125217,1.0000790164915552,1.0000914103677776
348,sq_19_31,1.0000464155125217,1.000079049519379,1.0000913629023256
349,sq_19_32,1.0000464155125217,1.0000790125173211,1.0000913647451544
350,sq_19_33,1.0000464155125217,1.0000789968095587,1.000091370787475
351,sq_19_34,1.0000464155125217,1.0000790103949548,1.0000913791670238
352,sq_19_35,1.0000464155125217,1.000078993835775,1.000091366321591
353,sq_19_36,1.0000464155125217,1.0000789984466167,1.000091366955371
354,sq_19_37,1.0000464155125217,1.0000790085287456,1.0000913617886633
355,sq_19_38,1.0000464155125217,1.0000790234544736,1.0000913730539227
356,sq_19_39,1.0000464155125217,1.0000790467276517,1.0000914103596419
357,sq_19_40,1.0000464155125217,1.0000790966906647,1.0000913655072272
358,sq_19_41,1.0000464155125217,1.0000790423466195,1.0000914549625104
359,sq_19_42,1.0000464155125217,1.0000799050488225,1.0000909647772174
360,sq_19_43,1.0000464155125217,1.0002040121761513,1.0000131975484308
361,sq_19_44,1.0000464155125217,1.0009656195503764,0.9994332691655351
362,sq_19_45,1.0000464155125217,1.0000789687513982,1.000091788713362
363,sq_19_46,1.0000464155125217,0.9999449535040343,1.0003457078088922
364,sq_19_47,1.0000464155125217,1.0000788379535512,1.0000916856544733
365,sq_19_48,1.0000464155125217,1.0000789697628094,1.0000915980405394
366,sq_19_49,1.0000464155125217,1.000079616145082,1.000091590486455
367,sq_19_50,1.0000464155125217,1.000079226694028,1.000091694900516
368,sq_19_51,1.0000464155125217,1.000097935584613,1.0000647941310112
369,sq_19_52,1.0000464155125217,1.0022082802422276,0.9986160438203311
370,sq_19_53,1.0000464155125217,1.0000789805418704,1.0000913625998074
371,sq_1_33,1.0000464155125217,1.0000705687070024,1.0000995853063959
372,sq_20_20,1.0000464155125217,1.0000889139794784,1.0000943164328673
373,sq_20_21,1.0000464155125217,1.0001112192224402,1.0001096320555403
374,sq_20_22,1.0000464155125217,1.0000794386017378,1.0000920587449
375,sq_20_23,1.0000464155125217,1.0000789805418706,1.0000913625998078
376,sq_20_24,1.0000464155125217,1.000079009351106,1.000096321062427
377,sq_20_25,1.0000464155125217,1.0000799379129477,1.0000945995711317
378,sq_20_26,1.0000464155125217,1.0000795133642482,1.0000928613578879
379,sq_20_27,1.0000464155125217,1.0000790872301535,1.0000913907589033
380,sq_20_28,1.0000464155125217,1.0000789805418722,1.0000913625998065
381,sq_20_29,1.0000464155125217,1.0000790808957982,1.0000913964976361
382,sq_20_30,1.0000464155125217,1.000079041507747,1.0000913826274653
383,sq_20_31,1.0000464155125217,1.0000790195088995,1.000091357742671
384,sq_20_32,1.0000464155125217,1.0000789909055252,1.0000913778903608
385,sq_20_33,1.0000464155125217,1.000078980541872,1.0000913625998067
386,sq_20_34,1.0000464155125217,1.0000789805418726,1.0000913625998067
387,sq_20_35,1.0000464155125217,1.0000789805418722,1.0000913625998065
388,sq_20_36,1.0000464155125217,1.0000789805418726,1.0000913625998065
389,sq_20_37,1.0000464155125217,1.000078980541872,1.000091362599807
390,sq_20_38,1.0000464155125217,1.0000789805418724,1.0000913625998062
391,sq_20_39,1.0000464155125217,1.0000789940662849,1.0000913815979373
392,sq_20_40,1.0000464155125217,1.0000790216923643,1.0000913776002112
393,sq_20_41,1.0000464155125217,1.0000789932740568,1.0000914176882936
394,sq_20_42,1.0000464155125217,1.0000790436343294,1.0000913859171428
395,sq_20_43,1.0000464155125217,1.0000792059974093,1.0000914268752024
396,sq_20_44,1.0000464155125217,1.0000790386709981,1.000091371677354
397,sq_20_45,1.0000464155125217,1.0000789805418722,1.0000913625998062
398,sq_20_46,1.0000464155125217,1.0000789805418722,1.0000913625998065
399,sq_20_47,1.0000464155125217,1.0000790411379634,1.0000913870541392
400,sq_20_48,1.0000464155125217,1.0000779124030739,1.000093974103819
401,sq_20_49,1.0000464155125217,1.000080542438858,1.000091347302924
402,sq_20_50,1.0000464155125217,1.0000795614494966,1.0000917955863797
403,sq_20_51,1.0000464155125217,1.000079568736142,1.000091422415651
404,sq_20_52,1.0000464155125217,1.0000845956379707,1.000090704689545
405,sq_21_23,1.0000464155125217,1.0000797089929956,1.000091715038486
406,sq_21_24,1.0000464155125217,1.0000808107126813,1.0000921929201463
407,sq_21_25,1.0000464155125217,1.000079147250408,1.0000914499715992
408,sq_21_26,1.0000464155125217,1.0000805151096879,1.0000911107550483
409,sq_21_27,1.0000464155125217,1.0000789805418722,1.000091362599807
410,sq_21_28,1.0000464155125217,1.0000791827849616,1.0000914071477927
411,sq_21_29,1.0000464155125217,1.000079025756812,1.0000913677588605
412,sq_21_30,1.0000464155125217,1.0000790372789643,1.0000913766784434
413,sq_21_31,1.0000464155125217,1.0000789982717262,1.000091393726519
414,sq_21_32,1.0000464155125217,1.0000790815473746,1.0000912982975936
415,sq_21_33,1.0000464155125217,1.0000789820360667,1.000091385797117
416,sq_21_34,1.0000464155125217,1.0000788816945136,1.0000914357395438
417,sq_21_35,1.0000464155125217,1.0000789830878019,1.000091392133176
418,sq_21_36,1.0000464155125217,1.000078978638678,1.0000914313394382
419,sq_21_37,1.0000464155125217,1.0000789805418724,1.0000913625998067
420,sq_21_38,1.0000464155125217,1.0000789952763964,1.0000913748087945
421,sq_21_39,1.0000464155125217,1.0000789880754057,1.0000913935244211
422,sq_21_40,1.0000464155125217,1.0000790231624266,1.0000913982095445
423,sq_21_41,1.0000464155125217,1.0000815666783271,1.0000887638010598
424,sq_21_42,1.0000464155125217,1.0034648472555798,0.9970293528279454
425,sq_21_43,1.0000464155125217,0.9980825220062826,1.0017531725123316
426,sq_21_44,1.0000464155125217,1.0000789805418715,1.0000913625998067
427,sq_21_45,1.0000464155125217,1.0000790020334123,1.000091370402813
428,sq_21_46,1.0000464155125217,1.0000790077186228,1.0000913695914695
429,sq_21_47,1.0000464155125217,1.0000790391132461,1.0000913911774543
430,sq_21_48,1.0000464155125217,1.0000789805418728,1.0000913625998062
431,sq_21_49,1.0000464155125217,1.0000792798355973,1.0000913844689208
432,sq_21_50,1.0000464155125217,1.0000845931256006,1.000091105609978
433,sq_22_25,1.0000464155125217,1.0000790478503083,1.0000913941565033
434,sq_22_26,1.0000464155125217,1.0000790332490477,1.0000914085324053
435,sq_22_27,1.0000464155125217,1.0000790147632583,1.0000916483276212
436,sq_22_28,1.0000464155125217,1.000078996299036,1.00009138338432
437,sq_22_29,1.0000464155125217,1.0000789805418722,1.0000913625998065
438,sq_22_30,1.0000464155125217,1.0000789805418722,1.0000913625998065
439,sq_22_31,1.0000464155125217,1.0000789805418722,1.0000913625998062
440,sq_22_32,1.0000464155125217,1.0000789805418726,1.0000913625998062
441,sq_22_33,1.0000464155125217,1.0000789805418722,1.0000913625998062
442,sq_22_34,1.0000464155125217,1.0000789805418722,1.0000913625998065
443,sq_22_35,1.0000464155125217,1.000078980541872,1.0000913625998067
444,sq_22_36,1.0000464155125217,1.000078980541872,1.0000913625998065
445,sq_22_37,1.0000464155125217,1.0000789758594195,1.0000913896138712
446,sq_22_38,1.0000464155125217,1.0000789659633549,1.000091401226008
447,sq_22_39,1.0000464155125217,1.0000789805386354,1.0000913832251233
448,sq_22_40,1.0000464155125217,1.0000789886553505,1.000091373700929
449,sq_22_41,1.0000464155125217,1.0000789898773959,1.000091384367553
450,sq_22_42,1.0000464155125217,1.0000790129651465,1.0000913793230495
451,sq_22_43,1.0000464155125217,1.0000790007887037,1.0000913775606572
452,sq_22_44,1.0000464155125217,1.0000791471341406,1.0000913557169855
453,sq_22_45,1.0000464155125217,1.0000789850776708,1.0000913823503466
454,sq_22_46,1.0000464155125217,1.0000790107271111,1.0000913847378727
455,sq_22_47,1.0000464155125217,1.0000789805418724,1.0000913625998062
456,sq_22_48,1.0000464155125217,1.000078980541872,1.000091362599807
457,sq_22_49,1.0000464155125217,1.0000791309097423,1.0000914425364198
458,sq_22_50,1.0000464155125217,1.0000803627697292,1.0000957773824095
459,sq_23_25,1.0000464155125217,1.0000791644241382,1.0000916164212643
460,sq_23_26,1.0000464155125217,1.0000815329901156,1.0000905854267454
461,sq_23_27,1.0000464155125217,1.00007917089806,1.0000914722531302
462,sq_23_28,1.0000464155125217,1.0000789805418726,1.000091362599806
463,sq_23_29,1.0000464155125217,1.0000790238863684,1.0000913906909294
464,sq_23_3,1.0000464155125217,1.0000808312670493,1.0000965639219335
465,sq_23_30,1.0000464155125217,1.0000791228645203,1.0000913500414927
466,sq_23_31,1.0000464155125217,1.000078992795331,1.0000914023786416
467,sq_23_32,1.0000464155125217,1.0000790076762118,1.0000913747435969
468,sq_23_33,1.0000464155125217,1.0000790367959558,1.0000913212703062
469,sq_23_34,1.0000464155125217,1.0000791286678488,1.0000912174472438
470,sq_23_35,1.0000464155125217,0.9994988216024319,1.000589132676336
471,sq_23_36,1.0000464155125217,1.0000671328519484,1.0001027691155784
472,sq_23_37,1.0000464155125217,1.0000788851105793,1.0000915309923164
473,sq_23_38,1.0000464155125217,1.0000789805418722,1.0000913625998062
474,sq_23_39,1.0000464155125217,1.0000790041846819,1.0000913827383584
475,sq_23_4,1.0000464155125217,1.0000832593860045,1.0000984594855789
476,sq_23_40,1.0000464155125217,1.0000792305173911,1.0000911156376968
477,sq_23_41,1.0000464155125217,1.0012959320201145,0.9988557809839503
478,sq_23_42,1.0000464155125217,0.9979883255464423,1.0012065633329847
479,sq_23_43,1.0000464155125217,1.000077685191448,1.000092142981683
480,sq_23_44,1.0000464155125217,1.0000789961448782,1.0000913660480346
481,sq_23_45,1.0000464155125217,1.0000790122801932,1.0000913788882033
482,sq_23_46,1.0000464155125217,1.000079011129662,1.000091372594066
483,sq_23_47,1.0000464155125217,1.0000789655153903,1.000091393457076
484,sq_23_48,1.0000464155125217,1.0000789805418722,1.0000913625998065
485,sq_23_49,1.0000464155125217,1.0000792752172614,1.0000913916875631
486,sq_23_5,1.0000464155125217,1.0000789805418706,1.0000913625998082
487,sq_23_50,1.0000464155125217,1.0000820704719076,1.000091599234265
488,sq_23_6,1.0000464155125217,1.0000789805418708,1.0000913625998074
489,sq_24_1,1.0000464155125217,1.0000670299206578,1.000149802943426
490,sq_24_2,1.0000464155125217,1.0000773013433755,1.0000948109822714
491,sq_24_25,1.0000464155125217,1.0000789805418717,1.0000913625998065
492,sq_24_26,1.0000464155125217,1.0000789805418717,1.0000913625998065
493,sq_24_28,1.0000464155125217,1.000078980541872,1.0000913625998065
494,sq_24_29,1.0000464155125217,1.0000789805418728,1.0000913625998062
495,sq_24_3,1.0000464155125217,1.0000789805418715,1.0000913625998074
496,sq_24_30,1.0000464155125217,1.0000789805418724,1.0000913625998067
497,sq_24_31,1.0000464155125217,1.000078980541872,1.0000913625998067
498,sq_24_32,1.0000464155125217,1.0000789805418722,1.0000913625998062
499,sq_24_33,1.0000464155125217,1.0000789805418722,1.0000913625998067
500,sq_24_34,1.0000464155125217,1.0000789805418722,1.0000913625998062
501,sq_24_35,1.0000464155125217,1.0000789805418726,1.0000913625998067
502,sq_24_36,1.0000464155125217,1.000078980541873,1.0000913625998065
503,sq_24_37,1.0000464155125217,1.0000789805418724,1.0000913625998065
504,sq_24_38,1.0000464155125217,1.0000789805418724,1.0000913625998067
505,sq_24_39,1.0000464155125217,1.0000790049875083,1.0000914088503319
506,sq_24_40,1.0000464155125217,1.0000789805418724,1.0000913625998067
507,sq_24_41,1.0000464155125217,1.000078980541872,1.0000913625998062
508,sq_24_42,1.0000464155125217,1.0000789805418724,1.0000913625998062
509,sq_24_43,1.0000464155125217,1.0000789805418715,1.0000913625998074
510,sq_24_44,1.0000464155125217,1.000078042330767,1.0000940145417696
511,sq_24_45,1.0000464155125217,1.0000790801992245,1.0000914396497358
512,sq_24_46,1.0000464155125217,1.000079165363516,1.0000921058078005
513,sq_24_47,1.0000464155125217,1.0000791885491302,1.0000914596460242
514,sq_24_48,1.0000464155125217,1.0000788863455008,1.0000920600775662
515,sq_24_49,1.0000464155125217,1.000078980541872,1.000091362599807
516,sq_24_50,1.0000464155125217,1.000081656999825,1.0000919575420126
517,sq_24_6,1.0000464155125217,1.0000904549291652,1.0001208265255468
518,sq_24_7,1.0000464155125217,1.000079252736138,1.0000959643001948
519,sq_24_8,1.0000464155125217,1.0001093013613482,1.0000940779586482
520,sq_24_9,1.0000464155125217,1.0002501670568944,0.999957502640832
521,sq_25_0,1.0000464155125217,1.0008487927551377,0.9989910277357104
522,sq_25_1,1.0000464155125217,1.00278479364784,0.996679023572903
523,sq_25_10,1.0000464155125217,1.019364040664523,0.9759395344504319
524,sq_25_11,1.0000464155125217,0.8942414955664398,1.054814940209325
525,sq_25_21,1.0000464155125217,0.9989223634733119,1.0010807515446685
526,sq_25_22,1.0000464155125217,1.0000789805418713,1.000091362599807
527,sq_25_23,1.0000464155125217,1.0000707695418276,1.000099385558228
528,sq_25_24,1.0000464155125217,1.000028094316667,1.0001198351839056
529,sq_25_25,1.0000464155125217,1.0000791601940677,1.0000914800204956
530,sq_25_29,1.0000464155125217,1.0000801730684399,1.0000906508193894
531,sq_25_30,1.0000464155125217,1.000079011580215,1.0000914820836801
532,sq_25_31,1.0000464155125217,1.0000790667488644,1.0000914638814178
533,sq_25_32,1.0000464155125217,1.000078982824345,1.0000913815851025
534,sq_25_33,1.0000464155125217,1.0000720177770175,1.0000989016919108
535,sq_25_34,1.0000464155125217,1.0000788353877557,1.000091533278668
536,sq_25_35,1.0000464155125217,1.000078986585126,1.0000913769369564
537,sq_25_36,1.0000464155125217,1.0000789805418726,1.0000913625998065
538,sq_25_37,1.0000464155125217,1.0000789896232312,1.0000913779518408
539,sq_25_38,1.0000464155125217,1.0000789961005596,1.0000913950422583
540,sq_25_39,1.0000464155125217,1.0000789713487894,1.0000914182721732
541,sq_25_40,1.0000464155125217,1.0000789914506043,1.000091376302139
542,sq_25_41,1.0000464155125217,1.0000789805418717,1.000091362599807
543,sq_25_42,1.0000464155125217,1.0000789805418717,1.000091362599807
544,sq_25_43,1.0000464155125217,1.0000789805418715,1.0000913625998065
545,sq_25_44,1.0000464155125217,1.0000789805418717,1.0000913625998062
546,sq_25_45,1.0000464155125217,1.0000789805418717,1.000091362599807
547,sq_25_46,1.0000464155125217,1.000078980541871,1.0000913625998074
548,sq_25_48,1.0000464155125217,1.0000790776045407,1.000091617988751
549,sq_25_49,1.0000464155125217,1.0000801663827092,1.0000913624631482
550,sq_25_8,1.0000464155125217,1.000078980541872,1.0000913625998065
551,sq_25_9,1.0000464155125217,1.000078980541872,1.0000913625998065
552,sq_26_11,1.0000464155125217,1.0000789805418708,1.0000913625998071
553,sq_26_12,1.0000464155125217,1.0000789805418722,1.0000913625998062
554,sq_26_13,1.0000464155125217,1.0000789805418695,1.0000913625998076
555,sq_26_19,1.0000464155125217,1.0000789805418706,1.0000913625998071
556,sq_26_20,1.0000464155125217,1.0000789805418717,1.000091362599807
557,sq_26_21,1.0000464155125217,1.0000789805418713,1.0000913625998076
558,sq_26_22,1.0000464155125217,1.0000789805418722,1.0000913625998076
559,sq_26_23,1.0000464155125217,1.0000789805418715,1.000091362599807
560,sq_26_24,1.0000464155125217,1.0000789805418702,1.0000913625998082
561,sq_26_25,1.0000464155125217,1.0000789805418715,1.000091362599807
562,sq_26_28,1.0000464155125217,1.0000789805418726,1.0000913625998067
563,sq_26_29,1.0000464155125217,1.0000789805418717,1.0000913625998062
564,sq_26_30,1.0000464155125217,1.0000793413872504,1.0000914140805781
565,sq_26_31,1.0000464155125217,1.0000789932626892,1.0000916832560849
566,sq_26_32,1.0000464155125217,1.0000789657915905,1.0000914237961773
567,sq_26_33,1.0000464155125217,1.0000789660994736,1.000091415240015
568,sq_26_34,1.0000464155125217,1.0000789843782563,1.0000913831367477
569,sq_26_35,1.0000464155125217,1.000078988941743,1.0000913770797986
570,sq_26_36,1.0000464155125217,1.0000789837133668,1.000091381974304
571,sq_26_37,1.0000464155125217,1.0000789941192765,1.0000913856197695
572,sq_26_38,1.0000464155125217,1.0000789992833858,1.0000913832320382
573,sq_26_39,1.0000464155125217,1.0000789670580308,1.000091450903808
574,sq_26_40,1.0000464155125217,1.0000789805418722,1.0000913625998062
575,sq_26_42,1.0000464155125217,1.0000782983296845,1.0000936888537222
576,sq_26_43,1.0000464155125217,1.0000800332018835,1.0000913492113692
577,sq_26_44,1.0000464155125217,1.0000798807136897,1.0000911652975764
578,sq_26_45,1.0000464155125217,1.0000801292078683,1.0000913498965687
579,sq_26_46,1.0000464155125217,1.000075522273745,1.0000941123604583
580,sq_26_47,1.0000464155125217,1.0000754159835779,1.0000922861748458
581,sq_26_48,1.0000464155125217,0.9997601774111687,1.0001546674970228
582,sq_26_49,1.0000464155125217,0.9962553083211062,1.004271189935086
583,sq_26_50,1.0000464155125217,0.478506561417075,1.8577520604842621
584,sq_27_13,1.0000464155125217,0.9276309089663707,1.1337319960379657
585,sq_27_14,1.0000464155125217,1.0000789805418715,1.0000913625998071
586,sq_27_15,1.0000464155125217,0.9982059656755212,1.0027449583444872
587,sq_27_16,1.0000464155125217,0.9947781873781942,1.0039567927723316
588,sq_27_17,1.0000464155125217,1.0001111170791706,1.000094197116045
589,sq_27_18,1.0000464155125217,1.0000773275456865,1.0001328041021913
590,sq_27_19,1.0000464155125217,1.0000809234037802,1.000106003466673
591,sq_27_20,1.0000464155125217,1.0000258603670318,1.00015099727546
592,sq_27_21,1.0000464155125217,0.9985125162776242,1.0011840552990658
593,sq_27_22,1.0000464155125217,0.8913309037067116,1.0798302143415308
594,sq_27_24,1.0000464155125217,0.9977977717797902,1.0014535372972213
595,sq_27_25,1.0000464155125217,1.0000740482543482,1.000094673482155
596,sq_27_26,1.0000464155125217,1.0000789805418726,1.000091362599806
597,sq_27_30,1.0000464155125217,1.0000790845107395,1.0000914443524027
598,sq_27_31,1.0000464155125217,1.0000790279734835,1.0000913859483544
599,sq_27_32,1.0000464155125217,1.0000791276351766,1.0000913571523906
600,sq_27_33,1.0000464155125217,1.0000789805418717,1.0000913625998067
601,sq_27_34,1.0000464155125217,1.0000789805418726,1.0000913625998067
602,sq_27_35,1.0000464155125217,1.0000789805418722,1.0000913625998065
603,sq_27_36,1.0000464155125217,1.0000789805418715,1.0000913625998071
604,sq_27_37,1.0000464155125217,1.0000789805418724,1.0000913625998065
605,sq_27_38,1.0000464155125217,1.0000789805418726,1.000091362599806
606,sq_27_39,1.0000464155125217,1.0000789805418717,1.0000913625998065
607,sq_27_40,1.0000464155125217,1.0000789805418724,1.0000913625998062
608,sq_27_41,1.0000464155125217,1.0000789805418724,1.0000913625998062
609,sq_27_42,1.0000464155125217,1.0000789805418722,1.0000913625998065
610,sq_27_43,1.0000464155125217,1.000078980541872,1.000091362599807
611,sq_27_45,1.0000464155125217,1.000078980541872,1.0000913625998065
612,sq_27_46,1.0000464155125217,1.0000789805418704,1.0000913625998076
613,sq_27_47,1.0000464155125217,1.0000789805418717,1.0000913625998067
614,sq_27_48,1.0000464155125217,1.000078980541872,1.0000913625998071
615,sq_27_49,1.0000464155125217,1.0000789805418722,1.0000913625998067
616,sq_28_15,1.0000464155125217,1.0000789805418717,1.0000913625998074
617,sq_28_16,1.0000464155125217,1.0000795524721122,1.0000953820741596
618,sq_28_17,1.0000464155125217,1.000081007022782,1.000092600033443
619,sq_28_18,1.0000464155125217,1.0001233704184174,1.0001088181007403
620,sq_28_25,1.0000464155125217,1.0000808191635466,1.000094341771678
621,sq_28_28,1.0000464155125217,1.0000792512462569,1.0000913683507484
622,sq_28_29,1.0000464155125217,1.0000791201300256,1.000091416095646
623,sq_28_30,1.0000464155125217,1.0000797967101094,1.0000912920589757
624,sq_28_31,1.0000464155125217,1.0000789805418722,1.0000913625998062
625,sq_28_32,1.0000464155125217,1.0000789838086384,1.0000914239556165
626,sq_28_33,1.0000464155125217,1.00007903919516,1.0000914068387081
627,sq_28_34,1.0000464155125217,1.0000790623465232,1.0000914114442219
628,sq_28_35,1.0000464155125217,1.0000781468152733,1.0000920416039147
629,sq_28_36,1.0000464155125217,0.9988897656994344,1.0010638826088718
630,sq_28_37,1.0000464155125217,0.9992477014836455,1.0007169779622944
631,sq_28_38,1.0000464155125217,0.9877166607291836,1.0063427871769606
632,sq_28_40,1.0000464155125217,1.0003123965424026,0.9999336539645883
633,sq_28_41,1.0000464155125217,1.0032587427553987,0.997177713009498
634,sq_28_42,1.0000464155125217,1.0549681758518112,0.9075944884511934
635,sq_28_43,1.0000464155125217,1.0000789805418722,1.0000913625998062
636,sq_28_44,1.0000464155125217,0.9872470990237817,1.00723707413994
637,sq_28_45,1.0000464155125217,0.9814256596118112,1.0140432102375811
638,sq_28_46,1.0000464155125217,1.000057182807927,1.0001042615671323
639,sq_28_47,1.0000464155125217,1.0000792572891692,1.000092111905641
640,sq_28_48,1.0000464155125217,1.0000792261159879,1.000092489204739
641,sq_28_49,1.0000464155125217,1.000088097393969,1.0000880328588448
642,sq_28_50,1.0000464155125217,1.0006392876130825,0.9996660822753539
643,sq_28_51,1.0000464155125217,1.032941495276923,0.980593360876913
644,sq_28_58,1.0000464155125217,1.0000611072787617,1.0001227551300513
645,sq_29_16,1.0000464155125217,1.0001098283095184,1.000126483241591
646,sq_29_17,1.0000464155125217,1.000078980541871,1.0000913625998074
647,sq_29_25,1.0000464155125217,1.0000820634610215,1.000091337742919
648,sq_29_26,1.0000464155125217,1.0000789805418722,1.0000913625998062
649,sq_29_27,1.0000464155125217,1.0000789805418724,1.0000913625998067
650,sq_29_28,1.0000464155125217,1.0000789805418722,1.0000913625998065
651,sq_29_29,1.0000464155125217,1.0000789805418713,1.0000913625998071
652,sq_29_30,1.0000464155125217,1.000078980541872,1.0000913625998065
653,sq_29_31,1.0000464155125217,1.0000789805418717,1.0000913625998067
654,sq_29_32,1.0000464155125217,1.0000789805418722,1.0000913625998067
655,sq_29_33,1.0000464155125217,1.0000789805418726,1.0000913625998065
656,sq_29_34,1.0000464155125217,1.0000789805418722,1.0000913625998062
657,sq_29_35,1.0000464155125217,1.0000789805418724,1.0000913625998062
658,sq_29_36,1.0000464155125217,1.000078980541872,1.0000913625998067
659,sq_29_37,1.0000464155125217,1.0000789805418722,1.0000913625998065
660,sq_29_38,1.0000464155125217,1.0000789805418717,1.0000913625998076
661,sq_29_39,1.0000464155125217,1.0000789805418726,1.0000913625998062
662,sq_29_40,1.0000464155125217,1.0000789805418715,1.0000913625998067
663,sq_29_41,1.0000464155125217,1.0000789805418717,1.0000913625998067
664,sq_29_42,1.0000464155125217,1.0000789805418728,1.0000913625998062
665,sq_29_43,1.0000464155125217,1.0000789805418715,1.0000913625998065
666,sq_29_44,1.0000464155125217,1.0000789805418724,1.0000913625998058
667,sq_29_45,1.0000464155125217,1.0000789805418728,1.0000913625998062
668,sq_29_46,1.0000464155125217,1.0000789805418717,1.000091362599807
669,sq_29_47,1.0000464155125217,1.0000789805418717,1.0000913625998076
670,sq_29_48,1.0000464155125217,1.0000798873878833,1.000091739913691
671,sq_29_49,1.0000464155125217,1.000080673899585,1.000091434718417
672,sq_29_50,1.0000464155125217,1.0000863464663972,1.0000901860653235
673,sq_29_51,1.0000464155125217,1.0000786586469461,1.0000933257762081
674,sq_29_55,1.0000464155125217,1.000087590661604,1.00009530194894
675,sq_29_56,1.0000464155125217,1.0000789805418715,1.0000913625998071
676,sq_29_58,1.0000464155125217,1.0000798843115508,1.0000914780784107
677,sq_29_59,1.0000464155125217,1.0000792533856846,1.0000935389589516
678,sq_2_31,1.0000464155125217,1.000146475483594,1.000098993679717
679,sq_2_32,1.0000464155125217,1.0006586861923807,0.9996170138145406
680,sq_2_33,1.0000464155125217,1.0615063171043615,0.9267465631898472
681,sq_30_16,1.0000464155125217,1.9408415524109495,0.5775711010848171
682,sq_30_17,1.0000464155125217,1.6790597876470212,0.6363766301099308
683,sq_30_18,1.0000464155125217,1.1102137868406632,0.9599631189257425
684,sq_30_26,1.0000464155125217,1.0020241697925785,0.9993425459742862
685,sq_30_27,1.0000464155125217,1.0048163283457296,0.9920934361771948
686,sq_30_28,1.0000464155125217,1.0000789805418726,1.000091362599807
687,sq_30_29,1.0000464155125217,1.0000986794504019,1.0000840101861526
688,sq_30_30,1.0000464155125217,1.0019269421124903,0.9974963026427895
689,sq_30_31,1.0000464155125217,1.0000800135762122,1.000090667468779
690,sq_30_32,1.0000464155125217,1.0000792868694597,1.000091303046977
691,sq_30_33,1.0000464155125217,1.0000790086896982,1.0000913694118343
692,sq_30_34,1.0000464155125217,1.0000816459299102,1.0000889645045092
693,sq_30_36,1.0000464155125217,1.0000756071742045,1.0000938511168502
694,sq_30_37,1.0000464155125217,1.0014074816047527,0.9992247687223466
695,sq_30_38,1.0000464155125217,1.0000839404093804,1.000088933799741
696,sq_30_39,1.0000464155125217,1.000072310744037,1.000111670865629
697,sq_30_40,1.0000464155125217,1.0000789805418728,1.0000913625998062
698,sq_30_41,1.0000464155125217,1.000079097575496,1.0000915421346104
699,sq_30_42,1.0000464155125217,1.0000789805418724,1.0000913625998065
700,sq_30_43,1.0000464155125217,1.0000789805418724,1.0000913625998062
701,sq_30_44,1.0000464155125217,1.000078980541872,1.000091362599807
702,sq_30_45,1.0000464155125217,1.0000789805418728,1.0000913625998062
703,sq_30_46,1.0000464155125217,1.000078980541873,1.000091362599806
704,sq_30_47,1.0000464155125217,1.0000789805418724,1.0000913625998076
705,sq_30_48,1.0000464155125217,1.0000789805418715,1.0000913625998071
706,sq_30_49,1.0000464155125217,1.000078980541872,1.0000913625998071
707,sq_30_50,1.0000464155125217,1.000078980541872,1.0000913625998065
708,sq_30_51,1.0000464155125217,1.000078980541872,1.0000913625998067
709,sq_30_52,1.0000464155125217,1.0000789805418713,1.0000913625998067
710,sq_30_53,1.0000464155125217,1.0000789805418713,1.0000913625998067
711,sq_30_54,1.0000464155125217,1.0000789805418722,1.0000913625998065
712,sq_30_55,1.0000464155125217,1.000078980541872,1.0000913625998065
713,sq_30_56,1.0000464155125217,1.0000789805418702,1.0000913625998074
714,sq_30_57,1.0000464155125217,1.000078980541872,1.0000913625998065
715,sq_30_58,1.0000464155125217,1.0000789805418722,1.0000913625998065
716,sq_30_59,1.0000464155125217,1.000078980541872,1.000091362599807
717,sq_30_60,1.0000464155125217,1.0000789805418722,1.000091362599807
718,sq_30_61,1.0000464155125217,1.0000789805418713,1.0000913625998071
719,sq_30_62,1.0000464155125217,1.000078980541873,1.000091362599806
720,sq_31_16,1.0000464155125217,1.0001214000775622,1.0001471602460572
721,sq_31_18,1.0000464155125217,1.0000893455979762,1.0000981481660411
722,sq_31_19,1.0000464155125217,1.000092882633598,1.0001124017944183
723,sq_31_20,1.0000464155125217,1.0000979279458744,1.000110156500008
724,sq_31_26,1.0000464155125217,1.000079491167782,1.0000914477544736
725,sq_31_27,1.0000464155125217,1.000078692252257,1.0000950440519567
726,sq_31_28,1.0000464155125217,1.0000800499838,1.000091296940752
727,sq_31_29,1.0000464155125217,1.0000793295432342,1.0000915921536047
728,sq_31_31,1.0000464155125217,1.0000776156621192,1.000092726963909
729,sq_31_32,1.0000464155125217,1.000080318548266,1.0000901011310654
730,sq_31_33,1.0000464155125217,1.0001167211521143,1.0000608482762128
731,sq_31_34,1.0000464155125217,1.0006480379166005,0.9997374381251402
732,sq_31_35,1.0000464155125217,1.0004685571305982,0.9999056872527322
733,sq_31_36,1.0000464155125217,1.0001731298751166,1.0000375376826323
734,sq_31_37,1.0000464155125217,1.0003631704263185,0.9998874555101892
735,sq_31_38,1.0000464155125217,1.0000929840817407,1.0000795462540957
736,sq_31_39,1.0000464155125217,1.0000792080139416,1.0000913818556825
737,sq_31_40,1.0000464155125217,1.0001743226977045,1.0000027827852904
738,sq_31_41,1.0000464155125217,1.0000714999118847,1.0000980081824262
739,sq_31_42,1.0000464155125217,1.000078025717828,1.0000923408301925
740,sq_31_43,1.0000464155125217,1.0001152931740267,1.0000267043416633
741,sq_31_44,1.0000464155125217,1.0136952854501193,0.9755867491568894
742,sq_31_45,1.0000464155125217,1.0133030858035488,0.9773612896898972
743,sq_31_46,1.0000464155125217,0.9898510702817557,1.0094046965692591
744,sq_31_47,1.0000464155125217,0.9945202918457887,1.003365865280082
745,sq_31_48,1.0000464155125217,1.0000441299947993,1.0001130143337191
746,sq_31_49,1.0000464155125217,1.0000790233723107,1.0000917096188346
747,sq_31_50,1.0000464155125217,1.0000801431153947,1.0000913842168864
748,sq_31_51,1.0000464155125217,1.0000814979483315,1.0000943493877386
749,sq_31_52,1.0000464155125217,1.000081027136206,1.000091480623295
750,sq_31_53,1.0000464155125217,1.000078980541872,1.000091362599807
751,sq_31_54,1.0000464155125217,1.0000789805418715,1.0000913625998062
752,sq_31_55,1.0000464155125217,1.0000789805418724,1.0000913625998076
753,sq_31_56,1.0000464155125217,1.0000789805418715,1.000091362599807
754,sq_31_58,1.0000464155125217,1.0000813891894056,1.0000928815611683
755,sq_31_59,1.0000464155125217,1.0000789805418717,1.000091362599807
756,sq_31_60,1.0000464155125217,1.0000789805418724,1.0000913625998067
757,sq_31_61,1.0000464155125217,1.0000789805418715,1.0000913625998065
758,sq_31_62,1.0000464155125217,1.0000789805418717,1.0000913625998065
759,sq_32_16,1.0000464155125217,1.0000789805418704,1.0000913625998074
760,sq_32_20,1.0000464155125217,1.0000789805418702,1.0000913625998074
761,sq_32_26,1.0000464155125217,1.0000789805418722,1.0000913625998065
762,sq_32_27,1.0000464155125217,1.0000789805418722,1.000091362599807
763,sq_32_28,1.0000464155125217,1.0000789805418713,1.0000913625998078
764,sq_32_29,1.0000464155125217,1.0000789805418722,1.0000913625998062
765,sq_32_30,1.0000464155125217,1.0000790419778303,1.0000914350564007
766,sq_32_31,1.0000464155125217,1.0000789805418724,1.0000913625998062
767,sq_32_32,1.0000464155125217,1.0000789805418728,1.0000913625998062
768,sq_32_33,1.0000464155125217,1.0000789805418717,1.0000913625998062
769,sq_32_34,1.0000464155125217,1.0000789805418717,1.0000913625998067
770,sq_32_35,1.0000464155125217,1.0000789805418724,1.0000913625998062
771,sq_32_36,1.0000464155125217,1.0000790661513481,1.000091384819696
772,sq_32_37,1.0000464155125217,1.0000790702335933,1.0000914147199296
773,sq_32_38,1.0000464155125217,1.0000789805418722,1.0000913625998065
774,sq_32_39,1.0000464155125217,1.0000789698012897,1.0000917001594136
775,sq_32_40,1.0000464155125217,1.0000792737086868,1.0000913930487598
776,sq_32_41,1.0000464155125217,1.0000790283936052,1.000091420669378
777,sq_32_42,1.0000464155125217,1.0000771975872904,1.0000924621869427
778,sq_32_43,1.0000464155125217,1.000106826458662,1.0000397850229772
779,sq_32_44,1.0000464155125217,0.9987204034545669,1.0012796299693312
780,sq_32_45,1.0000464155125217,1.0000788164517562,1.0000915751770167
781,sq_32_46,1.0000464155125217,1.0000783002785463,1.000092536513466
782,sq_32_47,1.0000464155125217,1.0000878530894224,1.0000886479716729
783,sq_32_48,1.0000464155125217,1.0000965456692588,1.00008595091752
784,sq_32_49,1.0000464155125217,1.0010157932864614,0.9993460496287725
785,sq_32_50,1.0000464155125217,1.1494594659586779,0.8227430244679673
786,sq_32_51,1.0000464155125217,1.002804788262059,0.9982443470355674
787,sq_32_52,1.0000464155125217,1.000078980541872,1.0000913625998067
788,sq_32_53,1.0000464155125217,1.0602826049243974,0.9569868835572075
789,sq_32_54,1.0000464155125217,0.9548159101453382,1.0308246831055112
790,sq_32_55,1.0000464155125217,0.9993287351565352,1.0004703806372228
791,sq_32_56,1.0000464155125217,1.0000701743778693,1.0001001025027714
792,sq_32_59,1.0000464155125217,1.000220635586544,0.9999724847779112
793,sq_32_60,1.0000464155125217,1.0004229511130176,0.9997566533925237
794,sq_32_61,1.0000464155125217,1.000037753715103,1.0001223353196091
795,sq_32_62,1.0000464155125217,1.0000679270663637,1.000099511963441
796,sq_32_63,1.0000464155125217,1.000079878613983,1.0000919960943206
797,sq_32_64,1.0000464155125217,1.0000808243608132,1.0000918741946185
798,sq_32_65,1.0000464155125217,1.0000789805418715,1.0000913625998062
799,sq_32_67,1.0000464155125217,1.0001056380853022,1.000151647173325
800,sq_32_68,1.0000464155125217,1.000110706164757,1.0000949741433298
801,sq_33_16,1.0000464155125217,1.000124079022423,1.0001524263990436
802,sq_33_17,1.0000464155125217,1.0001139227998623,1.0001633227945883
803,sq_33_18,1.0000464155125217,1.0000877802194408,1.0001628214148148
804,sq_33_19,1.0000464155125217,1.0000925147224409,1.000123855909003
805,sq_33_20,1.0000464155125217,1.0000891238774778,1.00011949361586
806,sq_33_21,1.0000464155125217,1.0000805572480544,1.0000936644915448
807,sq_33_22,1.0000464155125217,1.0000806039518835,1.0000917453469353
808,sq_33_26,1.0000464155125217,1.0000789805418722,1.0000913625998065
809,sq_33_27,1.0000464155125217,1.0000789805418722,1.0000913625998076
810,sq_33_28,1.0000464155125217,1.0000789805418708,1.0000913625998071
811,sq_33_29,1.0000464155125217,1.000078980541872,1.000091362599807
812,sq_33_30,1.0000464155125217,1.0000789805418717,1.0000913625998065
813,sq_33_31,1.0000464155125217,1.000078980541872,1.000091362599807
814,sq_33_33,1.0000464155125217,1.0000789805418722,1.0000913625998065
815,sq_33_34,1.0000464155125217,1.0000789805418717,1.000091362599807
816,sq_33_35,1.0000464155125217,1.0000789805418724,1.000091362599807
817,sq_33_36,1.0000464155125217,1.000078960277486,1.0000914042132503
818,sq_33_38,1.0000464155125217,1.0000788257018878,1.0000918171101292
819,sq_33_39,1.0000464155125217,1.0000790424431834,1.0000914821874376
820,sq_33_40,1.0000464155125217,1.0000796004312278,1.0000913282506563
821,sq_33_41,1.0000464155125217,1.0000792696631473,1.0000913526103359
822,sq_33_42,1.0000464155125217,1.0000790624394151,1.0000914029778045
823,sq_33_43,1.0000464155125217,1.0000789805418726,1.0000913625998062
824,sq_33_44,1.0000464155125217,1.0000789805418724,1.0000913625998065
825,sq_33_45,1.0000464155125217,1.0000789805418726,1.0000913625998067
826,sq_33_46,1.0000464155125217,1.0000764665994064,1.0000925719712104
827,sq_33_47,1.0000464155125217,1.0000789805418722,1.0000913625998062
828,sq_33_48,1.0000464155125217,0.9949681998318755,1.0001886825656077
829,sq_33_49,1.0000464155125217,1.0121956142969115,0.9883349768470772
830,sq_33_50,1.0000464155125217,1.030864594245968,0.9787388422947697
831,sq_33_51,1.0000464155125217,1.0005188080404224,0.999846772180474
832,sq_33_52,1.0000464155125217,0.999019328504441,1.0009400898981828
833,sq_33_53,1.0000464155125217,1.0000537857789318,1.0001076697594842
834,sq_33_55,1.0000464155125217,1.000096217883291,1.0000828531471493
835,sq_33_56,1.0000464155125217,0.9993152530908459,1.0007949640413096
836,sq_33_57,1.0000464155125217,0.8718484400560912,1.0757752963218485
837,sq_33_58,1.0000464155125217,1.0297561621202462,0.9707743206498649
838,sq_33_59,1.0000464155125217,1.0000789805418724,1.0000913625998076
839,sq_33_60,1.0000464155125217,0.9752984797390005,1.0198160370532294
840,sq_33_61,1.0000464155125217,0.9999815395091499,1.0001939743572326
841,sq_33_62,1.0000464155125217,1.0000787546381065,1.000091719322832
842,sq_33_63,1.0000464155125217,1.000079573153817,1.0000913505887312
843,sq_33_64,1.0000464155125217,1.0000822937957456,1.0000909277077137
844,sq_33_65,1.0000464155125217,1.000080776770761,1.000090465121954
845,sq_33_66,1.0000464155125217,1.0000800277734652,1.0000923869248586
846,sq_33_67,1.0000464155125217,1.000078980541871,1.0000913625998067
847,sq_33_68,1.0000464155125217,1.0000846711918359,1.0000914930273546
848,sq_34_16,1.0000464155125217,1.0000821741121708,1.000095639180106
849,sq_34_17,1.0000464155125217,1.0000789805418713,1.0000913625998067
850,sq_34_18,1.0000464155125217,1.000078980541869,1.0000913625998082
851,sq_34_19,1.0000464155125217,1.0000789805418724,1.0000913625998078
852,sq_34_22,1.0000464155125217,1.0000836448650519,1.0000921652210275
853,sq_34_23,1.0000464155125217,1.000069456572476,1.0001257820174108
854,sq_34_26,1.0000464155125217,1.000079112235409,1.000091563601349
855,sq_34_27,1.0000464155125217,1.0000789805418715,1.0000913625998078
856,sq_34_28,1.0000464155125217,1.0000789805418726,1.0000913625998062
857,sq_34_29,1.0000464155125217,1.0000796879558427,1.0000912903939014
858,sq_34_30,1.0000464155125217,1.0000790003570181,1.0000914955619546
859,sq_34_31,1.0000464155125217,1.0000790417982013,1.0000913836193752
860,sq_34_32,1.0000464155125217,1.0000789805418724,1.0000913625998062
861,sq_34_33,1.0000464155125217,1.0000789805418724,1.000091362599807
862,sq_34_35,1.0000464155125217,1.0000789805418717,1.0000913625998065
863,sq_34_36,1.0000464155125217,1.0000789805418728,1.0000913625998062
864,sq_34_38,1.0000464155125217,1.0000789805418715,1.0000913625998065
865,sq_34_39,1.0000464155125217,1.0000792611542832,1.0000915143011708
866,sq_34_40,1.0000464155125217,1.0000789805418722,1.0000913625998067
867,sq_34_41,1.0000464155125217,1.000079325988043,1.0000913783688727
868,sq_34_43,1.0000464155125217,1.0000804202596731,1.0000912362426884
869,sq_34_44,1.0000464155125217,1.0000791491342447,1.0000913782403291
870,sq_34_45,1.0000464155125217,1.0000789972245312,1.0000914594114116
871,sq_34_46,1.0000464155125217,1.0000780307795598,1.0000941347102983
872,sq_34_47,1.0000464155125217,1.0000799053282623,1.0000919200363676
873,sq_34_48,1.0000464155125217,1.0000789805418717,1.0000913625998076
874,sq_34_49,1.0000464155125217,1.0000789805418717,1.0000913625998065
875,sq_34_50,1.0000464155125217,1.0000787146876071,1.0000914623552049
876,sq_34_51,1.0000464155125217,0.9999478423102384,1.0002110480538302
877,sq_34_52,1.0000464155125217,1.0000789805418722,1.0000913625998065
878,sq_34_53,1.0000464155125217,0.869072222145736,1.083178551859179
879,sq_34_54,1.0000464155125217,1.0119626947587694,0.9455739885594672
880,sq_34_55,1.0000464155125217,1.000698366093108,0.9995040498425235
881,sq_34_56,1.0000464155125217,1.0090641951043589,0.991700408565304
882,sq_34_57,1.0000464155125217,0.9054616523444432,1.0765191148702913
883,sq_34_59,1.0000464155125217,0.9992738985705856,1.0007376895531166
884,sq_34_60,1.0000464155125217,1.0015160591888637,0.9982694857838827
885,sq_34_61,1.0000464155125217,1.000084760885282,1.0000879597784653
886,sq_34_62,1.0000464155125217,1.0000308155243032,1.0001174163272837
887,sq_34_63,1.0000464155125217,1.019608970327833,0.9783064431025845
888,sq_34_64,1.0000464155125217,1.0000789805418724,1.000091362599807
889,sq_34_65,1.0000464155125217,0.7968333591947083,1.1699158780551344
890,sq_34_66,1.0000464155125217,1.0000789805418724,1.000091362599806
891,sq_34_67,1.0000464155125217,0.9999541166311237,1.0001873284041805
892,sq_34_68,1.0000464155125217,1.0000824145903664,1.000093108915348
893,sq_35_23,1.0000464155125217,1.0000785521934419,1.000093357334562
894,sq_35_24,1.0000464155125217,1.0000798295575164,1.000093204013251
895,sq_35_25,1.0000464155125217,1.0000796414694288,1.000094247847465
896,sq_35_26,1.0000464155125217,1.0000794205741905,1.0000914006990755
897,sq_35_27,1.0000464155125217,1.0000791582139643,1.0000914926048747
898,sq_35_28,1.0000464155125217,1.0000792912044107,1.0000916363519805
899,sq_35_29,1.0000464155125217,1.0000789805418726,1.0000913625998076
900,sq_35_30,1.0000464155125217,1.000079420809385,1.0000912402524391
901,sq_35_31,1.0000464155125217,1.0000789805418728,1.0000913625998062
902,sq_35_32,1.0000464155125217,1.000078980541872,1.0000913625998067
903,sq_35_33,1.0000464155125217,1.0000789805418724,1.0000913625998074
904,sq_35_34,1.0000464155125217,1.0000789805418717,1.0000913625998067
905,sq_35_35,1.0000464155125217,1.000078980541872,1.0000913625998065
906,sq_35_36,1.0000464155125217,1.0000789805418722,1.0000913625998065
907,sq_35_37,1.0000464155125217,1.0000789805418717,1.0000913625998074
908,sq_35_38,1.0000464155125217,1.000078980541872,1.0000913625998067
909,sq_35_39,1.0000464155125217,1.0000789805418715,1.0000913625998074
910,sq_35_40,1.0000464155125217,1.0000792216138275,1.0000914053038417
911,sq_35_41,1.0000464155125217,1.0000801906889942,1.0000914007589568
912,sq_35_42,1.0000464155125217,1.0000787619432934,1.0000921828558276
913,sq_35_43,1.0000464155125217,1.0000797370889962,1.000091378342789
914,sq_35_44,1.0000464155125217,1.0000790052698916,1.0000914330456456
915,sq_35_45,1.0000464155125217,1.0000790015460315,1.0000913682451686
916,sq_35_46,1.0000464155125217,1.0000790199586955,1.0000915060186122
917,sq_35_47,1.0000464155125217,1.0000789805418728,1.0000913625998074
918,sq_35_48,1.0000464155125217,1.0000793163787252,1.0000914269954302
919,sq_35_49,1.0000464155125217,1.0000798942689564,1.0000913856514178
920,sq_35_50,1.0000464155125217,1.0000793074297183,1.0000922938813102
921,sq_35_51,1.0000464155125217,1.0000789805418726,1.0000913625998065
922,sq_35_52,1.0000464155125217,1.0000786075520705,1.0000923962380577
923,sq_35_53,1.0000464155125217,1.0000842208063432,1.0000903223320243
924,sq_35_54,1.0000464155125217,1.0000807637320204,1.0000913999457055
925,sq_35_55,1.0000464155125217,1.0000787399479856,1.0000918566666779
926,sq_35_56,1.0000464155125217,1.0000789805418704,1.0000913625998071
927,sq_35_57,1.0000464155125217,1.000078980541872,1.000091362599807
928,sq_35_58,1.0000464155125217,1.0000789805418724,1.0000913625998062
929,sq_35_59,1.0000464155125217,1.008514688898052,0.9964836119854498
930,sq_35_60,1.0000464155125217,1.1117858052530922,0.9243810433591646
931,sq_35_61,1.0000464155125217,1.002664407339782,0.998452621249629
932,sq_35_62,1.0000464155125217,1.0004758516685965,0.9999031819334572
933,sq_35_63,1.0000464155125217,0.9998182357112055,1.0002485781158656
934,sq_35_64,1.0000464155125217,1.0032962390333955,0.9977148827922185
935,sq_35_65,1.0000464155125217,1.122345232427373,0.8723593505347536
936,sq_35_66,1.0000464155125217,1.002297583704887,0.9985602189894882
937,sq_35_67,1.0000464155125217,1.0294496631533547,0.9724066534139498
938,sq_35_68,1.0000464155125217,1.0002932047391515,0.9998690183541157
939,sq_35_69,1.0000464155125217,1.0000789805418715,1.000091362599807
940,sq_35_70,1.0000464155125217,0.681851501850573,1.4501145021152602
941,sq_35_71,1.0000464155125217,0.9850751446030219,0.9802465856471845
942,sq_35_72,1.0000464155125217,0.9963385407462224,1.002857741209593
943,sq_36_23,1.0000464155125217,1.0000800098537197,1.0000914735340456
944,sq_36_24,1.0000464155125217,1.0000789805418724,1.0000913625998067
945,sq_36_25,1.0000464155125217,1.0000791493588883,1.0000924077394135
946,sq_36_26,1.0000464155125217,1.0000799559994196,1.0000915198398581
947,sq_36_27,1.0000464155125217,1.0000790830000708,1.0000917086032002
948,sq_36_28,1.0000464155125217,1.0000792018966418,1.0000913583142328
949,sq_36_29,1.0000464155125217,1.0000790732256297,1.0000913836511138
950,sq_36_30,1.0000464155125217,1.000078980541872,1.0000913625998067
951,sq_36_31,1.0000464155125217,1.0000789805418717,1.0000913625998065
952,sq_36_32,1.0000464155125217,1.0000789805418722,1.0000913625998065
953,sq_36_33,1.0000464155125217,1.000078980541873,1.0000913625998065
954,sq_36_34,1.0000464155125217,1.0000789805418715,1.0000913625998067
955,sq_36_35,1.0000464155125217,1.0000789805418713,1.0000913625998076
956,sq_36_36,1.0000464155125217,1.0000789805418726,1.0000913625998062
957,sq_36_37,1.0000464155125217,1.000078980541872,1.0000913625998067
958,sq_36_38,1.0000464155125217,1.0000789805418722,1.000091362599807
959,sq_36_39,1.0000464155125217,1.000078980541872,1.0000913625998071
960,sq_36_40,1.0000464155125217,1.0000789805418724,1.0000913625998065
961,sq_36_41,1.0000464155125217,1.000078980541871,1.0000913625998076
962,sq_36_42,1.0000464155125217,1.0000794899297412,1.0000915081317718
963,sq_36_44,1.0000464155125217,1.0000800261227631,1.0000915633012302
964,sq_36_45,1.0000464155125217,1.0000793491600792,1.0000913358624561
965,sq_36_46,1.0000464155125217,1.0000793629502347,1.0000913671809784
966,sq_36_47,1.0000464155125217,1.0000789805418726,1.000091362599807
967,sq_36_48,1.0000464155125217,1.0000789805418722,1.0000913625998065
968,sq_36_49,1.0000464155125217,1.000078980541871,1.0000913625998078
969,sq_36_50,1.0000464155125217,1.0000789805418724,1.0000913625998067
970,sq_36_51,1.0000464155125217,1.0000789805418724,1.000091362599807
971,sq_36_52,1.0000464155125217,1.0000789805418724,1.0000913625998067
972,sq_36_53,1.0000464155125217,1.0000789805418717,1.000091362599807
973,sq_36_54,1.0000464155125217,1.0000815355854094,1.0000918644503103
974,sq_36_55,1.0000464155125217,1.0000789805418722,1.0000913625998067
975,sq_36_56,1.0000464155125217,1.0000789805418724,1.000091362599807
976,sq_36_57,1.0000464155125217,1.0000770761064814,1.0000935656385372
977,sq_36_58,1.0000464155125217,0.9997169980856981,1.0002595775763305
978,sq_36_59,1.0000464155125217,1.0000789805418726,1.000091362599807
979,sq_36_60,1.0000464155125217,0.994054730467536,1.0035059448999368
980,sq_36_61,1.0000464155125217,0.8825708178089212,1.0729378738677486
981,sq_36_62,1.0000464155125217,0.9971745129119759,1.002556884269311
982,sq_36_63,1.0000464155125217,1.002347406391433,0.9991443468587929
983,sq_36_64,1.0000464155125217,1.0563975831062615,0.9764338910556887
984,sq_36_65,1.0000464155125217,1.4499175732275045,0.6298086667731293
985,sq_36_66,1.0000464155125217,0.8792032770625088,1.0517530344188073
986,sq_36_67,1.0000464155125217,0.998182289383234,1.0011845760759346
987,sq_36_68,1.0000464155125217,0.9877734263755181,1.0000550880691947
988,sq_36_69,1.0000464155125217,1.000078980541872,1.0000913625998071
989,sq_36_70,1.0000464155125217,1.0000789805418717,1.0000913625998062
990,sq_36_71,1.0000464155125217,0.947292007965237,0.973676485374754
991,sq_36_72,1.0000464155125217,1.4662750355295322,0.5828286152088683
992,sq_37_23,1.0000464155125217,0.9283742561068078,1.042931803451349
993,sq_37_24,1.0000464155125217,0.9998520347230666,1.0002843501598349
994,sq_37_25,1.0000464155125217,1.0000787842335077,1.0000919034761666
995,sq_37_26,1.0000464155125217,1.0000802065090049,1.0000917055106093
996,sq_37_27,1.0000464155125217,1.0000796521862814,1.000093093484783
997,sq_37_28,1.0000464155125217,1.0000790474878225,1.0000916804052296
998,sq_37_29,1.0000464155125217,1.000079075276769,1.0000913936201066
999,sq_37_30,1.0000464155125217,1.000079039192651,1.0000913637581839
1000,sq_37_31,1.0000464155125217,1.0000789805418717,1.0000913625998065
1001,sq_37_32,1.0000464155125217,1.0000791358443117,1.0000913281687267
1002,sq_37_33,1.0000464155125217,1.000082832358409,1.0000913201930939
1003,sq_37_34,1.0000464155125217,1.0000789805418726,1.0000913625998074
1004,sq_37_35,1.0000464155125217,1.0000789805418717,1.0000913625998071
1005,sq_37_36,1.0000464155125217,1.000078980541872,1.0000913625998067
1006,sq_37_37,1.0000464155125217,1.0000789805418717,1.0000913625998062
1007,sq_37_38,1.0000464155125217,1.0000795802383204,1.0000916021613229
1008,sq_37_39,1.0000464155125217,1.000078980541872,1.0000913625998067
1009,sq_37_40,1.0000464155125217,1.0000789805418715,1.0000913625998065
1010,sq_37_41,1.0000464155125217,1.0000789805418722,1.0000913625998067
1011,sq_37_42,1.0000464155125217,1.0000789805418722,1.0000913625998065
1012,sq_37_43,1.0000464155125217,1.0000789805418726,1.0000913625998065
1013,sq_37_44,1.0000464155125217,1.0000789805418724,1.0000913625998065
1014,sq_37_45,1.0000464155125217,1.0000789805418726,1.0000913625998062
1015,sq_37_46,1.0000464155125217,1.0000789805418726,1.000091362599807
1016,sq_37_47,1.0000464155125217,1.0000789805418728,1.0000913625998067
1017,sq_37_48,1.0000464155125217,1.0000789805418722,1.000091362599807
1018,sq_37_49,1.0000464155125217,1.0000789805418722,1.0000913625998062
1019,sq_37_50,1.0000464155125217,1.0000812225077278,1.0000915405272597
1020,sq_37_51,1.0000464155125217,1.0000824576971838,1.0000914886091818
1021,sq_37_53,1.0000464155125217,1.0000789805418724,1.0000913625998062
1022,sq_37_54,1.0000464155125217,1.0000789805418693,1.0000913625998074
1023,sq_37_59,1.0000464155125217,1.0000789805418715,1.0000913625998074
1024,sq_37_62,1.0000464155125217,1.0000789805418717,1.0000913625998071
1025,sq_37_63,1.0000464155125217,1.0000789805418704,1.0000913625998074
1026,sq_37_65,1.0000464155125217,1.0000789805418726,1.0000913625998065
1027,sq_37_66,1.0000464155125217,1.0000789805418713,1.0000913625998074
1028,sq_37_69,1.0000464155125217,1.0000789805418708,1.0000913625998067
1029,sq_37_70,1.0000464155125217,1.0000800235393348,1.0000928410161296
1030,sq_38_24,1.0000464155125217,1.00008138810392,1.0000914779113683
1031,sq_38_25,1.0000464155125217,1.0000788583026716,1.0000920475948831
1032,sq_38_26,1.0000464155125217,1.0000790685541356,1.0000914393275226
1033,sq_38_27,1.0000464155125217,1.000078652331324,1.0000917882785865
1034,sq_38_28,1.0000464155125217,1.0000789805418708,1.0000913625998067
1035,sq_38_29,1.0000464155125217,1.000045338940159,1.0001094369293848
1036,sq_38_30,1.0000464155125217,0.9998568135131003,1.0002292261850534
1037,sq_38_31,1.0000464155125217,1.0000725806012536,1.0000964958209297
1038,sq_38_35,1.0000464155125217,0.9995571678906634,1.0007771459961876
1039,sq_38_36,1.0000464155125217,0.9125173018590791,1.047470111286419
1040,sq_38_38,1.0000464155125217,0.8112447450550923,1.0485653505486783
1041,sq_38_39,1.0000464155125217,0.9708580030486306,1.0183883681081995
1042,sq_38_40,1.0000464155125217,0.9996547364312713,1.0002895084218966
1043,sq_38_41,1.0000464155125217,0.9622701590387115,1.031505065610621
1044,sq_38_42,1.0000464155125217,1.079321950132149,0.9081304323153422
1045,sq_38_43,1.0000464155125217,1.0000789805418724,1.0000913625998065
1046,sq_38_44,1.0000464155125217,1.0023317422158124,0.9968284821404354
1047,sq_38_45,1.0000464155125217,1.001516411928499,0.998891685802187
1048,sq_38_46,1.0000464155125217,0.9979268685063413,1.0014296457962724
1049,sq_38_47,1.0000464155125217,1.0000516074972279,1.0001094276516118
1050,sq_38_48,1.0000464155125217,1.0000813913512674,1.0000927257838592
1051,sq_38_49,1.0000464155125217,1.0000811780937964,1.000091825225932
1052,sq_38_50,1.0000464155125217,1.0000791192984606,1.000091862182148
1053,sq_38_51,1.0000464155125217,1.0000817490234268,1.0000914749665535
1054,sq_38_52,1.0000464155125217,1.000083662886809,1.0000926212865988
1055,sq_38_53,1.0000464155125217,1.0000793215425725,1.0000924644972022
1056,sq_38_54,1.0000464155125217,1.0000789805418704,1.0000913625998074
1057,sq_38_55,1.0000464155125217,1.000089014020421,1.0000913536924392
1058,sq_38_59,1.0000464155125217,1.0000765306006214,1.000099892309628
1059,sq_38_63,1.0000464155125217,1.0000789805418697,1.0000913625998074
1060,sq_39_25,1.0000464155125217,1.000078980541871,1.0000913625998071
1061,sq_39_26,1.0000464155125217,1.0000789805418717,1.0000913625998065
1062,sq_39_29,1.0000464155125217,1.0000795057851881,1.0000918786704804
1063,sq_39_30,1.0000464155125217,1.0000796022746536,1.0000913317008944
1064,sq_39_31,1.0000464155125217,1.0000789805418713,1.0000913625998071
1065,sq_39_36,1.0000464155125217,1.000076083781355,1.0001180007359252
1066,sq_39_40,1.0000464155125217,1.000080247096757,1.0000919234832042
1067,sq_39_41,1.0000464155125217,1.000078980541872,1.0000913625998067
1068,sq_39_42,1.0000464155125217,1.0000789805418715,1.000091362599807
1069,sq_39_43,1.0000464155125217,1.0000789805418733,1.0000913625998067
1070,sq_39_44,1.0000464155125217,1.000078980541872,1.0000913625998065
1071,sq_39_45,1.0000464155125217,1.0000789805418715,1.0000913625998074
1072,sq_39_46,1.0000464155125217,1.0000789805418724,1.000091362599807
1073,sq_39_47,1.0000464155125217,1.0000789805418722,1.0000913625998065
1074,sq_39_48,1.0000464155125217,1.0000789805418717,1.0000913625998071
1075,sq_39_50,1.0000464155125217,1.000080791976878,1.0000914485934747
1076,sq_39_51,1.0000464155125217,1.0000813352597533,1.000091870418205
1077,sq_39_52,1.0000464155125217,1.000080834156544,1.0000913069366681
1078,sq_39_53,1.0000464155125217,1.0000789805418715,1.0000913625998071
1079,sq_39_55,1.0000464155125217,1.0000789805418706,1.0000913625998074
1080,sq_39_58,1.0000464155125217,1.0000789805418717,1.0000913625998065
1081,sq_39_59,1.0000464155125217,1.0000789805418722,1.0000913625998067
1082,sq_39_63,1.0000464155125217,1.0000789805418708,1.0000913625998078
1083,sq_3_30,1.0000464155125217,1.0000789805418708,1.0000913625998067
1084,sq_3_31,1.0000464155125217,1.000078980541872,1.0000913625998071
1085,sq_3_32,1.0000464155125217,1.0000789805418726,1.0000913625998062
1086,sq_3_33,1.0000464155125217,1.0000789805418713,1.0000913625998067
1087,sq_40_24,1.0000464155125217,1.0000789805418713,1.000091362599808
1088,sq_40_25,1.0000464155125217,1.0000856039178183,1.000101604604541
1089,sq_40_29,1.0000464155125217,1.00007964791153,1.000091726037389
1090,sq_40_30,1.0000464155125217,1.0000800394245049,1.0000918506392384
1091,sq_40_31,1.0000464155125217,1.0000789805418715,1.0000913625998067
1092,sq_40_34,1.0000464155125217,1.000078980541872,1.0000913625998074
1093,sq_40_35,1.0000464155125217,1.0000789805418708,1.000091362599807
1094,sq_40_36,1.0000464155125217,1.0000789805418704,1.0000913625998078
1095,sq_40_41,1.0000464155125217,1.0000789805418715,1.0000913625998071
1096,sq_40_42,1.0000464155125217,1.000078980541872,1.0000913625998062
1097,sq_40_43,1.0000464155125217,1.0000789805418715,1.0000913625998074
1098,sq_40_44,1.0000464155125217,1.0000794377778173,1.000091468984874
1099,sq_40_45,1.0000464155125217,1.000079301435447,1.0000914602234532
1100,sq_40_46,1.0000464155125217,1.0000791556260606,1.0000915431275192
1101,sq_40_47,1.0000464155125217,1.000079523636088,1.0000916158909419
1102,sq_40_48,1.0000464155125217,1.0000789805418722,1.000091362599807
1103,sq_40_49,1.0000464155125217,1.0000826377854581,1.0000918120671232
1104,sq_40_50,1.0000464155125217,1.0000772331369225,1.000094762402298
1105,sq_40_51,1.0000464155125217,0.999916001450041,1.0001790421122092
1106,sq_40_54,1.0000464155125217,0.9976024657566893,1.0013838837080857
1107,sq_40_55,1.0000464155125217,0.9865134605755322,1.006132859461604
1108,sq_40_56,1.0000464155125217,1.0000789805418722,1.0000913625998065
1109,sq_40_57,1.0000464155125217,0.9977963968067471,1.0011097989607913
1110,sq_40_58,1.0000464155125217,0.9994986148504448,1.0006372612610759
1111,sq_40_63,1.0000464155125217,0.9992667571077999,1.0010136767620361
1112,sq_41_23,1.0000464155125217,1.0000963055854326,1.0000981537764875
1113,sq_41_24,1.0000464155125217,1.0000789805418713,1.0000913625998076
1114,sq_41_28,1.0000464155125217,1.0000930953039668,1.000092259309158
1115,sq_41_29,1.0000464155125217,1.0001564626250943,1.0000036934919385
1116,sq_41_30,1.0000464155125217,1.0000711781796139,1.000099235543406
1117,sq_41_31,1.0000464155125217,1.0000850357417548,1.000095478412884
1118,sq_41_33,1.0000464155125217,1.0001016235425264,1.0000921732156964
1119,sq_41_34,1.0000464155125217,1.0000939747922826,1.0000963605740862
1120,sq_41_41,1.0000464155125217,1.000081057149861,1.0000925031466155
1121,sq_41_42,1.0000464155125217,1.0000802549642174,1.0000919942558
1122,sq_41_43,1.0000464155125217,1.0000792712775588,1.0000918700467576
1123,sq_41_44,1.0000464155125217,1.0000791060774776,1.0000914007040709
1124,sq_41_45,1.0000464155125217,1.0000789805418728,1.000091362599806
1125,sq_41_46,1.0000464155125217,1.0000792645557104,1.000091724214386
1126,sq_41_48,1.0000464155125217,1.0000833657564083,1.000091599263141
1127,sq_41_49,1.0000464155125217,1.0000833758036987,1.0000924774035584
1128,sq_41_51,1.0000464155125217,1.00007980996948,1.0000918039295557
1129,sq_41_53,1.0000464155125217,1.0001303608318055,1.0001075184882917
1130,sq_41_54,1.0000464155125217,1.0000946808954747,1.0000916534958229
1131,sq_41_57,1.0000464155125217,1.0000789854128818,1.0000935328587575
1132,sq_41_63,1.0000464155125217,1.0000838602982047,1.0000977033311247
1133,sq_42_22,1.0000464155125217,1.0000520045165826,1.0001718759707678
1134,sq_42_23,1.0000464155125217,1.0000952496047482,1.0001735308213524
1135,sq_42_26,1.0000464155125217,1.0000789805418704,1.000091362599807
1136,sq_42_27,1.0000464155125217,1.0000919832304471,1.0000928266121354
1137,sq_42_28,1.0000464155125217,1.0001080255908081,1.000102752357093
1138,sq_42_31,1.0000464155125217,1.000105658538675,1.0000869894956617
1139,sq_42_32,1.0000464155125217,1.0000789805418713,1.000091362599807
1140,sq_42_34,1.0000464155125217,1.0000789805418726,1.000091362599806
1141,sq_42_40,1.0000464155125217,1.000078980541872,1.0000913625998071
1142,sq_42_41,1.0000464155125217,1.0000789805418702,1.000091362599808
1143,sq_42_42,1.0000464155125217,1.000078980541872,1.0000913625998065
1144,sq_42_44,1.0000464155125217,1.0000789805418722,1.0000913625998065
1145,sq_42_45,1.0000464155125217,1.0000789805418722,1.0000913625998065
1146,sq_42_46,1.0000464155125217,1.0000789805418722,1.000091362599807
1147,sq_42_47,1.0000464155125217,1.0000789805418722,1.0000913625998065
1148,sq_42_48,1.0000464155125217,1.0000789805418717,1.0000913625998076
1149,sq_42_49,1.0000464155125217,1.000078980541872,1.0000913625998076
1150,sq_42_50,1.0000464155125217,1.0000789805418715,1.0000913625998071
1151,sq_42_51,1.0000464155125217,1.0000789805418717,1.0000913625998065
1152,sq_42_52,1.0000464155125217,1.0000794850155028,1.0000934071662608
1153,sq_42_53,1.0000464155125217,1.0000789805418693,1.000091362599808
1154,sq_42_54,1.0000464155125217,1.0001304268446582,1.0001362997038068
1155,sq_42_57,1.0000464155125217,1.0000847088535074,1.0000915673585828
1156,sq_42_63,1.0000464155125217,1.0000840178215902,1.0000950568591975
1157,sq_43_20,1.0000464155125217,1.000078980541872,1.0000913625998071
1158,sq_43_21,1.0000464155125217,1.0000789805418697,1.0000913625998074
1159,sq_43_22,1.0000464155125217,1.0000789805418713,1.0000913625998074
1160,sq_43_25,1.0000464155125217,1.0000789805418708,1.0000913625998076
1161,sq_43_26,1.0000464155125217,1.0000789805418666,1.000091362599809
1162,sq_43_32,1.0000464155125217,1.000084477216845,1.0000950007716334
1163,sq_43_34,1.0000464155125217,1.0000988834357947,1.0000921726819303
1164,sq_43_36,1.0000464155125217,1.0000875873572903,1.000091125439249
1165,sq_43_37,1.0000464155125217,1.0001233868118737,1.0000615534509523
1166,sq_43_39,1.0000464155125217,1.0000789805418713,1.0000913625998078
1167,sq_43_40,1.0000464155125217,1.0000879382856815,1.000090734669525
1168,sq_43_42,1.0000464155125217,1.0001288841114528,1.0000509492167529
1169,sq_43_43,1.0000464155125217,1.000044282635791,1.000109208234844
1170,sq_43_44,1.0000464155125217,1.000070103613608,1.0000973411815803
1171,sq_43_45,1.0000464155125217,1.0000876344393475,1.000084041705521
1172,sq_43_46,1.0000464155125217,1.0063531531227046,0.9907523110645163
1173,sq_43_48,1.0000464155125217,1.0724181563273096,0.9552300006233632
1174,sq_43_49,1.0000464155125217,1.0004581299188053,0.9998619280552861
1175,sq_43_50,1.0000464155125217,1.000084558717182,1.0000894785993417
1176,sq_43_51,1.0000464155125217,1.000078980541872,1.0000913625998067
1177,sq_43_52,1.0000464155125217,1.0000793831160861,1.0000917671277478
1178,sq_43_53,1.0000464155125217,1.0000809341881203,1.0000912133682174
1179,sq_43_57,1.0000464155125217,1.0001075599137994,1.0000980241101403
1180,sq_43_58,1.0000464155125217,1.0001230133655967,1.0000944789188777
1181,sq_43_63,1.0000464155125217,1.0000806224971812,1.0000937786182729
1182,sq_44_16,1.0000464155125217,1.0000907842340891,1.0000911271624093
1183,sq_44_17,1.0000464155125217,1.0000790790869933,1.0000916817967798
1184,sq_44_18,1.0000464155125217,1.0000791776445945,1.000092461776098
1185,sq_44_19,1.0000464155125217,1.0000842819498574,1.00009130784374
1186,sq_44_20,1.0000464155125217,1.0000795171870795,1.0000921398055995
1187,sq_44_25,1.0000464155125217,1.0000789805418715,1.0000913625998062
1188,sq_44_30,1.0000464155125217,1.000096144583191,1.0000921026427916
1189,sq_44_32,1.0000464155125217,1.0000854803248587,1.0000931788236322
1190,sq_44_33,1.0000464155125217,1.0000920688670922,1.0000988669733952
1191,sq_44_34,1.0000464155125217,1.0000813164496547,1.0000922217544113
1192,sq_44_35,1.0000464155125217,1.000080282947662,1.0000927953310672
1193,sq_44_36,1.0000464155125217,1.0001281649115015,1.0001488725665175
1194,sq_44_37,1.0000464155125217,1.0000837646759304,1.0000933058114632
1195,sq_44_38,1.0000464155125217,1.0000789805418717,1.0000913625998065
1196,sq_44_39,1.0000464155125217,1.000094410768819,1.000181647093504
1197,sq_44_41,1.0000464155125217,1.0000800737984659,1.0001375428754578
1198,sq_44_42,1.0000464155125217,1.0000789805418724,1.0000913625998065
1199,sq_44_43,1.0000464155125217,1.0000804880451573,1.0000919859235609
1200,sq_44_44,1.0000464155125217,1.0000795194918168,1.0000917379706
1201,sq_44_45,1.0000464155125217,1.0000793118978573,1.0000916096346508
1202,sq_44_46,1.0000464155125217,1.0000789805418715,1.0000913625998065
1203,sq_44_47,1.0000464155125217,1.0000789805418724,1.0000913625998065
1204,sq_44_48,1.0000464155125217,1.0000789805418713,1.0000913625998065
1205,sq_44_49,1.0000464155125217,1.0000789805418717,1.0000913625998065
1206,sq_44_50,1.0000464155125217,1.0000789805418715,1.0000913625998067
1207,sq_44_51,1.0000464155125217,1.0000789805418717,1.0000913625998065
1208,sq_44_52,1.0000464155125217,1.0000789805418724,1.0000913625998065
1209,sq_44_53,1.0000464155125217,1.000078980541872,1.0000913625998071
1210,sq_44_56,1.0000464155125217,1.0000789805418704,1.000091362599808
1211,sq_44_57,1.0000464155125217,1.0000789805418726,1.0000913625998065
1212,sq_44_58,1.0000464155125217,1.0000789805418715,1.0000913625998065
1213,sq_44_59,1.0000464155125217,1.0000789805418697,1.0000913625998078
1214,sq_44_60,1.0000464155125217,1.0000789805418704,1.0000913625998087
1215,sq_44_61,1.0000464155125217,1.000078980541872,1.000091362599807
1216,sq_44_63,1.0000464155125217,1.0001241451323912,1.0001230938451537
1217,sq_44_64,1.0000464155125217,1.0000789805418717,1.0000913625998062
1218,sq_45_17,1.0000464155125217,1.0000789805418724,1.0000913625998067
1219,sq_45_18,1.0000464155125217,1.000078980541872,1.0000913625998071
1220,sq_45_19,1.0000464155125217,1.0000801985206804,1.0000927329825173
1221,sq_45_20,1.0000464155125217,1.0000789805418715,1.0000913625998067
1222,sq_45_24,1.0000464155125217,1.0000789805418706,1.0000913625998071
1223,sq_45_25,1.0000464155125217,1.0000789805418688,1.000091362599808
1224,sq_45_30,1.0000464155125217,1.0000789805418717,1.0000913625998065
1225,sq_45_31,1.0000464155125217,1.0000789805418704,1.000091362599807
1226,sq_45_34,1.0000464155125217,1.0000825780669311,1.0000967611948517
1227,sq_45_35,1.0000464155125217,1.0000848270661278,1.000092950646831
1228,sq_45_41,1.0000464155125217,1.0001032310997902,1.000075696228966
1229,sq_45_42,1.0000464155125217,1.0014236332588538,0.9991745665729767
1230,sq_45_44,1.0000464155125217,1.018558445211306,0.9728246558483024
1231,sq_45_45,1.0000464155125217,1.394228113828641,0.6194683815848251
1232,sq_45_46,1.0000464155125217,1.004874796592338,0.994396102207871
1233,sq_45_47,1.0000464155125217,1.0000942802360944,1.0000788257411124
1234,sq_45_48,1.0000464155125217,1.0000273905597103,1.0001241049792617
1235,sq_45_49,1.0000464155125217,0.9990236416643764,1.0010781575848828
1236,sq_45_50,1.0000464155125217,0.9166413307412571,1.0566500180557021
1237,sq_45_51,1.0000464155125217,0.9837358905251178,1.0099033803318587
1238,sq_45_52,1.0000464155125217,1.0000477878124054,1.0001378916537311
1239,sq_45_53,1.0000464155125217,1.0000790109196867,1.0000913736283685
1240,sq_45_54,1.0000464155125217,1.0000789937968764,1.0000920286069297
1241,sq_45_55,1.0000464155125217,1.0000805312640806,1.0000943531152984
1242,sq_45_56,1.0000464155125217,1.000080794775904,1.0000917349054
1243,sq_45_57,1.0000464155125217,1.000095931246798,1.0000937228380156
1244,sq_45_58,1.0000464155125217,1.000090481941434,1.0001461458662295
1245,sq_45_59,1.0000464155125217,1.0000910459895989,1.0001027547819088
1246,sq_45_60,1.0000464155125217,1.0001014533252788,1.000099971899837
1247,sq_45_61,1.0000464155125217,1.0000912653641107,1.0001022927776932
1248,sq_45_62,1.0000464155125217,1.0000775095210597,1.0001008540445189
1249,sq_45_64,1.0000464155125217,1.0000916786815357,1.0001011643474145
1250,sq_46_17,1.0000464155125217,1.0000825100265935,1.0000915295941055
1251,sq_46_18,1.0000464155125217,1.0000796717872953,1.0000918747546674
1252,sq_46_19,1.0000464155125217,1.0000820261771348,1.0000911400492327
1253,sq_46_20,1.0000464155125217,1.0000825209517628,1.00009166008823
1254,sq_46_24,1.0000464155125217,1.0000808910438552,1.0000921549677648
1255,sq_46_30,1.0000464155125217,1.0001181272223119,1.0001199165811703
1256,sq_46_31,1.0000464155125217,1.0000851683918135,1.0000943030602625
1257,sq_46_34,1.0000464155125217,1.0000789805418722,1.0000913625998071
1258,sq_46_35,1.0000464155125217,1.0000789805418724,1.0000913625998065
1259,sq_46_36,1.0000464155125217,1.0001026554321382,1.0000929427736944
1260,sq_46_37,1.0000464155125217,1.000078980541871,1.0000913625998076
1261,sq_46_38,1.0000464155125217,1.000081199741139,1.0000947784347969
1262,sq_46_39,1.0000464155125217,1.0000814808377654,1.0000918772776195
1263,sq_46_40,1.0000464155125217,1.0000801973818232,1.00009494794881
1264,sq_46_41,1.0000464155125217,1.000082477202788,1.0001053238844735
1265,sq_46_42,1.0000464155125217,1.0000849196424917,1.0000934042492857
1266,sq_46_46,1.0000464155125217,1.000078987686722,1.0000915569938014
1267,sq_46_47,1.0000464155125217,1.000078980541872,1.0000913625998078
1268,sq_46_48,1.0000464155125217,1.0000802168572538,1.0000915894328832
1269,sq_46_52,1.0000464155125217,1.0000791260061104,1.0000913631003956
1270,sq_46_53,1.0000464155125217,1.0000789805418722,1.000091362599807
1271,sq_46_54,1.0000464155125217,1.000078980541872,1.0000913625998071
1272,sq_46_55,1.0000464155125217,1.0000789805418715,1.000091362599807
1273,sq_46_56,1.0000464155125217,1.0000789805418724,1.0000913625998074
1274,sq_46_57,1.0000464155125217,1.0000789805418722,1.0000913625998067
1275,sq_46_58,1.0000464155125217,1.0000789805418706,1.0000913625998078
1276,sq_46_60,1.0000464155125217,1.0000789805418722,1.0000913625998067
1277,sq_46_62,1.0000464155125217,1.0000789805418726,1.0000913625998067
1278,sq_46_63,1.0000464155125217,1.0000789805418713,1.000091362599807
1279,sq_46_64,1.0000464155125217,1.000078980541871,1.0000913625998074
1280,sq_47_17,1.0000464155125217,1.0000801156528656,1.0000916299685958
1281,sq_47_18,1.0000464155125217,1.0000800250322464,1.000091509138784
1282,sq_47_19,1.0000464155125217,1.0000795684310675,1.000091469783552
1283,sq_47_20,1.0000464155125217,1.000079367036212,1.0000915302857567
1284,sq_47_21,1.0000464155125217,1.0000812382045898,1.0000917817338673
1285,sq_47_22,1.0000464155125217,1.0000795450173783,1.0000916231301038
1286,sq_47_23,1.0000464155125217,1.0000825433195963,1.000092155390812
1287,sq_47_24,1.0000464155125217,1.0000789805418713,1.0000913625998067
1288,sq_47_29,1.0000464155125217,1.0000789805418673,1.0000913625998082
1289,sq_47_30,1.0000464155125217,1.0000789805418713,1.000091362599807
1290,sq_47_31,1.0000464155125217,1.000102410352777,1.0001082648062467
1291,sq_47_37,1.0000464155125217,1.0000837616222604,1.0000932353867709
1292,sq_47_38,1.0000464155125217,1.0000798948642038,1.0000945152155019
1293,sq_47_40,1.0000464155125217,1.000058263159613,1.0001132952020508
1294,sq_47_41,1.0000464155125217,0.9962828813709553,1.00303988105133
1295,sq_47_46,1.0000464155125217,0.8389995003888618,1.1116776946660627
1296,sq_47_47,1.0000464155125217,1.0000789805418715,1.0000913625998067
1297,sq_47_48,1.0000464155125217,1.000079862530341,1.0000946422587669
1298,sq_47_52,1.0000464155125217,1.0000801667475998,1.0000921602115413
1299,sq_47_56,1.0000464155125217,1.0000656621210362,1.0001002611199399
1300,sq_47_58,1.0000464155125217,1.027827851317732,0.9877832214502644
1301,sq_47_64,1.0000464155125217,1.0000789805418713,1.0000913625998071
1302,sq_47_65,1.0000464155125217,1.0000850445867122,1.0001003169408678
1303,sq_47_66,1.0000464155125217,1.0000815963059984,1.0000979237368834
1304,sq_47_67,1.0000464155125217,1.0001008934859577,1.0001207291684697
1305,sq_48_13,1.0000464155125217,1.0000858205754881,1.000091571538085
1306,sq_48_14,1.0000464155125217,1.0000925318453016,1.0000985098949233
1307,sq_48_16,1.0000464155125217,1.000081772397097,1.0001605708143042
1308,sq_48_17,1.0000464155125217,1.0000642088198197,1.0001401900058033
1309,sq_48_19,1.0000464155125217,1.000078475962127,1.0000962720372064
1310,sq_48_20,1.0000464155125217,1.0000790521930896,1.0000915818801421
1311,sq_48_21,1.0000464155125217,1.000079191413389,1.0000915695920565
1312,sq_48_22,1.0000464155125217,1.0000791432732725,1.0000919852219528
1313,sq_48_24,1.0000464155125217,1.0000931546828349,1.0000943209800277
1314,sq_48_25,1.0000464155125217,1.0000807810671666,1.0000947398904223
1315,sq_48_29,1.0000464155125217,1.0000800415386428,1.0000962488356966
1316,sq_48_37,1.0000464155125217,1.0000818354993095,1.0000922474767395
1317,sq_48_45,1.0000464155125217,1.000060587488448,1.000166219943414
1318,sq_48_46,1.0000464155125217,1.000078980541872,1.0000913625998071
1319,sq_48_47,1.0000464155125217,1.0000799371389548,1.0000920764301136
1320,sq_48_52,1.0000464155125217,1.0000793677570572,1.00009255170128
1321,sq_48_56,1.0000464155125217,1.0000834213490843,1.0001041122588932
1322,sq_48_58,1.0000464155125217,1.0000827108367014,1.0000943338293224
1323,sq_48_59,1.0000464155125217,1.0000924088752787,1.000090898661727
1324,sq_48_65,1.0000464155125217,1.0000884444672529,1.0000987421911813
1325,sq_49_14,1.0000464155125217,1.0000793027684127,1.0000923081758335
1326,sq_49_15,1.0000464155125217,1.0000812757849795,1.0000934709659195
1327,sq_49_16,1.0000464155125217,1.0000786937634154,1.0001028228940076
1328,sq_49_20,1.0000464155125217,1.0000789989425825,1.0000914047429523
1329,sq_49_21,1.0000464155125217,1.0000790591587967,1.0000915284608503
1330,sq_49_25,1.0000464155125217,1.0000837061107686,1.0000925023754819
1331,sq_49_29,1.0000464155125217,1.000087883814295,1.0001074570044117
1332,sq_49_30,1.0000464155125217,1.0001034738287287,1.0000940771136355
1333,sq_49_45,1.0000464155125217,1.000078980541871,1.0000913625998074
1334,sq_49_52,1.0000464155125217,1.000078980541873,1.0000913625998065
1335,sq_49_53,1.0000464155125217,1.0000789805418724,1.000091362599806
1336,sq_49_54,1.0000464155125217,1.0000789805418717,1.0000913625998067
1337,sq_49_55,1.0000464155125217,1.0000789805418706,1.0000913625998074
1338,sq_49_56,1.0000464155125217,1.0000789805418702,1.0000913625998074
1339,sq_49_59,1.0000464155125217,1.0000789805418704,1.000091362599807
1340,sq_49_65,1.0000464155125217,1.000078980541871,1.0000913625998076
1341,sq_4_12,1.0000464155125217,1.0000789805418724,1.0000913625998074
1342,sq_4_13,1.0000464155125217,1.000079374180161,1.0000916158638322
1343,sq_4_14,1.0000464155125217,1.000080468107168,1.0000918601233817
1344,sq_4_30,1.0000464155125217,1.0000953788463451,1.0000897963756499
1345,sq_4_31,1.0000464155125217,1.0000811954817133,1.0000915905379797
1346,sq_4_33,1.0000464155125217,1.0000789805418715,1.0000913625998071
1347,sq_50_15,1.0000464155125217,1.000078980541872,1.0000913625998071
1348,sq_50_16,1.0000464155125217,1.0000792040148476,1.0000922166315587
1349,sq_50_17,1.0000464155125217,1.0000830971987853,1.000091815484283
1350,sq_50_20,1.0000464155125217,1.0000789805418728,1.0000913625998067
1351,sq_50_21,1.0000464155125217,1.000078980541871,1.0000913625998076
1352,sq_50_22,1.0000464155125217,1.0000795812124288,1.0000916964666178
1353,sq_50_23,1.0000464155125217,1.00007986002735,1.000091852243509
1354,sq_50_24,1.0000464155125217,1.0000823846037064,1.0000941844748623
1355,sq_50_25,1.0000464155125217,1.0000800694533007,1.0000917233724993
1356,sq_50_26,1.0000464155125217,0.9969384417281858,1.001938976524836
1357,sq_50_28,1.0000464155125217,0.9935077292255204,1.0034710330332692
1358,sq_50_29,1.0000464155125217,0.9996293764525542,1.000366164619169
1359,sq_50_30,1.0000464155125217,0.9999964253193615,1.0002499846021182
1360,sq_50_35,1.0000464155125217,1.000078980541869,1.0000913625998082
1361,sq_50_36,1.0000464155125217,0.9986660281828912,1.0009458339744923
1362,sq_50_45,1.0000464155125217,1.4409997736045075,0.702141567652003
1363,sq_50_46,1.0000464155125217,1.0000789805418715,1.0000913625998065
1364,sq_50_51,1.0000464155125217,1.000062571157812,1.0001022753654432
1365,sq_50_52,1.0000464155125217,1.0000788006440011,1.0000932487535221
1366,sq_50_54,1.0000464155125217,1.0000882055391063,1.0001035672113896
1367,sq_50_59,1.0000464155125217,1.0000940096148272,1.000096252197972
1368,sq_50_60,1.0000464155125217,1.0000789805418713,1.0000913625998065
1369,sq_50_64,1.0000464155125217,1.0000987488220419,1.0001012803623126
1370,sq_50_65,1.0000464155125217,1.0001117070698013,1.0000912490709815
1371,sq_51_17,1.0000464155125217,1.0001062584962852,1.0000666009654875
1372,sq_51_18,1.0000464155125217,1.0000900225226719,1.000082568580409
1373,sq_51_20,1.0000464155125217,1.000079557062807,1.000092941598808
1374,sq_51_22,1.0000464155125217,1.0000821185948303,1.0000926286524554
1375,sq_51_23,1.0000464155125217,1.0000814955694959,1.0000925956157645
1376,sq_51_24,1.0000464155125217,1.0000819388833626,1.0000919349319444
1377,sq_51_25,1.0000464155125217,1.0000801466559612,1.0000929387153363
1378,sq_51_26,1.0000464155125217,1.000082184060055,1.000092376181778
1379,sq_51_27,1.0000464155125217,1.0000801728127942,1.0000975452104985
1380,sq_51_28,1.0000464155125217,1.0000802661069417,1.0000955438752903
1381,sq_51_36,1.0000464155125217,1.0000970831349354,1.0000969407973914
1382,sq_51_37,1.0000464155125217,1.0000952375336813,1.0000972559052888
1383,sq_51_38,1.0000464155125217,1.0000958280125698,1.000100904823465
1384,sq_51_46,1.0000464155125217,1.0000789805418715,1.0000913625998076
1385,sq_51_51,1.0000464155125217,1.000080085787375,1.0001059844897584
1386,sq_51_60,1.0000464155125217,1.000084868910917,1.0000944424446696
1387,sq_51_61,1.0000464155125217,1.000084592883501,1.000101471460439
1388,sq_51_62,1.0000464155125217,1.0000982798131073,1.0001042953588364
1389,sq_51_63,1.0000464155125217,1.0000902640054323,1.0001039690334
1390,sq_51_64,1.0000464155125217,1.0000826678215877,1.0000931741992156
1391,sq_51_65,1.0000464155125217,1.0000788886120309,1.0000953199733718
1392,sq_51_66,1.0000464155125217,1.000110060024197,1.0001078930408218
1393,sq_52_18,1.0000464155125217,1.0000771903270873,1.0001187602110173
1394,sq_52_19,1.0000464155125217,1.0000799292450058,1.0000917194196846
1395,sq_52_20,1.0000464155125217,1.0000789805418724,1.0000913625998062
1396,sq_52_21,1.0000464155125217,1.0000789805418704,1.0000913625998076
1397,sq_52_22,1.0000464155125217,1.0000789805418722,1.0000913625998071
1398,sq_52_23,1.0000464155125217,1.0000789805418717,1.000091362599807
1399,sq_52_24,1.0000464155125217,1.0000789805418726,1.0000913625998065
1400,sq_52_25,1.0000464155125217,1.000078980541872,1.0000913625998074
1401,sq_52_26,1.0000464155125217,1.000078980541872,1.0000913625998067
1402,sq_52_27,1.0000464155125217,1.0000789805418715,1.000091362599807
1403,sq_52_36,1.0000464155125217,1.0000789805418704,1.0000913625998078
1404,sq_52_37,1.0000464155125217,1.0000789805418713,1.0000913625998071
1405,sq_52_39,1.0000464155125217,1.0000789805418684,1.0000913625998082
1406,sq_52_40,1.0000464155125217,1.0000789805418688,1.0000913625998085
1407,sq_52_46,1.0000464155125217,1.0000869567126567,1.0000957950401808
1408,sq_52_51,1.0000464155125217,1.0000877353521205,1.0000931506666981
1409,sq_52_62,1.0000464155125217,1.0000859602146601,1.0000917142822037
1410,sq_52_63,1.0000464155125217,1.000079192067102,1.0000927280290781
1411,sq_52_64,1.0000464155125217,1.0001234187250627,1.0001324962771019
1412,sq_52_66,1.0000464155125217,1.000104792981454,1.000089616905997
1413,sq_52_67,1.0000464155125217,1.0001018501523287,1.0000967441449262
1414,sq_53_22,1.0000464155125217,0.9999904151641476,1.0001278146189332
1415,sq_53_23,1.0000464155125217,0.9999107580420783,1.0001875465734535
1416,sq_53_24,1.0000464155125217,1.0000772763930164,1.0000941958766032
1417,sq_53_25,1.0000464155125217,1.0000712656189705,1.00010112281535
1418,sq_53_27,1.0000464155125217,0.9995700592866378,1.0004867506534418
1419,sq_53_28,1.0000464155125217,0.9949392680196495,1.0047276219003827
1420,sq_53_30,1.0000464155125217,0.8076907895175705,1.1320650373332501
1421,sq_53_31,1.0000464155125217,0.9704734892437071,1.0163439314983607
1422,sq_53_32,1.0000464155125217,0.9977597709005207,1.0015445319373457
1423,sq_53_33,1.0000464155125217,0.9997508831960691,1.0002854034836544
1424,sq_53_34,1.0000464155125217,1.0000722911946478,1.0001061559652016
1425,sq_53_35,1.0000464155125217,1.0000952853196987,1.000095768899999
1426,sq_53_36,1.0000464155125217,1.0001583643119076,1.0000793485222996
1427,sq_53_40,1.0000464155125217,1.0001267578570538,1.0000766794908584
1428,sq_53_41,1.0000464155125217,1.000249019265418,0.9999191734280097
1429,sq_53_46,1.0000464155125217,1.0008084364423036,0.9992852385167706
1430,sq_53_51,1.0000464155125217,1.0004879510468905,0.9995754672244933
1431,sq_53_62,1.0000464155125217,1.0000383562434805,1.0001217809257623
1432,sq_53_63,1.0000464155125217,1.000078590961909,1.0000938894249787
1433,sq_53_64,1.0000464155125217,1.0000891732004475,1.0000943630830377
1434,sq_54_25,1.0000464155125217,1.0000853594802597,1.0000918864937236
1435,sq_54_26,1.0000464155125217,1.0000800626363062,1.000093018758921
1436,sq_54_27,1.0000464155125217,1.0000806950054422,1.000091798665936
1437,sq_54_28,1.0000464155125217,1.000088582349082,1.0000954542464222
1438,sq_54_29,1.0000464155125217,1.0000796874432256,1.0000932865861052
1439,sq_54_30,1.0000464155125217,1.0000771373698634,1.000111125023233
1440,sq_54_34,1.0000464155125217,1.0000814792728108,1.0001242632503256
1441,sq_54_41,1.0000464155125217,1.0001109659458758,1.0001571607688025
1442,sq_54_42,1.0000464155125217,1.0000899758057502,1.0001460100935624
1443,sq_54_46,1.0000464155125217,1.0000860152579216,1.000111734974881
1444,sq_54_51,1.0000464155125217,1.000086648594638,1.0001501208512926
1445,sq_54_52,1.0000464155125217,1.0000929379292054,1.0001010041164564
1446,sq_54_54,1.0000464155125217,1.000115939256745,1.0001613356919241
1447,sq_54_55,1.0000464155125217,1.000081503283603,1.0001024293621235
1448,sq_54_56,1.0000464155125217,1.0000829734204044,1.0000941180946263
1449,sq_54_57,1.0000464155125217,1.0000790487698803,1.00009376708899
1450,sq_54_58,1.0000464155125217,1.000085630049938,1.0000961417040442
1451,sq_54_61,1.0000464155125217,1.0000945111002144,1.0000973137683178
1452,sq_54_63,1.0000464155125217,1.0001083505848467,1.0000979232610179
1453,sq_54_64,1.0000464155125217,1.00008066462434,1.0000924258720343
1454,sq_55_25,1.0000464155125217,1.0000849419581268,1.0000962058301288
1455,sq_55_27,1.0000464155125217,1.0000731395016298,1.00011971626084
1456,sq_55_28,1.0000464155125217,1.0001133500289672,1.0001615636086327
1457,sq_55_29,1.0000464155125217,1.0000789805418706,1.0000913625998065
1458,sq_55_30,1.0000464155125217,1.0000789805418704,1.000091362599807
1459,sq_55_31,1.0000464155125217,1.0000789805418715,1.0000913625998071
1460,sq_55_42,1.0000464155125217,1.0000789805418702,1.0000913625998078
1461,sq_55_43,1.0000464155125217,1.000078980541871,1.0000913625998065
1462,sq_55_44,1.0000464155125217,1.0000789805418704,1.0000913625998074
1463,sq_55_46,1.0000464155125217,1.0000789805418715,1.0000913625998071
1464,sq_55_50,1.0000464155125217,1.0000789805418708,1.0000913625998071
1465,sq_55_51,1.0000464155125217,1.0000924848359503,1.0001095032820997
1466,sq_55_52,1.0000464155125217,1.0001142363895168,1.0000987519019318
1467,sq_55_53,1.0000464155125217,1.0001365623697964,1.000102097721866
1468,sq_55_54,1.0000464155125217,1.000088459637409,1.0001145049775244
1469,sq_55_61,1.0000464155125217,1.0000924467368002,1.0000951704656953
1470,sq_55_62,1.0000464155125217,1.0000877651610265,1.0000970639074676
1471,sq_55_63,1.0000464155125217,1.0000851865587426,1.0001022677261155
1472,sq_55_64,1.0000464155125217,1.0000969940657478,1.0000962501620945
1473,sq_55_65,1.0000464155125217,1.0001054638793,1.0000950978710474
1474,sq_55_66,1.0000464155125217,1.000060243261639,1.000135675749172
1475,sq_55_67,1.0000464155125217,0.9997539977466293,1.0003722856207813
1476,sq_56_25,1.0000464155125217,0.996918492366692,1.0031300004844377
1477,sq_56_26,1.0000464155125217,0.9854765017465322,1.0138852314562838
1478,sq_56_27,1.0000464155125217,0.9512854233421486,1.0391939923045006
1479,sq_56_31,1.0000464155125217,0.9949872683627299,1.0042481366009268
1480,sq_56_43,1.0000464155125217,0.9980741265470897,1.0015864006183657
1481,sq_56_44,1.0000464155125217,1.0000922816483016,1.0000981371480249
1482,sq_56_45,1.0000464155125217,1.0000977094117036,1.0001085381304486
1483,sq_56_46,1.0000464155125217,1.000100347448546,1.0000981273967684
1484,sq_56_48,1.0000464155125217,1.0002529713786303,1.0000528888499438
1485,sq_56_50,1.0000464155125217,1.0003948712250186,0.9998471163188298
1486,sq_56_52,1.0000464155125217,1.0063297309661974,0.995858508602725
1487,sq_56_53,1.0000464155125217,1.033038644106329,0.9753027734338927
1488,sq_56_54,1.0000464155125217,0.9958326186999666,1.0026215154091997
1489,sq_56_62,1.0000464155125217,1.0000701058482617,1.0001050197171322
1490,sq_56_63,1.0000464155125217,1.000086075085882,1.0000946770664974
1491,sq_56_64,1.0000464155125217,1.000100698428592,1.00009761385077
1492,sq_56_65,1.0000464155125217,1.0001093897673148,1.000112418073373
1493,sq_56_66,1.0000464155125217,1.000098066311695,1.000099966100624
1494,sq_56_67,1.0000464155125217,1.000094136208163,1.0001001870315052
1495,sq_56_68,1.0000464155125217,1.000114361856246,1.000125789284698
1496,sq_57_26,1.0000464155125217,1.000111611674897,1.0001708216850718
1497,sq_57_27,1.0000464155125217,1.0000870279436218,1.000134561156794
1498,sq_57_28,1.0000464155125217,1.000135601265623,1.0001884241245236
1499,sq_57_30,1.0000464155125217,1.0001459040505105,1.0001902971244927
1500,sq_57_31,1.0000464155125217,1.0001311395013137,1.0001495397132338
1501,sq_57_45,1.0000464155125217,1.0000772703879681,1.0001004760565086
1502,sq_57_46,1.0000464155125217,1.0001249843754192,1.0001070658069897
1503,sq_57_47,1.0000464155125217,1.0000959688572837,1.0001647578641375
1504,sq_57_48,1.0000464155125217,1.0001047046507083,1.000160946958017
1505,sq_57_49,1.0000464155125217,1.0000797010366493,1.000104093323471
1506,sq_57_50,1.0000464155125217,1.0000930448276186,1.0001153344061648
1507,sq_57_53,1.0000464155125217,1.000068622840894,1.0001310583919176
1508,sq_57_54,1.0000464155125217,1.000074506502438,1.0001087834203097
1509,sq_57_64,1.0000464155125217,1.0001165163502632,1.0001230311136569
1510,sq_57_65,1.0000464155125217,1.0000985691029614,1.0001097319336196
1511,sq_57_67,1.0000464155125217,1.0000860077557205,1.0000956077204526
1512,sq_57_68,1.0000464155125217,1.0000881685362923,1.000095583511984
1513,sq_57_69,1.0000464155125217,1.0000892829094563,1.0001028646651375
1514,sq_57_70,1.0000464155125217,1.000078980541872,1.0000913625998065
1515,sq_58_27,1.0000464155125217,1.0000789805418708,1.0000913625998067
1516,sq_58_28,1.0000464155125217,1.0000789805418713,1.0000913625998071
1517,sq_58_29,1.0000464155125217,1.00007898054187,1.0000913625998085
1518,sq_58_30,1.0000464155125217,1.0000789805418693,1.000091362599808
1519,sq_58_45,1.0000464155125217,1.0000789805418713,1.0000913625998074
1520,sq_58_46,1.0000464155125217,1.000078980541871,1.0000913625998074
1521,sq_58_54,1.0000464155125217,1.0000874947232454,1.0000994498476443
1522,sq_58_55,1.0000464155125217,1.00011732757913,1.0001279074586495
1523,sq_58_64,1.0000464155125217,1.0000904444689904,1.0001079271981894
1524,sq_58_65,1.0000464155125217,1.0000874132118338,1.0001011010984338
1525,sq_58_66,1.0000464155125217,1.0000980265176227,1.0001011803547373
1526,sq_58_67,1.0000464155125217,1.0000841153526412,1.000093218745668
1527,sq_58_68,1.0000464155125217,1.0000792211473337,1.0000935944109253
1528,sq_58_70,1.0000464155125217,1.0000744287810153,1.0001117560413855
1529,sq_58_71,1.0000464155125217,1.0000845482024705,1.0001220331722604
1530,sq_58_72,1.0000464155125217,1.0000801134408612,1.000098194449333
1531,sq_58_73,1.0000464155125217,1.0000670657657673,1.0001130083683971
1532,sq_58_74,1.0000464155125217,0.9998294723507994,1.0003030354642448
1533,sq_59_27,1.0000464155125217,0.9970598171916131,1.0030078136507385
1534,sq_59_28,1.0000464155125217,0.9904605411646245,1.009362856220025
1535,sq_59_29,1.0000464155125217,0.9946063728455496,1.0053032237544415
1536,sq_59_30,1.0000464155125217,0.9987338529625998,1.0012858914570484
1537,sq_59_31,1.0000464155125217,0.9998148335354715,1.000340003189286
1538,sq_59_32,1.0000464155125217,1.000085533696815,1.0001175065603947
1539,sq_59_33,1.0000464155125217,1.00018677453098,1.0000935912193578
1540,sq_59_45,1.0000464155125217,1.0003421557774848,0.9999430933949862
1541,sq_59_46,1.0000464155125217,1.000658553284926,0.9997184911404162
1542,sq_59_55,1.0000464155125217,1.0044949995204424,0.995839628185339
1543,sq_59_64,1.0000464155125217,1.0452164083836286,0.9666517632684914
1544,sq_5_10,1.0000464155125217,1.6409334003551144,0.6192260791803978
1545,sq_5_11,1.0000464155125217,0.9617949609258852,1.0221170014733025
1546,sq_5_12,1.0000464155125217,0.9991611742660902,1.0005784121872008
1547,sq_5_14,1.0000464155125217,1.0000768959063204,1.0000938922531248
1548,sq_5_15,1.0000464155125217,1.0000811414064448,1.0000914597966075
1549,sq_5_16,1.0000464155125217,1.000080982515173,1.0000915150605116
1550,sq_5_17,1.0000464155125217,1.000078980541871,1.0000913625998071
1551,sq_5_19,1.0000464155125217,1.0001136071843693,1.0001577824215944
1552,sq_5_30,1.0000464155125217,1.0000853002371408,1.0000903869937396
1553,sq_5_31,1.0000464155125217,1.0000789805418717,1.000091362599807
1554,sq_5_32,1.0000464155125217,1.000078980541872,1.0000913625998071
1555,sq_5_33,1.0000464155125217,1.0000789805418713,1.0000913625998067
1556,sq_5_34,1.0000464155125217,1.0000789805418717,1.0000913625998074
1557,sq_5_35,1.0000464155125217,1.0000807317156117,1.000091664915826
1558,sq_5_36,1.0000464155125217,1.0000789805418724,1.0000913625998067
1559,sq_5_37,1.0000464155125217,1.0000789805418717,1.000091362599807
1560,sq_5_38,1.0000464155125217,1.0000792777179621,1.0000915470642893
1561,sq_5_39,1.0000464155125217,1.0000791083405367,1.0000935155267145
1562,sq_60_30,1.0000464155125217,1.0000789805418677,1.000091362599809
1563,sq_60_31,1.0000464155125217,1.000090611223141,1.0001031547211892
1564,sq_60_33,1.0000464155125217,1.0000828612372006,1.0000957808016702
1565,sq_60_34,1.0000464155125217,1.0000789805418697,1.0000913625998082
1566,sq_60_35,1.0000464155125217,1.0000789805418713,1.0000913625998067
1567,sq_60_36,1.0000464155125217,1.0001145642145652,1.0000958060715315
1568,sq_60_37,1.0000464155125217,1.0001421540706368,1.0000969213691846
1569,sq_60_38,1.0000464155125217,1.0000789805418717,1.0000913625998065
1570,sq_60_39,1.0000464155125217,1.0000789805418704,1.0000913625998076
1571,sq_60_40,1.0000464155125217,1.0000789805418715,1.0000913625998067
1572,sq_60_41,1.0000464155125217,1.0000789805418708,1.0000913625998067
1573,sq_60_42,1.0000464155125217,1.0000789805418715,1.0000913625998071
1574,sq_60_43,1.0000464155125217,1.0000789805418706,1.0000913625998074
1575,sq_60_44,1.0000464155125217,1.0000789805418715,1.0000913625998071
1576,sq_60_45,1.0000464155125217,1.0000789805418713,1.0000913625998074
1577,sq_60_55,1.0000464155125217,1.000078980541871,1.0000913625998065
1578,sq_60_64,1.0000464155125217,1.000078980541872,1.0000913625998071
1579,sq_61_34,1.0000464155125217,1.0001121277150269,1.0001010395612544
1580,sq_61_35,1.0000464155125217,1.0001431522101476,1.0001544749956242
1581,sq_61_40,1.0000464155125217,1.000132582897697,1.000167693722566
1582,sq_61_41,1.0000464155125217,1.0001081485644676,1.0001714138943256
1583,sq_61_43,1.0000464155125217,1.0001216528765067,1.0001506414890313
1584,sq_61_44,1.0000464155125217,1.0000996217117764,1.0001146216896444
1585,sq_61_45,1.0000464155125217,1.000089549806896,1.0000940301286478
1586,sq_61_55,1.0000464155125217,1.0001249748330894,1.0000973639950874
1587,sq_62_43,1.0000464155125217,1.0000789805418688,1.0000913625998082
1588,sq_62_44,1.0000464155125217,1.0000789805418713,1.0000913625998067
1589,sq_62_45,1.0000464155125217,1.0000789805418722,1.0000913625998062
1590,sq_62_54,1.0000464155125217,0.9995427962755425,1.000645406284784
1591,sq_62_55,1.0000464155125217,0.9978665802019933,1.002166192129008
1592,sq_63_45,1.0000464155125217,1.0000789805418706,1.0000913625998067
1593,sq_63_46,1.0000464155125217,0.9999648924137586,1.0001713151296505
1594,sq_63_53,1.0000464155125217,1.000085184341766,1.000130914880262
1595,sq_63_54,1.0000464155125217,1.0001707040768077,1.0001216806553108
1596,sq_63_55,1.0000464155125217,1.0001997842713453,1.0001268272566566
1597,sq_64_46,1.0000464155125217,1.0001984330283904,1.0000726625796952
1598,sq_64_47,1.0000464155125217,1.0002136853635561,1.0000006413549876
1599,sq_64_48,1.0000464155125217,1.0012969992777898,0.9990405103437542
1600,sq_64_51,1.0000464155125217,1.0078185763560987,0.9940874271685146
1601,sq_64_52,1.0000464155125217,1.177029898169326,0.8725150740368985
1602,sq_64_53,1.0000464155125217,1.0269967003408973,0.9804039915007543
1603,sq_64_54,1.0000464155125217,1.0002261344675885,0.9999824851754072
1604,sq_64_55,1.0000464155125217,1.0001222873141162,1.0001084407981913
1605,sq_65_48,1.0000464155125217,1.0000989786774228,1.0000984143329938
1606,sq_65_49,1.0000464155125217,1.0000787446758024,1.0000963922013326
1607,sq_65_50,1.0000464155125217,1.0000953670911334,1.0000931100669797
1608,sq_65_51,1.0000464155125217,1.000121308834323,1.0001113679102283
1609,sq_65_52,1.0000464155125217,1.0001016418663096,1.000098415751445
1610,sq_65_53,1.0000464155125217,1.0000846801315753,1.0001305532269817
1611,sq_66_48,1.0000464155125217,1.0000789805418704,1.0000913625998076
1612,sq_66_49,1.0000464155125217,1.0000789805418722,1.000091362599806
1613,sq_66_51,1.0000464155125217,1.0000789805418713,1.0000913625998065
1614,sq_67_47,1.0000464155125217,1.0000863577737005,1.0000927693296948
1615,sq_67_48,1.0000464155125217,1.0000789805418713,1.000091362599807
1616,sq_67_51,1.0000464155125217,1.0000789805418684,1.000091362599808
1617,sq_68_46,1.0000464155125217,1.0001140940779363,1.000141994509708
1618,sq_68_47,1.0000464155125217,1.0000789805418724,1.0000913625998062
1619,sq_69_45,1.0000464155125217,1.0000789805418708,1.0000913625998071
1620,sq_6_10,1.0000464155125217,1.0000789805418724,1.000091362599807
1621,sq_6_11,1.0000464155125217,1.0000789805418717,1.000091362599807
1622,sq_6_12,1.0000464155125217,1.0000789805418715,1.0000913625998065
1623,sq_6_16,1.0000464155125217,1.0000789805418717,1.0000913625998065
1624,sq_6_17,1.0000464155125217,1.0000789805418724,1.0000913625998062
1625,sq_6_19,1.0000464155125217,1.000078980541871,1.000091362599807
1626,sq_6_20,1.0000464155125217,1.00007898054187,1.0000913625998076
1627,sq_6_22,1.0000464155125217,1.000078980541872,1.0000913625998067
1628,sq_6_25,1.0000464155125217,1.0000789805418717,1.0000913625998071
1629,sq_6_26,1.0000464155125217,1.0000789805418717,1.0000913625998065
1630,sq_6_29,1.0000464155125217,1.000078980541871,1.0000913625998071
1631,sq_6_30,1.0000464155125217,1.0000789805418722,1.0000913625998067
1632,sq_6_31,1.0000464155125217,1.000078980541872,1.0000913625998076
1633,sq_6_33,1.0000464155125217,1.0000793141191568,1.0000934852074927
1634,sq_6_35,1.0000464155125217,1.000081257736454,1.0000919077437294
1635,sq_6_37,1.0000464155125217,1.0000789805418715,1.0000913625998071
1636,sq_6_38,1.0000464155125217,1.000078980541873,1.0000913625998067
1637,sq_70_40,1.0000464155125217,1.000115978164789,1.0001372642792425
1638,sq_70_41,1.0000464155125217,1.0001366492067412,1.0001510486978429
1639,sq_70_42,1.0000464155125217,1.0001090389048242,1.0001027462869596
1640,sq_70_43,1.0000464155125217,1.000078980541871,1.0000913625998065
1641,sq_70_44,1.0000464155125217,1.0000789805418728,1.0000913625998076
1642,sq_70_45,1.0000464155125217,1.000078980541871,1.0000913625998076
1643,sq_71_39,1.0000464155125217,1.0000789805418704,1.000091362599807
1644,sq_71_40,1.0000464155125217,0.999746517968019,1.0003737152542551
1645,sq_71_43,1.0000464155125217,1.0000789805418706,1.0000913625998076
1646,sq_71_44,1.0000464155125217,1.0000789805418717,1.000091362599807
1647,sq_72_39,1.0000464155125217,1.0000789805418677,1.000091362599809
1648,sq_72_41,1.0000464155125217,1.0001496234241682,1.000087956376089
1649,sq_72_42,1.0000464155125217,1.0001718054832498,1.0001034005296594
1650,sq_72_43,1.0000464155125217,1.0001551568218994,1.000103993070362
1651,sq_72_44,1.0000464155125217,1.0000907260229541,1.0000979716820009
1652,sq_73_39,1.0000464155125217,1.000189232442018,0.9999957664244085
1653,sq_73_40,1.0000464155125217,1.000968932085654,0.9995550468881741
1654,sq_73_41,1.0000464155125217,1.0663096944204813,0.9526957808773872
1655,sq_73_44,1.0000464155125217,1.0072152414739717,0.9949405814973186
1656,sq_74_44,1.0000464155125217,1.00227951726535,0.9984833273423491
1657,sq_75_44,1.0000464155125217,1.0000789805418708,1.0000913625998076
1658,sq_76_44,1.0000464155125217,1.0001377122772537,1.0001033644808337
1659,sq_76_45,1.0000464155125217,1.0001113860741861,1.0001454225590114
1660,sq_77_45,1.0000464155125217,1.0001572500521456,1.0001070783411452
1661,sq_78_44,1.0000464155125217,1.0001647419819242,1.00014423444022
1662,sq_7_10,1.0000464155125217,1.0000893602422916,1.0001200191600566
1663,sq_7_12,1.0000464155125217,1.0000789805418722,1.0000913625998062
1664,sq_7_13,1.0000464155125217,1.0000789805418717,1.0000913625998065
1665,sq_7_14,1.0000464155125217,1.0000821519479468,1.0000927937787139
1666,sq_7_15,1.0000464155125217,1.000083061780751,1.0000927744217694
1667,sq_7_16,1.0000464155125217,1.0000789805418708,1.0000913625998071
1668,sq_7_17,1.0000464155125217,1.0000789805418715,1.0000913625998076
1669,sq_7_18,1.0000464155125217,1.0000789805418717,1.0000913625998067
1670,sq_7_19,1.0000464155125217,1.0000795347726747,1.0000914708777726
1671,sq_7_20,1.0000464155125217,1.0000789805418722,1.0000913625998074
1672,sq_7_21,1.0000464155125217,1.0000789805418717,1.000091362599807
1673,sq_7_22,1.0000464155125217,1.000078980541873,1.0000913625998058
1674,sq_7_23,1.0000464155125217,1.0000789805418715,1.0000913625998071
1675,sq_7_24,1.0000464155125217,1.0000789805418722,1.0000913625998071
1676,sq_7_25,1.0000464155125217,1.0000789805418724,1.000091362599807
1677,sq_7_26,1.0000464155125217,1.0000789805418722,1.000091362599807
1678,sq_7_27,1.0000464155125217,1.0000789805418717,1.000091362599807
1679,sq_7_28,1.0000464155125217,1.000078980541872,1.0000913625998067
1680,sq_7_29,1.0000464155125217,1.00007898054187,1.0000913625998076
1681,sq_7_30,1.0000464155125217,1.0000789805418717,1.0000913625998067
1682,sq_7_31,1.0000464155125217,1.0000789805418717,1.000091362599807
1683,sq_7_32,1.0000464155125217,1.0000789805418715,1.0000913625998071
1684,sq_7_33,1.0000464155125217,1.000079567528895,1.0000914344157739
1685,sq_7_34,1.0000464155125217,1.0000808002777388,1.0000912299342524
1686,sq_7_35,1.0000464155125217,1.0000810525599635,1.0000922649267014
1687,sq_7_36,1.0000464155125217,1.0000819630167008,1.000092716074829
1688,sq_7_37,1.0000464155125217,1.000078980541872,1.0000913625998062
1689,sq_7_38,1.0000464155125217,1.0000789805418713,1.0000913625998071
1690,sq_7_39,1.0000464155125217,1.000078980541872,1.0000913625998067
1691,sq_7_47,1.0000464155125217,1.0000789805418726,1.0000913625998067
1692,sq_7_9,1.0000464155125217,1.0000789805418706,1.000091362599807
1693,sq_8_13,1.0000464155125217,1.0000789805418724,1.000091362599807
1694,sq_8_14,1.0000464155125217,1.0000789805418717,1.0000913625998071
1695,sq_8_15,1.0000464155125217,1.0000789805418717,1.0000913625998071
1696,sq_8_16,1.0000464155125217,1.0000789805418713,1.000091362599807
1697,sq_8_17,1.0000464155125217,1.0000789805418722,1.0000913625998065
1698,sq_8_18,1.0000464155125217,1.000079452157357,1.0000916368366959
1699,sq_8_20,1.0000464155125217,1.0000792885182372,1.0000917395306452
1700,sq_8_21,1.0000464155125217,1.0000789805418728,1.000091362599806
1701,sq_8_22,1.0000464155125217,1.000078980541872,1.0000913625998071
1702,sq_8_23,1.0000464155125217,1.0000789805418717,1.000091362599807
1703,sq_8_25,1.0000464155125217,1.0000809357729665,1.0000913899118755
1704,sq_8_26,1.0000464155125217,1.0000815942758576,1.0000926624463364
1705,sq_8_27,1.0000464155125217,1.0000805568343776,1.0000913248601033
1706,sq_8_28,1.0000464155125217,1.0000789805418728,1.000091362599807
1707,sq_8_29,1.0000464155125217,1.0000789805418715,1.000091362599807
1708,sq_8_31,1.0000464155125217,1.0000829273798988,1.0000906255768485
1709,sq_8_33,1.0000464155125217,1.0000791622685674,1.0000914326344637
1710,sq_8_34,1.0000464155125217,1.0000775120563907,1.0000933496969724
1711,sq_8_35,1.0000464155125217,1.000078980541872,1.000091362599807
1712,sq_8_36,1.0000464155125217,1.0000789805418713,1.0000913625998074
1713,sq_8_37,1.0000464155125217,1.0000789805418713,1.0000913625998067
1714,sq_8_38,1.0000464155125217,1.0000789805418722,1.000091362599807
1715,sq_8_39,1.0000464155125217,1.000079112203697,1.0000918069498237
1716,sq_8_44,1.0000464155125217,1.0000827230341462,1.000091267680591
1717,sq_8_45,1.0000464155125217,1.0000800209378624,1.0000916354870157
1718,sq_8_46,1.0000464155125217,1.0000860339538817,1.0000890574535077
1719,sq_8_47,1.0000464155125217,1.0000852641528557,1.0000879896769486
1720,sq_8_48,1.0000464155125217,1.0031586234092327,0.9984269701571867
1721,sq_8_50,1.0000464155125217,1.0000897149812802,1.0000832739160674
1722,sq_8_51,1.0000464155125217,1.0001512499497098,1.0000149047886002
1723,sq_8_8,1.0000464155125217,1.0000916154008763,1.000095316398123
1724,sq_8_9,1.0000464155125217,1.000081190820112,1.0000933988681937
1725,sq_9_14,1.0000464155125217,1.000128443294848,1.000156458276031
1726,sq_9_15,1.0000464155125217,1.0000789805418715,1.0000913625998074
1727,sq_9_16,1.0000464155125217,1.000078980541873,1.000091362599807
1728,sq_9_18,1.0000464155125217,1.0000793540485322,1.0000914178272153
1729,sq_9_20,1.0000464155125217,1.0000792922207347,1.0000915531848495
1730,sq_9_22,1.0000464155125217,1.0000799280390142,1.0000913223076315
1731,sq_9_23,1.0000464155125217,1.0000790687909524,1.0000915537592505
1732,sq_9_24,1.0000464155125217,1.000079131445344,1.0000914728890435
1733,sq_9_25,1.0000464155125217,1.0000789805418715,1.0000913625998065
1734,sq_9_26,1.0000464155125217,1.0000789805418726,1.0000913625998062
1735,sq_9_27,1.0000464155125217,1.000078980541872,1.0000913625998065
1736,sq_9_28,1.0000464155125217,1.000078980541872,1.0000913625998065
1737,sq_9_29,1.0000464155125217,1.0000916269408298,1.000094558619944
1738,sq_9_30,1.0000464155125217,1.0000789805418722,1.000091362599807
1739,sq_9_31,1.0000464155125217,1.0000789805418724,1.000091362599807
1740,sq_9_32,1.0000464155125217,1.0000789805418724,1.000091362599807
1741,sq_9_33,1.0000464155125217,1.0000789805418717,1.0000913625998065
1742,sq_9_36,1.0000464155125217,1.0000789805418722,1.0000913625998067
1743,sq_9_39,1.0000464155125217,1.0000789805418724,1.0000913625998067
1744,sq_9_40,1.0000464155125217,1.0000789805418722,1.0000913625998065
1745,sq_9_41,1.0000464155125217,1.0000789805418704,1.0000913625998076
1746,sq_9_42,1.0000464155125217,1.000078980541872,1.0000913625998078
1747,sq_9_43,1.0000464155125217,1.000078980541872,1.0000913625998065
1748,sq_9_44,1.0000464155125217,1.0000789805418717,1.0000913625998065
1749,sq_9_45,1.0000464155125217,1.000078980541872,1.0000913625998067
1750,sq_9_46,1.0000464155125217,1.000078997691863,1.000092339026403
1751,sq_9_47,1.0000464155125217,1.0000811789431607,1.000091902873647
1752,sq_9_48,1.0000464155125217,1.0000789805418717,1.0000913625998076
1753,sq_9_49,1.0000464155125217,1.0000789805418722,1.0000913625998071
1754,sq_9_50,1.0000464155125217,1.0000789805418715,1.0000913625998078
1755,sq_9_51,1.0000464155125217,1.0000802065320678,1.0000917300010093
1756,sq_9_7,1.0000464155125217,1.000081328564429,1.000093174590282
1757,sq_9_8,1.0000464155125217,1.0000911473958165,1.0000986391495141
1758,sq_9_9,1.0000464155125217,1.000127022630378,1.0001331014260935
1759,sq_18_49,1.0000464155125217,1.0000789805418728,1.0000913625998067
1760,sq_18_55,1.0000464155125217,1.000081128834951,1.0000911802498669
1761,sq_25_20,1.0000464155125217,1.0000803626008439,1.0000955333926662
1762,sq_27_27,1.0000464155125217,1.0000789805418686,1.0000913625998091
1763,sq_46_59,1.0000464155125217,1.0000789805418715,1.0000913625998071
1764,sq_48_36,1.0000464155125217,1.0000789805418708,1.0000913625998067
1765,sq_53_67,1.0000464155125217,1.0000789805418684,1.000091362599808
1766,sq_54_60,1.0000464155125217,1.0000789805418717,1.0000913625998065
1767,sq_4_35,1.0000464155125217,1.0000789805418722,1.0000913625998062
1768,sq_8_49,1.0000464155125217,1.00008865771458,1.0000913358191106
1769,sq_7_50,1.0000464155125217,1.000079921413739,1.000091965509135
1770,sq_0_33,1.0000464155125217,1.0001265566801754,1.000118167992395
1771,sq_0_34,1.0000464155125217,1.000129112754273,1.0000822629832122
1772,sq_0_35,1.0000464155125217,1.000180250224897,1.0000526451873728
1773,sq_0_36,1.0000464155125217,1.0007635128375627,0.9995964817954957
1774,sq_0_37,1.0000464155125217,1.0000789805418706,1.000091362599807
1775,sq_10_11,1.0000464155125217,1.0000998391686016,1.0000872583919187
1776,sq_10_12,1.0000464155125217,1.0000815318235128,1.0001170478189616
1777,sq_10_13,1.0000464155125217,1.000078980541872,1.0000913625998065
1778,sq_10_14,1.0000464155125217,1.0000799718968438,1.0000969692016928
1779,sq_10_15,1.0000464155125217,1.0000789805418715,1.0000913625998067
1780,sq_10_2,1.0000464155125217,1.0000993512304566,1.0000927396691377
1781,sq_10_3,1.0000464155125217,1.0000830507469725,1.0000981935800557
1782,sq_10_38,1.0000464155125217,1.0000789805418726,1.0000913625998065
1783,sq_10_4,1.0000464155125217,1.00007898054187,1.0000913625998078
1784,sq_10_49,1.0000464155125217,1.0000825982231663,1.000093535826739
1785,sq_10_52,1.0000464155125217,1.0000789805418722,1.000091362599807
1786,sq_10_53,1.0000464155125217,1.0000789805418704,1.0000913625998078
1787,sq_10_6,1.0000464155125217,1.000078980541872,1.000091362599807
1788,sq_10_7,1.0000464155125217,1.0000789805418702,1.0000913625998071
1789,sq_11_10,1.0000464155125217,1.0000789805418708,1.0000913625998082
1790,sq_11_11,1.0000464155125217,1.0001256846314193,1.0001314372128072
1791,sq_11_13,1.0000464155125217,1.0000789805418708,1.000091362599807
1792,sq_11_14,1.0000464155125217,1.0000789805418704,1.000091362599807
1793,sq_11_15,1.0000464155125217,1.0000789805418695,1.0000913625998087
1794,sq_11_16,1.0000464155125217,1.000078980541871,1.0000913625998074
1795,sq_11_17,1.0000464155125217,1.0000789805418713,1.000091362599807
1796,sq_11_28,1.0000464155125217,1.0000789805418717,1.0000913625998065
1797,sq_11_3,1.0000464155125217,1.0000789805418695,1.0000913625998078
1798,sq_11_34,1.0000464155125217,1.0000789805418717,1.0000913625998065
1799,sq_11_55,1.0000464155125217,1.0000789805418684,1.000091362599808
1800,sq_11_6,1.0000464155125217,1.0000789805418724,1.0000913625998071
1801,sq_11_8,1.0000464155125217,1.000135413388018,1.0001367515484392
1802,sq_11_9,1.0000464155125217,1.0001287835341708,1.0001431881176719
1803,sq_12_11,1.0000464155125217,1.0000789805418706,1.0000913625998074
1804,sq_12_12,1.0000464155125217,1.00007898054187,1.0000913625998078
1805,sq_12_15,1.0000464155125217,1.0000783540608809,1.0000993188191003
1806,sq_12_16,1.0000464155125217,1.000080487080841,1.000121484298333
1807,sq_12_17,1.0000464155125217,1.0001110959462371,1.0001327578323294
1808,sq_12_18,1.0000464155125217,1.0000789805418722,1.0000913625998071
1809,sq_12_19,1.0000464155125217,1.0000789805418722,1.0000913625998065
1810,sq_12_2,1.0000464155125217,1.000112099679172,1.0001284545729068
1811,sq_12_24,1.0000464155125217,1.0000792310364455,1.0000914127258942
1812,sq_12_37,1.0000464155125217,1.000078980541872,1.0000913625998078
1813,sq_12_38,1.0000464155125217,1.0000795296684033,1.0000914582933222
1814,sq_12_4,1.0000464155125217,1.000078980541872,1.0000913625998071
1815,sq_12_49,1.0000464155125217,1.0000789805418726,1.0000913625998067
1816,sq_12_5,1.0000464155125217,1.000078980541872,1.0000913625998074
1817,sq_12_6,1.0000464155125217,1.0000789805418708,1.0000913625998076
1818,sq_12_7,1.0000464155125217,1.000078980541871,1.0000913625998076
1819,sq_12_8,1.0000464155125217,1.0001429565357665,1.0001461180140523
1820,sq_13_13,1.0000464155125217,1.0001314711876301,1.0001358883331621
1821,sq_13_15,1.0000464155125217,1.0000948287830829,1.0000983543267579
1822,sq_13_16,1.0000464155125217,1.0000789805418708,1.0000913625998071
1823,sq_13_18,1.0000464155125217,1.0000810797156192,1.0000920204245425
1824,sq_13_19,1.0000464155125217,1.0000792626015662,1.0000913836665475
1825,sq_13_3,1.0000464155125217,1.0002829336088548,1.0000188411901383
1826,sq_13_4,1.0000464155125217,1.0000856787120658,1.0000980990864063
1827,sq_13_40,1.0000464155125217,1.0000788495302775,1.0000920326765013
1828,sq_13_5,1.0000464155125217,1.0001038965532623,1.000111781086311
1829,sq_13_6,1.0000464155125217,1.0001191786610522,1.0001049039746812
1830,sq_13_7,1.0000464155125217,1.0000730344028932,1.0001507511443748
1831,sq_14_13,1.0000464155125217,1.0000690527437683,1.0001613920250618
1832,sq_14_14,1.0000464155125217,1.0001240188931306,1.000112241390171
1833,sq_14_17,1.0000464155125217,1.0001321385563022,1.0001294991165732
1834,sq_14_18,1.0000464155125217,1.000078980541872,1.0000913625998067
1835,sq_14_3,1.0000464155125217,1.000078980541871,1.0000913625998076
1836,sq_14_4,1.0000464155125217,1.0000823381575679,1.0000990784627348
1837,sq_14_49,1.0000464155125217,1.0000789805418724,1.0000913625998074
1838,sq_14_5,1.0000464155125217,1.000078980541872,1.000091362599807
1839,sq_14_55,1.0000464155125217,1.0000789805418708,1.0000913625998082
1840,sq_14_6,1.0000464155125217,1.0000789805418688,1.0000913625998082
1841,sq_15_14,1.0000464155125217,1.0000789805418688,1.0000913625998082
1842,sq_15_15,1.0000464155125217,1.000079625038191,1.000094284188535
1843,sq_15_16,1.0000464155125217,1.0000789805418697,1.0000913625998071
1844,sq_15_19,1.0000464155125217,1.000078980541872,1.0000913625998062
1845,sq_15_4,1.0000464155125217,1.00007898054187,1.0000913625998085
1846,sq_15_55,1.0000464155125217,1.000078980541872,1.000091362599807
1847,sq_16_10,1.0000464155125217,1.00007898054187,1.0000913625998085
1848,sq_16_11,1.0000464155125217,1.0000789805418684,1.000091362599808
1849,sq_16_14,1.0000464155125217,1.0000789805418704,1.0000913625998078
1850,sq_16_15,1.0000464155125217,1.0000841122645159,1.0001036882579561
1851,sq_16_16,1.0000464155125217,1.0000869220067399,1.0000981990056443
1852,sq_16_17,1.0000464155125217,1.0000743187606003,1.0001188696221102
1853,sq_16_18,1.0000464155125217,1.00007898054187,1.0000913625998082
1854,sq_16_19,1.0000464155125217,1.0000789805418715,1.0000913625998067
1855,sq_16_43,1.0000464155125217,1.0000791386028574,1.0000913720030884
1856,sq_16_44,1.0000464155125217,1.0000792733804411,1.000094561485944
1857,sq_16_49,1.0000464155125217,1.0000789805418717,1.000091362599807
1858,sq_16_53,1.0000464155125217,1.0000789805418715,1.0000913625998074
1859,sq_16_7,1.0000464155125217,1.000078980541869,1.000091362599808
1860,sq_17_10,1.0000464155125217,1.0000789805418713,1.0000913625998074
1861,sq_17_19,1.0000464155125217,1.0000789805418702,1.0000913625998078
1862,sq_17_30,1.0000464155125217,1.000075252231553,1.0001093021593328
1863,sq_17_46,1.0000464155125217,1.0000789805418728,1.0000913625998067
1864,sq_17_5,1.0000464155125217,1.0001380313162025,1.0001359851961118
1865,sq_17_6,1.0000464155125217,1.000078980541871,1.0000913625998065
1866,sq_17_9,1.0000464155125217,1.0001125659064334,1.0001242138756061
1867,sq_18_10,1.0000464155125217,1.0001006900841192,1.0001019929703054
1868,sq_18_11,1.0000464155125217,1.0000789805418724,1.0000913625998067
1869,sq_18_12,1.0000464155125217,1.0000928217385958,1.0001056178275356
1870,sq_18_23,1.0000464155125217,1.000082005496725,1.0000934211697132
1871,sq_18_24,1.0000464155125217,1.0000789805418722,1.000091362599808
1872,sq_18_51,1.0000464155125217,1.0000847020164163,1.000091119403333
1873,sq_18_53,1.0000464155125217,1.0000867175629173,1.0000896185196892
1874,sq_18_6,1.0000464155125217,1.000124835524664,1.0001465879107956
1875,sq_18_7,1.0000464155125217,1.000093206165696,1.0001204642894133
1876,sq_18_8,1.0000464155125217,1.0002025801282586,1.000104239176964
1877,sq_18_9,1.0000464155125217,1.0000789805418684,1.000091362599808
1878,sq_19_10,1.0000464155125217,1.0001245723715972,1.0001060714659233
1879,sq_19_11,1.0000464155125217,1.000083889374179,1.0001420145046285
1880,sq_19_15,1.0000464155125217,1.0001248255224535,1.000150549605827
1881,sq_19_17,1.0000464155125217,1.0001446526891438,1.0001014487702993
1882,sq_19_18,1.0000464155125217,1.0000990913231407,1.0001508445833354
1883,sq_19_19,1.0000464155125217,1.0000862956699832,1.0001248072829705
1884,sq_19_22,1.0000464155125217,1.0000789805418702,1.0000913625998074
1885,sq_19_23,1.0000464155125217,1.0000789805418715,1.0000913625998071
1886,sq_19_24,1.0000464155125217,1.0000789805418722,1.000091362599807
1887,sq_19_4,1.0000464155125217,1.0000901976359342,1.0001140941906677
1888,sq_19_5,1.0000464155125217,1.0000771648290614,1.0001093085708708
1889,sq_19_54,1.0000464155125217,1.0000789805418704,1.0000913625998074
1890,sq_19_55,1.0000464155125217,1.0000789805418704,1.0000913625998065
1891,sq_19_7,1.0000464155125217,1.0000789805418706,1.000091362599807
1892,sq_19_8,1.0000464155125217,1.0000789805418715,1.0000913625998065
1893,sq_19_9,1.0000464155125217,1.00007541987566,1.0001109566853825
1894,sq_1_34,1.0000464155125217,1.000078980541873,1.0000913625998065
1895,sq_1_35,1.0000464155125217,1.0000789805418715,1.000091362599807
1896,sq_1_36,1.0000464155125217,1.0000789805418693,1.000091362599808
1897,sq_1_37,1.0000464155125217,1.0000789805418708,1.0000913625998071
1898,sq_20_10,1.0000464155125217,1.0000789805418715,1.0000913625998062
1899,sq_20_11,1.0000464155125217,1.0001058692328963,1.0001120622245172
1900,sq_20_12,1.0000464155125217,1.0000845278553454,1.0001061591654563
1901,sq_20_14,1.0000464155125217,1.0000961972337024,1.000139872232794
1902,sq_20_17,1.0000464155125217,1.0000758244949537,1.0001565598438533
1903,sq_20_5,1.0000464155125217,1.0000944994331757,1.0001027041100363
1904,sq_20_6,1.0000464155125217,1.0000789805418706,1.0000913625998062
1905,sq_20_7,1.0000464155125217,1.0000789805418713,1.0000913625998067
1906,sq_20_9,1.0000464155125217,1.0000789805418713,1.000091362599807
1907,sq_21_10,1.0000464155125217,1.0000789805418704,1.0000913625998085
1908,sq_21_11,1.0000464155125217,1.0001286387943662,1.0001356769751832
1909,sq_21_12,1.0000464155125217,1.0000789805418724,1.0000913625998074
1910,sq_21_13,1.0000464155125217,1.0000789805418728,1.0000913625998067
1911,sq_21_14,1.0000464155125217,1.0000789805418697,1.0000913625998074
1912,sq_21_15,1.0000464155125217,1.0000789805418704,1.0000913625998076
1913,sq_21_17,1.0000464155125217,1.0000730701442226,1.000113332634023
1914,sq_21_21,1.0000464155125217,1.000078980541872,1.0000913625998065
1915,sq_21_22,1.0000464155125217,1.0000798862338123,1.000091813846047
1916,sq_21_4,1.0000464155125217,1.0001095628828858,1.0001274842819934
1917,sq_21_5,1.0000464155125217,1.0001052090745894,1.0001033954207195
1918,sq_21_8,1.0000464155125217,1.000121563442663,1.0001043130922393
1919,sq_22_13,1.0000464155125217,1.0000986966487315,1.0001016296707523
1920,sq_22_14,1.0000464155125217,1.0000811356694081,1.0001326747395065
1921,sq_22_21,1.0000464155125217,1.000070457964062,1.000117575119566
1922,sq_22_22,1.0000464155125217,1.0000791314835515,1.0000962695832694
1923,sq_22_23,1.0000464155125217,1.0000789805418722,1.0000913625998071
1924,sq_22_24,1.0000464155125217,1.0000776711583232,1.0000951230877713
1925,sq_22_5,1.0000464155125217,1.000112737955847,1.0000992443389358
1926,sq_22_6,1.0000464155125217,1.0001304392646322,1.0000956350993933
1927,sq_22_7,1.0000464155125217,1.0001090328112838,1.0001041645022108
1928,sq_22_8,1.0000464155125217,1.0000868957502915,1.000109588496335
1929,sq_22_9,1.0000464155125217,1.0001105535349633,1.0001389329548767
1930,sq_23_10,1.0000464155125217,1.000089407178684,1.0000973815307999
1931,sq_23_15,1.0000464155125217,1.0000854198550972,1.0001093072642804
1932,sq_23_16,1.0000464155125217,1.000086029728104,1.0001016470899775
1933,sq_23_2,1.0000464155125217,1.000130810921283,1.0001549260402833
1934,sq_23_20,1.0000464155125217,1.0001314140889972,1.0001419821253321
1935,sq_23_21,1.0000464155125217,1.0000866792466656,1.000154907506155
1936,sq_23_22,1.0000464155125217,1.0000695163472908,1.0001695029912199
1937,sq_23_23,1.0000464155125217,1.0000789805418726,1.0000913625998062
1938,sq_23_24,1.0000464155125217,1.000078980541873,1.000091362599806
1939,sq_23_8,1.0000464155125217,1.0000798023619923,1.0000945964862373
1940,sq_23_9,1.0000464155125217,1.0000845546091033,1.0001149007860133
1941,sq_24_10,1.0000464155125217,1.0000644776901957,1.000150496427069
1942,sq_24_11,1.0000464155125217,1.0000671341696152,1.0001850851586755
1943,sq_24_13,1.0000464155125217,1.000076200274991,1.0001058459276944
1944,sq_24_14,1.0000464155125217,1.000114047058506,1.0001459439613154
1945,sq_24_15,1.0000464155125217,1.0000789805418693,1.0000913625998078
1946,sq_24_16,1.0000464155125217,1.0000671282941984,1.0001827264565328
1947,sq_24_17,1.0000464155125217,1.0000701974034854,1.0001624506588311
1948,sq_24_18,1.0000464155125217,1.0000789805418717,1.0000913625998067
1949,sq_24_19,1.0000464155125217,1.0000789805418684,1.000091362599808
1950,sq_24_20,1.0000464155125217,1.000078980541872,1.0000913625998071
1951,sq_24_21,1.0000464155125217,1.0000789805418693,1.0000913625998082
1952,sq_24_22,1.0000464155125217,1.000078980541871,1.0000913625998067
1953,sq_24_24,1.0000464155125217,1.0000791751493245,1.0000913782878305
1954,sq_24_27,1.0000464155125217,1.0000795490335261,1.0000924612062232
1955,sq_25_18,1.0000464155125217,1.0000850640435417,1.0000973182121422
1956,sq_25_19,1.0000464155125217,1.0000790847692465,1.0000918179918974
1957,sq_25_26,1.0000464155125217,1.0000789805418724,1.0000913625998062
1958,sq_25_27,1.0000464155125217,1.0000789805418713,1.0000913625998067
1959,sq_25_28,1.0000464155125217,1.0000789805418715,1.000091362599807
1960,sq_25_3,1.0000464155125217,1.0000922293675865,1.0001340122586166
1961,sq_25_47,1.0000464155125217,1.000079374662378,1.0000914791530444
1962,sq_25_5,1.0000464155125217,1.0000789805418717,1.000091362599807
1963,sq_25_6,1.0000464155125217,1.00007898054187,1.0000913625998078
1964,sq_26_10,1.0000464155125217,1.0000789805418722,1.0000913625998078
1965,sq_26_14,1.0000464155125217,1.0000789805418706,1.0000913625998065
1966,sq_26_2,1.0000464155125217,1.0000997080098408,1.0000943437882381
1967,sq_26_26,1.0000464155125217,1.0000971790353208,1.0000922038734896
1968,sq_26_27,1.0000464155125217,1.0000789805418697,1.0000913625998082
1969,sq_26_41,1.0000464155125217,1.0000789805418724,1.000091362599806
1970,sq_26_5,1.0000464155125217,1.0000916432686269,1.0001058657248187
1971,sq_26_8,1.0000464155125217,1.0000851491161136,1.000097044413742
1972,sq_27_10,1.0000464155125217,1.0000789805418715,1.0000913625998062
1973,sq_27_11,1.0000464155125217,1.0000789805418704,1.000091362599807
1974,sq_27_12,1.0000464155125217,1.0000789805418713,1.0000913625998078
1975,sq_27_23,1.0000464155125217,1.0000789805418697,1.0000913625998076
1976,sq_27_28,1.0000464155125217,1.0000789805418704,1.0000913625998085
1977,sq_27_29,1.0000464155125217,1.0000793759049569,1.000091721479076
1978,sq_27_44,1.0000464155125217,1.000079996468799,1.00009127575305
1979,sq_27_5,1.0000464155125217,1.0000789805418713,1.0000913625998067
1980,sq_27_6,1.0000464155125217,1.0000943484925495,1.0000907940420791
1981,sq_27_7,1.0000464155125217,1.0001075980418552,1.0001156673913218
1982,sq_28_10,1.0000464155125217,1.000106614521357,1.0001177068479286
1983,sq_28_12,1.0000464155125217,1.0001086739146323,1.0001230495144064
1984,sq_28_13,1.0000464155125217,1.0000968239504429,1.000128914992152
1985,sq_28_14,1.0000464155125217,1.000140720138418,1.0001297385029726
1986,sq_28_2,1.0000464155125217,1.0001019132092819,1.0001024009656354
1987,sq_28_20,1.0000464155125217,1.0000883589583072,1.00009905782748
1988,sq_28_21,1.0000464155125217,1.0000929077067764,1.0001064329840208
1989,sq_28_22,1.0000464155125217,1.0001141748459343,1.0001634882430377
1990,sq_28_23,1.0000464155125217,1.000088453767861,1.0000925117901127
1991,sq_28_26,1.0000464155125217,1.0000807116632424,1.0000923207261303
1992,sq_28_27,1.0000464155125217,1.0000792638174505,1.000091348789418
1993,sq_28_3,1.0000464155125217,1.0001119603086333,1.0001360043173086
1994,sq_28_39,1.0000464155125217,1.0000790838185971,1.0000913637548496
1995,sq_28_5,1.0000464155125217,1.0001161878359626,1.00016163642048
1996,sq_28_59,1.0000464155125217,1.000075729313449,1.000099950399976
1997,sq_29_10,1.0000464155125217,1.0000897218687135,1.0001142571811077
1998,sq_29_12,1.0000464155125217,1.000162161139976,1.0001464275912388
1999,sq_29_13,1.0000464155125217,1.0000789805418715,1.0000913625998078
2000,sq_29_14,1.0000464155125217,1.0000647609538735,1.00014868536406
2001,sq_29_15,1.0000464155125217,1.0000789805418702,1.0000913625998078
2002,sq_29_2,1.0000464155125217,1.0000789805418684,1.000091362599808
2003,sq_29_20,1.0000464155125217,1.0000789805418704,1.0000913625998071
2004,sq_29_22,1.0000464155125217,1.0000789805418706,1.0000913625998065
2005,sq_29_23,1.0000464155125217,1.0000789805418702,1.0000913625998082
2006,sq_29_24,1.0000464155125217,1.0000789805418693,1.0000913625998078
2007,sq_29_3,1.0000464155125217,1.0001316896370525,1.0001352797083234
2008,sq_29_52,1.0000464155125217,1.000079496114809,1.0000917853297875
2009,sq_29_53,1.0000464155125217,1.0000889969196476,1.000090642654981
2010,sq_29_54,1.0000464155125217,1.0000836852208943,1.0000917281676196
2011,sq_29_57,1.0000464155125217,1.0000789805418724,1.000091362599807
2012,sq_29_60,1.0000464155125217,1.0000789805418724,1.0000913625998074
2013,sq_29_8,1.0000464155125217,1.0000789805418684,1.000091362599808
2014,sq_29_9,1.0000464155125217,1.0001065586298763,1.0001001971191381
2015,sq_2_34,1.0000464155125217,1.0000789805418713,1.0000913625998071
2016,sq_2_35,1.0000464155125217,1.000078980541871,1.0000913625998074
2017,sq_2_36,1.0000464155125217,1.0000789805418702,1.000091362599808
2018,sq_2_37,1.0000464155125217,1.0000789805418684,1.000091362599808
2019,sq_30_10,1.0000464155125217,1.0000789805418702,1.0000913625998067
2020,sq_30_11,1.0000464155125217,1.0000833680624066,1.0000955608363202
2021,sq_30_12,1.0000464155125217,1.0001264604963112,1.0001388989333764
2022,sq_30_21,1.0000464155125217,1.0000789805418713,1.0000913625998078
2023,sq_30_22,1.0000464155125217,1.0000789805418713,1.000091362599807
2024,sq_30_23,1.0000464155125217,1.0000952785497381,1.0001506463351952
2025,sq_30_24,1.0000464155125217,1.0000803954109112,1.0000917611317133
2026,sq_30_25,1.0000464155125217,1.0000790382740454,1.0000914083363326
2027,sq_30_35,1.0000464155125217,1.000079004294459,1.0000913595697618
2028,sq_30_63,1.0000464155125217,1.0000803182613138,1.0000934524879241
2029,sq_30_64,1.0000464155125217,1.0000642367802834,1.0001415716236641
2030,sq_30_65,1.0000464155125217,1.000098922855492,1.0001302015998395
2031,sq_31_10,1.0000464155125217,1.0001412403981902,1.0001348150541143
2032,sq_31_11,1.0000464155125217,1.00011714342276,1.0001284924292049
2033,sq_31_12,1.0000464155125217,1.0000789805418704,1.000091362599808
2034,sq_31_21,1.0000464155125217,1.0000789805418704,1.0000913625998078
2035,sq_31_24,1.0000464155125217,1.0000789805418715,1.0000913625998065
2036,sq_31_25,1.0000464155125217,1.0000790823934105,1.0000914736713316
2037,sq_31_30,1.0000464155125217,1.0000790544379574,1.0000914433776993
2038,sq_31_57,1.0000464155125217,1.00008256964972,1.0000908734336125
2039,sq_31_63,1.0000464155125217,1.0000789805418702,1.0000913625998078
2040,sq_31_65,1.0000464155125217,1.0000789805418684,1.0000913625998082
2041,sq_31_66,1.0000464155125217,1.0000789805418724,1.0000913625998067
2042,sq_32_18,1.0000464155125217,1.0001030273137226,1.0001184965025687
2043,sq_32_21,1.0000464155125217,1.0000896704359141,1.0001079889442657
2044,sq_32_22,1.0000464155125217,1.0001192782356867,1.0000857980290374
2045,sq_32_23,1.0000464155125217,1.0001469770746836,1.0001018442527674
2046,sq_32_24,1.0000464155125217,1.0000920876430388,1.0001072058269718
2047,sq_32_25,1.0000464155125217,1.0000794777112942,1.000091542489603
2048,sq_32_57,1.0000464155125217,1.0000881410089641,1.000090805875481
2049,sq_32_58,1.0000464155125217,1.000078890136461,1.0000915482521264
2050,sq_32_66,1.0000464155125217,1.0000769315082776,1.0001061797284467
2051,sq_33_14,1.0000464155125217,1.0000789805418722,1.000091362599807
2052,sq_33_15,1.0000464155125217,1.000183390579975,1.0001411313085917
2053,sq_33_24,1.0000464155125217,1.0001648028844594,1.0001163581365928
2054,sq_33_25,1.0000464155125217,1.0000840578239294,1.0000900173878777
2055,sq_33_32,1.0000464155125217,1.0000789805418724,1.0000913625998062
2056,sq_33_37,1.0000464155125217,1.0000789805418722,1.0000913625998065
2057,sq_33_54,1.0000464155125217,1.0000789805418715,1.000091362599807
2058,sq_33_69,1.0000464155125217,1.0000789805418706,1.0000913625998078
2059,sq_34_20,1.0000464155125217,1.000078980541869,1.0000913625998074
2060,sq_34_21,1.0000464155125217,1.0000789805418724,1.000091362599807
2061,sq_34_24,1.0000464155125217,1.0000789805418722,1.0000913625998067
2062,sq_34_25,1.0000464155125217,1.0000877512897703,1.000094157375249
2063,sq_34_34,1.0000464155125217,1.0000771175003789,1.0000973458221554
2064,sq_34_37,1.0000464155125217,1.0000790882949226,1.0000920877053292
2065,sq_34_42,1.0000464155125217,1.0000793958038663,1.000091397298062
2066,sq_34_58,1.0000464155125217,1.000080750965211,1.0000915472119984
2067,sq_34_69,1.0000464155125217,1.000087710800674,1.0000988758727436
2068,sq_34_70,1.0000464155125217,1.0000617692390303,1.0001437496777619
2069,sq_34_71,1.0000464155125217,1.0000928783746814,1.0001006686346607
2070,sq_35_17,1.0000464155125217,1.000078980541871,1.000091362599807
2071,sq_35_18,1.0000464155125217,1.000078980541871,1.0000913625998071
2072,sq_35_19,1.0000464155125217,1.000078980541869,1.0000913625998074
2073,sq_35_22,1.0000464155125217,1.0000789805418713,1.0000913625998076
2074,sq_36_17,1.0000464155125217,1.0000901246477054,1.000105908388129
2075,sq_36_19,1.0000464155125217,1.000090043207206,1.0001107232722792
2076,sq_36_21,1.0000464155125217,1.0000595444523406,1.000146861700374
2077,sq_36_22,1.0000464155125217,1.0000789805418722,1.000091362599806
2078,sq_36_43,1.0000464155125217,1.0000789805418724,1.0000913625998065
2079,sq_37_17,1.0000464155125217,1.000078980541871,1.0000913625998082
2080,sq_37_21,1.0000464155125217,1.0000789805418684,1.000091362599808
2081,sq_37_22,1.0000464155125217,1.0000789805418688,1.000091362599808
2082,sq_37_52,1.0000464155125217,1.0000811103131826,1.0000914903188778
2083,sq_37_55,1.0000464155125217,1.000079896585151,1.0001029121750198
2084,sq_37_56,1.0000464155125217,1.0000789805418713,1.0000913625998071
2085,sq_37_57,1.0000464155125217,1.0000922020386787,1.0001069219980874
2086,sq_37_58,1.0000464155125217,1.0001171422143647,1.0000957501131216
2087,sq_37_60,1.0000464155125217,1.000078980541871,1.0000913625998078
2088,sq_37_61,1.0000464155125217,1.0000789805418702,1.000091362599808
2089,sq_37_64,1.0000464155125217,1.0000789805418722,1.0000913625998065
2090,sq_37_67,1.0000464155125217,1.0000789805418715,1.0000913625998071
2091,sq_37_68,1.0000464155125217,1.0000775818384138,1.0000974728873908
2092,sq_37_71,1.0000464155125217,1.0000924213735354,1.0000997274599672
2093,sq_37_72,1.0000464155125217,1.000106560749883,1.0001128640455175
2094,sq_38_20,1.0000464155125217,1.0000789805418704,1.0000913625998076
2095,sq_38_32,1.0000464155125217,1.000078980541872,1.0000913625998067
2096,sq_38_33,1.0000464155125217,1.0000789805418717,1.0000913625998065
2097,sq_38_34,1.0000464155125217,1.0000799956958113,1.0000914874700486
2098,sq_38_37,1.0000464155125217,1.0000789805418726,1.0000913625998067
2099,sq_38_56,1.0000464155125217,1.0000789805418688,1.0000913625998082
2100,sq_38_57,1.0000464155125217,1.0000789805418715,1.0000913625998067
2101,sq_38_58,1.0000464155125217,1.0000803055342624,1.0000920365124912
2102,sq_38_60,1.0000464155125217,1.0000789805418728,1.0000913625998065
2103,sq_38_61,1.0000464155125217,1.0001012724469018,1.00009656770312
2104,sq_38_62,1.0000464155125217,1.0000789805418715,1.0000913625998065
2105,sq_38_64,1.0000464155125217,1.0000789805418713,1.0000913625998065
2106,sq_38_66,1.0000464155125217,1.0000789805418706,1.000091362599807
2107,sq_38_67,1.0000464155125217,1.0000789805418684,1.0000913625998082
2108,sq_38_68,1.0000464155125217,1.0000789805418717,1.000091362599807
2109,sq_38_70,1.0000464155125217,1.0000906921571269,1.0000909669343823
2110,sq_39_21,1.0000464155125217,1.0001303471901455,1.000139586916694
2111,sq_39_23,1.0000464155125217,1.0000921693083533,1.0001095981353092
2112,sq_39_24,1.0000464155125217,1.000080347488002,1.000098350881519
2113,sq_39_27,1.0000464155125217,1.0000789805418722,1.000091362599807
2114,sq_39_28,1.0000464155125217,1.0000789805418722,1.000091362599807
2115,sq_39_32,1.0000464155125217,1.0000907485159454,1.000147857933956
2116,sq_39_33,1.0000464155125217,1.000087276724439,1.0001030672441158
2117,sq_39_34,1.0000464155125217,1.0000789805418715,1.0000913625998076
2118,sq_39_35,1.0000464155125217,1.0001048765201228,1.0000955072404623
2119,sq_39_37,1.0000464155125217,1.0000789757303854,1.000114679682987
2120,sq_39_39,1.0000464155125217,1.0000789805418713,1.0000913625998074
2121,sq_39_49,1.0000464155125217,1.000082055279137,1.0000941600927877
2122,sq_39_54,1.0000464155125217,1.0001089124392535,1.0001201452301003
2123,sq_39_56,1.0000464155125217,1.0001176309634237,1.000119207969142
2124,sq_39_57,1.0000464155125217,1.0000860217422405,1.0000956392885718
2125,sq_39_60,1.0000464155125217,1.0000789805418717,1.000091362599807
2126,sq_39_61,1.0000464155125217,1.000085038495348,1.0000923805566027
2127,sq_39_62,1.0000464155125217,1.000092464629395,1.0000885127558656
2128,sq_39_64,1.0000464155125217,1.000078980541871,1.000091362599807
2129,sq_39_65,1.0000464155125217,1.000078980541869,1.0000913625998082
2130,sq_39_67,1.0000464155125217,1.0000789805418704,1.0000913625998067
2131,sq_39_70,1.0000464155125217,1.0000846775952603,1.0000915762108602
2132,sq_3_12,1.0000464155125217,1.000078980541872,1.0000913625998065
2133,sq_3_13,1.0000464155125217,1.0000789805418715,1.0000913625998071
2134,sq_3_14,1.0000464155125217,1.0000789805418717,1.000091362599807
2135,sq_3_34,1.0000464155125217,1.0000789805418715,1.0000913625998071
2136,sq_3_35,1.0000464155125217,1.0000789805418706,1.0000913625998071
2137,sq_3_36,1.0000464155125217,1.0000789805418713,1.0000913625998065
2138,sq_3_37,1.0000464155125217,1.000078349596296,1.000092658306088
2139,sq_40_21,1.0000464155125217,1.000100449126749,1.0001037834876771
2140,sq_40_22,1.0000464155125217,1.000078980541869,1.0000913625998087
2141,sq_40_23,1.0000464155125217,1.0000789805418697,1.000091362599808
2142,sq_40_26,1.0000464155125217,1.0000789805418686,1.0000913625998082
2143,sq_40_28,1.0000464155125217,1.000078980541871,1.0000913625998065
2144,sq_40_32,1.0000464155125217,1.0000789805418715,1.0000913625998076
2145,sq_40_37,1.0000464155125217,1.0000789805418715,1.0000913625998062
2146,sq_40_39,1.0000464155125217,1.000078980541872,1.0000913625998071
2147,sq_40_40,1.0000464155125217,1.0000993080880303,1.0000912968206375
2148,sq_40_52,1.0000464155125217,1.000089107299781,1.0000909240953024
2149,sq_40_53,1.0000464155125217,1.0001100004287218,1.000125772804081
2150,sq_40_59,1.0000464155125217,1.000078980541872,1.0000913625998062
2151,sq_40_60,1.0000464155125217,1.000078980541872,1.000091362599807
2152,sq_40_61,1.0000464155125217,1.0000789805418713,1.000091362599807
2153,sq_40_62,1.0000464155125217,1.0000789805418695,1.0000913625998087
2154,sq_40_64,1.0000464155125217,1.000116084401126,1.0001215265015744
2155,sq_40_65,1.0000464155125217,1.0000789805418693,1.0000913625998082
2156,sq_40_66,1.0000464155125217,1.0000789805418704,1.000091362599807
2157,sq_40_67,1.0000464155125217,1.0000789805418702,1.000091362599807
2158,sq_40_68,1.0000464155125217,1.000081217025991,1.0000982833174272
2159,sq_40_70,1.0000464155125217,1.0000789805418713,1.000091362599807
2160,sq_41_19,1.0000464155125217,1.0000898691924625,1.000107763310731
2161,sq_41_20,1.0000464155125217,1.0001290233622597,1.00014255927487
2162,sq_41_21,1.0000464155125217,1.000078980541871,1.0000913625998074
2163,sq_41_22,1.0000464155125217,1.000078980541872,1.000091362599807
2164,sq_41_27,1.0000464155125217,1.0000789805418697,1.000091362599808
2165,sq_41_32,1.0000464155125217,1.0000789805418693,1.0000913625998082
2166,sq_41_35,1.0000464155125217,1.000078980541872,1.0000913625998067
2167,sq_41_37,1.0000464155125217,1.0001044194677782,1.0001066676643835
2168,sq_41_38,1.0000464155125217,1.0000789805418708,1.0000913625998071
2169,sq_41_39,1.0000464155125217,1.0000789805418713,1.000091362599807
2170,sq_41_47,1.0000464155125217,1.0000789805418724,1.0000913625998067
2171,sq_41_50,1.0000464155125217,1.0000789805418722,1.0000913625998067
2172,sq_41_55,1.0000464155125217,1.0000789805418708,1.0000913625998078
2173,sq_41_56,1.0000464155125217,1.0001376979116818,1.0001259505474662
2174,sq_41_58,1.0000464155125217,1.0001324378036087,1.000102295620775
2175,sq_41_60,1.0000464155125217,1.0000893434413103,1.000092261546866
2176,sq_41_61,1.0000464155125217,1.0000789805418722,1.000091362599807
2177,sq_41_62,1.0000464155125217,1.0000789805418717,1.0000913625998065
2178,sq_41_64,1.0000464155125217,1.0000789805418717,1.0000913625998065
2179,sq_41_65,1.0000464155125217,1.0001169879264344,1.0001747828063636
2180,sq_41_67,1.0000464155125217,1.0000509209093924,1.0001833415355412
2181,sq_41_68,1.0000464155125217,1.0000789805418693,1.0000913625998078
2182,sq_42_19,1.0000464155125217,1.0000789805418706,1.000091362599808
2183,sq_42_24,1.0000464155125217,1.0000789805418693,1.000091362599808
2184,sq_42_25,1.0000464155125217,1.0000907438525735,1.00012315250587
2185,sq_42_29,1.0000464155125217,1.0000789805418724,1.000091362599807
2186,sq_42_30,1.0000464155125217,1.0000789805418695,1.0000913625998078
2187,sq_42_33,1.0000464155125217,1.0000789805418724,1.0000913625998067
2188,sq_42_35,1.0000464155125217,1.0000979715029954,1.0000928888753415
2189,sq_42_36,1.0000464155125217,1.0001055227157585,1.000089437496026
2190,sq_42_43,1.0000464155125217,1.000078980541871,1.0000913625998074
2191,sq_42_55,1.0000464155125217,1.0000789805418708,1.0000913625998082
2192,sq_42_56,1.0000464155125217,1.0000789805418708,1.0000913625998071
2193,sq_42_58,1.0000464155125217,1.000078980541871,1.0000913625998078
2194,sq_42_59,1.0000464155125217,1.0000789805418717,1.0000913625998065
2195,sq_42_60,1.0000464155125217,1.0000789805418708,1.0000913625998076
2196,sq_42_61,1.0000464155125217,1.000078980541872,1.0000913625998076
2197,sq_42_62,1.0000464155125217,1.000078980541872,1.0000913625998071
2198,sq_42_64,1.0000464155125217,1.0000789805418722,1.000091362599807
2199,sq_42_66,1.0000464155125217,1.0000789805418704,1.0000913625998067
2200,sq_42_67,1.0000464155125217,1.0000789805418717,1.0000913625998065
2201,sq_42_68,1.0000464155125217,1.0000789805418684,1.000091362599809
2202,sq_43_18,1.0000464155125217,1.0000789805418717,1.0000913625998067
2203,sq_43_19,1.0000464155125217,1.0000789805418728,1.0000913625998065
2204,sq_43_23,1.0000464155125217,1.0000787096718444,1.0001044739415272
2205,sq_43_27,1.0000464155125217,1.0000789805418693,1.0000913625998078
2206,sq_43_28,1.0000464155125217,1.0000789805418717,1.0000913625998065
2207,sq_43_29,1.0000464155125217,1.0000789805418717,1.0000913625998065
2208,sq_43_30,1.0000464155125217,1.0000789805418717,1.000091362599807
2209,sq_43_31,1.0000464155125217,1.0000789805418684,1.000091362599808
2210,sq_43_41,1.0000464155125217,1.0000789805418715,1.0000913625998067
2211,sq_43_47,1.0000464155125217,1.0000796046965248,1.0000913784600514
2212,sq_43_54,1.0000464155125217,1.0000882968879155,1.0000897811477083
2213,sq_43_55,1.0000464155125217,1.0000875832865819,1.000147629244094
2214,sq_43_56,1.0000464155125217,1.0001355855245055,1.0001596388648581
2215,sq_43_59,1.0000464155125217,1.0001022145893281,1.0000988390870278
2216,sq_43_60,1.0000464155125217,1.0000789805418704,1.0000913625998071
2217,sq_43_62,1.0000464155125217,1.0000789805418704,1.0000913625998067
2218,sq_43_64,1.0000464155125217,1.0000796002771,1.0000977496682757
2219,sq_43_66,1.0000464155125217,1.0000789805418695,1.0000913625998074
2220,sq_44_21,1.0000464155125217,1.0000789805418717,1.000091362599807
2221,sq_44_22,1.0000464155125217,1.0000789805418715,1.000091362599807
2222,sq_44_29,1.0000464155125217,1.000078980541871,1.0000913625998076
2223,sq_44_31,1.0000464155125217,1.0000789805418724,1.0000913625998067
2224,sq_44_40,1.0000464155125217,1.000085941358987,1.000101399673602
2225,sq_44_54,1.0000464155125217,1.000078980541872,1.0000913625998067
2226,sq_44_55,1.0000464155125217,1.000078980541872,1.0000913625998067
2227,sq_44_62,1.0000464155125217,1.0000789805418697,1.0000913625998076
2228,sq_44_65,1.0000464155125217,1.0000802796572645,1.000092623573722
2229,sq_44_66,1.0000464155125217,1.0001059771286027,1.000138874729469
2230,sq_44_67,1.0000464155125217,1.000077282037609,1.0001282222546266
2231,sq_45_15,1.0000464155125217,1.0000789805418715,1.000091362599807
2232,sq_45_16,1.0000464155125217,1.0000789805418722,1.0000913625998062
2233,sq_45_21,1.0000464155125217,1.0000992992155249,1.000114845282443
2234,sq_45_26,1.0000464155125217,1.00010350791727,1.000103416796127
2235,sq_45_27,1.0000464155125217,1.0000789805418708,1.000091362599807
2236,sq_45_28,1.0000464155125217,1.00008090841953,1.0000936702592715
2237,sq_45_29,1.0000464155125217,1.0000789805418706,1.0000913625998078
2238,sq_45_33,1.0000464155125217,1.0000789805418688,1.0000913625998082
2239,sq_45_37,1.0000464155125217,1.0000789805418702,1.0000913625998082
2240,sq_45_40,1.0000464155125217,1.0000789805418713,1.0000913625998062
2241,sq_45_43,1.0000464155125217,1.0000789805418693,1.0000913625998078
2242,sq_45_63,1.0000464155125217,1.000078980541871,1.0000913625998067
2243,sq_45_65,1.0000464155125217,1.0000789805418704,1.0000913625998078
2244,sq_45_66,1.0000464155125217,1.0000789805418708,1.0000913625998067
2245,sq_46_15,1.0000464155125217,1.0000789805418702,1.0000913625998078
2246,sq_46_16,1.0000464155125217,1.0000789805418722,1.0000913625998067
2247,sq_46_21,1.0000464155125217,1.0000862481311068,1.000091837757096
2248,sq_46_22,1.0000464155125217,1.0000811861427352,1.000097696383862
2249,sq_46_25,1.0000464155125217,1.000102826281171,1.0001371879701673
2250,sq_46_27,1.0000464155125217,1.000078980541871,1.0000913625998074
2251,sq_46_28,1.0000464155125217,1.000078980541871,1.000091362599807
2252,sq_46_29,1.0000464155125217,1.0001100780595331,1.00015415296068
2253,sq_46_32,1.0000464155125217,1.0000595388182443,1.0001614568738073
2254,sq_46_33,1.0000464155125217,1.000079939974705,1.0000954817207865
2255,sq_46_43,1.0000464155125217,1.000084536308469,1.000095611398923
2256,sq_46_44,1.0000464155125217,1.0000850936338868,1.0001057819709034
2257,sq_46_45,1.0000464155125217,1.0000718890671956,1.0001086492167952
2258,sq_46_49,1.0000464155125217,1.0000800720825411,1.0000917247559886
2259,sq_46_50,1.0000464155125217,1.0000789805418722,1.0000913625998067
2260,sq_46_51,1.0000464155125217,1.000079663511244,1.000093048753672
2261,sq_46_61,1.0000464155125217,1.0000793825164989,1.0001416069670457
2262,sq_46_65,1.0000464155125217,1.0001040876497889,1.0000959052205154
2263,sq_46_66,1.0000464155125217,1.000078980541872,1.0000913625998062
2264,sq_46_67,1.0000464155125217,1.0000789805418702,1.0000913625998078
2265,sq_47_16,1.0000464155125217,1.0000789805418702,1.0000913625998078
2266,sq_47_25,1.0000464155125217,1.0000789805418693,1.000091362599808
2267,sq_47_28,1.0000464155125217,1.0000883882183547,1.0000964672851518
2268,sq_47_32,1.0000464155125217,1.000113221889531,1.0001460275367988
2269,sq_47_33,1.0000464155125217,1.0000789805418717,1.000091362599807
2270,sq_47_34,1.0000464155125217,1.0000789805418713,1.0000913625998076
2271,sq_47_35,1.0000464155125217,1.0000789805418695,1.0000913625998076
2272,sq_47_36,1.0000464155125217,1.0000789805418713,1.0000913625998065
2273,sq_47_39,1.0000464155125217,1.0000789805418715,1.000091362599807
2274,sq_47_42,1.0000464155125217,1.000078980541871,1.000091362599807
2275,sq_47_43,1.0000464155125217,1.0000789805418708,1.0000913625998062
2276,sq_47_44,1.0000464155125217,1.0000789805418708,1.0000913625998071
2277,sq_47_45,1.0000464155125217,1.0000800717477742,1.0000999336708272
2278,sq_47_49,1.0000464155125217,1.000079676814749,1.0000921700309118
2279,sq_47_50,1.0000464155125217,1.0000789805418722,1.000091362599807
2280,sq_47_51,1.0000464155125217,1.0000789805418708,1.0000913625998071
2281,sq_47_53,1.0000464155125217,1.0000789805418708,1.0000913625998067
2282,sq_47_54,1.0000464155125217,1.000078980541872,1.0000913625998071
2283,sq_47_55,1.0000464155125217,1.00008331119558,1.0001033877475451
2284,sq_47_57,1.0000464155125217,1.000088200158032,1.0000912013462309
2285,sq_47_60,1.0000464155125217,1.0000789805418702,1.0000913625998071
2286,sq_47_61,1.0000464155125217,1.0001223475704937,1.0001069706359855
2287,sq_47_62,1.0000464155125217,1.0000789805418706,1.0000913625998078
2288,sq_47_63,1.0000464155125217,1.000078980541871,1.0000913625998076
2289,sq_48_15,1.0000464155125217,1.0000789805418715,1.0000913625998067
2290,sq_48_18,1.0000464155125217,1.0000789805418708,1.0000913625998067
2291,sq_48_23,1.0000464155125217,1.0000852062797911,1.0000913129067897
2292,sq_48_28,1.0000464155125217,1.0001139339386484,1.0001208736177105
2293,sq_48_30,1.0000464155125217,1.0000789805418708,1.000091362599807
2294,sq_48_31,1.0000464155125217,1.0000789805418722,1.0000913625998067
2295,sq_48_33,1.0000464155125217,1.0000789805418704,1.0000913625998071
2296,sq_48_38,1.0000464155125217,1.0000829176187538,1.0000928084643
2297,sq_48_39,1.0000464155125217,1.0001128579407323,1.0000969672259508
2298,sq_48_40,1.0000464155125217,1.0000789805418702,1.0000913625998078
2299,sq_48_41,1.0000464155125217,1.0000789805418688,1.000091362599808
2300,sq_48_42,1.0000464155125217,1.0000789805418706,1.0000913625998078
2301,sq_48_43,1.0000464155125217,1.0000789805418702,1.0000913625998074
2302,sq_48_44,1.0000464155125217,1.0000789805418724,1.000091362599807
2303,sq_48_48,1.0000464155125217,1.000078980541872,1.0000913625998071
2304,sq_48_49,1.0000464155125217,1.0000789805418715,1.0000913625998074
2305,sq_48_50,1.0000464155125217,1.000083172934563,1.0000914254575803
2306,sq_48_51,1.0000464155125217,1.0000798970233835,1.0000937412145507
2307,sq_48_53,1.0000464155125217,1.0000789805418715,1.0000913625998074
2308,sq_48_54,1.0000464155125217,1.0000838322564638,1.0000922973576603
2309,sq_48_55,1.0000464155125217,1.0000789805418713,1.0000913625998067
2310,sq_48_57,1.0000464155125217,1.000062235612922,1.0001505491798968
2311,sq_48_60,1.0000464155125217,1.0001000303696062,1.000186887575752
2312,sq_48_61,1.0000464155125217,1.0001270115229062,1.000153057543616
2313,sq_48_62,1.0000464155125217,1.000086768415502,1.0001587837607377
2314,sq_48_64,1.0000464155125217,1.0001052188707613,1.0001114855133972
2315,sq_48_66,1.0000464155125217,1.0001146225675002,1.000112340389523
2316,sq_48_67,1.0000464155125217,1.0001375824020213,1.0001137519578838
2317,sq_49_13,1.0000464155125217,1.0000789805418693,1.0000913625998082
2318,sq_49_17,1.0000464155125217,1.0000789805418706,1.0000913625998082
2319,sq_49_18,1.0000464155125217,1.0000789805418713,1.0000913625998062
2320,sq_49_19,1.0000464155125217,1.0000789805418722,1.0000913625998062
2321,sq_49_22,1.0000464155125217,1.0000789805418717,1.0000913625998067
2322,sq_49_23,1.0000464155125217,1.0000789805418708,1.0000913625998078
2323,sq_49_24,1.0000464155125217,1.0000789805418726,1.000091362599806
2324,sq_49_26,1.0000464155125217,1.0000934479644115,1.0001017589585774
2325,sq_49_27,1.0000464155125217,1.0000871179471267,1.0001005381666137
2326,sq_49_31,1.0000464155125217,1.00009627711477,1.0001052403668078
2327,sq_49_32,1.0000464155125217,1.00007898054187,1.0000913625998085
2328,sq_49_33,1.0000464155125217,1.0000789805418713,1.0000913625998071
2329,sq_49_34,1.0000464155125217,1.0000789805418724,1.0000913625998062
2330,sq_49_36,1.0000464155125217,1.0000789805418702,1.0000913625998074
2331,sq_49_38,1.0000464155125217,1.0000789805418702,1.0000913625998076
2332,sq_49_39,1.0000464155125217,1.0000789805418715,1.0000913625998065
2333,sq_49_40,1.0000464155125217,1.0000789805418715,1.0000913625998065
2334,sq_49_41,1.0000464155125217,1.0000930682895115,1.0000992841457443
2335,sq_49_43,1.0000464155125217,1.0000789805418695,1.0000913625998071
2336,sq_49_44,1.0000464155125217,1.0000789805418704,1.0000913625998076
2337,sq_49_46,1.0000464155125217,1.00007898054187,1.0000913625998067
2338,sq_49_48,1.0000464155125217,1.0000789805418728,1.0000913625998067
2339,sq_49_49,1.0000464155125217,1.000083688269679,1.000092567881122
2340,sq_49_51,1.0000464155125217,1.00007898054187,1.0000913625998076
2341,sq_49_57,1.0000464155125217,1.0000789805418717,1.0000913625998062
2342,sq_49_58,1.0000464155125217,1.0000789805418724,1.0000913625998067
2343,sq_49_61,1.0000464155125217,1.0000789805418715,1.0000913625998071
2344,sq_49_62,1.0000464155125217,1.0000789805418704,1.0000913625998076
2345,sq_49_63,1.0000464155125217,1.0000789805418688,1.0000913625998082
2346,sq_49_64,1.0000464155125217,1.000078980541871,1.0000913625998071
2347,sq_4_11,1.0000464155125217,1.0000789805418717,1.0000913625998062
2348,sq_4_15,1.0000464155125217,1.0000916991575106,1.000097019772357
2349,sq_4_16,1.0000464155125217,1.0001103943489555,1.0001435595089367
2350,sq_4_32,1.0000464155125217,1.0000825834333982,1.0000926668331
2351,sq_4_34,1.0000464155125217,1.0000813426817965,1.000092399874242
2352,sq_4_36,1.0000464155125217,1.0000780915036689,1.000093754036452
2353,sq_4_37,1.0000464155125217,1.0000791096837476,1.0000918576688587
2354,sq_4_38,1.0000464155125217,1.0000790578132794,1.000091740031795
2355,sq_4_39,1.0000464155125217,1.0000789805418704,1.0000913625998076
2356,sq_50_14,1.0000464155125217,1.0000789805418708,1.0000913625998071
2357,sq_50_18,1.0000464155125217,1.0000789805418713,1.000091362599807
2358,sq_50_19,1.0000464155125217,1.0000789805418722,1.0000913625998067
2359,sq_50_27,1.0000464155125217,1.0000789805418702,1.0000913625998074
2360,sq_50_31,1.0000464155125217,1.000078980541872,1.0000913625998071
2361,sq_50_34,1.0000464155125217,1.0000789805418717,1.000091362599807
2362,sq_50_39,1.0000464155125217,1.0000789805418713,1.0000913625998076
2363,sq_50_42,1.0000464155125217,1.000078980541872,1.0000913625998071
2364,sq_50_43,1.0000464155125217,1.00012874258283,1.0001201228592471
2365,sq_50_44,1.0000464155125217,1.000130702498204,1.0001239190977513
2366,sq_50_49,1.0000464155125217,1.0000969160105029,1.000095929825372
2367,sq_50_50,1.0000464155125217,1.000081122006404,1.0001073223841894
2368,sq_50_53,1.0000464155125217,1.0000623206858732,1.0001705528488962
2369,sq_50_55,1.0000464155125217,1.0000374205093465,1.0002146228444992
2370,sq_50_61,1.0000464155125217,1.0000807471180746,1.0001622628700801
2371,sq_50_63,1.0000464155125217,1.0000977214247668,1.0001102843160095
2372,sq_50_66,1.0000464155125217,1.0000674671176086,1.0001643365141488
2373,sq_51_13,1.0000464155125217,1.000073129484263,1.0001500453752727
2374,sq_51_14,1.0000464155125217,1.0000789805418704,1.0000913625998078
2375,sq_51_19,1.0000464155125217,1.0000789805418715,1.0000913625998065
2376,sq_51_21,1.0000464155125217,1.0000789805418706,1.000091362599808
2377,sq_51_29,1.0000464155125217,1.0000789805418702,1.0000913625998067
2378,sq_51_30,1.0000464155125217,1.0000789805418706,1.0000913625998074
2379,sq_51_32,1.0000464155125217,1.0000789805418708,1.0000913625998071
2380,sq_51_39,1.0000464155125217,1.0000789805418708,1.000091362599807
2381,sq_51_42,1.0000464155125217,1.0000789805418704,1.0000913625998076
2382,sq_51_43,1.0000464155125217,1.0000790890197633,1.000144011602272
2383,sq_51_59,1.0000464155125217,1.000094939880719,1.0001085333184827
2384,sq_52_13,1.0000464155125217,1.0000783345385569,1.0000960858740777
2385,sq_52_28,1.0000464155125217,1.0000777372202774,1.0001130406198002
2386,sq_52_29,1.0000464155125217,1.000089053305739,1.0000921857143827
2387,sq_52_30,1.0000464155125217,1.0000789805418717,1.000091362599807
2388,sq_52_31,1.0000464155125217,1.0000789805418695,1.0000913625998076
2389,sq_52_32,1.0000464155125217,1.0000789805418704,1.0000913625998074
2390,sq_52_34,1.0000464155125217,1.0000789805418713,1.0000913625998065
2391,sq_52_35,1.0000464155125217,1.0000789805418706,1.0000913625998071
2392,sq_52_42,1.0000464155125217,1.0000880628194657,1.0001139513830544
2393,sq_52_43,1.0000464155125217,1.0000789805418706,1.0000913625998082
2394,sq_52_60,1.0000464155125217,1.0000789805418704,1.0000913625998076
2395,sq_52_61,1.0000464155125217,1.000078980541871,1.0000913625998074
2396,sq_53_14,1.0000464155125217,1.0000789805418722,1.0000913625998071
2397,sq_53_17,1.0000464155125217,1.0000675770566843,1.0001333271026793
2398,sq_53_21,1.0000464155125217,1.0000789805418717,1.0000913625998074
2399,sq_53_26,1.0000464155125217,1.0000789805418708,1.000091362599807
2400,sq_53_29,1.0000464155125217,1.0000789805418688,1.000091362599808
2401,sq_53_37,1.0000464155125217,1.000078980541871,1.0000913625998065
2402,sq_53_42,1.0000464155125217,1.0000789805418704,1.0000913625998078
2403,sq_53_49,1.0000464155125217,1.000078980541871,1.0000913625998076
2404,sq_53_52,1.0000464155125217,1.000078980541871,1.0000913625998074
2405,sq_53_54,1.0000464155125217,1.000078980541872,1.0000913625998078
2406,sq_53_55,1.0000464155125217,1.0000789805418688,1.0000913625998078
2407,sq_53_58,1.0000464155125217,1.0000789805418715,1.0000913625998067
2408,sq_53_59,1.0000464155125217,1.0000983943105632,1.0001105066827398
2409,sq_53_61,1.0000464155125217,1.0001145417649284,1.0001082235702519
2410,sq_54_22,1.0000464155125217,1.0000850341413707,1.0000923583159198
2411,sq_54_23,1.0000464155125217,1.000078980541871,1.0000913625998071
2412,sq_54_24,1.0000464155125217,1.0000817680754976,1.0000917728637537
2413,sq_54_31,1.0000464155125217,1.000085235869672,1.0000943214740028
2414,sq_54_32,1.0000464155125217,1.000078980541871,1.0000913625998076
2415,sq_54_33,1.0000464155125217,1.0000789805418704,1.0000913625998085
2416,sq_54_35,1.0000464155125217,1.0000789805418688,1.0000913625998082
2417,sq_54_36,1.0000464155125217,1.0000789805418702,1.0000913625998076
2418,sq_54_37,1.0000464155125217,1.000078980541871,1.0000913625998074
2419,sq_54_38,1.0000464155125217,1.0000789805418715,1.000091362599807
2420,sq_54_43,1.0000464155125217,1.000078980541871,1.0000913625998076
2421,sq_54_44,1.0000464155125217,1.000078980541871,1.0000913625998076
2422,sq_54_45,1.0000464155125217,1.00007898054187,1.0000913625998078
2423,sq_54_53,1.0000464155125217,1.0000789805418684,1.000091362599808
2424,sq_54_59,1.0000464155125217,1.00007898054187,1.0000913625998074
2425,sq_54_62,1.0000464155125217,1.0000853618623218,1.000093333786093
2426,sq_54_65,1.0000464155125217,1.0000897980406043,1.0001057508659414
2427,sq_54_66,1.0000464155125217,1.0000983449485392,1.000139407868073
2428,sq_54_67,1.0000464155125217,1.000101230696978,1.00010143245295
2429,sq_54_68,1.0000464155125217,1.00007898054187,1.0000913625998078
2430,sq_55_23,1.0000464155125217,1.0001243064143572,1.0000968437114768
2431,sq_55_24,1.0000464155125217,1.0000913504459612,1.0000897996522842
2432,sq_55_26,1.0000464155125217,1.0000789805418708,1.0000913625998067
2433,sq_55_34,1.0000464155125217,1.0001060764947665,1.0001473893504578
2434,sq_55_35,1.0000464155125217,1.0001480624265888,1.0001511486981327
2435,sq_55_37,1.0000464155125217,1.0001261690430576,1.000103309077547
2436,sq_55_38,1.0000464155125217,1.0000874715203285,1.0001376374758562
2437,sq_55_39,1.0000464155125217,1.0000902364384172,1.000104246486985
2438,sq_55_41,1.0000464155125217,1.0001373850012851,1.0001473460899766
2439,sq_55_45,1.0000464155125217,1.0001063993142996,1.0001232371971498
2440,sq_55_55,1.0000464155125217,1.0000789805418713,1.0000913625998067
2441,sq_55_56,1.0000464155125217,1.000078980541872,1.0000913625998062
2442,sq_55_57,1.0000464155125217,1.0000789805418704,1.0000913625998067
2443,sq_55_58,1.0000464155125217,1.00008542509221,1.000093829996617
2444,sq_55_59,1.0000464155125217,1.0000933528768212,1.0000988257102537
2445,sq_55_60,1.0000464155125217,1.0000789805418704,1.0000913625998071
2446,sq_55_68,1.0000464155125217,1.000078980541871,1.0000913625998071
2447,sq_55_69,1.0000464155125217,1.0000789805418722,1.0000913625998078
2448,sq_55_70,1.0000464155125217,1.0000789805418708,1.0000913625998078
2449,sq_55_71,1.0000464155125217,1.0001151011614617,1.0001353330494305
2450,sq_56_28,1.0000464155125217,1.0000789805418688,1.0000913625998078
2451,sq_56_37,1.0000464155125217,1.0000789805418704,1.0000913625998076
2452,sq_56_39,1.0000464155125217,1.0000789805418702,1.0000913625998078
2453,sq_56_51,1.0000464155125217,1.0000789805418722,1.0000913625998065
2454,sq_56_55,1.0000464155125217,1.0001151946854479,1.0001115569542072
2455,sq_56_57,1.0000464155125217,1.0000789805418704,1.0000913625998082
2456,sq_56_58,1.0000464155125217,1.0000789805418704,1.0000913625998078
2457,sq_56_59,1.0000464155125217,1.0000789805418704,1.0000913625998071
2458,sq_56_60,1.0000464155125217,1.0000789805418713,1.0000913625998071
2459,sq_56_61,1.0000464155125217,1.0000789805418715,1.0000913625998065
2460,sq_56_69,1.0000464155125217,1.000078980541872,1.0000913625998067
2461,sq_56_70,1.0000464155125217,1.0000789805418715,1.0000913625998071
2462,sq_56_71,1.0000464155125217,1.0000789805418697,1.0000913625998076
2463,sq_57_25,1.0000464155125217,1.0000789805418684,1.000091362599808
2464,sq_57_33,1.0000464155125217,1.0000789805418715,1.000091362599807
2465,sq_57_39,1.0000464155125217,1.0000835121183456,1.0001067918766782
2466,sq_57_40,1.0000464155125217,1.0000871112379823,1.0001545352265437
2467,sq_57_41,1.0000464155125217,1.0001316278485266,1.000143330426754
2468,sq_57_42,1.0000464155125217,1.00007898054187,1.0000913625998085
2469,sq_57_43,1.0000464155125217,1.0000789805418706,1.0000913625998078
2470,sq_57_44,1.0000464155125217,1.0000777768754558,1.0000938343908985
2471,sq_57_51,1.0000464155125217,1.0000789805418715,1.0000913625998062
2472,sq_57_52,1.0000464155125217,1.0000789805418706,1.0000913625998078
2473,sq_57_56,1.0000464155125217,1.0000789805418722,1.0000913625998078
2474,sq_57_57,1.0000464155125217,1.0000789805418706,1.0000913625998074
2475,sq_57_58,1.0000464155125217,1.000078980541871,1.0000913625998071
2476,sq_57_59,1.0000464155125217,1.0000789805418702,1.0000913625998074
2477,sq_57_60,1.0000464155125217,1.000078980541872,1.000091362599807
2478,sq_57_61,1.0000464155125217,1.0000789805418704,1.0000913625998067
2479,sq_57_62,1.0000464155125217,1.0000789805418726,1.0000913625998067
2480,sq_57_71,1.0000464155125217,1.0000789805418726,1.0000913625998062
2481,sq_57_72,1.0000464155125217,1.0000789805418715,1.0000913625998074
2482,sq_57_74,1.0000464155125217,1.0000789805418688,1.0000913625998082
2483,sq_58_39,1.0000464155125217,1.0000789805418722,1.0000913625998078
2484,sq_58_40,1.0000464155125217,1.0001131194511712,1.0001607514884732
2485,sq_58_41,1.0000464155125217,1.0001128263478305,1.000128526265814
2486,sq_58_42,1.0000464155125217,1.0001584449367675,1.000107469570731
2487,sq_58_47,1.0000464155125217,1.0001202192757566,1.0001000027174545
2488,sq_58_48,1.0000464155125217,1.0001179318951856,1.0001134681011832
2489,sq_58_49,1.0000464155125217,1.0000939635551829,1.0001081588031706
2490,sq_58_51,1.0000464155125217,1.000078980541872,1.0000913625998074
2491,sq_58_52,1.0000464155125217,1.000078980541872,1.0000913625998074
2492,sq_58_53,1.0000464155125217,1.00007898054187,1.0000913625998078
2493,sq_58_58,1.0000464155125217,1.0000883108577638,1.0001068648422207
2494,sq_58_60,1.0000464155125217,1.0000789805418713,1.0000913625998076
2495,sq_58_61,1.0000464155125217,1.0000789805418717,1.0000913625998062
2496,sq_58_62,1.0000464155125217,1.0000789805418713,1.0000913625998078
2497,sq_58_63,1.0000464155125217,1.000078980541872,1.0000913625998062
2498,sq_58_69,1.0000464155125217,1.0000789805418708,1.0000913625998067
2499,sq_58_75,1.0000464155125217,1.0000789805418695,1.000091362599808
2500,sq_58_76,1.0000464155125217,1.0000918640271912,1.0001112307426474
2501,sq_59_37,1.0000464155125217,1.0001206223140875,1.000147635649091
2502,sq_59_39,1.0000464155125217,1.0000789805418684,1.0000913625998082
2503,sq_59_41,1.0000464155125217,1.0000789805418717,1.0000913625998074
2504,sq_59_47,1.0000464155125217,1.0000789805418697,1.0000913625998074
2505,sq_59_52,1.0000464155125217,1.0000997363708388,1.0001264492814337
2506,sq_59_53,1.0000464155125217,1.0000789805418697,1.0000913625998076
2507,sq_59_54,1.0000464155125217,1.000078980541871,1.0000913625998067
2508,sq_59_57,1.0000464155125217,1.0000789805418717,1.000091362599807
2509,sq_59_58,1.0000464155125217,1.0000789805418713,1.0000913625998076
2510,sq_59_63,1.0000464155125217,1.0000958742878154,1.0000974329985879
2511,sq_59_65,1.0000464155125217,1.0000903948185045,1.0001041173659118
2512,sq_59_66,1.0000464155125217,1.0000789805418702,1.0000913625998071
2513,sq_59_68,1.0000464155125217,1.000176593680558,1.0000988041198906
2514,sq_59_71,1.0000464155125217,1.0001567158550448,1.0000910203298154
2515,sq_59_72,1.0000464155125217,1.0001297894670689,1.0001127306265463
2516,sq_59_73,1.0000464155125217,1.0001341933773316,1.0000898409866894
2517,sq_59_74,1.0000464155125217,1.0001440728814632,1.0001095884579887
2518,sq_59_75,1.0000464155125217,1.0000789805418724,1.000091362599807
2519,sq_5_13,1.0000464155125217,1.0000776478530018,1.0000940998122005
2520,sq_5_40,1.0000464155125217,1.00008987561503,1.0001520037663942
2521,sq_60_28,1.0000464155125217,1.0000789805418688,1.0000913625998082
2522,sq_60_32,1.0000464155125217,1.0001603317951406,1.0000987149821665
2523,sq_60_46,1.0000464155125217,1.0001490579931034,1.0001277131179007
2524,sq_60_47,1.0000464155125217,1.00007898054187,1.0000913625998085
2525,sq_60_56,1.0000464155125217,1.000078980541871,1.0000913625998065
2526,sq_60_57,1.0000464155125217,1.0000789805418715,1.0000913625998071
2527,sq_60_63,1.0000464155125217,1.000078980541872,1.0000913625998071
2528,sq_60_65,1.0000464155125217,1.0000789805418717,1.000091362599807
2529,sq_61_30,1.0000464155125217,1.0000789805418684,1.0000913625998082
2530,sq_61_31,1.0000464155125217,1.000078980541871,1.0000913625998076
2531,sq_61_38,1.0000464155125217,1.0000789805418706,1.0000913625998071
2532,sq_61_42,1.0000464155125217,1.0000789805418717,1.000091362599807
2533,sq_61_51,1.0000464155125217,1.0000789805418708,1.0000913625998071
2534,sq_61_52,1.0000464155125217,1.0000789805418704,1.000091362599807
2535,sq_62_30,1.0000464155125217,1.0000789805418697,1.0000913625998085
2536,sq_62_31,1.0000464155125217,1.0000789805418713,1.0000913625998076
2537,sq_62_34,1.0000464155125217,1.0000789805418704,1.0000913625998076
2538,sq_62_38,1.0000464155125217,1.0000789805418717,1.0000913625998065
2539,sq_62_39,1.0000464155125217,1.0000789805418704,1.0000913625998085
2540,sq_62_41,1.0000464155125217,1.0000789805418702,1.0000913625998082
2541,sq_62_50,1.0000464155125217,1.0000789805418684,1.000091362599808
2542,sq_62_51,1.0000464155125217,1.000078980541872,1.000091362599807
2543,sq_62_52,1.0000464155125217,1.0000789805418693,1.000091362599808
2544,sq_62_53,1.0000464155125217,1.00007898054187,1.0000913625998085
2545,sq_63_31,1.0000464155125217,1.0001159809465532,1.000132442702912
2546,sq_63_34,1.0000464155125217,1.0000789805418704,1.0000913625998076
2547,sq_63_35,1.0000464155125217,1.0000822888574217,1.0000998648768504
2548,sq_63_36,1.0000464155125217,1.0000822201433963,1.0001117462831084
2549,sq_63_37,1.0000464155125217,1.0000955752317093,1.0000972409342503
2550,sq_63_38,1.0000464155125217,1.0000860016699789,1.000103607500615
2551,sq_63_41,1.0000464155125217,1.0000820521873837,1.0000932901897486
2552,sq_63_42,1.0000464155125217,1.000078980541871,1.0000913625998076
2553,sq_63_43,1.0000464155125217,1.0000789805418715,1.0000913625998074
2554,sq_63_44,1.0000464155125217,1.000078980541873,1.0000913625998065
2555,sq_63_47,1.0000464155125217,1.000078980541872,1.0000913625998065
2556,sq_63_48,1.0000464155125217,1.0000789805418688,1.0000913625998078
2557,sq_63_49,1.0000464155125217,1.00007898054187,1.0000913625998085
2558,sq_64_34,1.0000464155125217,1.0000789805418684,1.000091362599808
2559,sq_64_40,1.0000464155125217,1.000078980541871,1.0000913625998067
2560,sq_64_41,1.0000464155125217,1.000078980541871,1.0000913625998067
2561,sq_64_42,1.0000464155125217,1.0000789805418715,1.0000913625998074
2562,sq_64_43,1.0000464155125217,1.0001024522775024,1.000101891914681
2563,sq_64_49,1.0000464155125217,1.000135372625866,1.0001285925852859
2564,sq_65_39,1.0000464155125217,1.0000995537065267,1.0001024588617298
2565,sq_65_40,1.0000464155125217,1.0000789805418708,1.0000913625998082
2566,sq_65_43,1.0000464155125217,1.0001022859164954,1.0001145902413013
2567,sq_65_46,1.0000464155125217,1.000078980541871,1.0000913625998074
2568,sq_65_47,1.0000464155125217,1.0000789805418706,1.0000913625998078
2569,sq_66_38,1.0000464155125217,1.0000789805418706,1.0000913625998078
2570,sq_66_39,1.0000464155125217,1.000084018816453,1.0001067915812947
2571,sq_66_41,1.0000464155125217,1.0001173700065416,1.0001420082144399
2572,sq_66_42,1.0000464155125217,1.000100402027034,1.0001059748529002
2573,sq_66_43,1.0000464155125217,1.0001644349429248,1.0001279540847883
2574,sq_66_50,1.0000464155125217,1.0001927963140753,1.0001303162776183
2575,sq_66_52,1.0000464155125217,1.0000789805418693,1.000091362599808
2576,sq_67_37,1.0000464155125217,1.0000789805418724,1.000091362599806
2577,sq_67_38,1.0000464155125217,1.0000789805418702,1.0000913625998067
2578,sq_67_39,1.0000464155125217,1.0000789805418702,1.0000913625998074
2579,sq_67_41,1.0000464155125217,1.0000789805418717,1.0000913625998067
2580,sq_67_42,1.0000464155125217,1.0000789805418702,1.0000913625998087
2581,sq_67_44,1.0000464155125217,1.0001014737309397,1.0001247260046615
2582,sq_67_45,1.0000464155125217,1.0001234026155574,1.0001249982296612
2583,sq_67_49,1.0000464155125217,1.000138502828579,1.0000954767724068
2584,sq_67_52,1.0000464155125217,1.0001602258358766,1.0001234200590419
2585,sq_68_36,1.0000464155125217,1.000122219385042,1.000113613583643
2586,sq_68_37,1.0000464155125217,1.0001170494129568,1.0001241058141448
2587,sq_68_41,1.0000464155125217,1.000104870489101,1.0001076234169595
2588,sq_68_44,1.0000464155125217,1.0000789805418713,1.0000913625998076
2589,sq_68_49,1.0000464155125217,1.0000789805418693,1.0000913625998078
2590,sq_69_35,1.0000464155125217,1.0000789805418695,1.0000913625998087
2591,sq_69_36,1.0000464155125217,1.000078980541872,1.0000913625998071
2592,sq_69_41,1.0000464155125217,1.0000789805418693,1.000091362599808
2593,sq_69_47,1.0000464155125217,1.000078980541871,1.0000913625998076
2594,sq_6_14,1.0000464155125217,1.000078980541871,1.0000913625998078
2595,sq_6_15,1.0000464155125217,1.0000789805418695,1.0000913625998078
2596,sq_6_18,1.0000464155125217,1.0000789805418715,1.0000913625998074
2597,sq_6_21,1.0000464155125217,1.0000789805418715,1.000091362599807
2598,sq_6_23,1.0000464155125217,1.0000789805418722,1.0000913625998071
2599,sq_6_24,1.0000464155125217,1.0000789805418713,1.0000913625998071
2600,sq_6_27,1.0000464155125217,1.0000789805418708,1.0000913625998076
2601,sq_6_32,1.0000464155125217,1.000078980541872,1.0000913625998067
2602,sq_6_34,1.0000464155125217,1.0000846336287992,1.0000907881530006
2603,sq_6_36,1.0000464155125217,1.000082543794951,1.000091509207543
2604,sq_6_39,1.0000464155125217,1.0000791343235629,1.000091828406548
2605,sq_6_40,1.0000464155125217,1.0000789805418708,1.0000913625998067
2606,sq_70_35,1.0000464155125217,1.0000789805418706,1.0000913625998062
2607,sq_70_37,1.0000464155125217,1.0000789805418724,1.0000913625998067
2608,sq_70_46,1.0000464155125217,1.000081481768006,1.0000989831785947
2609,sq_71_34,1.0000464155125217,1.000078980541872,1.0000913625998071
2610,sq_71_35,1.0000464155125217,1.0000789805418704,1.0000913625998085
2611,sq_71_46,1.0000464155125217,1.0000789805418684,1.0000913625998082
2612,sq_73_43,1.0000464155125217,1.000078980541871,1.0000913625998082
2613,sq_73_45,1.0000464155125217,1.000078980541871,1.0000913625998076
2614,sq_74_42,1.0000464155125217,1.0000789805418713,1.0000913625998076
2615,sq_7_11,1.0000464155125217,1.000078980541872,1.000091362599807
2616,sq_7_40,1.0000464155125217,1.000078980541871,1.0000913625998065
2617,sq_7_41,1.0000464155125217,1.0000789805418717,1.0000913625998065
2618,sq_7_44,1.0000464155125217,1.0000789805418684,1.0000913625998082
2619,sq_7_45,1.0000464155125217,1.0000789805418704,1.0000913625998076
2620,sq_7_46,1.0000464155125217,1.0000788742767643,1.0001145457920482
2621,sq_8_10,1.0000464155125217,1.0000867827499809,1.0000976105344834
2622,sq_8_11,1.0000464155125217,1.000087363151003,1.0001555638509032
2623,sq_8_12,1.0000464155125217,1.000085036836724,1.0001030510126814
2624,sq_8_19,1.0000464155125217,1.0000789805418715,1.0000913625998076
2625,sq_8_24,1.0000464155125217,1.000079408361933,1.0000920930157822
2626,sq_8_30,1.0000464155125217,1.0000830960793528,1.0000933545709354
2627,sq_8_32,1.0000464155125217,1.0000791509009193,1.0000916299653368
2628,sq_8_40,1.0000464155125217,1.000078980541872,1.0000913625998071
2629,sq_8_41,1.0000464155125217,1.0000781855917316,1.0001104318650222
2630,sq_8_42,1.0000464155125217,1.00008711692137,1.0000904238291146
2631,sq_8_43,1.0000464155125217,1.0000804427461714,1.0000915542873763
2632,sq_8_52,1.0000464155125217,1.0000789805418702,1.000091362599807
2633,sq_8_6,1.0000464155125217,1.00007898054187,1.0000913625998071
2634,sq_9_10,1.0000464155125217,1.0000789805418722,1.0000913625998065
2635,sq_9_11,1.0000464155125217,1.0000789805418715,1.0000913625998067
2636,sq_9_12,1.0000464155125217,1.0000789805418706,1.0000913625998071
2637,sq_9_13,1.0000464155125217,1.000078980541871,1.0000913625998076
2638,sq_9_17,1.0000464155125217,1.0000789805418717,1.000091362599807
2639,sq_9_19,1.0000464155125217,1.000080456541151,1.0000911747325936
2640,sq_9_21,1.0000464155125217,1.0000814358503924,1.000091066603715
2641,sq_9_34,1.0000464155125217,1.0000799253964467,1.0000923463169797
2642,sq_9_35,1.0000464155125217,1.0000797340041236,1.000091644061204
2643,sq_9_37,1.0000464155125217,1.0000811237326315,1.000091144884661
2644,sq_9_38,1.0000464155125217,1.0000870922922367,1.0000904359996354
2645,sq_9_4,1.0000464155125217,1.0000823074980643,1.0000948660876183
2646,sq_9_5,1.0000464155125217,1.00007898054187,1.0000913625998078
2647,sq_9_6,1.0000464155125217,1.0000789805418717,1.0000913625998065
2648,sq_12_3,1.0000464155125217,1.0000789805418673,1.0000913625998082
2649,sq_20_15,1.0000464155125217,1.0000789805418675,1.0000913625998085
2650,sq_20_16,1.0000464155125217,1.0000789805418677,1.000091362599809
2651,sq_12_13,1.0000464155125217,1.0000789805418673,1.0000913625998082
2652,sq_13_55,1.0000464155125217,1.0000789805418682,1.0000913625998076
2653,sq_15_11,1.0000464155125217,1.0000789805418673,1.0000913625998082
2654,sq_14_15,1.0000464155125217,1.0001006810284219,1.0001930129853873
2655,sq_17_12,1.0000464155125217,1.0000794860428095,1.0002344514142565
2656,sq_20_8,1.0000464155125217,0.9999752413421321,1.0003576745709408
2657,sq_25_2,1.0000464155125217,1.0000789805418673,1.0000913625998082
2658,sq_22_20,1.0000464155125217,1.0000261321238593,1.000229842547422
2659,sq_39_38,1.0000464155125217,1.0000297895465047,1.000265986350341
2660,sq_25_12,1.0000464155125217,1.0000789805418682,1.0000913625998076
2661,sq_26_4,1.0000464155125217,1.0000789805418682,1.0000913625998076
2662,sq_26_9,1.0000464155125217,1.0000789805418666,1.000091362599809
2663,sq_24_23,1.0000464155125217,1.0000789805418673,1.0000913625998082
2664,sq_23_13,1.0000464155125217,1.0000789805418677,1.000091362599809
2665,sq_28_7,1.0000464155125217,1.0000789805418677,1.000091362599809
2666,sq_28_8,1.0000464155125217,1.0000789805418682,1.0000913625998076
2667,sq_21_51,1.0000464155125217,1.0000789805418677,1.000091362599809
2668,sq_18_5,1.0000464155125217,1.0000789805418677,1.000091362599809
2669,sq_23_11,1.0000464155125217,1.0000789805418677,1.000091362599809
2670,sq_50_48,1.0000464155125217,1.0000789805418677,1.000091362599809
2671,sq_17_56,1.0000464155125217,1.0000789805418682,1.0000913625998076
2672,sq_27_50,1.0000464155125217,1.0000789805418662,1.0000913625998082
2673,sq_25_13,1.0000464155125217,1.000044533110074,1.0002591541831163
2674,sq_42_21,1.0000464155125217,1.0000579118566326,1.000219025461702
2675,sq_28_6,1.0000464155125217,1.0000746659922646,1.0002429367276338
2676,sq_27_2,1.0000464155125217,1.0001028884916905,1.0002125456757491
2677,sq_29_19,1.0000464155125217,1.0001069086542318,1.0002117649399793
2678,sq_28_53,1.0000464155125217,1.0000975023506387,1.0002329357440312
2679,sq_31_64,1.0000464155125217,1.0000789805418677,1.000091362599809
2680,sq_39_66,1.0000464155125217,1.0000789805418673,1.0000913625998082
2681,sq_33_13,1.0000464155125217,1.0001064215550821,1.0001415692380446
2682,sq_38_22,1.0000464155125217,1.0001128743743783,1.0000786391031526
2683,sq_37_19,1.0000464155125217,1.0000789805418677,1.000091362599809
2684,sq_38_69,1.0000464155125217,1.0000789805418682,1.0000913625998076
2685,sq_39_68,1.0000464155125217,1.0000789805418695,1.0000913625998067
2686,sq_40_33,1.0000464155125217,1.0000789805418695,1.0000913625998067
2687,sq_38_23,1.0000464155125217,1.0000789805418677,1.000091362599809
2688,sq_42_37,1.0000464155125217,1.0000789805418677,1.000091362599809
2689,sq_40_27,1.0000464155125217,1.0000789805418682,1.0000913625998076
2690,sq_41_66,1.0000464155125217,1.0000789805418677,1.000091362599809
2691,sq_40_69,1.0000464155125217,1.0000789805418677,1.000091362599809
2692,sq_68_39,1.0000464155125217,1.000045797955795,1.0002449741310842
2693,sq_43_61,1.0000464155125217,1.0000713235954668,1.0002054908853306
2694,sq_43_38,1.0000464155125217,1.0000789805418677,1.000091362599809
2695,sq_44_24,1.0000464155125217,1.000092394743706,1.0001911797895258
2696,sq_52_17,1.0000464155125217,1.00006719332384,1.0002373030208842
2697,sq_53_48,1.0000464155125217,1.000038690493803,1.0002894849777497
2698,sq_56_47,1.0000464155125217,1.0000324788380592,1.000303243285484
2699,sq_58_56,1.0000464155125217,1.0000789805418682,1.0000913625998076
2700,sq_58_57,1.0000464155125217,1.0000789805418677,1.000091362599809
2701,sq_59_48,1.0000464155125217,1.0000789805418695,1.0000913625998067
2702,sq_45_22,1.0000464155125217,1.0000789805418677,1.000091362599809
2703,sq_44_28,1.0000464155125217,1.0000789805418677,1.000091362599809
2704,sq_52_12,1.0000464155125217,1.000078980541867,1.0000913625998091
2705,sq_49_60,1.0000464155125217,1.0000789805418677,1.000091362599809
2706,sq_49_50,1.0000464155125217,1.0000789805418677,1.000091362599809
2707,sq_49_66,1.0000464155125217,1.0000789805418695,1.0000913625998067
2708,sq_51_16,1.0000464155125217,1.0000298858258463,1.0003044379117727
2709,sq_54_14,1.0000464155125217,0.9999818327713325,1.000347041396237
2710,sq_50_37,1.0000464155125217,1.0000789805418682,1.0000913625998076
2711,sq_54_50,1.0000464155125217,1.000102523325,1.0000824957130094
2712,sq_53_50,1.0000464155125217,1.0000789805418677,1.000091362599809
2713,sq_53_65,1.0000464155125217,1.0000789805418677,1.000091362599809
2714,sq_55_36,1.0000464155125217,1.0000789805418677,1.000091362599809
2715,sq_57_63,1.0000464155125217,1.0000789805418677,1.000091362599809
2716,sq_57_73,1.0000464155125217,1.0000789805418682,1.0000913625998076
2717,sq_59_61,1.0000464155125217,1.0000789805418677,1.000091362599809
2718,sq_59_38,1.0000464155125217,1.0000789805418677,1.000091362599809
2719,sq_60_62,1.0000464155125217,1.0000789805418677,1.000091362599809
2720,sq_62_42,1.0000464155125217,1.0000789805418682,1.0000913625998076
2721,sq_62_47,1.0000464155125217,1.0000789805418677,1.000091362599809
2722,sq_66_45,1.0000464155125217,1.0000789805418673,1.0000913625998082
2723,sq_69_46,1.0000464155125217,1.0000789805418677,1.000091362599809
2724,sq_6_13,1.0000464155125217,1.0000789805418682,1.0000913625998087
2725,sq_73_38,1.0000464155125217,1.0000789805418695,1.0000913625998067
2726,sq_16_9,1.0000464155125217,1.000032625550803,1.0003009707488622
2727,sq_7_42,1.0000464155125217,1.0000213186578448,1.0003137840048297
2728,sq_9_52,1.0000464155125217,1.0000789805418682,1.0000913625998076
2729,sq_8_5,1.0000464155125217,1.0000789805418677,1.000091362599809
