node_aa,grid_id,chi_hat,l_r_hat,l_f_hat
1,sq_10_16,0.9998669097242987,0.9998819270227661,0.9999427007365981
2,sq_10_17,0.9998669097242987,0.9998795429716558,0.9999435596820813
3,sq_10_18,0.9998669097242987,0.9998805815862284,0.9999431663879299
4,sq_10_19,0.9998669097242987,0.9998814704222984,0.9999428599397172
5,sq_10_20,0.9998669097242987,0.9998813438004654,0.9999428684067236
6,sq_10_21,0.9998669097242987,0.9998814916351789,0.9999428386434682
7,sq_10_22,0.9998669097242987,0.9998805634119752,0.9999432026418533
8,sq_10_23,0.9998669097242987,0.9998815897932122,0.999942813199643
9,sq_10_24,0.9998669097242987,0.9998814716803643,0.9999428586747872
10,sq_10_25,0.9998669097242987,0.999881839578038,0.9999427193280898
11,sq_10_26,0.9998669097242987,0.9998813706289331,0.9999428870075833
12,sq_10_27,0.9998669097242987,0.9998810521507169,0.9999430033555162
13,sq_10_28,0.9998669097242987,0.9998811059370701,0.9999429782115276
14,sq_10_29,0.9998669097242987,0.9998794667917076,0.9999435447042755
15,sq_10_30,0.9998669097242987,0.9998814473201156,0.999942871957302
16,sq_10_31,0.9998669097242987,0.999879151003251,0.9999454747622295
17,sq_10_32,0.9998669097242987,0.9992447745068972,1.0007195231323809
18,sq_10_33,0.9998669097242987,1.0002850449559582,0.9999400960879724
19,sq_10_34,0.9998669097242987,1.0023443356174817,0.9987523618281052
20,sq_10_35,0.9998669097242987,0.9999032433163982,0.9999309606048123
21,sq_10_36,0.9998669097242987,1.0020250469317722,0.9985891225268513
22,sq_10_37,0.9998669097242987,0.9999029111763671,0.9999318179353478
23,sq_10_39,0.9998669097242987,0.9998819270227665,0.9999427007365979
24,sq_10_40,0.9998669097242987,0.9999256549077564,0.9999074989228659
25,sq_10_41,0.9998669097242987,0.9998476957768418,0.9999599631118561
26,sq_10_42,0.9998669097242987,0.9998840071815408,0.9999415338199011
27,sq_10_43,0.9998669097242987,0.9998811764879585,0.9999429350946497
28,sq_10_44,0.9998669097242987,0.99988151841312,0.9999428423628753
29,sq_10_45,0.9998669097242987,0.9998815061036522,0.9999428470524117
30,sq_10_46,0.9998669097242987,0.9998861387901614,0.9999372701327441
31,sq_10_47,0.9998669097242987,0.9998816238182455,0.9999427786987417
32,sq_10_48,0.9998669097242987,0.999879069934195,0.9999437211461775
33,sq_10_50,0.9998669097242987,0.9998814884917914,0.9999428551758314
34,sq_10_51,0.9998669097242987,0.9998785044754747,0.9999439414424197
35,sq_11_18,0.9998669097242987,0.9998805546705536,0.9999431021132235
36,sq_11_19,0.9998669097242987,0.999881495849293,0.9999428547809286
37,sq_11_20,0.9998669097242987,0.9998818104418857,0.999942738844767
38,sq_11_21,0.9998669097242987,0.9998815824050282,0.9999428124184807
39,sq_11_22,0.9998669097242987,0.9998812326587977,0.9999429296287383
40,sq_11_23,0.9998669097242987,0.9998804888858023,0.999943508644451
41,sq_11_24,0.9998669097242987,0.9998814823802034,0.999942851032681
42,sq_11_25,0.9998669097242987,0.9998813928497733,0.9999428768134916
43,sq_11_26,0.9998669097242987,0.9998816779149446,0.9999427697870334
44,sq_11_27,0.9998669097242987,0.9998817366523288,0.999942765684459
45,sq_11_29,0.9998669097242987,0.9998811141432707,0.9999429697177764
46,sq_11_30,0.9998669097242987,0.9998800009991863,0.9999433891134765
47,sq_11_31,0.9998669097242987,1.0048561728041374,0.9971259675013439
48,sq_11_32,0.9998669097242987,0.9969977571162478,1.0057085610414203
49,sq_11_33,0.9998669097242987,0.999880881642773,0.9999438693694981
50,sq_11_35,0.9998669097242987,0.9998693194022146,0.9999506667105746
51,sq_11_36,0.9998669097242987,0.9987020404456007,1.0009357219222652
52,sq_11_37,0.9998669097242987,0.9998782646700481,0.9999446233284889
53,sq_11_38,0.9998669097242987,0.9998819270227668,0.9999427007365977
54,sq_11_39,0.9998669097242987,0.9999042012576719,0.9999239993392338
55,sq_11_40,0.9998669097242987,1.0019163187987086,0.9979864604192867
56,sq_11_41,0.9998669097242987,0.9976012059910807,1.001408852827226
57,sq_11_42,0.9998669097242987,1.0003076025183328,0.9997592436356607
58,sq_11_43,0.9998669097242987,0.9998824525632818,0.9999422995996038
59,sq_11_44,0.9998669097242987,0.9998795574049325,0.9999435027012503
60,sq_11_45,0.9998669097242987,0.9998791035035799,0.999943734434377
61,sq_11_46,0.9998669097242987,0.9998792839899342,0.9999436496193737
62,sq_11_47,0.9998669097242987,0.9998815768124052,0.9999428055462216
63,sq_11_48,0.9998669097242987,0.999880691871585,0.9999431453741021
64,sq_11_49,0.9998669097242987,0.9998794131126651,0.9999434422990714
65,sq_11_50,0.9998669097242987,0.9998812510110883,0.9999428922145365
66,sq_11_51,0.9998669097242987,0.9998808560235515,0.9999430137131234
67,sq_11_52,0.9998669097242987,0.9998805025306572,0.9999432068270799
68,sq_11_53,0.9998669097242987,0.9998790333761862,0.9999437821733067
69,sq_11_54,0.9998669097242987,0.999877048913541,0.9999444093944343
70,sq_12_20,0.9998669097242987,0.9998818701774848,0.9999427179868057
71,sq_12_21,0.9998669097242987,0.9998817948149987,0.9999427475707888
72,sq_12_22,0.9998669097242987,0.9998810186805878,0.9999445830764107
73,sq_12_23,0.9998669097242987,0.9992003930115483,1.0004480790288055
74,sq_12_25,0.9998669097242987,0.9998813309729471,0.9999429079414776
75,sq_12_26,0.9998669097242987,0.9998817276181029,0.9999427651689834
76,sq_12_27,0.9998669097242987,0.9998817781549101,0.9999427468050233
77,sq_12_28,0.9998669097242987,0.9998815048001366,0.9999428421762242
78,sq_12_29,0.9998669097242987,0.9998813310702966,0.9999429104060517
79,sq_12_30,0.9998669097242987,0.9998781598917155,0.9999439299180585
80,sq_12_31,0.9998669097242987,0.9999545339541018,0.9999054234519361
81,sq_12_32,0.9998669097242987,0.9998736888077983,0.9999502255178117
82,sq_12_33,0.9998669097242987,0.9998816594976178,0.9999427978754768
83,sq_12_34,0.9998669097242987,0.9998816514641811,0.9999427758410092
84,sq_12_35,0.9998669097242987,0.9998792642339603,0.999943722800981
85,sq_12_36,0.9998669097242987,0.9998796480038937,0.9999443124185962
86,sq_12_39,0.9998669097242987,1.003170927395553,0.9979683745645014
87,sq_12_40,0.9998669097242987,0.9999048263191915,0.9999297372998284
88,sq_12_41,0.9998669097242987,1.0002249496962643,0.9997907283905959
89,sq_12_42,0.9998669097242987,1.0480349487695506,0.9818417213018656
90,sq_12_43,0.9998669097242987,1.0000841921757908,0.9997713468519331
91,sq_12_44,0.9998669097242987,0.9998819270227668,0.9999427007365979
92,sq_12_45,0.9998669097242987,0.9998814668888305,0.9999427871756968
93,sq_12_46,0.9998669097242987,0.9998811572383571,0.9999429733441811
94,sq_12_47,0.9998669097242987,0.9998813852565345,0.9999428792772305
95,sq_12_48,0.9998669097242987,0.9998794854614633,0.9999435759419449
96,sq_12_50,0.9998669097242987,0.9998816829526787,0.9999427682516387
97,sq_12_51,0.9998669097242987,0.9998813530078492,0.9999428933682502
98,sq_12_52,0.9998669097242987,0.999879965519495,0.9999434066948648
99,sq_12_53,0.9998669097242987,0.9998809480995097,0.9999430102819435
100,sq_12_54,0.9998669097242987,0.999880485039754,0.9999431917568985
101,sq_13_10,0.9998669097242987,0.9998819270227666,0.9999427007365984
102,sq_13_11,0.9998669097242987,0.999881927022766,0.9999427007365977
103,sq_13_12,0.9998669097242987,0.9998819270227666,0.9999427007365984
104,sq_13_20,0.9998669097242987,0.9998818839787394,0.9999427138607403
105,sq_13_21,0.9998669097242987,0.9998815835494173,0.9999428609779583
106,sq_13_22,0.9998669097242987,0.9998829582372325,0.9999416506748949
107,sq_13_23,0.9998669097242987,1.0005828689152911,0.9994589715708029
108,sq_13_24,0.9998669097242987,0.9998824021456885,0.9999422930673277
109,sq_13_25,0.9998669097242987,0.9998818829815771,0.9999427148988705
110,sq_13_26,0.9998669097242987,0.9998818984720005,0.9999427095129082
111,sq_13_27,0.9998669097242987,0.9998818837031013,0.999942715159665
112,sq_13_28,0.9998669097242987,0.9998818426128785,0.9999427276565599
113,sq_13_29,0.9998669097242987,0.9998813188126779,0.9999429259448414
114,sq_13_30,0.9998669097242987,0.9998649088805128,0.9999481837893041
115,sq_13_31,0.9998669097242987,0.9998815865177113,0.9999428101970138
116,sq_13_32,0.9998669097242987,0.9998814905701963,0.9999428514608906
117,sq_13_33,0.9998669097242987,0.999881871667489,0.9999427192739005
118,sq_13_34,0.9998669097242987,0.9998825858822347,0.9999423226424918
119,sq_13_35,0.9998669097242987,1.0013855179749098,0.9991323941834442
120,sq_13_36,0.9998669097242987,0.9989850544626012,1.0010422406060249
121,sq_13_37,0.9998669097242987,0.9998802995307133,0.999944195839444
122,sq_13_38,0.9998669097242987,0.9998669708073754,0.9999514140932693
123,sq_13_39,0.9998669097242987,0.9985039636499282,1.0014381840025046
124,sq_13_41,0.9998669097242987,0.999835670556021,1.0000236394850175
125,sq_13_42,0.9998669097242987,0.9926797815073072,1.0143592226399225
126,sq_13_43,0.9998669097242987,1.0292321279921512,0.9881921091518329
127,sq_13_44,0.9998669097242987,1.0003568641400593,0.9997390376762145
128,sq_13_45,0.9998669097242987,0.9998829506233908,0.9999420811268761
129,sq_13_46,0.9998669097242987,0.9998814155817678,0.9999427793000258
130,sq_13_47,0.9998669097242987,0.9998816151132035,0.9999428087508038
131,sq_13_48,0.9998669097242987,0.9998797816675237,0.999943421202925
132,sq_13_49,0.9998669097242987,0.9998802415053889,0.9999432973409519
133,sq_13_50,0.9998669097242987,0.9998813623878829,0.999942873627623
134,sq_13_51,0.9998669097242987,0.9998777399027272,0.9999442070362936
135,sq_13_52,0.9998669097242987,0.9998799962430251,0.9999434079364885
136,sq_13_53,0.9998669097242987,0.9998813988888704,0.9999428263815455
137,sq_13_54,0.9998669097242987,0.9998808201081474,0.9999430354348661
138,sq_13_9,0.9998669097242987,0.9998819270227659,0.999942700736598
139,sq_14_10,0.9998669097242987,0.9998819270227659,0.9999427007365977
140,sq_14_11,0.9998669097242987,0.9998819270227662,0.9999427007365981
141,sq_14_12,0.9998669097242987,0.9998819270227643,0.9999427007365991
142,sq_14_19,0.9998669097242987,0.9998818563162754,0.9999427161025464
143,sq_14_20,0.9998669097242987,0.9998818445078967,0.999942720131408
144,sq_14_21,0.9998669097242987,0.9998318419433585,1.0000296158303967
145,sq_14_22,0.9998669097242987,0.9962264011451906,1.0059958548032732
146,sq_14_23,0.9998669097242987,0.9998827086728896,0.9999418784951732
147,sq_14_24,0.9998669097242987,0.9998816657997902,0.9999427922243751
148,sq_14_25,0.9998669097242987,0.9998816536113463,0.9999427997493959
149,sq_14_26,0.9998669097242987,0.9998818825631364,0.9999427154192602
150,sq_14_27,0.9998669097242987,0.9998818575985148,0.9999427232059476
151,sq_14_28,0.9998669097242987,0.9998818174032456,0.9999427377526684
152,sq_14_29,0.9998669097242987,0.9998817926759925,0.9999427462378664
153,sq_14_30,0.9998669097242987,0.9998608092222342,0.9999500926498587
154,sq_14_31,0.9998669097242987,0.9998816876442095,0.9999427745433902
155,sq_14_32,0.9998669097242987,0.9998816946045785,0.9999427815992626
156,sq_14_33,0.9998669097242987,0.9998818985898843,0.9999427096298519
157,sq_14_34,0.9998669097242987,0.9998816783665221,0.9999428342121328
158,sq_14_35,0.9998669097242987,0.99988176360817,0.9999427621573925
159,sq_14_36,0.9998669097242987,0.9998706613743463,0.9999530056438808
160,sq_14_37,0.9998669097242987,1.000856421496296,0.9989824507702733
161,sq_14_38,0.9998669097242987,0.9953639245617824,1.0079415331484993
162,sq_14_39,0.9998669097242987,0.9998777504013924,0.9999469853836624
163,sq_14_40,0.9998669097242987,0.9998821576787199,0.999942267921793
164,sq_14_41,0.9998669097242987,0.999881704853469,0.999942797534005
165,sq_14_42,0.9998669097242987,0.9998514266179274,0.9999939923091583
166,sq_14_43,0.9998669097242987,0.9998814764018797,0.9999428831715624
167,sq_14_44,0.9998669097242987,0.9998812496631972,0.9999429518284176
168,sq_14_45,0.9998669097242987,0.9998814146013154,0.9999428678596021
169,sq_14_46,0.9998669097242987,0.9998813031204066,0.9999429000903105
170,sq_14_47,0.9998669097242987,0.9998789423348412,0.9999437790852255
171,sq_14_48,0.9998669097242987,0.9998797884488319,0.9999434888750093
172,sq_14_50,0.9998669097242987,0.9998801337547992,0.9999433198126579
173,sq_14_51,0.9998669097242987,0.9998812069365541,0.9999429527876494
174,sq_14_52,0.9998669097242987,0.9998927313065286,0.999920545173804
175,sq_14_53,0.9998669097242987,0.999880130627285,0.9999433792692592
176,sq_14_54,0.9998669097242987,0.9998805204789705,0.9999432100678232
177,sq_14_7,0.9998669097242987,0.9998819270227657,0.9999427007365982
178,sq_14_8,0.9998669097242987,0.9998819270227653,0.9999427007365983
179,sq_14_9,0.9998669097242987,0.9998819270227648,0.9999427007365977
180,sq_15_12,0.9998669097242987,0.9998819270227653,0.9999427007365982
181,sq_15_13,0.9998669097242987,0.9998819270227658,0.9999427007365984
182,sq_15_2,0.9998669097242987,0.9998819270227627,0.9999427007365992
183,sq_15_20,0.9998669097242987,0.9998819095385267,0.9999426908690503
184,sq_15_21,0.9998669097242987,0.9999161732948764,0.9999171649815178
185,sq_15_22,0.9998669097242987,1.0017324880616194,0.9985043165921388
186,sq_15_23,0.9998669097242987,0.9998980547505143,0.9999328060089835
187,sq_15_24,0.9998669097242987,0.9998814953837368,0.9999428385304845
188,sq_15_25,0.9998669097242987,0.999881574010428,0.9999428165950992
189,sq_15_26,0.9998669097242987,0.9998812650275243,0.9999429211919888
190,sq_15_27,0.9998669097242987,0.999881862741602,0.9999427221751612
191,sq_15_28,0.9998669097242987,0.9998818444033176,0.9999427287803643
192,sq_15_29,0.9998669097242987,0.9998815015419843,0.9999429445023688
193,sq_15_3,0.9998669097242987,0.999881927022766,0.9999427007365985
194,sq_15_30,0.9998669097242987,0.9989849813775822,1.0008511281738341
195,sq_15_31,0.9998669097242987,0.9998815295550021,0.9999445228616308
196,sq_15_32,0.9998669097242987,0.9998817320371112,0.9999427650992943
197,sq_15_33,0.9998669097242987,0.9998817671829755,0.9999428154320852
198,sq_15_34,0.9998669097242987,0.9996678201985288,1.000265575907217
199,sq_15_35,0.9998669097242987,0.9998787681506841,0.9999445581889524
200,sq_15_36,0.9998669097242987,0.9981260004947973,1.001377502649066
201,sq_15_37,0.9998669097242987,1.0003754536664915,0.9996262841809561
202,sq_15_38,0.9998669097242987,0.9998736161093392,0.9999556413413597
203,sq_15_39,0.9998669097242987,0.9998810978866568,0.9999430353744427
204,sq_15_40,0.9998669097242987,1.000129607093671,0.9997778131609063
205,sq_15_41,0.9998669097242987,0.999881631245475,0.9999429575123893
206,sq_15_42,0.9998669097242987,0.9996933197905686,1.0000696066233739
207,sq_15_43,0.9998669097242987,0.9998809621423318,0.9999430994775684
208,sq_15_44,0.9998669097242987,0.999881443812975,0.9999428807195787
209,sq_15_45,0.9998669097242987,0.9998814339778931,0.9999428556945225
210,sq_15_46,0.9998669097242987,0.999881542411117,0.9999428286267493
211,sq_15_47,0.9998669097242987,0.9998815182679849,0.9999428410219757
212,sq_15_48,0.9998669097242987,0.9998798965372194,0.9999434068292917
213,sq_15_49,0.9998669097242987,0.9998817075890521,0.9999427625952482
214,sq_15_50,0.9998669097242987,0.9998816691125648,0.9999427667676605
215,sq_15_51,0.9998669097242987,0.9998935001333045,0.9999328910281428
216,sq_15_52,0.9998669097242987,1.0021582592092297,0.9975415253707174
217,sq_15_53,0.9998669097242987,0.999944864328128,0.9999191505839886
218,sq_15_54,0.9998669097242987,0.9998799249610547,0.9999433965044084
219,sq_15_6,0.9998669097242987,0.9998819270227627,0.9999427007365992
220,sq_15_7,0.9998669097242987,0.9998819270227659,0.9999427007365975
221,sq_16_0,0.9998669097242987,0.9998819270227663,0.9999427007365976
222,sq_16_1,0.9998669097242987,0.9998819270227657,0.9999427007365969
223,sq_16_12,0.9998669097242987,0.9998819270227658,0.9999427007365981
224,sq_16_13,0.9998669097242987,0.9998819270227659,0.9999427007365984
225,sq_16_2,0.9998669097242987,0.999881927022766,0.9999427007365974
226,sq_16_20,0.9998669097242987,0.9998797912031654,0.9999434065778272
227,sq_16_21,0.9998669097242987,0.9998807211611147,0.999943051950213
228,sq_16_22,0.9998669097242987,0.9998918110972054,0.9999361300941604
229,sq_16_23,0.9998669097242987,0.9998805596912108,0.9999431697488792
230,sq_16_24,0.9998669097242987,0.9998815917196544,0.9999428102574397
231,sq_16_25,0.9998669097242987,0.9998815674267496,0.9999428258199539
232,sq_16_26,0.9998669097242987,0.9998813103847143,0.9999429025763753
233,sq_16_27,0.9998669097242987,0.9998818489695959,0.9999427209799286
234,sq_16_28,0.9998669097242987,0.9998812621564553,0.9999429475776488
235,sq_16_29,0.9998669097242987,0.9998819287970132,0.9999426979761311
236,sq_16_3,0.9998669097242987,0.999881927022766,0.9999427007365977
237,sq_16_30,0.9998669097242987,0.9514380017868639,1.0643051012659241
238,sq_16_31,0.9998669097242987,1.0008567172913834,0.9994925744460198
239,sq_16_32,0.9998669097242987,0.9998818012512425,0.9999427744157189
240,sq_16_33,0.9998669097242987,0.999702109302062,1.000165184074473
241,sq_16_34,0.9998669097242987,1.000634026454357,0.9994997075625444
242,sq_16_35,0.9998669097242987,0.999882435550412,0.9999422663954854
243,sq_16_36,0.9998669097242987,0.9998816017915344,0.9999428347702416
244,sq_16_37,0.9998669097242987,0.9998821601424922,0.9999425438181754
245,sq_16_38,0.9998669097242987,0.9998791567018126,0.999944141318475
246,sq_16_39,0.9998669097242987,0.9996291443921165,1.0002811201600887
247,sq_16_4,0.9998669097242987,0.999881927022766,0.9999427007365977
248,sq_16_40,0.9998669097242987,0.9995132569421047,1.0006611619949384
249,sq_16_41,0.9998669097242987,0.9988841274014855,1.0017323986269038
250,sq_16_42,0.9998669097242987,1.0000974267036478,0.9996283108136272
251,sq_16_45,0.9998669097242987,0.9998816157772559,0.9999428114581814
252,sq_16_46,0.9998669097242987,0.9998819270227663,0.9999427007365981
253,sq_16_47,0.9998669097242987,0.9998816741414858,0.9999427866161887
254,sq_16_48,0.9998669097242987,0.9998813074725428,0.9999429198773753
255,sq_16_5,0.9998669097242987,0.9998819270227662,0.9999427007365985
256,sq_16_50,0.9998669097242987,0.9998817184869211,0.9999427597468659
257,sq_16_51,0.9998669097242987,0.9998800019066516,0.9999432800568684
258,sq_16_52,0.9998669097242987,0.9977034571986427,1.0009368510914682
259,sq_16_54,0.9998669097242987,0.9998807329337175,0.9999431217207752
260,sq_16_55,0.9998669097242987,0.9998790962150866,0.9999437043162938
261,sq_16_56,0.9998669097242987,0.9998763675133439,0.9999447902420765
262,sq_16_6,0.9998669097242987,0.9998819270227663,0.9999427007365982
263,sq_17_13,0.9998669097242987,0.9998819270227658,0.9999427007365975
264,sq_17_14,0.9998669097242987,0.9998819270227662,0.9999427007365984
265,sq_17_15,0.9998669097242987,0.9998819270227657,0.9999427007365972
266,sq_17_16,0.9998669097242987,0.9998749805728563,0.9999450712919207
267,sq_17_17,0.9998669097242987,0.9998759781355104,0.9999447355175192
268,sq_17_18,0.9998669097242987,0.9998814430115741,0.9999428158382189
269,sq_17_20,0.9998669097242987,0.9998809788677134,0.9999430354069214
270,sq_17_21,0.9998669097242987,0.9998807475580525,0.9999431216084778
271,sq_17_22,0.9998669097242987,0.999880313106962,0.9999432483619662
272,sq_17_23,0.9998669097242987,0.9998809561549944,0.9999430355537858
273,sq_17_24,0.9998669097242987,0.9998814330838163,0.9999428719660929
274,sq_17_25,0.9998669097242987,0.9998816417207437,0.9999427985513728
275,sq_17_26,0.9998669097242987,0.9998817869803913,0.9999427345507693
276,sq_17_27,0.9998669097242987,0.9998818577685246,0.9999427171664241
277,sq_17_28,0.9998669097242987,0.9998815706768657,0.9999428294351679
278,sq_17_29,0.9998669097242987,0.9998819291219087,0.999942697442243
279,sq_17_31,0.9998669097242987,0.9998841333004064,0.9999412669437943
280,sq_17_32,0.9998669097242987,0.9998818865780003,0.9999427139923148
281,sq_17_33,0.9998669097242987,0.9998819270227668,0.9999427007365973
282,sq_17_34,0.9998669097242987,0.9998821446612265,0.9999421976231746
283,sq_17_35,0.9998669097242987,0.9998819270227669,0.9999427007365973
284,sq_17_36,0.9998669097242987,0.9998112671823128,0.9999893330517555
285,sq_17_37,0.9998669097242987,0.999881617904841,0.9999428482310794
286,sq_17_38,0.9998669097242987,0.9998820926893983,0.9999425881185596
287,sq_17_39,0.9998669097242987,1.0003949011232476,0.9996754958350736
288,sq_17_40,0.9998669097242987,0.999881736450567,0.9999429877084642
289,sq_17_41,0.9998669097242987,0.9999930447010329,0.9998103682061913
290,sq_17_42,0.9998669097242987,0.9998819187191418,0.9999426873526167
291,sq_17_43,0.9998669097242987,0.9998816915765809,0.9999427823984088
292,sq_17_44,0.9998669097242987,0.9998794836901344,0.9999433007306013
293,sq_17_45,0.9998669097242987,0.9998819270227671,0.999942700736598
294,sq_17_47,0.9998669097242987,0.999881615454124,0.9999428082108871
295,sq_17_48,0.9998669097242987,0.9998808271798999,0.9999430949718491
296,sq_17_49,0.9998669097242987,0.9998811875250353,0.9999429594458054
297,sq_17_50,0.9998669097242987,0.9998805007194911,0.9999431530658711
298,sq_17_51,0.9998669097242987,0.999880188146336,0.9999433063568969
299,sq_17_52,0.9998669097242987,0.9998777469506556,0.9999455165220681
300,sq_17_53,0.9998669097242987,0.9998817264440626,0.9999427535194559
301,sq_17_54,0.9998669097242987,0.9998814484773726,0.9999428482062624
302,sq_17_55,0.9998669097242987,0.9998806069989439,0.999943148689587
303,sq_18_13,0.9998669097242987,0.9998819270227655,0.9999427007365975
304,sq_18_14,0.9998669097242987,0.9998819270227651,0.9999427007365984
305,sq_18_15,0.9998669097242987,0.9998819270227659,0.9999427007365986
306,sq_18_16,0.9998669097242987,0.9998792507925597,0.9999430628485958
307,sq_18_17,0.9998669097242987,0.9998819270227665,0.9999427007365975
308,sq_18_18,0.9998669097242987,0.9998806472144988,0.9999431271615662
309,sq_18_19,0.9998669097242987,0.9998814487537842,0.9999428688033635
310,sq_18_20,0.9998669097242987,0.9998764650891204,0.999944554027906
311,sq_18_21,0.9998669097242987,0.9998772945276769,0.9999444399831625
312,sq_18_22,0.9998669097242987,0.9998819270227673,0.9999427007365981
313,sq_18_25,0.9998669097242987,0.9998809973007176,0.9999430424148213
314,sq_18_26,0.9998669097242987,0.99988161118243,0.9999428110714011
315,sq_18_27,0.9998669097242987,0.9998809241249286,0.999943067690178
316,sq_18_28,0.9998669097242987,0.9998817164079344,0.9999427693741848
317,sq_18_29,0.9998669097242987,0.9998818193318808,0.999942742061813
318,sq_18_30,0.9998669097242987,0.9998817920802289,0.9999427483325963
319,sq_18_31,0.9998669097242987,0.9998818984048055,0.9999427031896709
320,sq_18_32,0.9998669097242987,0.9998819175158683,0.9999427016608265
321,sq_18_33,0.9998669097242987,0.9998819296844246,0.9999426965548922
322,sq_18_34,0.9998669097242987,0.9998818490576487,0.9999427248484668
323,sq_18_35,0.9998669097242987,0.9998819313584586,0.9999426936624157
324,sq_18_36,0.9998669097242987,0.9997408234744543,0.999939964324168
325,sq_18_37,0.9998669097242987,0.9996106985137587,1.0001813542578486
326,sq_18_38,0.9998669097242987,1.0001256782395898,0.9998062669071991
327,sq_18_39,0.9998669097242987,0.999882811428205,0.9999421856542129
328,sq_18_40,0.9998669097242987,0.9998817381230394,0.9999427702653194
329,sq_18_41,0.9998669097242987,0.9998818970578603,0.9999426730885945
330,sq_18_42,0.9998669097242987,0.9998817519830744,0.9999427607792132
331,sq_18_43,0.9998669097242987,0.9998817439677752,0.9999427203641593
332,sq_18_44,0.9998669097242987,0.9998810181081662,0.9999430384595867
333,sq_18_45,0.9998669097242987,0.9998817566610334,0.999942758011578
334,sq_18_46,0.9998669097242987,0.9998819270227667,0.9999427007365984
335,sq_18_47,0.9998669097242987,0.9998816454893837,0.9999427927799912
336,sq_18_48,0.9998669097242987,0.9998794856419806,0.9999439044145145
337,sq_18_50,0.9998669097242987,0.9998801371960555,0.9999433555122489
338,sq_18_52,0.9998669097242987,0.999880761767797,0.9999431265099802
339,sq_18_54,0.9998669097242987,0.9998816566427066,0.9999427683973386
340,sq_19_20,0.9998669097242987,0.9998819270227661,0.999942700736597
341,sq_19_25,0.9998669097242987,0.9998816830350367,0.9999427559014458
342,sq_19_26,0.9998669097242987,0.9999297417093894,0.9999117725555431
343,sq_19_27,0.9998669097242987,0.9998817129250065,0.9999427264630367
344,sq_19_28,0.9998669097242987,0.9998818278377212,0.999942729625196
345,sq_19_29,0.9998669097242987,0.999881808775009,0.9999427379387412
346,sq_19_30,0.9998669097242987,0.9998817200533497,0.9999427753692463
347,sq_19_31,0.9998669097242987,0.9998817696292374,0.9999427563215458
348,sq_19_32,0.9998669097242987,0.9998818704721297,0.999942719005183
349,sq_19_33,0.9998669097242987,0.999881868270831,0.9999427211871244
350,sq_19_34,0.9998669097242987,0.9998818655247569,0.9999427216987682
351,sq_19_35,0.9998669097242987,0.999881904200496,0.9999427060749312
352,sq_19_36,0.9998669097242987,0.9999189334117056,0.9999032766483962
353,sq_19_37,0.9998669097242987,0.9998818737941675,0.9999427298035666
354,sq_19_38,0.9998669097242987,0.9998839500915339,0.9999415296997297
355,sq_19_39,0.9998669097242987,0.9998817558949249,0.9999427664606663
356,sq_19_40,0.9998669097242987,0.999881884774884,0.9999427149388499
357,sq_19_41,0.9998669097242987,0.9998817774573531,0.9999427537135315
358,sq_19_42,0.9998669097242987,0.9998818610299453,0.9999427228096037
359,sq_19_43,0.9998669097242987,0.9998815153503914,0.9999428449874487
360,sq_19_44,0.9998669097242987,0.9998834959168506,0.9999415237094847
361,sq_19_45,0.9998669097242987,0.9998818282726655,0.9999426773718525
362,sq_19_46,0.9998669097242987,0.9998818791577849,0.9999426781311933
363,sq_19_47,0.9998669097242987,0.99988153225351,0.9999428982975787
364,sq_19_48,0.9998669097242987,0.9996099320259985,1.0001675485272645
365,sq_19_49,0.9998669097242987,1.0015383452311084,0.9983431948712622
366,sq_19_50,0.9998669097242987,0.9998850085727267,0.9999390944764168
367,sq_19_51,0.9998669097242987,0.999881479904671,0.9999428383289808
368,sq_19_52,0.9998669097242987,0.9998801441900294,0.999943330978824
369,sq_19_53,0.9998669097242987,0.999881927022766,0.999942700736598
370,sq_1_32,0.9998669097242987,1.4331604363826334,0.6888489720125743
371,sq_1_33,0.9998669097242987,0.9950962963434623,1.0025957698448613
372,sq_20_20,0.9998669097242987,0.9998819270227663,0.9999427007365982
373,sq_20_21,0.9998669097242987,0.9998819270227658,0.9999427007365981
374,sq_20_22,0.9998669097242987,0.999881500960571,0.9999428641533589
375,sq_20_23,0.9998669097242987,0.9998759718246244,0.9999446788065386
376,sq_20_24,0.9998669097242987,0.9998798312029429,0.9999432020967267
377,sq_20_25,0.9998669097242987,0.9998806487966034,0.9999430582557732
378,sq_20_26,0.9998669097242987,1.0077668867891996,0.992741695620334
379,sq_20_27,0.9998669097242987,0.9991388253077299,1.0005198462326927
380,sq_20_28,0.9998669097242987,0.9998819270227669,0.9999427007365979
381,sq_20_29,0.9998669097242987,0.9998815380321897,0.9999428408966398
382,sq_20_30,0.9998669097242987,0.9998818653728014,0.9999427221574221
383,sq_20_31,0.9998669097242987,0.9998820777780276,0.9999423935677315
384,sq_20_32,0.9998669097242987,0.9998818945109706,0.9999427115712921
385,sq_20_33,0.9998669097242987,0.9998818923801411,0.9999427101570747
386,sq_20_34,0.9998669097242987,0.9998818350248109,0.9999427318945661
387,sq_20_35,0.9998669097242987,0.9998818472441656,0.9999427288011823
388,sq_20_36,0.9998669097242987,0.9998818699602975,0.9999427135608879
389,sq_20_37,0.9998669097242987,0.9998826829677162,0.9999421998296432
390,sq_20_38,0.9998669097242987,1.0042202898391248,0.9982553904439477
391,sq_20_39,0.9998669097242987,0.9998850165296131,0.9999407206327853
392,sq_20_40,0.9998669097242987,0.9998818750847149,0.9999427178603676
393,sq_20_41,0.9998669097242987,0.999881874527462,0.9999427208861836
394,sq_20_42,0.9998669097242987,0.9998818935777665,0.9999427135707382
395,sq_20_43,0.9998669097242987,0.9998830988045284,0.9999418817512148
396,sq_20_44,0.9998669097242987,1.0006270521647251,0.9996053940812287
397,sq_20_45,0.9998669097242987,1.0000181738845981,0.9998263674565561
398,sq_20_46,0.9998669097242987,0.9998819252940028,0.9999426880868955
399,sq_20_47,0.9998669097242987,0.9998818568681683,0.9999428461392638
400,sq_20_48,0.9998669097242987,0.9989946544875926,1.0007109775925178
401,sq_20_49,0.9998669097242987,1.0007402561722643,0.9987070527269196
402,sq_20_50,0.9998669097242987,0.9998814417562554,0.999942865856639
403,sq_20_51,0.9998669097242987,0.9998810014410617,0.9999430254377358
404,sq_20_52,0.9998669097242987,0.9998779125236902,0.9999441807922453
405,sq_21_23,0.9998669097242987,0.9998819416873488,0.9999426792728021
406,sq_21_24,0.9998669097242987,0.9998808403802499,0.9999430723373209
407,sq_21_25,0.9998669097242987,0.999881868473468,0.9999427217463892
408,sq_21_26,0.9998669097242987,0.999881819976006,0.9999427360502586
409,sq_21_27,0.9998669097242987,0.9998800235126182,0.9999436665587423
410,sq_21_28,0.9998669097242987,0.9998817973044622,0.99994274088504
411,sq_21_29,0.9998669097242987,0.9998817760199418,0.9999427524516739
412,sq_21_30,0.9998669097242987,0.9998821649435331,0.9999425637285916
413,sq_21_31,0.9998669097242987,1.0011533338684393,0.999401107290008
414,sq_21_32,0.9998669097242987,0.9998821450952006,0.9999425329827601
415,sq_21_33,0.9998669097242987,0.9998818967035809,0.9999427100755324
416,sq_21_34,0.9998669097242987,0.9998818966744982,0.9999427057330917
417,sq_21_35,0.9998669097242987,0.9998818792743239,0.9999427160142109
418,sq_21_36,0.9998669097242987,0.9998819001469222,0.9999427060141889
419,sq_21_37,0.9998669097242987,0.9998814888200549,0.9999432033580051
420,sq_21_38,0.9998669097242987,0.9982566061593563,1.0031410703911627
421,sq_21_39,0.9998669097242987,0.9998812825770778,0.9999433495885851
422,sq_21_40,0.9998669097242987,0.9998817927189461,0.999942745026678
423,sq_21_41,0.9998669097242987,0.9998833434111587,0.9999420336899344
424,sq_21_42,0.9998669097242987,0.9998819270227675,0.9999427007365973
425,sq_21_43,0.9998669097242987,0.9998817498917894,0.9999427265052315
426,sq_21_44,0.9998669097242987,0.9990176690029622,1.0006575225370298
427,sq_21_45,0.9998669097242987,0.9999181135594819,0.9998975047496852
428,sq_21_46,0.9998669097242987,0.9998818238932117,0.9999427448013588
429,sq_21_47,0.9998669097242987,0.9998818693471899,0.9999427209617869
430,sq_21_48,0.9998669097242987,0.999880548538743,0.9999436966876039
431,sq_21_49,0.9998669097242987,0.9998817712340653,0.9999427549906675
432,sq_21_50,0.9998669097242987,0.9998746367506004,0.9999454105681838
433,sq_22_25,0.9998669097242987,0.9998818791539873,0.9999427168107076
434,sq_22_26,0.9998669097242987,0.999883230476534,0.9999419688763148
435,sq_22_27,0.9998669097242987,0.9998815267735668,0.9999429456452933
436,sq_22_28,0.9998669097242987,0.9998819093526405,0.9999427048629742
437,sq_22_29,0.9998669097242987,0.9998818990633389,0.9999427079757527
438,sq_22_30,0.9998669097242987,0.999881740993351,0.9999428263536672
439,sq_22_31,0.9998669097242987,0.999480041820654,1.0006774936053242
440,sq_22_32,0.9998669097242987,0.9998816878565956,0.9999429574771844
441,sq_22_33,0.9998669097242987,0.9998818883796959,0.9999427110791039
442,sq_22_34,0.9998669097242987,0.9998819179306885,0.9999426988275495
443,sq_22_35,0.9998669097242987,0.999881912648052,0.9999426972465035
444,sq_22_36,0.9998669097242987,0.999881920293345,0.9999426954061015
445,sq_22_37,0.9998669097242987,0.9998819185059767,0.9999426977616196
446,sq_22_38,0.9998669097242987,0.9998800976130412,0.9999463442404936
447,sq_22_39,0.9998669097242987,0.999881899614939,0.9999427078781361
448,sq_22_40,0.9998669097242987,0.9998819995279361,0.9999426371645739
449,sq_22_41,0.9998669097242987,1.0001920360719394,0.9997818478899362
450,sq_22_42,0.9998669097242987,0.9998823349874811,0.9999422907445462
451,sq_22_43,0.9998669097242987,1.0002177623516557,0.9996281682144343
452,sq_22_44,0.9998669097242987,0.9992660716081039,1.0002295019532566
453,sq_22_45,0.9998669097242987,0.9997723500218172,1.000074350145342
454,sq_22_46,0.9998669097242987,0.9996732126486888,1.0000875963453144
455,sq_22_47,0.9998669097242987,0.999881743981398,0.9999427863598362
456,sq_22_48,0.9998669097242987,0.9998818889808001,0.999942707458629
457,sq_22_49,0.9998669097242987,0.9998815152655139,0.9999428356491624
458,sq_22_50,0.9998669097242987,0.9998772879529556,0.9999439748857312
459,sq_23_25,0.9998669097242987,0.999882359112378,0.9999423998774426
460,sq_23_26,0.9998669097242987,1.001809413775775,0.999028250739668
461,sq_23_27,0.9998669097242987,0.9996829435775255,1.0001871508923654
462,sq_23_28,0.9998669097242987,0.9998818627482435,0.999942760068441
463,sq_23_29,0.9998669097242987,0.9998818787047445,0.9999427136702674
464,sq_23_3,0.9998669097242987,0.9998807410479065,0.9999431002037596
465,sq_23_30,0.9998669097242987,0.9998821817386523,0.9999425613127138
466,sq_23_31,0.9998669097242987,1.00011092752053,0.9998087359001228
467,sq_23_32,0.9998669097242987,0.9998047450121195,1.0000486042767098
468,sq_23_33,0.9998669097242987,0.9998819001103401,0.999942717936114
469,sq_23_34,0.9998669097242987,0.9998819116528496,0.9999427037498024
470,sq_23_35,0.9998669097242987,0.9998818325237419,0.999942802343827
471,sq_23_36,0.9998669097242987,0.9998818671169619,0.9999427568707566
472,sq_23_37,0.9998669097242987,0.9998818882391294,0.9999427418476211
473,sq_23_38,0.9998669097242987,0.9998819089731038,0.9999427034627333
474,sq_23_39,0.9998669097242987,0.9998818897477367,0.9999427123068911
475,sq_23_4,0.9998669097242987,0.9998819270227658,0.9999427007365982
476,sq_23_40,0.9998669097242987,0.9998817816961584,0.9999428790311802
477,sq_23_41,0.9998669097242987,0.9995601328194105,1.0004166937616097
478,sq_23_42,0.9998669097242987,0.9998817276664878,0.9999428366634162
479,sq_23_43,0.9998669097242987,0.9998823445737408,0.9999424454934953
480,sq_23_44,0.9998669097242987,0.9998783951932165,0.9999483711471765
481,sq_23_45,0.9998669097242987,0.998089987318921,1.0033867086199562
482,sq_23_46,0.9998669097242987,1.006010730667333,0.9974793338469307
483,sq_23_47,0.9998669097242987,0.999885643501805,0.9999401723230473
484,sq_23_48,0.9998669097242987,0.9998817631261103,0.9999427553307797
485,sq_23_49,0.9998669097242987,0.9998816809095501,0.9999427854576894
486,sq_23_5,0.9998669097242987,0.9998703359098565,0.9999456201976108
487,sq_23_50,0.9998669097242987,0.9998769391476872,0.9999444819866592
488,sq_23_6,0.9998669097242987,0.9998731486929314,0.9999457367812516
489,sq_24_1,0.9998669097242987,0.999881927022765,0.9999427007365985
490,sq_24_2,0.9998669097242987,0.9998819270227662,0.999942700736598
491,sq_24_25,0.9998669097242987,0.9998818663263832,0.9999427212692438
492,sq_24_26,0.9998669097242987,0.9998830525110209,0.9999420501429482
493,sq_24_28,0.9998669097242987,0.9998818656297219,0.9999427209154819
494,sq_24_29,0.9998669097242987,0.9998818749051075,0.999942722574874
495,sq_24_3,0.9998669097242987,0.9998763282210165,0.999944705872806
496,sq_24_30,0.9998669097242987,1.0003944557825493,0.9996725286946484
497,sq_24_31,0.9998669097242987,0.9994549603820047,1.000521734892134
498,sq_24_32,0.9998669097242987,0.99997542751858,0.9998681188531781
499,sq_24_33,0.9998669097242987,0.9998819252787456,0.9999426896306332
500,sq_24_34,0.9998669097242987,0.9998818119166044,0.9999427723890784
501,sq_24_35,0.9998669097242987,0.9996920265658799,1.00020981110494
502,sq_24_36,0.9998669097242987,0.9997887537912985,1.0000731604334165
503,sq_24_37,0.9998669097242987,0.9998018193083036,1.000035680262281
504,sq_24_38,0.9998669097242987,0.9998819000851128,0.9999427211515861
505,sq_24_39,0.9998669097242987,0.99988135299146,0.9999433003843854
506,sq_24_40,0.9998669097242987,0.9998820907737059,0.9999422295490383
507,sq_24_41,0.9998669097242987,0.9998812762867061,0.9999432207284885
508,sq_24_42,0.9998669097242987,0.9999343974226236,0.9999575582386133
509,sq_24_43,0.9998669097242987,1.0005694055336187,0.9997627189397313
510,sq_24_44,0.9998669097242987,0.9998818354851646,0.9999426668001828
511,sq_24_45,0.9998669097242987,0.9994568783393116,1.0003756807165378
512,sq_24_46,0.9998669097242987,1.0022119571612083,0.9987371141626633
513,sq_24_47,0.9998669097242987,0.9998833303127179,0.9999417283204357
514,sq_24_48,0.9998669097242987,0.9998818185975269,0.9999427345202992
515,sq_24_49,0.9998669097242987,0.9998807831284938,0.9999431055671564
516,sq_24_50,0.9998669097242987,0.999880702902387,0.9999431319440139
517,sq_24_6,0.9998669097242987,0.9998777793520501,0.9999439566659329
518,sq_24_7,0.9998669097242987,0.9998819270227667,0.9999427007365977
519,sq_24_8,0.9998669097242987,0.9998819270227666,0.9999427007365983
520,sq_24_9,0.9998669097242987,0.9998819270227649,0.9999427007365985
521,sq_25_0,0.9998669097242987,0.9998819270227647,0.9999427007365981
522,sq_25_1,0.9998669097242987,0.9998819270227646,0.9999427007365985
523,sq_25_10,0.9998669097242987,0.999881757832221,0.9999427487788097
524,sq_25_11,0.9998669097242987,0.9998800818706961,0.9999433356578127
525,sq_25_21,0.9998669097242987,0.999881927022767,0.9999427007365985
526,sq_25_22,0.9998669097242987,0.9998797104256149,0.9999434203904948
527,sq_25_23,0.9998669097242987,0.9998811388096259,0.9999428654136319
528,sq_25_24,0.9998669097242987,0.9998917016822799,0.9999371536003602
529,sq_25_25,0.9998669097242987,0.9998817346038315,0.9999427611998956
530,sq_25_29,0.9998669097242987,0.9995217862064563,1.000244266882658
531,sq_25_30,0.9998669097242987,1.0001068985902075,0.9997610207098705
532,sq_25_31,0.9998669097242987,0.9998819957505437,0.9999421927623173
533,sq_25_32,0.9998669097242987,0.9998819137760816,0.999942698252642
534,sq_25_33,0.9998669097242987,0.9998819160071093,0.9999427030050048
535,sq_25_34,0.9998669097242987,0.9998819294864405,0.9999426874536768
536,sq_25_35,0.9998669097242987,1.0000821305280232,0.9998045279339518
537,sq_25_36,0.9998669097242987,0.9999621628998873,0.9998830297653823
538,sq_25_37,0.9998669097242987,0.9999917674933666,0.9998539969429485
539,sq_25_38,0.9998669097242987,0.9998817093835725,0.9999429503872556
540,sq_25_39,0.9998669097242987,0.9993157676121821,1.001050758710315
541,sq_25_40,0.9998669097242987,1.002424407396468,0.9988530930578055
542,sq_25_41,0.9998669097242987,0.9998859375515593,0.9999420625790764
543,sq_25_42,0.9998669097242987,0.9986228234804395,1.0011227226879478
544,sq_25_43,0.9998669097242987,1.001821354061724,0.997464503474895
545,sq_25_44,0.9998669097242987,0.9998872408549454,0.9999382956454135
546,sq_25_45,0.9998669097242987,0.9986887809489594,1.000522643574689
547,sq_25_46,0.9998669097242987,0.9974289040553419,1.0015045688570197
548,sq_25_48,0.9998669097242987,0.9998817794987752,0.9999427441191349
549,sq_25_49,0.9998669097242987,0.9998811531327567,0.9999429695536916
550,sq_25_8,0.9998669097242987,0.9998819270227673,0.9999427007365977
551,sq_25_9,0.9998669097242987,0.9998819270227669,0.9999427007365983
552,sq_26_11,0.9998669097242987,0.999881927022767,0.9999427007365981
553,sq_26_12,0.9998669097242987,0.9998819270227665,0.9999427007365982
554,sq_26_13,0.9998669097242987,0.9998819270227661,0.9999427007365981
555,sq_26_19,0.9998669097242987,0.9998686416276766,0.9999456663719869
556,sq_26_20,0.9998669097242987,0.9998790137346131,0.9999437647213194
557,sq_26_21,0.9998669097242987,0.9998543073657267,0.9999511958260898
558,sq_26_22,0.9998669097242987,0.9998807128854715,0.9999426985901411
559,sq_26_23,0.9998669097242987,0.9998965968127632,0.9999322216354518
560,sq_26_24,0.9998669097242987,1.0019659259813996,0.9988559466719272
561,sq_26_25,0.9998669097242987,0.9926054670161815,1.0064641125019242
562,sq_26_28,0.9998669097242987,0.9998818029872433,0.9999427483298995
563,sq_26_29,0.9998669097242987,0.9998814604153067,0.9999429430066282
564,sq_26_30,0.9998669097242987,0.9999000321561186,0.9999311045185427
565,sq_26_31,0.9998669097242987,0.9998910045122703,0.9999331364903643
566,sq_26_32,0.9998669097242987,0.9998755254424271,0.9999525771509337
567,sq_26_33,0.9998669097242987,0.9998820385508672,0.9999425033180748
568,sq_26_34,0.9998669097242987,0.9998818208875682,0.9999428513147403
569,sq_26_35,0.9998669097242987,0.999881818865319,0.999942823416639
570,sq_26_36,0.9998669097242987,0.9998819174600652,0.9999426983431204
571,sq_26_37,0.9998669097242987,0.9998819218001079,0.9999426941654115
572,sq_26_38,0.9998669097242987,0.9998818989203396,0.9999427097485387
573,sq_26_39,0.9998669097242987,0.9998818133976733,0.9999428677311143
574,sq_26_40,0.9998669097242987,0.9998837045196874,0.9999416000455416
575,sq_26_42,0.9998669097242987,0.9998783401061319,0.9999458011766554
576,sq_26_43,0.9998669097242987,0.9998825709419022,0.9999412866670525
577,sq_26_44,0.9998669097242987,0.9998827452655596,0.9999417501198029
578,sq_26_45,0.9998669097242987,1.0006164488228906,0.9992840982683743
579,sq_26_46,0.9998669097242987,0.9998779583648368,0.9999449798151577
580,sq_26_47,0.9998669097242987,0.9998818062509969,0.9999427428674315
581,sq_26_48,0.9998669097242987,0.999879932286965,0.9999431565428379
582,sq_26_49,0.9998669097242987,0.9998833956589384,0.999939633243066
583,sq_26_50,0.9998669097242987,0.9998505192262721,0.9999474414176579
584,sq_27_13,0.9998669097242987,0.9998819270227643,0.9999427007365989
585,sq_27_14,0.9998669097242987,0.9998795616369022,0.9999435234631322
586,sq_27_15,0.9998669097242987,0.9998813872685623,0.9999427893754297
587,sq_27_16,0.9998669097242987,0.999881927022766,0.9999427007365971
588,sq_27_17,0.9998669097242987,0.9998819270227648,0.9999427007365987
589,sq_27_18,0.9998669097242987,0.9998729277453793,0.9999461512595696
590,sq_27_19,0.9998669097242987,0.9998797051951351,0.9999433530260402
591,sq_27_20,0.9998669097242987,0.9998819270227659,0.999942700736598
592,sq_27_21,0.9998669097242987,0.9998819270227657,0.9999427007365982
593,sq_27_22,0.9998669097242987,0.9998790251118385,0.9999437486971238
594,sq_27_24,0.9998669097242987,0.9998819270227665,0.9999427007365979
595,sq_27_25,0.9998669097242987,0.9998759721784353,0.9999546952023748
596,sq_27_26,0.9998669097242987,0.9998819270227662,0.9999427007365981
597,sq_27_30,0.9998669097242987,1.0023028467841515,0.9985437661537903
598,sq_27_31,0.9998669097242987,1.0035420532227373,0.9988506757775765
599,sq_27_32,0.9998669097242987,0.9959197873335752,1.0062118310514239
600,sq_27_33,0.9998669097242987,1.0005963580775648,0.9995106884882262
601,sq_27_34,0.9998669097242987,0.9995377901068371,1.000417703478819
602,sq_27_35,0.9998669097242987,0.9991844739513818,1.0008986140234843
603,sq_27_36,0.9998669097242987,0.9998815458475605,0.999943202419393
604,sq_27_37,0.9998669097242987,0.9998817382706651,0.9999427583928086
605,sq_27_38,0.9998669097242987,0.9998818948372392,0.99994271130289
606,sq_27_39,0.9998669097242987,0.9998818793258031,0.9999427154425189
607,sq_27_40,0.9998669097242987,0.9998818364987837,0.9999427297906835
608,sq_27_41,0.9998669097242987,0.9998800017758,0.9999439625859349
609,sq_27_42,0.9998669097242987,0.9998818191283774,0.9999427571304169
610,sq_27_43,0.9998669097242987,0.999881835761409,0.9999427314409169
611,sq_27_45,0.9998669097242987,0.9998837880033051,0.9999414263887337
612,sq_27_46,0.9998669097242987,0.9998817371842739,0.9999427680860591
613,sq_27_47,0.9998669097242987,0.9998807473887308,0.9999431337598916
614,sq_27_48,0.9998669097242987,0.9998814407942299,0.9999428687653359
615,sq_27_49,0.9998669097242987,1.000582429835901,0.9985706669927849
616,sq_28_15,0.9998669097242987,0.9998819270227663,0.999942700736598
617,sq_28_16,0.9998669097242987,1.0225606455401015,0.9774740793823169
618,sq_28_17,0.9998669097242987,0.9933054567862992,1.0054211538599966
619,sq_28_18,0.9998669097242987,0.9998819270227647,0.9999427007365976
620,sq_28_25,0.9998669097242987,0.9998802498571018,0.9999433583473858
621,sq_28_28,0.9998669097242987,0.9998818315714747,0.9999427338710273
622,sq_28_29,0.9998669097242987,0.9998817195471937,0.999942775444821
623,sq_28_30,0.9998669097242987,0.9998816339562419,0.999942804397549
624,sq_28_31,0.9998669097242987,0.9998838535342771,0.9999417726395209
625,sq_28_32,0.9998669097242987,0.9998780487323714,0.99994532708261
626,sq_28_33,0.9998669097242987,0.9996307893902399,1.0003085854551912
627,sq_28_34,0.9998669097242987,1.0009022498624043,0.9994574556823809
628,sq_28_35,0.9998669097242987,1.0018893514048768,0.9985175803983111
629,sq_28_36,0.9998669097242987,0.9998818891741721,0.9999427115572131
630,sq_28_37,0.9998669097242987,0.9998818950165185,0.9999427118396638
631,sq_28_38,0.9998669097242987,0.9998712075778345,0.9999578700183959
632,sq_28_40,0.9998669097242987,0.9998814397665501,0.9999431101900698
633,sq_28_41,0.9998669097242987,0.9988673133315226,1.000862251221028
634,sq_28_42,0.9998669097242987,0.9998621126452092,0.9999665704761672
635,sq_28_43,0.9998669097242987,0.9998811471782009,0.9999430037082531
636,sq_28_44,0.9998669097242987,0.999881793811518,0.9999427464952138
637,sq_28_45,0.9998669097242987,0.9998811554781907,0.9999429810661865
638,sq_28_46,0.9998669097242987,0.9998817785458926,0.9999427440542443
639,sq_28_47,0.9998669097242987,0.9998811893007814,0.9999429834021137
640,sq_28_48,0.9998669097242987,0.9998696286161068,0.9999506204666745
641,sq_28_49,0.9998669097242987,0.9963631648182045,1.001282420484891
642,sq_28_50,0.9998669097242987,0.9998802878111467,0.9999432747467565
643,sq_28_51,0.9998669097242987,0.9998780629766457,0.9999441351486609
644,sq_28_58,0.9998669097242987,0.9998819270227668,0.9999427007365976
645,sq_29_16,0.9998669097242987,0.8566685429854103,1.1710366504712812
646,sq_29_17,0.9998669097242987,0.9998819270227656,0.9999427007365983
647,sq_29_25,0.9998669097242987,0.9998816419196571,0.9999427916618034
648,sq_29_26,0.9998669097242987,0.9998808577133934,0.999942779231134
649,sq_29_27,0.9998669097242987,0.9998818894495218,0.9999427064789964
650,sq_29_28,0.9998669097242987,0.9998819005214878,0.9999427058321629
651,sq_29_29,0.9998669097242987,0.9998816185593632,0.9999428118855657
652,sq_29_30,0.9998669097242987,0.9998817591751384,0.9999427622763425
653,sq_29_31,0.9998669097242987,0.9998819117890426,0.9999426957122327
654,sq_29_32,0.9998669097242987,0.9998816799986644,0.9999431021565454
655,sq_29_33,0.9998669097242987,0.9992615562935883,1.0009066849907153
656,sq_29_34,0.9998669097242987,1.0008052161747654,0.9993998030482408
657,sq_29_35,0.9998669097242987,0.9981335764716349,1.0015497811425227
658,sq_29_36,0.9998669097242987,0.9998789944395674,0.9999441382712496
659,sq_29_37,0.9998669097242987,0.9994641360973797,1.000425712144454
660,sq_29_38,0.9998669097242987,0.9979055951199374,1.0024156836356806
661,sq_29_39,0.9998669097242987,0.9998817123882882,0.9999427831002244
662,sq_29_40,0.9998669097242987,0.999881929347012,0.9999426970953349
663,sq_29_41,0.9998669097242987,1.0030366280883944,0.9964981555650438
664,sq_29_42,0.9998669097242987,0.9998817410666201,0.9999427783916661
665,sq_29_43,0.9998669097242987,0.9998818575768215,0.9999427195668869
666,sq_29_44,0.9998669097242987,0.9998818820410942,0.9999426745616801
667,sq_29_45,0.9998669097242987,0.9998818109800466,0.9999427311221526
668,sq_29_46,0.9998669097242987,0.999881617207177,0.9999428028659538
669,sq_29_47,0.9998669097242987,0.9998812150805901,0.9999429503240969
670,sq_29_48,0.9998669097242987,0.999880802909102,0.9999431208499465
671,sq_29_49,0.9998669097242987,0.9998631471602897,0.9999525483594628
672,sq_29_50,0.9998669097242987,0.9998797488724427,0.9999434636182484
673,sq_29_51,0.9998669097242987,0.9998816009917101,0.9999427386646539
674,sq_29_55,0.9998669097242987,0.9998797741406041,0.999943413617532
675,sq_29_56,0.9998669097242987,0.9998804136502257,0.9999432545792776
676,sq_29_58,0.9998669097242987,0.9998818291674556,0.9999427231665461
677,sq_29_59,0.9998669097242987,0.9998815460623253,0.9999428375801194
678,sq_2_31,0.9998669097242987,1.0000493915679327,0.9998239579751377
679,sq_2_32,0.9998669097242987,1.0020146282789428,0.9978780110741481
680,sq_2_33,0.9998669097242987,0.9998493343113983,0.9999766233284627
681,sq_30_16,0.9998669097242987,0.9998819270227643,0.9999427007365991
682,sq_30_17,0.9998669097242987,0.9998819270227668,0.9999427007365972
683,sq_30_18,0.9998669097242987,0.9998819270227648,0.999942700736598
684,sq_30_26,0.9998669097242987,0.9998814465208058,0.9999428808562423
685,sq_30_27,0.9998669097242987,0.9998818686473957,0.9999426945024735
686,sq_30_28,0.9998669097242987,0.9998819075159883,0.9999427082219035
687,sq_30_29,0.9998669097242987,0.9998819270227669,0.9999427007365976
688,sq_30_30,0.9998669097242987,0.9998819254125448,0.9999426986996738
689,sq_30_31,0.9998669097242987,0.9998818297305128,0.9999427334757988
690,sq_30_32,0.9998669097242987,0.9998823253851927,0.9999423621739006
691,sq_30_33,0.9998669097242987,1.000471069304966,0.999667979616749
692,sq_30_34,0.9998669097242987,0.9998823057572495,0.9999424990847275
693,sq_30_36,0.9998669097242987,0.9993421359536598,1.0005701424154239
694,sq_30_37,0.9998669097242987,1.0017516675715428,0.9991176702890173
695,sq_30_38,0.9998669097242987,1.0056542536241055,0.996974697403637
696,sq_30_39,0.9998669097242987,0.9998956860923339,0.9999246741506542
697,sq_30_40,0.9998669097242987,0.9998817869342066,0.9999427210019339
698,sq_30_41,0.9998669097242987,0.9998857425611296,0.9999390687732607
699,sq_30_42,0.9998669097242987,0.9998818916764339,0.9999427079498932
700,sq_30_43,0.9998669097242987,0.9998819466155675,0.999942665771981
701,sq_30_44,0.9998669097242987,0.9998813390937435,0.999942908987284
702,sq_30_45,0.9998669097242987,0.9998817526474253,0.9999427548357565
703,sq_30_46,0.9998669097242987,0.9998817973039267,0.9999427448548898
704,sq_30_47,0.9998669097242987,0.9998810998804393,0.9999429936520461
705,sq_30_48,0.9998669097242987,0.9998811857455023,0.9999429421965954
706,sq_30_49,0.9998669097242987,0.9998812668889053,0.9999429560565254
707,sq_30_50,0.9998669097242987,0.9998799255901735,0.9999433754592649
708,sq_30_51,0.9998669097242987,0.9998805131646014,0.9999431425735453
709,sq_30_52,0.9998669097242987,0.9998810235032554,0.9999429888932512
710,sq_30_53,0.9998669097242987,0.9998794116815102,0.9999435980610785
711,sq_30_54,0.9998669097242987,0.9998797789371677,0.9999434028563121
712,sq_30_55,0.9998669097242987,0.9998803424324217,0.9999432526543703
713,sq_30_56,0.9998669097242987,0.9998793647476253,0.9999435765124416
714,sq_30_57,0.9998669097242987,0.9998813012985835,0.9999428709210749
715,sq_30_58,0.9998669097242987,0.9998807878301074,0.9999430840818083
716,sq_30_59,0.9998669097242987,0.9998810123917923,0.9999430253120161
717,sq_30_60,0.9998669097242987,0.9998804353090385,0.999943227195177
718,sq_30_61,0.9998669097242987,0.9998808286942327,0.9999430987653593
719,sq_30_62,0.9998669097242987,0.9998819488849053,0.999942666708028
720,sq_31_16,0.9998669097242987,0.999881927022763,0.9999427007365991
721,sq_31_18,0.9998669097242987,0.9998819270227667,0.9999427007365981
722,sq_31_19,0.9998669097242987,0.9998819270227667,0.9999427007365977
723,sq_31_20,0.9998669097242987,0.9998819270227672,0.9999427007365971
724,sq_31_26,0.9998669097242987,0.9998816104090351,0.9999428156424502
725,sq_31_27,0.9998669097242987,0.9998804713517961,0.9999429766085117
726,sq_31_28,0.9998669097242987,0.9998817030749,0.9999427764432941
727,sq_31_29,0.9998669097242987,0.9998818943694432,0.9999427019123078
728,sq_31_31,0.9998669097242987,0.99988194436321,0.9999426735269304
729,sq_31_32,0.9998669097242987,0.9998817784217175,0.9999427506190655
730,sq_31_33,0.9998669097242987,0.9998820392598494,0.9999426003133455
731,sq_31_34,0.9998669097242987,0.9998821775367358,0.9999424498508586
732,sq_31_35,0.9998669097242987,1.0005402712171456,0.9996534019638942
733,sq_31_36,0.9998669097242987,1.0004156009256056,0.9999197659208853
734,sq_31_37,0.9998669097242987,0.9998825651204314,0.999942990875874
735,sq_31_38,0.9998669097242987,0.9993602558720335,1.0004230850183835
736,sq_31_39,0.9998669097242987,1.0008480903423673,0.999417110675931
737,sq_31_40,0.9998669097242987,0.9998828909229291,0.9999421290686932
738,sq_31_41,0.9998669097242987,0.9998820089512005,0.99994258147962
739,sq_31_42,0.9998669097242987,0.9998768446368073,0.9999509588416835
740,sq_31_43,0.9998669097242987,0.9998883490953484,0.9999310417347799
741,sq_31_44,0.9998669097242987,0.9998811616910722,0.9999435825663684
742,sq_31_45,0.9998669097242987,0.9998820816467583,0.9999423786125857
743,sq_31_46,0.9998669097242987,0.9998818885559141,0.9999427121105404
744,sq_31_47,0.9998669097242987,0.9998817661812693,0.9999427556004133
745,sq_31_48,0.9998669097242987,0.9998798471386463,0.9999434520525762
746,sq_31_49,0.9998669097242987,0.9998817716350188,0.999942730380495
747,sq_31_50,0.9998669097242987,0.9998800769852642,0.9999433566424694
748,sq_31_51,0.9998669097242987,0.9998789678575015,0.9999436615779009
749,sq_31_52,0.9998669097242987,0.999879056673491,0.999943650230769
750,sq_31_53,0.9998669097242987,0.9998806648373899,0.9999431423314206
751,sq_31_54,0.9998669097242987,0.9998799458416873,0.9999433947255515
752,sq_31_55,0.9998669097242987,0.9998814358784365,0.9999427918445583
753,sq_31_56,0.9998669097242987,0.9998800491515815,0.9999433653189694
754,sq_31_58,0.9998669097242987,0.9998806575794461,0.9999431111983025
755,sq_31_59,0.9998669097242987,0.9998814480291881,0.9999428015678198
756,sq_31_60,0.9998669097242987,0.9998809388694461,0.9999430394555874
757,sq_31_61,0.9998669097242987,0.9998799756968944,0.9999433862293772
758,sq_31_62,0.9998669097242987,0.9998813342540847,0.9999429281894875
759,sq_32_16,0.9998669097242987,0.9998819270227672,0.9999427007365977
760,sq_32_20,0.9998669097242987,0.9998819270227662,0.9999427007365977
761,sq_32_26,0.9998669097242987,0.9998817663305845,0.9999427577396569
762,sq_32_27,0.9998669097242987,0.9998810056497419,0.9999430194817818
763,sq_32_28,0.9998669097242987,0.9998815930290413,0.9999427806839004
764,sq_32_29,0.9998669097242987,0.9998809817419081,0.9999430565750551
765,sq_32_30,0.9998669097242987,0.9998746231753325,0.9999513199760929
766,sq_32_31,0.9998669097242987,0.9924580853359222,1.0143577120079263
767,sq_32_32,0.9998669097242987,0.9998818994353275,0.9999426997895087
768,sq_32_33,0.9998669097242987,0.9998813460463087,0.9999429166396543
769,sq_32_34,0.9998669097242987,0.9998814732653896,0.9999428637271341
770,sq_32_35,0.9998669097242987,0.9998814894241562,0.9999428636595881
771,sq_32_36,0.9998669097242987,0.9998819048135592,0.999942708442534
772,sq_32_37,0.9998669097242987,0.9998757858580192,0.9999455120142512
773,sq_32_38,0.9998669097242987,0.9993326777286138,1.0004323712519014
774,sq_32_39,0.9998669097242987,1.001151976603625,0.9984953348642007
775,sq_32_40,0.9998669097242987,0.9998822771672998,0.9999423835055324
776,sq_32_41,0.9998669097242987,1.0003194643297504,0.999483070100055
777,sq_32_42,0.9998669097242987,0.9980249628171278,1.0021663890244352
778,sq_32_43,0.9998669097242987,1.0012696965553034,0.997675534802743
779,sq_32_44,0.9998669097242987,0.9996373943196799,1.0002645114396433
780,sq_32_45,0.9998669097242987,1.0001084224509995,0.9998107772758895
781,sq_32_46,0.9998669097242987,0.9998819643209298,0.9999426710598643
782,sq_32_47,0.9998669097242987,0.9998812305093592,0.9999429358609232
783,sq_32_48,0.9998669097242987,0.999880338570754,0.9999432391495915
784,sq_32_49,0.9998669097242987,0.9998812038490719,0.9999429333653218
785,sq_32_50,0.9998669097242987,0.9998782180014449,0.9999437058193512
786,sq_32_51,0.9998669097242987,0.9998807741071372,0.999943126423797
787,sq_32_52,0.9998669097242987,0.9998812888574189,0.9999428983738831
788,sq_32_53,0.9998669097242987,0.9998795891143681,0.9999435194739859
789,sq_32_54,0.9998669097242987,0.9998810473190127,0.9999430056859192
790,sq_32_55,0.9998669097242987,0.9998805508016358,0.9999431956450147
791,sq_32_56,0.9998669097242987,0.9998819270227663,0.999942700736598
792,sq_32_59,0.9998669097242987,0.9998808102828021,0.9999431000783925
793,sq_32_60,0.9998669097242987,0.999877983221769,0.999944098232407
794,sq_32_61,0.9998669097242987,0.9998815068211456,0.9999428299903188
795,sq_32_62,0.9998669097242987,0.9998817189237152,0.9999427592308607
796,sq_32_63,0.9998669097242987,0.9998814385157924,0.9999428516661604
797,sq_32_64,0.9998669097242987,0.9998807590305782,0.9999431160865355
798,sq_32_65,0.9998669097242987,0.9998814769719654,0.9999428606351769
799,sq_32_67,0.9998669097242987,0.9998819270227627,0.999942700736598
800,sq_32_68,0.9998669097242987,0.999881927022766,0.9999427007365981
801,sq_33_16,0.9998669097242987,0.999881927022764,0.9999427007365989
802,sq_33_17,0.9998669097242987,0.9998819270227651,0.9999427007365983
803,sq_33_18,0.9998669097242987,0.9998819270227651,0.9999427007365983
804,sq_33_19,0.9998669097242987,0.9998819270227657,0.9999427007365986
805,sq_33_20,0.9998669097242987,0.9998819270227657,0.9999427007365982
806,sq_33_21,0.9998669097242987,0.9998819270227661,0.9999427007365984
807,sq_33_22,0.9998669097242987,0.9998938820644963,0.999929570201976
808,sq_33_26,0.9998669097242987,0.9998817998535747,0.9999427424726036
809,sq_33_27,0.9998669097242987,0.9998816264712712,0.9999428028210917
810,sq_33_28,0.9998669097242987,0.9998808096471946,0.9999430959159143
811,sq_33_29,0.9998669097242987,0.9998814804659016,0.9999428675553746
812,sq_33_30,0.9998669097242987,0.9998968614344425,0.9999370893997147
813,sq_33_31,0.9998669097242987,1.0240677136628513,0.9909060149835067
814,sq_33_33,0.9998669097242987,0.9998815003666213,0.999942856980964
815,sq_33_34,0.9998669097242987,0.9998812702497246,0.9999429378095624
816,sq_33_35,0.9998669097242987,0.9998819270227672,0.9999427007365983
817,sq_33_36,0.9998669097242987,0.9998816459823469,0.9999428072239621
818,sq_33_38,0.9998669097242987,0.9998805414342653,0.9999445991051112
819,sq_33_39,0.9998669097242987,0.99988249120692,0.9999412883891976
820,sq_33_40,0.9998669097242987,0.9998811626106539,0.9999429520313835
821,sq_33_41,0.9998669097242987,0.9998839086718088,0.9999415399762965
822,sq_33_42,0.9998669097242987,1.0003651468027026,0.9994456419944857
823,sq_33_43,0.9998669097242987,0.9998822245204589,0.9999424135616874
824,sq_33_44,0.9998669097242987,0.9998817323275895,0.9999428093800059
825,sq_33_45,0.9998669097242987,0.9998819253820247,0.9999426851588887
826,sq_33_46,0.9998669097242987,0.9998817286162709,0.9999427511265755
827,sq_33_47,0.9998669097242987,0.9998817531060608,0.9999427635905788
828,sq_33_48,0.9998669097242987,0.9998817831986834,0.9999427480867319
829,sq_33_49,0.9998669097242987,0.9998815754751279,0.9999428214016193
830,sq_33_50,0.9998669097242987,0.9998810104703578,0.9999429769491683
831,sq_33_51,0.9998669097242987,0.999879536963092,0.999943566675614
832,sq_33_52,0.9998669097242987,0.9998807265774087,0.9999431145690648
833,sq_33_53,0.9998669097242987,0.9998814228527089,0.9999428643472675
834,sq_33_55,0.9998669097242987,0.9998805051914206,0.9999430217398029
835,sq_33_56,0.9998669097242987,0.9956410238117192,1.0049348657647832
836,sq_33_57,0.9998669097242987,0.9998818110911993,0.9999422818997643
837,sq_33_58,0.9998669097242987,0.999881137022244,0.999942972646838
838,sq_33_59,0.9998669097242987,0.9998815724455289,0.9999428203285877
839,sq_33_60,0.9998669097242987,0.9998812544197313,0.9999428999600829
840,sq_33_61,0.9998669097242987,0.9998818274930349,0.999942733987929
841,sq_33_62,0.9998669097242987,0.9998818849242943,0.9999427135065444
842,sq_33_63,0.9998669097242987,0.9998817955417351,0.9999427417159165
843,sq_33_64,0.9998669097242987,0.9998801977799271,0.9999432923754638
844,sq_33_65,0.9998669097242987,0.9998816855933941,0.9999424023686918
845,sq_33_66,0.9998669097242987,1.0000102470545462,0.9998019265148601
846,sq_33_67,0.9998669097242987,0.9866266093175801,1.010077355950099
847,sq_33_68,0.9998669097242987,0.9998819270227671,0.999942700736598
848,sq_34_16,0.9998669097242987,0.9998819270227669,0.9999427007365977
849,sq_34_17,0.9998669097242987,0.9998819270227659,0.9999427007365977
850,sq_34_18,0.9998669097242987,0.9998819270227648,0.9999427007365975
851,sq_34_19,0.9998669097242987,0.9998819270227663,0.9999427007365982
852,sq_34_22,0.9998669097242987,1.00066039574111,0.999399300300799
853,sq_34_23,0.9998669097242987,1.0181891402882024,0.9628926649380729
854,sq_34_26,0.9998669097242987,0.9998816660279836,0.99994276627512
855,sq_34_27,0.9998669097242987,0.9998805433085185,0.9999431667513413
856,sq_34_28,0.9998669097242987,0.9998799820948672,0.9999433992644959
857,sq_34_29,0.9998669097242987,0.9998815639070364,0.9999428365505719
858,sq_34_30,0.9998669097242987,0.999881935581286,0.99994268611696
859,sq_34_31,0.9998669097242987,0.9998961349463499,0.9999360861130324
860,sq_34_32,0.9998669097242987,0.9998818976742013,0.9999427089884872
861,sq_34_33,0.9998669097242987,0.9998814662898392,0.9999428576941249
862,sq_34_35,0.9998669097242987,0.9998817084483725,0.9999427796049984
863,sq_34_36,0.9998669097242987,0.9998817150391383,0.9999427524508591
864,sq_34_38,0.9998669097242987,0.9998819270227675,0.9999427007365979
865,sq_34_39,0.9998669097242987,0.9998815972942346,0.9999428117149773
866,sq_34_40,0.9998669097242987,0.9998812818070498,0.9999428927412947
867,sq_34_41,0.9998669097242987,0.9998815604679612,0.9999428293625824
868,sq_34_43,0.9998669097242987,0.9998810319239881,0.9999429425453777
869,sq_34_44,0.9998669097242987,0.9998811739079105,0.9999429835085106
870,sq_34_45,0.9998669097242987,0.9998818824887108,0.9999427066226081
871,sq_34_46,0.9998669097242987,0.9998818203346367,0.9999426013760299
872,sq_34_47,0.9998669097242987,0.9998811042778635,0.999942977375965
873,sq_34_48,0.9998669097242987,0.999881352874914,0.9999429005259691
874,sq_34_49,0.9998669097242987,0.9998813162935989,0.9999429132061965
875,sq_34_50,0.9998669097242987,0.9998793314049702,0.9999436413992748
876,sq_34_51,0.9998669097242987,0.9998818196953486,0.9999427273090096
877,sq_34_52,0.9998669097242987,0.9998818296827879,0.9999427265793657
878,sq_34_53,0.9998669097242987,0.9998810822195123,0.9999429853158847
879,sq_34_54,0.9998669097242987,0.9998816229815903,0.9999427410651325
880,sq_34_55,0.9998669097242987,0.9999080817404201,0.9999280613808428
881,sq_34_56,0.9998669097242987,1.0039124920604263,0.9978228508175894
882,sq_34_57,0.9998669097242987,0.999979626099175,0.9998861011197533
883,sq_34_59,0.9998669097242987,0.9998819555183298,0.99994265624179
884,sq_34_60,0.9998669097242987,0.9998804715719503,0.9999432085922019
885,sq_34_61,0.9998669097242987,0.9998815503852742,0.9999428341949967
886,sq_34_62,0.9998669097242987,0.9998818430105895,0.9999427281963117
887,sq_34_63,0.9998669097242987,0.9998818227814525,0.999942731769511
888,sq_34_64,0.9998669097242987,0.9998798469145286,0.9999434530639506
889,sq_34_65,0.9998669097242987,0.9998794938554885,0.9999435173811635
890,sq_34_66,0.9998669097242987,1.0083702456771786,0.9938002337486664
891,sq_34_67,0.9998669097242987,0.9801706843441615,1.0168205053273307
892,sq_34_68,0.9998669097242987,0.9993794652118712,1.0002513146347873
893,sq_35_23,0.9998669097242987,0.9989321691868125,1.000229076408616
894,sq_35_24,0.9998669097242987,0.9998783443644316,0.9999451245456571
895,sq_35_25,0.9998669097242987,0.9998811723089092,0.9999428385987581
896,sq_35_26,0.9998669097242987,0.9998810900553365,0.9999430051588579
897,sq_35_27,0.9998669097242987,0.9998817713135361,0.9999427526088999
898,sq_35_28,0.9998669097242987,0.9998816852827693,0.9999427779682676
899,sq_35_29,0.9998669097242987,0.999881531833294,0.9999428356421267
900,sq_35_30,0.9998669097242987,0.9998815093993113,0.9999428487496862
901,sq_35_31,0.9998669097242987,0.9998816518974212,0.9999427877361201
902,sq_35_32,0.9998669097242987,0.9998816828519485,0.9999427751195737
903,sq_35_33,0.9998669097242987,0.9998815564071907,0.9999428261743113
904,sq_35_34,0.9998669097242987,0.9998802103576627,0.9999430881935863
905,sq_35_35,0.9998669097242987,0.9998816702573621,0.9999427870283396
906,sq_35_36,0.9998669097242987,0.9998815508474941,0.9999428353955504
907,sq_35_37,0.9998669097242987,0.9998815934161199,0.9999428185839007
908,sq_35_38,0.9998669097242987,0.9998817049053439,0.9999427695614954
909,sq_35_39,0.9998669097242987,0.9998817100913193,0.9999427763520905
910,sq_35_40,0.9998669097242987,0.999881638333296,0.9999428050054169
911,sq_35_41,0.9998669097242987,0.9998805151614621,0.9999431913131145
912,sq_35_42,0.9998669097242987,0.9998817859373592,0.9999427094694281
913,sq_35_43,0.9998669097242987,0.9998810540671165,0.9999430053424394
914,sq_35_44,0.9998669097242987,0.999881753450112,0.9999427439873287
915,sq_35_45,0.9998669097242987,0.9998817583052058,0.9999427620735855
916,sq_35_46,0.9998669097242987,0.9998814615377893,0.9999428507388531
917,sq_35_47,0.9998669097242987,0.9998808352965866,0.9999430960912108
918,sq_35_48,0.9998669097242987,0.999881125110797,0.9999429768946184
919,sq_35_49,0.9998669097242987,0.9998796846693109,0.999943501421426
920,sq_35_50,0.9998669097242987,0.999880323732615,0.9999432063473475
921,sq_35_51,0.9998669097242987,0.9998796690382294,0.9999434552721991
922,sq_35_52,0.9998669097242987,0.9998818370399652,0.9999426489709421
923,sq_35_53,0.9998669097242987,0.9998792261834426,0.9999436730633396
924,sq_35_54,0.9998669097242987,0.9998782874163215,0.9999440203975756
925,sq_35_55,0.9998669097242987,0.9998805100750334,0.9999431365121427
926,sq_35_56,0.9998669097242987,0.9998794693770097,0.9999429808118728
927,sq_35_57,0.9998669097242987,0.9998762650364423,0.9999442052323212
928,sq_35_58,0.9998669097242987,0.9998815090402723,0.9999428318213904
929,sq_35_59,0.9998669097242987,0.9998813036562434,0.9999428998039441
930,sq_35_60,0.9998669097242987,0.9998790192878108,0.9999437508768005
931,sq_35_61,0.9998669097242987,0.9998809580154293,0.9999430556306459
932,sq_35_62,0.9998669097242987,0.9998804287333249,0.9999432392950336
933,sq_35_63,0.9998669097242987,0.9998817296356926,0.9999427497246746
934,sq_35_64,0.9998669097242987,0.9998810792757927,0.9999429799709642
935,sq_35_65,0.9998669097242987,0.9998800402693933,0.999943043547724
936,sq_35_66,0.9998669097242987,0.9999443980326331,0.9999010630294262
937,sq_35_67,0.9998669097242987,0.9998815797581102,0.9999424340047637
938,sq_35_68,0.9998669097242987,0.9998795383114335,0.9999442890542657
939,sq_35_69,0.9998669097242987,0.9998817731556644,0.9999427208064997
940,sq_35_70,0.9998669097242987,0.9998819270227656,0.9999427007365981
941,sq_35_71,0.9998669097242987,0.9998763416928153,0.9999447571600514
942,sq_35_72,0.9998669097242987,0.999875092687155,0.9999448908338696
943,sq_36_23,0.9998669097242987,0.9998799124163152,0.999943414046467
944,sq_36_24,0.9998669097242987,0.99988168883374,0.999942746635893
945,sq_36_25,0.9998669097242987,0.9998807711420634,0.999943009951562
946,sq_36_26,0.9998669097242987,0.9998813287380202,0.9999429037559482
947,sq_36_27,0.9998669097242987,0.9998814120152717,0.9999428637121799
948,sq_36_28,0.9998669097242987,0.9998814640523128,0.9999428727293147
949,sq_36_29,0.9998669097242987,0.9998818810191222,0.9999427059640185
950,sq_36_30,0.9998669097242987,0.9998818844980699,0.9999427126628504
951,sq_36_31,0.9998669097242987,0.9998812144850587,0.9999430788910298
952,sq_36_32,0.9998669097242987,0.9998818813484368,0.9999427050516576
953,sq_36_33,0.9998669097242987,0.9998814443087032,0.9999428528180241
954,sq_36_34,0.9998669097242987,0.9999001527227193,0.9999330444146662
955,sq_36_35,0.9998669097242987,0.9998812029318496,0.9999429230321022
956,sq_36_36,0.9998669097242987,0.9998809836791583,0.9999430429300874
957,sq_36_37,0.9998669097242987,0.9998810961545729,0.999942994068263
958,sq_36_38,0.9998669097242987,0.999881031269489,0.9999430116585587
959,sq_36_39,0.9998669097242987,0.9998815731875416,0.9999428281899508
960,sq_36_40,0.9998669097242987,0.9998804057215532,0.9999432409721986
961,sq_36_41,0.9998669097242987,0.999881042154353,0.9999430135252382
962,sq_36_42,0.9998669097242987,0.9998816247489485,0.9999427972493848
963,sq_36_44,0.9998669097242987,0.9998814531052775,0.9999428668313739
964,sq_36_45,0.9998669097242987,0.9998816961609653,0.999942776378419
965,sq_36_46,0.9998669097242987,0.9998833290067094,0.9999416122949905
966,sq_36_47,0.9998669097242987,0.9998814537468662,0.99994285259391
967,sq_36_48,0.9998669097242987,0.9998818129509514,0.9999427334993503
968,sq_36_49,0.9998669097242987,0.999881521187613,0.9999428316954911
969,sq_36_50,0.9998669097242987,0.9998797949517667,0.9999434586774382
970,sq_36_51,0.9998669097242987,0.9998804819131487,0.9999432130892574
971,sq_36_52,0.9998669097242987,0.9998799186389672,0.9999434370582395
972,sq_36_53,0.9998669097242987,0.9998803603804229,0.9999432260681949
973,sq_36_54,0.9998669097242987,0.9998781355992878,0.9999439933808825
974,sq_36_55,0.9998669097242987,0.9998800145129484,0.9999433356212386
975,sq_36_56,0.9998669097242987,0.9998741973849871,0.999945276067462
976,sq_36_57,0.9998669097242987,0.9998805275319254,0.9999432015096043
977,sq_36_58,0.9998669097242987,0.9998809602775297,0.9999429135055278
978,sq_36_59,0.9998669097242987,0.9998804269213174,0.9999431945633428
979,sq_36_60,0.9998669097242987,0.9998808362459333,0.9999430335601915
980,sq_36_61,0.9998669097242987,0.9998781936435055,0.9999440445471998
981,sq_36_62,0.9998669097242987,0.9998697995603609,0.9999468922965711
982,sq_36_63,0.9998669097242987,0.999878510081324,0.9999439455882908
983,sq_36_64,0.9998669097242987,0.9998808430074528,0.9999430689923855
984,sq_36_65,0.9998669097242987,0.9998748892423458,0.9999448951209907
985,sq_36_66,0.9998669097242987,0.9998803164309931,0.9999431115366124
986,sq_36_67,0.9998669097242987,0.9998796294716266,0.9999434527070549
987,sq_36_68,0.9998669097242987,0.9998774062925763,0.9999443529788873
988,sq_36_69,0.9998669097242987,0.9998799945263779,0.9999433530994396
989,sq_36_70,0.9998669097242987,0.999879473056642,0.9999435917386738
990,sq_36_71,0.9998669097242987,0.9998737191609126,0.9999457393929515
991,sq_36_72,0.9998669097242987,0.9998389972470804,0.9999543409505285
992,sq_37_23,0.9998669097242987,0.999879878047694,0.9999434100265753
993,sq_37_24,0.9998669097242987,0.9998816223892187,0.9999427737533537
994,sq_37_25,0.9998669097242987,0.9998814530058303,0.9999428647792752
995,sq_37_26,0.9998669097242987,0.9998815721693252,0.9999427984598492
996,sq_37_27,0.9998669097242987,0.9998810309247765,0.9999429448778872
997,sq_37_28,0.9998669097242987,0.999881762066298,0.9999427622339068
998,sq_37_29,0.9998669097242987,0.9998818912341348,0.999942713855699
999,sq_37_30,0.9998669097242987,0.999881802717861,0.9999428138961058
1000,sq_37_31,0.9998669097242987,0.9992807582396851,1.000397063160573
1001,sq_37_32,0.9998669097242987,0.9998690713316583,0.9999517351095821
1002,sq_37_33,0.9998669097242987,0.9917312297289166,1.01290568830445
1003,sq_37_34,0.9998669097242987,1.0020112869996667,0.998587145940066
1004,sq_37_35,0.9998669097242987,0.9998904223592894,0.9999359368029529
1005,sq_37_36,0.9998669097242987,0.9998814605115077,0.9999428269031001
1006,sq_37_37,0.9998669097242987,0.9998813772243144,0.9999428811604263
1007,sq_37_38,0.9998669097242987,0.9998806639637862,0.9999431074084875
1008,sq_37_39,0.9998669097242987,0.999880782160511,0.9999431091952992
1009,sq_37_40,0.9998669097242987,0.9998817651403105,0.999942752979797
1010,sq_37_41,0.9998669097242987,0.9998818659205981,0.999942671226709
1011,sq_37_42,0.9998669097242987,0.9998810599266101,0.9999429967978788
1012,sq_37_43,0.9998669097242987,0.9998814940347658,0.9999428429412991
1013,sq_37_44,0.9998669097242987,0.9998816676195391,0.9999427782605944
1014,sq_37_45,0.9998669097242987,0.9998822346526304,0.9999422304712676
1015,sq_37_46,0.9998669097242987,1.0003619943669106,0.9994860445621889
1016,sq_37_47,0.9998669097242987,0.9998956129999578,0.9999362713786213
1017,sq_37_48,0.9998669097242987,0.9998805276553764,0.9999431707175832
1018,sq_37_49,0.9998669097242987,0.9998812700737327,0.9999429022331844
1019,sq_37_50,0.9998669097242987,0.9998796070787928,0.9999435296227368
1020,sq_37_51,0.9998669097242987,0.999879168117052,0.9999436556926297
1021,sq_37_53,0.9998669097242987,0.9998812021722301,0.9999429547057922
1022,sq_37_54,0.9998669097242987,0.9998780366793779,0.9999438397143794
1023,sq_37_59,0.9998669097242987,0.9998786607419963,0.9999438918030823
1024,sq_37_62,0.9998669097242987,0.9998819270227667,0.9999427007365981
1025,sq_37_63,0.9998669097242987,0.9998819270227662,0.9999427007365986
1026,sq_37_65,0.9998669097242987,0.9998743287879983,0.9999453887533422
1027,sq_37_66,0.9998669097242987,0.9998746038386798,0.9999449562232748
1028,sq_37_69,0.9998669097242987,0.9998764188467536,0.9999445519217083
1029,sq_37_70,0.9998669097242987,0.9998785566434868,0.9999436294389246
1030,sq_38_24,0.9998669097242987,0.999881927022766,0.999942700736598
1031,sq_38_25,0.9998669097242987,0.999881819114641,0.9999427295369933
1032,sq_38_26,0.9998669097242987,0.999881868918566,0.9999427154890455
1033,sq_38_27,0.9998669097242987,0.99988176410313,0.9999427632488168
1034,sq_38_28,0.9998669097242987,0.9998818558227637,0.9999427183221593
1035,sq_38_29,0.9998669097242987,0.99988174836681,0.9999427658903213
1036,sq_38_30,0.9998669097242987,0.9998817896397425,0.9999427485448477
1037,sq_38_31,0.9998669097242987,1.0013414808463719,0.9988629920777095
1038,sq_38_35,0.9998669097242987,0.9998813620557297,0.9999428860898834
1039,sq_38_36,0.9998669097242987,0.9998810750388921,0.9999429890567455
1040,sq_38_38,0.9998669097242987,0.9998794648425825,0.9999435889318067
1041,sq_38_39,0.9998669097242987,0.999881473833203,0.9999428439342714
1042,sq_38_40,0.9998669097242987,0.9998801537324792,0.9999433370035612
1043,sq_38_41,0.9998669097242987,0.9998812336867491,0.9999428909462695
1044,sq_38_42,0.9998669097242987,0.9998781692659792,0.9999438045855508
1045,sq_38_43,0.9998669097242987,0.9998800656530957,0.9999433779349198
1046,sq_38_44,0.9998669097242987,0.9998799665938753,0.9999428873059645
1047,sq_38_45,0.9998669097242987,0.9998811147697985,0.9999429927681442
1048,sq_38_46,0.9998669097242987,0.9831204334792956,1.0101107717074171
1049,sq_38_47,0.9998669097242987,0.999620273545091,1.0000772995977791
1050,sq_38_48,0.9998669097242987,0.999880678907546,0.9999431285043394
1051,sq_38_49,0.9998669097242987,0.9998806543619785,0.999943154098865
1052,sq_38_50,0.9998669097242987,0.9998814476085112,0.9999428459547166
1053,sq_38_51,0.9998669097242987,0.9998794591160766,0.9999435895960868
1054,sq_38_52,0.9998669097242987,0.9998774451084578,0.9999442641005263
1055,sq_38_53,0.9998669097242987,0.9998810045866161,0.9999429775389581
1056,sq_38_54,0.9998669097242987,0.9998721240200662,0.9999450742321117
1057,sq_38_55,0.9998669097242987,0.9998819270227659,0.9999427007365981
1058,sq_38_59,0.9998669097242987,0.9998810994908859,0.9999429294075031
1059,sq_38_63,0.9998669097242987,0.9998819270227655,0.9999427007365982
1060,sq_39_25,0.9998669097242987,0.9998801318739389,0.9999433598943639
1061,sq_39_26,0.9998669097242987,0.9998818291762585,0.9999427382837663
1062,sq_39_29,0.9998669097242987,0.9998804210748974,0.9999432169114358
1063,sq_39_30,0.9998669097242987,0.9998809359777637,0.9999426886011625
1064,sq_39_31,0.9998669097242987,0.9999623042485092,0.9998366726437572
1065,sq_39_36,0.9998669097242987,0.9998819270227656,0.9999427007365971
1066,sq_39_40,0.9998669097242987,0.9998804231650255,0.999943237912591
1067,sq_39_41,0.9998669097242987,0.999880272721562,0.9999432527588197
1068,sq_39_42,0.9998669097242987,0.9998802722436142,0.9999431662532897
1069,sq_39_43,0.9998669097242987,0.9998819372327614,0.999942685081071
1070,sq_39_44,0.9998669097242987,0.9998817520531732,0.9999427418786825
1071,sq_39_45,0.9998669097242987,0.9998812651354575,0.9999429308213805
1072,sq_39_46,0.9998669097242987,0.9997646850592083,1.0000089648360546
1073,sq_39_47,0.9998669097242987,0.9998745931678102,0.9999461963457126
1074,sq_39_48,0.9998669097242987,0.9998801246189047,0.9999433619182518
1075,sq_39_50,0.9998669097242987,0.9998800395363884,0.9999433787540393
1076,sq_39_51,0.9998669097242987,0.9998802009913967,0.999943242578527
1077,sq_39_52,0.9998669097242987,0.9998794326457823,0.9999436311909392
1078,sq_39_53,0.9998669097242987,0.9998765451463095,0.9999444084420512
1079,sq_39_55,0.9998669097242987,0.999873366201658,0.9999443101342554
1080,sq_39_58,0.9998669097242987,0.9998793903701857,0.9999436161914257
1081,sq_39_59,0.9998669097242987,0.9998791540472467,0.9999436725483836
1082,sq_39_63,0.9998669097242987,0.999876055454185,0.9999448555277615
1083,sq_3_30,0.9998669097242987,0.9998819270227643,0.999942700736599
1084,sq_3_31,0.9998669097242987,0.9998819693954536,0.9999422301277223
1085,sq_3_32,0.9998669097242987,0.999881797976107,0.9999427453692783
1086,sq_3_33,0.9998669097242987,0.9998817302585826,0.9999427842847224
1087,sq_40_24,0.9998669097242987,0.9998806294556672,0.9999430998534383
1088,sq_40_25,0.9998669097242987,0.999871676388835,0.9999457878501014
1089,sq_40_29,0.9998669097242987,0.9998816850827029,0.9999427616858036
1090,sq_40_30,0.9998669097242987,0.9998811582058399,0.9999429547995291
1091,sq_40_31,0.9998669097242987,0.9998819270227663,0.9999427007365982
1092,sq_40_34,0.9998669097242987,0.9998819270227661,0.9999427007365984
1093,sq_40_35,0.9998669097242987,0.9998819270227661,0.9999427007365985
1094,sq_40_36,0.9998669097242987,0.9998819270227639,0.9999427007365982
1095,sq_40_41,0.9998669097242987,0.9998921399909014,0.9999367602705028
1096,sq_40_42,0.9998669097242987,0.9998813698198971,0.9999428662870979
1097,sq_40_43,0.9998669097242987,0.9998819634703695,0.9999426439215369
1098,sq_40_44,0.9998669097242987,0.9998817882183672,0.9999427349245867
1099,sq_40_45,0.9998669097242987,0.9998817887237926,0.9999427512138209
1100,sq_40_46,0.9998669097242987,0.9998814534733055,0.9999429104705183
1101,sq_40_47,0.9998669097242987,0.999881655080105,0.999942791126269
1102,sq_40_48,0.9998669097242987,0.999878012239272,0.9999441180525963
1103,sq_40_49,0.9998669097242987,0.99987983687334,0.9999434614972605
1104,sq_40_50,0.9998669097242987,0.9998819270227675,0.9999427007365979
1105,sq_40_51,0.9998669097242987,0.9998732721726239,0.9999457880559626
1106,sq_40_54,0.9998669097242987,0.9998819270227653,0.9999427007365982
1107,sq_40_55,0.9998669097242987,0.9998758358629068,0.9999449552375497
1108,sq_40_56,0.9998669097242987,0.9998819270227672,0.9999427007365982
1109,sq_40_57,0.9998669097242987,0.9998563904283679,0.999952086168533
1110,sq_40_58,0.9998669097242987,0.9998726759351924,0.9999461835857552
1111,sq_40_63,0.9998669097242987,0.9998788400642692,0.999943532745588
1112,sq_41_23,0.9998669097242987,0.9998819270227639,0.9999427007365992
1113,sq_41_24,0.9998669097242987,0.9998706716638609,0.9999456656429777
1114,sq_41_28,0.9998669097242987,0.9998819270227667,0.9999427007365969
1115,sq_41_29,0.9998669097242987,0.9998819270227666,0.9999427007365981
1116,sq_41_30,0.9998669097242987,0.9998816779599086,0.9999427818868379
1117,sq_41_31,0.9998669097242987,0.999881927022767,0.9999427007365977
1118,sq_41_33,0.9998669097242987,0.9998819270227665,0.9999427007365969
1119,sq_41_34,0.9998669097242987,0.9998819270227665,0.9999427007365979
1120,sq_41_41,0.9998669097242987,1.0004431110757934,0.9994104713117696
1121,sq_41_42,0.9998669097242987,0.999881402758174,0.9999428711982681
1122,sq_41_43,0.9998669097242987,0.9998812626655603,0.999942926568921
1123,sq_41_44,0.9998669097242987,0.9998816973373418,0.999942783859975
1124,sq_41_45,0.9998669097242987,0.9998819334858525,0.9999426905971088
1125,sq_41_46,0.9998669097242987,0.9998817620776157,0.9999427493805008
1126,sq_41_48,0.9998669097242987,0.9998793472723503,0.9999436613978336
1127,sq_41_49,0.9998669097242987,0.999879676034416,0.9999434469195599
1128,sq_41_51,0.9998669097242987,0.999880756601534,0.999943118525923
1129,sq_41_53,0.9998669097242987,0.999881927022765,0.9999427007365976
1130,sq_41_54,0.9998669097242987,0.9998819270227663,0.9999427007365983
1131,sq_41_57,0.9998669097242987,0.9998812742667109,0.9999430332349497
1132,sq_41_63,0.9998669097242987,0.9998742072711956,0.9999449997313298
1133,sq_42_22,0.9998669097242987,0.948488750033685,1.0803759245432971
1134,sq_42_23,0.9998669097242987,0.9998819270227627,0.999942700736598
1135,sq_42_26,0.9998669097242987,0.9998819270227648,0.999942700736598
1136,sq_42_27,0.9998669097242987,0.9998819270227668,0.9999427007365973
1137,sq_42_28,0.9998669097242987,0.9998819270227653,0.9999427007365985
1138,sq_42_31,0.9998669097242987,0.9998819270227658,0.9999427007365977
1139,sq_42_32,0.9998669097242987,0.9998697454451658,0.9999468565833204
1140,sq_42_34,0.9998669097242987,0.9998770135411547,0.9999445317692326
1141,sq_42_40,0.9998669097242987,0.9435360530524631,1.0425112914248398
1142,sq_42_41,0.9998669097242987,1.0226295688272,0.9858052912868355
1143,sq_42_42,0.9998669097242987,1.0002346181353534,0.999686590715053
1144,sq_42_44,0.9998669097242987,0.999881884085257,0.999942714029398
1145,sq_42_45,0.9998669097242987,0.9998818784716599,0.9999427168477062
1146,sq_42_46,0.9998669097242987,0.9998816920650149,0.9999427768438115
1147,sq_42_47,0.9998669097242987,0.9998818501580018,0.9999427243308139
1148,sq_42_48,0.9998669097242987,0.9998804108692328,0.9999432419544992
1149,sq_42_49,0.9998669097242987,0.9998798715511815,0.9999434002192071
1150,sq_42_50,0.9998669097242987,0.9998817139154372,0.9999427145909249
1151,sq_42_51,0.9998669097242987,0.9998815315023948,0.9999428144217346
1152,sq_42_52,0.9998669097242987,0.9998810199051635,0.9999429298604697
1153,sq_42_53,0.9998669097242987,0.9998819270227658,0.9999427007365976
1154,sq_42_54,0.9998669097242987,0.9998819270227642,0.9999427007365966
1155,sq_42_57,0.9998669097242987,0.9998802725773043,0.9999432965759781
1156,sq_42_63,0.9998669097242987,0.9998772144879101,0.9999442757560127
1157,sq_43_20,0.9998669097242987,1.0000298166255106,0.9998056991075875
1158,sq_43_21,0.9998669097242987,1.0047902970479596,0.9911059928733646
1159,sq_43_22,0.9998669097242987,1.0163795398636368,0.971297493815912
1160,sq_43_25,0.9998669097242987,0.999881927022766,0.9999427007365981
1161,sq_43_26,0.9998669097242987,0.9998819270227617,0.9999427007365995
1162,sq_43_32,0.9998669097242987,0.9998750380050433,0.9999451261697877
1163,sq_43_34,0.9998669097242987,0.9998683108744308,0.9999476288199588
1164,sq_43_36,0.9998669097242987,0.9998698717142628,0.9999471933411265
1165,sq_43_37,0.9998669097242987,0.9998754759559071,0.9999450036810058
1166,sq_43_39,0.9998669097242987,0.9997426694345262,1.0000301748516713
1167,sq_43_40,0.9998669097242987,0.9961834945306836,1.0019814975922494
1168,sq_43_42,0.9998669097242987,0.9998842982604441,0.9999403903280053
1169,sq_43_43,0.9998669097242987,0.9998799085162722,0.9999434389694181
1170,sq_43_44,0.9998669097242987,0.9998818476965552,0.9999427201366001
1171,sq_43_45,0.9998669097242987,0.9998818836920046,0.9999427148844555
1172,sq_43_46,0.9998669097242987,0.9998819012027091,0.9999427000288902
1173,sq_43_48,0.9998669097242987,0.999880210481576,0.9999433357939935
1174,sq_43_49,0.9998669097242987,0.999881438045544,0.9999428608289161
1175,sq_43_50,0.9998669097242987,0.9998816003846301,0.9999428021323098
1176,sq_43_51,0.9998669097242987,0.9998818368986884,0.9999425966641665
1177,sq_43_52,0.9998669097242987,0.9998814665159895,0.9999428464911929
1178,sq_43_53,0.9998669097242987,0.9998816041888063,0.999942816285951
1179,sq_43_57,0.9998669097242987,0.9998819270227668,0.9999427007365979
1180,sq_43_58,0.9998669097242987,0.9998719400891017,0.9999463941111838
1181,sq_43_63,0.9998669097242987,0.9998815347213339,0.9999427969984447
1182,sq_44_16,0.9998669097242987,0.999879954318466,0.9999434047120553
1183,sq_44_17,0.9998669097242987,0.9998816942655596,0.9999427654116613
1184,sq_44_18,0.9998669097242987,0.9998816197427122,0.9999428400835408
1185,sq_44_19,0.9998669097242987,0.9998809559453775,0.9999428099636107
1186,sq_44_20,0.9998669097242987,0.9998819516786166,0.9999423446541914
1187,sq_44_25,0.9998669097242987,0.9998819270227656,0.9999427007365982
1188,sq_44_30,0.9998669097242987,0.9998819270227668,0.9999427007365977
1189,sq_44_32,0.9998669097242987,0.9998799268918943,0.9999434180871458
1190,sq_44_33,0.9998669097242987,0.9998819270227661,0.9999427007365973
1191,sq_44_34,0.9998669097242987,0.9998782501032398,0.9999439353978473
1192,sq_44_35,0.9998669097242987,0.9998797487323648,0.9999435241148146
1193,sq_44_36,0.9998669097242987,0.9998376236852253,0.9999543859873798
1194,sq_44_37,0.9998669097242987,0.9998795807537307,0.9999435021029957
1195,sq_44_38,0.9998669097242987,0.999881927022767,0.9999427007365985
1196,sq_44_39,0.9998669097242987,0.9997380644348483,1.0000386779746306
1197,sq_44_41,0.9998669097242987,0.9998756532152853,0.9999440941827142
1198,sq_44_42,0.9998669097242987,0.9998798759684525,0.9999433665462002
1199,sq_44_43,0.9998669097242987,0.9998799893727386,0.9999433603819289
1200,sq_44_44,0.9998669097242987,0.999881415644709,0.9999428665994413
1201,sq_44_45,0.9998669097242987,0.9998817105801494,0.9999427702439888
1202,sq_44_46,0.9998669097242987,0.999881867936043,0.9999427166860032
1203,sq_44_47,0.9998669097242987,0.9998818016381769,0.9999426803700228
1204,sq_44_48,0.9998669097242987,0.9998777619020229,0.9999442159630868
1205,sq_44_49,0.9998669097242987,0.9998817974125239,0.9999427249105505
1206,sq_44_50,0.9998669097242987,0.9998816841046749,0.9999427789297791
1207,sq_44_51,0.9998669097242987,0.999881841212129,0.9999427272514588
1208,sq_44_52,0.9998669097242987,0.999881862816191,0.9999427216909058
1209,sq_44_53,0.9998669097242987,0.99988186630255,0.9999427184507997
1210,sq_44_56,0.9998669097242987,0.9998801045496997,0.9999433999666069
1211,sq_44_57,0.9998669097242987,0.9998814439626347,0.9999427998372604
1212,sq_44_58,0.9998669097242987,0.9998812890953326,0.9999428997548635
1213,sq_44_59,0.9998669097242987,0.9998771128958334,0.999944462024098
1214,sq_44_60,0.9998669097242987,0.9998691344010544,0.9999474530483254
1215,sq_44_61,0.9998669097242987,0.9998819270227663,0.9999427007365976
1216,sq_44_63,0.9998669097242987,0.999881927022764,0.9999427007365994
1217,sq_44_64,0.9998669097242987,0.9998819270227663,0.9999427007365986
1218,sq_45_17,0.9998669097242987,0.9998815540729883,0.9999428510380902
1219,sq_45_18,0.9998669097242987,0.9998603902134854,0.9999632065170911
1220,sq_45_19,0.9998669097242987,0.9999437041278865,0.9998967798319296
1221,sq_45_20,0.9998669097242987,0.9998819270227666,0.9999427007365982
1222,sq_45_24,0.9998669097242987,0.9998819270227658,0.9999427007365985
1223,sq_45_25,0.9998669097242987,0.9998819270227662,0.9999427007365972
1224,sq_45_30,0.9998669097242987,0.9998819270227662,0.9999427007365977
1225,sq_45_31,0.9998669097242987,0.9998819270227663,0.999942700736598
1226,sq_45_34,0.9998669097242987,0.9998731806449739,0.9999453923790418
1227,sq_45_35,0.9998669097242987,0.9998795548849864,0.9999435457099051
1228,sq_45_41,0.9998669097242987,0.9998819270227673,0.9999427007365979
1229,sq_45_42,0.9998669097242987,0.9998819270227661,0.9999427007365973
1230,sq_45_44,0.9998669097242987,0.9998810755949474,0.9999427962030332
1231,sq_45_45,0.9998669097242987,0.9998813115216499,0.9999429369234054
1232,sq_45_46,0.9998669097242987,0.9998818370221385,0.9999427044935462
1233,sq_45_47,0.9998669097242987,0.9998817602318969,0.9999427529618329
1234,sq_45_48,0.9998669097242987,0.9998806221319904,0.9999431623451136
1235,sq_45_49,0.9998669097242987,0.9998815733773048,0.999942790259892
1236,sq_45_50,0.9998669097242987,0.9998782514247996,0.9999440126079445
1237,sq_45_51,0.9998669097242987,0.9998815752032455,0.999942820262615
1238,sq_45_52,0.9998669097242987,0.9998818823302991,0.999942714721501
1239,sq_45_53,0.9998669097242987,0.9998818846120657,0.9999427149102185
1240,sq_45_54,0.9998669097242987,0.9998817376513895,0.9999427585437854
1241,sq_45_55,0.9998669097242987,0.9998819449257013,0.9999426726592947
1242,sq_45_56,0.9998669097242987,0.9998819270227668,0.9999427007365976
1243,sq_45_57,0.9998669097242987,0.999878263676055,0.999944106103051
1244,sq_45_58,0.9998669097242987,0.9998638988970696,0.9999484271521527
1245,sq_45_59,0.9998669097242987,0.9998742274821786,0.9999453543931699
1246,sq_45_60,0.9998669097242987,0.9998709179503031,0.9999462789044284
1247,sq_45_61,0.9998669097242987,0.9998756848550839,0.9999448413853277
1248,sq_45_62,0.9998669097242987,0.9998810548895724,0.9999429237033082
1249,sq_45_64,0.9998669097242987,0.9998819270227658,0.9999427007365979
1250,sq_46_17,0.9998669097242987,0.9998792733536663,0.9999436445315446
1251,sq_46_18,0.9998669097242987,0.9963289466793608,1.002512567129976
1252,sq_46_19,0.9998669097242987,1.0055669933584903,0.9962055730607916
1253,sq_46_20,0.9998669097242987,1.0000190913807852,0.9998770908153882
1254,sq_46_24,0.9998669097242987,0.9888303971225219,1.0090441888366382
1255,sq_46_30,0.9998669097242987,0.9998819270227663,0.999942700736597
1256,sq_46_31,0.9998669097242987,0.9998819270227663,0.9999427007365981
1257,sq_46_34,0.9998669097242987,0.9998807554596805,0.9999431081442335
1258,sq_46_35,0.9998669097242987,0.9998819270227658,0.9999427007365982
1259,sq_46_36,0.9998669097242987,0.9998819270227661,0.9999427007365974
1260,sq_46_37,0.9998669097242987,0.999881927022765,0.9999427007365975
1261,sq_46_38,0.9998669097242987,0.9998800030083709,0.999943294957879
1262,sq_46_39,0.9998669097242987,0.9998819270227668,0.9999427007365983
1263,sq_46_40,0.9998669097242987,0.9998819270227668,0.9999427007365983
1264,sq_46_41,0.9998669097242987,0.9998822286905208,0.9999422318655595
1265,sq_46_42,0.9998669097242987,0.9998819270227663,0.9999427007365982
1266,sq_46_46,0.9998669097242987,0.9998819027380875,0.999942706348093
1267,sq_46_47,0.9998669097242987,0.9998815519508101,0.9999428168239917
1268,sq_46_48,0.9998669097242987,0.9998776492586052,0.9999442383384
1269,sq_46_52,0.9998669097242987,0.9998817820159857,0.9999427520629947
1270,sq_46_53,0.9998669097242987,0.9998816968973602,0.9999427750914632
1271,sq_46_54,0.9998669097242987,0.999881630045713,0.9999427999477523
1272,sq_46_55,0.9998669097242987,0.9998810176346354,0.9999428492944067
1273,sq_46_56,0.9998669097242987,0.9998808240156297,0.9999430220946574
1274,sq_46_57,0.9998669097242987,0.9998798417197233,0.9999433706625256
1275,sq_46_58,0.9998669097242987,0.9998784600458989,0.9999439045657317
1276,sq_46_60,0.9998669097242987,0.9998782669237402,0.9999440196811956
1277,sq_46_62,0.9998669097242987,0.9998787456259047,0.9999436194552415
1278,sq_46_63,0.9998669097242987,0.9998806930608217,0.999942991827498
1279,sq_46_64,0.9998669097242987,0.9998795076946398,0.9999436287382161
1280,sq_47_17,0.9998669097242987,0.9998805406682773,0.9999430917595525
1281,sq_47_18,0.9998669097242987,0.9998808936275381,0.9999429807309359
1282,sq_47_19,0.9998669097242987,0.9999107283749162,0.9999245228888701
1283,sq_47_20,0.9998669097242987,0.9998817935093663,0.9999425257575602
1284,sq_47_21,0.9998669097242987,0.9998800685340582,0.9999433666949069
1285,sq_47_22,0.9998669097242987,0.9998847068412834,0.999940302898347
1286,sq_47_23,0.9998669097242987,1.0005784847249206,0.9991358133418581
1287,sq_47_24,0.9998669097242987,1.017658939404755,0.9851004073683064
1288,sq_47_29,0.9998669097242987,0.9998442307848421,0.9999508250990286
1289,sq_47_30,0.9998669097242987,0.9998792521944435,0.9999436297304812
1290,sq_47_31,0.9998669097242987,0.9998819270227665,0.9999427007365979
1291,sq_47_37,0.9998669097242987,0.9998820379657458,0.9999425315012611
1292,sq_47_38,0.9998669097242987,0.9998800709385611,0.9999433488462374
1293,sq_47_40,0.9998669097242987,0.9998819270227667,0.9999427007365984
1294,sq_47_41,0.9998669097242987,0.9998813399387297,0.9999429258547098
1295,sq_47_46,0.9998669097242987,0.9998816909095739,0.9999427785969373
1296,sq_47_47,0.9998669097242987,0.9998813983337058,0.9999428710102458
1297,sq_47_48,0.9998669097242987,0.9998797277632752,0.9999435060009735
1298,sq_47_52,0.9998669097242987,0.9998819270227672,0.9999427007365977
1299,sq_47_56,0.9998669097242987,0.9998809340135911,0.9999430346622986
1300,sq_47_58,0.9998669097242987,0.9998819270227671,0.999942700736598
1301,sq_47_64,0.9998669097242987,0.9998777192813467,0.99994415046432
1302,sq_47_65,0.9998669097242987,0.9998786172902406,0.9999438303952346
1303,sq_47_66,0.9998669097242987,0.9998819270227659,0.9999427007365974
1304,sq_47_67,0.9998669097242987,0.9998819270227663,0.9999427007365984
1305,sq_48_13,0.9998669097242987,0.9998811773837133,0.9999429762986016
1306,sq_48_14,0.9998669097242987,0.9998697670787762,0.9999471527445585
1307,sq_48_16,0.9998669097242987,0.9998639357529234,0.9999454542178328
1308,sq_48_17,0.9998669097242987,0.999874136771942,0.9999441478781722
1309,sq_48_19,0.9998669097242987,0.9998814615066066,0.9999426649794859
1310,sq_48_20,0.9998669097242987,0.999881932526845,0.9999426920744882
1311,sq_48_21,0.9998669097242987,0.9998816642661514,0.9999427894353934
1312,sq_48_22,0.9998669097242987,0.9998813061135564,0.999942882700054
1313,sq_48_24,0.9998669097242987,1.0010405441170618,0.9991940107870289
1314,sq_48_25,0.9998669097242987,0.9999179048047385,0.9999180777713722
1315,sq_48_29,0.9998669097242987,0.9998807633282555,0.9999430702450123
1316,sq_48_37,0.9998669097242987,0.9998819270227671,0.9999427007365975
1317,sq_48_45,0.9998669097242987,0.9998819270227616,0.9999427007365982
1318,sq_48_46,0.9998669097242987,0.9998812340222903,0.9999428811822734
1319,sq_48_47,0.9998669097242987,0.9998811133520118,0.9999429732141505
1320,sq_48_52,0.9998669097242987,0.9998817356969566,0.9999426090508766
1321,sq_48_56,0.9998669097242987,0.9998772428027642,0.9999440987947521
1322,sq_48_58,0.9998669097242987,0.9998788548261841,0.9999437504091531
1323,sq_48_59,0.9998669097242987,0.9998774424538471,0.9999443296780817
1324,sq_48_65,0.9998669097242987,0.9998819270227667,0.9999427007365977
1325,sq_49_14,0.9998669097242987,0.9998819270227659,0.999942700736598
1326,sq_49_15,0.9998669097242987,0.9998807649577426,0.9999430597011769
1327,sq_49_16,0.9998669097242987,0.9998785887100691,0.9999436011661382
1328,sq_49_20,0.9998669097242987,0.9998818979634329,0.9999427099721324
1329,sq_49_21,0.9998669097242987,0.9998818396028065,0.9999427256486425
1330,sq_49_25,0.9998669097242987,0.9998789443499142,0.9999432313117358
1331,sq_49_29,0.9998669097242987,0.9998819270227652,0.9999427007365982
1332,sq_49_30,0.9998669097242987,0.999881927022767,0.999942700736597
1333,sq_49_45,0.9998669097242987,0.9998819270227663,0.9999427007365976
1334,sq_49_52,0.9998669097242987,0.9998814578301962,0.9999428725997227
1335,sq_49_53,0.9998669097242987,0.9998819270227665,0.999942700736598
1336,sq_49_54,0.9998669097242987,0.9998819270227665,0.9999427007365979
1337,sq_49_55,0.9998669097242987,0.9998819270227665,0.9999427007365971
1338,sq_49_56,0.9998669097242987,0.9998819270227655,0.9999427007365985
1339,sq_49_59,0.9998669097242987,0.999881927022766,0.999942700736598
1340,sq_49_65,0.9998669097242987,0.9998819270227649,0.999942700736599
1341,sq_4_12,0.9998669097242987,0.9998803553782756,0.9999432382671569
1342,sq_4_13,0.9998669097242987,0.9998811436383085,0.9999429800838552
1343,sq_4_14,0.9998669097242987,0.9998805066130197,0.9999431314497914
1344,sq_4_30,0.9998669097242987,0.9998742177482058,0.9999455331639605
1345,sq_4_31,0.9998669097242987,0.9998795024990814,0.999943549750765
1346,sq_4_33,0.9998669097242987,0.999881038090386,0.9999430158352829
1347,sq_50_15,0.9998669097242987,0.999880775216033,0.9999428234959177
1348,sq_50_16,0.9998669097242987,0.9998815235399404,0.9999428236023045
1349,sq_50_17,0.9998669097242987,0.9998819270227659,0.9999427007365977
1350,sq_50_20,0.9998669097242987,0.9998813613240257,0.9999428749447261
1351,sq_50_21,0.9998669097242987,0.9998813589112174,0.9999428906079546
1352,sq_50_22,0.9998669097242987,0.9998813967968023,0.9999428846536907
1353,sq_50_23,0.9998669097242987,0.999881328802791,0.9999428932287167
1354,sq_50_24,0.9998669097242987,0.9998781907417373,0.9999440367713804
1355,sq_50_25,0.9998669097242987,0.9998811336557276,0.9999429132338531
1356,sq_50_26,0.9998669097242987,0.9998819270227642,0.9999427007365966
1357,sq_50_28,0.9998669097242987,0.9998761855687579,0.9999448496665241
1358,sq_50_29,0.9998669097242987,0.9998819270227665,0.9999427007365984
1359,sq_50_35,0.9998669097242987,0.9998819270227648,0.9999427007365981
1360,sq_50_36,0.9998669097242987,0.9998819270227653,0.9999427007365982
1361,sq_50_45,0.9998669097242987,0.9998819270227662,0.9999427007365982
1362,sq_50_46,0.9998669097242987,0.9998819270227666,0.9999427007365975
1363,sq_50_51,0.9998669097242987,0.999881927022766,0.9999427007365981
1364,sq_50_52,0.9998669097242987,0.9998819770822708,0.9999426226311766
1365,sq_50_54,0.9998669097242987,0.9998819270227662,0.9999427007365983
1366,sq_50_59,0.9998669097242987,0.9998773078029206,0.9999442131805377
1367,sq_50_60,0.9998669097242987,0.9998767416004685,0.9999441677414984
1368,sq_50_64,0.9998669097242987,0.9998781284596278,0.9999440822090098
1369,sq_50_65,0.9998669097242987,0.9998737233687893,0.999945516182769
1370,sq_51_17,0.9998669097242987,0.9998819576942336,0.9999426538880861
1371,sq_51_18,0.9998669097242987,0.9998803232023599,0.999943315407605
1372,sq_51_20,0.9998669097242987,0.9998807960778268,0.9999430760393753
1373,sq_51_22,0.9998669097242987,0.9998819270227663,0.9999427007365971
1374,sq_51_23,0.9998669097242987,0.9998795771855973,0.9999433748499232
1375,sq_51_24,0.9998669097242987,0.999879523442769,0.9999435438245309
1376,sq_51_25,0.9998669097242987,0.99988108329541,0.9999429697825769
1377,sq_51_26,0.9998669097242987,0.9998803167027982,0.9999432546722865
1378,sq_51_27,0.9998669097242987,0.999879413158971,0.9999434258159732
1379,sq_51_28,0.9998669097242987,0.9998799644260807,0.9999431829113218
1380,sq_51_36,0.9998669097242987,0.999881927022766,0.9999427007365976
1381,sq_51_37,0.9998669097242987,0.9998819270227658,0.9999427007365983
1382,sq_51_38,0.9998669097242987,0.9998819270227656,0.9999427007365975
1383,sq_51_46,0.9998669097242987,0.9998819270227651,0.9999427007365975
1384,sq_51_51,0.9998669097242987,0.999881927022765,0.9999427007365986
1385,sq_51_60,0.9998669097242987,0.9998791256328824,0.9999436134664261
1386,sq_51_61,0.9998669097242987,0.999878230096534,0.9999439633011329
1387,sq_51_62,0.9998669097242987,0.9998819270227643,0.9999427007365989
1388,sq_51_63,0.9998669097242987,0.9998819270227671,0.9999427007365977
1389,sq_51_64,0.9998669097242987,0.9998803099103264,0.9999432710334174
1390,sq_51_65,0.9998669097242987,0.999881251523942,0.9999428009779772
1391,sq_51_66,0.9998669097242987,0.9998819270227652,0.9999427007365986
1392,sq_52_18,0.9998669097242987,0.9998799736826113,0.9999422894687241
1393,sq_52_19,0.9998669097242987,0.999880948640312,0.9999430197623944
1394,sq_52_20,0.9998669097242987,0.9998783244382573,0.9999439750941261
1395,sq_52_21,0.9998669097242987,0.9998804777907002,0.9999430967087355
1396,sq_52_22,0.9998669097242987,0.999877631852381,0.9999442057705504
1397,sq_52_23,0.9998669097242987,0.9998757587544232,0.9999450164788791
1398,sq_52_24,0.9998669097242987,0.9998819270227666,0.9999427007365979
1399,sq_52_25,0.9998669097242987,0.9998780478944315,0.9999440889760914
1400,sq_52_26,0.9998669097242987,0.9998798647188742,0.9999433736961117
1401,sq_52_27,0.9998669097242987,0.9998817343483253,0.9999427641697068
1402,sq_52_36,0.9998669097242987,0.9998798431100339,0.9999435868678286
1403,sq_52_37,0.9998669097242987,0.9998555731305152,0.9999510878327685
1404,sq_52_39,0.9998669097242987,0.9998819270227645,0.999942700736598
1405,sq_52_40,0.9998669097242987,0.9998819270227632,0.9999427007365985
1406,sq_52_46,0.9998669097242987,0.9998762057191856,0.9999454004963719
1407,sq_52_51,0.9998669097242987,0.9998819270227656,0.9999427007365984
1408,sq_52_62,0.9998669097242987,0.999880579705614,0.9999431708661564
1409,sq_52_63,0.9998669097242987,0.9998817729220422,0.9999427402120887
1410,sq_52_64,0.9998669097242987,0.9998819270227656,0.9999427007365974
1411,sq_52_66,0.9998669097242987,0.9998819270227663,0.9999427007365975
1412,sq_52_67,0.9998669097242987,0.9998819270227658,0.9999427007365979
1413,sq_53_22,0.9998669097242987,0.9998784848326383,0.999943939589982
1414,sq_53_23,0.9998669097242987,0.9998788618348915,0.9999437396214982
1415,sq_53_24,0.9998669097242987,0.9998815973308726,0.9999427862429253
1416,sq_53_25,0.9998669097242987,0.9998725640238328,0.9999461917851881
1417,sq_53_27,0.9998669097242987,0.9998710308119013,0.9999465414016471
1418,sq_53_28,0.9998669097242987,0.9998767431072424,0.999944556347659
1419,sq_53_30,0.9998669097242987,0.9998819270227663,0.9999427007365979
1420,sq_53_31,0.9998669097242987,0.9998819270227665,0.9999427007365972
1421,sq_53_32,0.9998669097242987,0.9998819270227657,0.9999427007365985
1422,sq_53_33,0.9998669097242987,0.9998819270227669,0.9999427007365974
1423,sq_53_34,0.9998669097242987,0.9998819270227657,0.9999427007365972
1424,sq_53_35,0.9998669097242987,0.9998819270227661,0.9999427007365981
1425,sq_53_36,0.9998669097242987,0.9998819270227659,0.9999427007365973
1426,sq_53_40,0.9998669097242987,0.9998819270227659,0.9999427007365977
1427,sq_53_41,0.9998669097242987,0.9998819270227659,0.9999427007365984
1428,sq_53_46,0.9998669097242987,0.9998461633227416,0.999954119610793
1429,sq_53_51,0.9998669097242987,0.9998819270227661,0.9999427007365975
1430,sq_53_62,0.9998669097242987,0.9998805343690095,0.999943168087991
1431,sq_53_63,0.9998669097242987,0.9998815078815926,0.9999427891909038
1432,sq_53_64,0.9998669097242987,0.99987746196599,0.9999442433963454
1433,sq_54_25,0.9998669097242987,0.9998774160962832,0.9999443189765657
1434,sq_54_26,0.9998669097242987,0.9998810480460928,0.9999429940523628
1435,sq_54_27,0.9998669097242987,0.9998790233478639,0.9999437173812348
1436,sq_54_28,0.9998669097242987,0.9998709275539652,0.9999467806016831
1437,sq_54_29,0.9998669097242987,0.9998813973088393,0.9999428895961116
1438,sq_54_30,0.9998669097242987,0.9998804096018413,0.9999432827565596
1439,sq_54_34,0.9998669097242987,0.9998819270227653,0.9999427007365976
1440,sq_54_41,0.9998669097242987,0.999881927022764,0.9999427007365989
1441,sq_54_42,0.9998669097242987,0.9998819270227652,0.9999427007365979
1442,sq_54_46,0.9998669097242987,0.9998819270227666,0.999942700736598
1443,sq_54_51,0.9998669097242987,0.9998734314163902,0.9999445641068252
1444,sq_54_52,0.9998669097242987,0.9998736186936109,0.9999455275114418
1445,sq_54_54,0.9998669097242987,0.9998819270227649,0.9999427007365985
1446,sq_54_55,0.9998669097242987,0.999881927022767,0.9999427007365975
1447,sq_54_56,0.9998669097242987,0.9998819270227665,0.9999427007365985
1448,sq_54_57,0.9998669097242987,0.9998819270227666,0.9999427007365983
1449,sq_54_58,0.9998669097242987,0.9998819270227668,0.9999427007365982
1450,sq_54_61,0.9998669097242987,0.9998819270227655,0.9999427007365983
1451,sq_54_63,0.9998669097242987,0.9998666120719429,0.9999480734996393
1452,sq_54_64,0.9998669097242987,0.9998794023583021,0.9999436169831808
1453,sq_55_25,0.9998669097242987,0.9998799666054393,0.999943387373154
1454,sq_55_27,0.9998669097242987,0.9998819270227658,0.9999427007365981
1455,sq_55_28,0.9998669097242987,0.9998322385048194,0.9999592368092486
1456,sq_55_29,0.9998669097242987,0.999842913825449,0.9999555095132591
1457,sq_55_30,0.9998669097242987,0.9998771719607116,0.9999444118916748
1458,sq_55_31,0.9998669097242987,0.999881927022765,0.9999427007365984
1459,sq_55_42,0.9998669097242987,0.9998819270227659,0.9999427007365971
1460,sq_55_43,0.9998669097242987,0.9998819270227655,0.9999427007365981
1461,sq_55_44,0.9998669097242987,0.9998819270227647,0.9999427007365977
1462,sq_55_46,0.9998669097242987,0.9998355142017116,0.9999609648937192
1463,sq_55_50,0.9998669097242987,0.9998819270227659,0.9999427007365979
1464,sq_55_51,0.9998669097242987,0.9998819270227667,0.999942700736598
1465,sq_55_52,0.9998669097242987,0.9998819270227663,0.9999427007365979
1466,sq_55_53,0.9998669097242987,0.9998253513013508,0.9999638494134153
1467,sq_55_54,0.9998669097242987,0.9998519943679351,0.9999574401625647
1468,sq_55_61,0.9998669097242987,0.9998819270227665,0.999942700736598
1469,sq_55_62,0.9998669097242987,0.9998819270227656,0.9999427007365981
1470,sq_55_63,0.9998669097242987,0.9998719335291197,0.999946393582278
1471,sq_55_64,0.9998669097242987,0.9998736279952793,0.9999456907253053
1472,sq_55_65,0.9998669097242987,0.9998747720034532,0.9999453999573807
1473,sq_55_66,0.9998669097242987,0.999881927022766,0.9999427007365977
1474,sq_55_67,0.9998669097242987,0.9998819270227656,0.9999427007365984
1475,sq_56_25,0.9998669097242987,0.9998819270227606,0.999942700736599
1476,sq_56_26,0.9998669097242987,0.9998819270227648,0.9999427007365981
1477,sq_56_27,0.9998669097242987,0.9998819270227651,0.9999427007365992
1478,sq_56_31,0.9998669097242987,0.9998819270227668,0.999942700736597
1479,sq_56_43,0.9998669097242987,0.9998819270227659,0.9999427007365975
1480,sq_56_44,0.9998669097242987,0.9998819270227659,0.9999427007365975
1481,sq_56_45,0.9998669097242987,0.9998522704046553,0.9999540332516788
1482,sq_56_46,0.9998669097242987,0.9998414166357807,0.9999605701519344
1483,sq_56_48,0.9998669097242987,0.999881927022763,0.9999427007365991
1484,sq_56_50,0.9998669097242987,0.9998819270227643,0.9999427007365991
1485,sq_56_52,0.9998669097242987,0.999881927022766,0.9999427007365977
1486,sq_56_53,0.9998669097242987,0.9998629947179182,0.999951057999156
1487,sq_56_54,0.9998669097242987,0.9998596875242914,0.999951191518234
1488,sq_56_62,0.9998669097242987,0.9998819270227666,0.9999427007365984
1489,sq_56_63,0.9998669097242987,0.999882027138738,0.9999425910498412
1490,sq_56_64,0.9998669097242987,0.999868504967993,0.9999477469030761
1491,sq_56_65,0.9998669097242987,0.9998536827438201,0.9999531433593164
1492,sq_56_66,0.9998669097242987,0.9998819270227661,0.9999427007365979
1493,sq_56_67,0.9998669097242987,0.9998819270227637,0.9999427007365991
1494,sq_56_68,0.9998669097242987,0.9998525683630144,0.9999529566916652
1495,sq_57_26,0.9998669097242987,0.9606283751829473,1.0353847715933087
1496,sq_57_27,0.9998669097242987,0.9454861319242008,1.0342757442904371
1497,sq_57_31,0.9998669097242987,0.999881927022764,0.9999427007365994
1498,sq_57_45,0.9998669097242987,0.9998808635776094,0.9999431810207495
1499,sq_57_46,0.9998669097242987,0.9998285684627871,0.9999645742768115
1500,sq_57_47,0.9998669097242987,0.9998819270227657,0.9999427007365976
1501,sq_57_48,0.9998669097242987,0.999881927022764,0.9999427007365989
1502,sq_57_49,0.9998669097242987,0.9998819270227665,0.9999427007365983
1503,sq_57_50,0.9998669097242987,0.9998819270227668,0.9999427007365972
1504,sq_57_53,0.9998669097242987,0.9998819270227659,0.9999427007365985
1505,sq_57_54,0.9998669097242987,0.9998819270227662,0.9999427007365979
1506,sq_57_64,0.9998669097242987,0.9998510708577278,0.9999536487557896
1507,sq_57_65,0.9998669097242987,0.9998577790664556,0.9999519120098268
1508,sq_57_67,0.9998669097242987,0.9998797389082235,0.9999435392018701
1509,sq_57_68,0.9998669097242987,0.9998741304235648,0.9999455600731276
1510,sq_57_69,0.9998669097242987,0.9998819270227671,0.9999427007365981
1511,sq_57_70,0.9998669097242987,0.999881927022766,0.9999427007365981
1512,sq_58_27,0.9998669097242987,1.0548130350991543,0.9209856493258354
1513,sq_58_28,0.9998669097242987,1.0667336183161353,0.8845122802425974
1514,sq_58_29,0.9998669097242987,0.999881927022764,0.9999427007365989
1515,sq_58_30,0.9998669097242987,0.9998187605902386,0.999969326177651
1516,sq_58_45,0.9998669097242987,0.9998685810611895,0.9999475910991739
1517,sq_58_46,0.9998669097242987,0.9998789578497764,0.9999437774525488
1518,sq_58_54,0.9998669097242987,0.9998819270227666,0.9999427007365972
1519,sq_58_55,0.9998669097242987,0.9998819270227661,0.9999427007365971
1520,sq_58_64,0.9998669097242987,0.9998744008645356,0.9999455801145825
1521,sq_58_65,0.9998669097242987,0.9998731861862787,0.9999458975695613
1522,sq_58_66,0.9998669097242987,0.9998738807911829,0.9999455074657259
1523,sq_58_67,0.9998669097242987,0.9998787419933858,0.9999438512432853
1524,sq_58_68,0.9998669097242987,0.9998815695180071,0.9999428107292546
1525,sq_58_70,0.9998669097242987,0.9998819270227667,0.9999427007365977
1526,sq_58_71,0.9998669097242987,0.9998819270227677,0.9999427007365977
1527,sq_58_72,0.9998669097242987,0.9998819270227666,0.9999427007365984
1528,sq_58_73,0.9998669097242987,0.9998819270227658,0.9999427007365979
1529,sq_58_74,0.9998669097242987,0.9998819270227666,0.9999427007365979
1530,sq_59_28,0.9998669097242987,0.8538146009777323,1.0885160866569294
1531,sq_59_30,0.9998669097242987,0.9998393129640967,0.9999625011118575
1532,sq_59_31,0.9998669097242987,0.9998819270227648,0.999942700736598
1533,sq_59_32,0.9998669097242987,0.9998608326146016,0.9999508514505148
1534,sq_59_33,0.9998669097242987,0.9998460449798399,0.9999542858791927
1535,sq_59_45,0.9998669097242987,0.999837306182923,0.999955702233817
1536,sq_59_46,0.9998669097242987,0.9998673349939348,0.9999483803844704
1537,sq_59_55,0.9998669097242987,0.9998819270227657,0.9999427007365974
1538,sq_59_64,0.9998669097242987,0.9998819270227659,0.999942700736598
1539,sq_5_10,0.9998669097242987,0.9998819270227653,0.9999427007365987
1540,sq_5_11,0.9998669097242987,0.9998807628482607,0.9999431241498336
1541,sq_5_12,0.9998669097242987,0.9998786257687923,0.9999438594027023
1542,sq_5_14,0.9998669097242987,0.9998815476284614,0.999942821766842
1543,sq_5_15,0.9998669097242987,0.9998811117372097,0.9999429790713609
1544,sq_5_16,0.9998669097242987,0.999880822290605,0.9999430903563234
1545,sq_5_17,0.9998669097242987,0.999878046603529,0.9999441409261781
1546,sq_5_19,0.9998669097242987,0.9998494087306616,0.9999499195767649
1547,sq_5_30,0.9998669097242987,0.9998755374590965,0.9999450451875177
1548,sq_5_31,0.9998669097242987,0.999877631421698,0.999944270602661
1549,sq_5_32,0.9998669097242987,0.999879820473566,0.9999434635714517
1550,sq_5_33,0.9998669097242987,0.9998804875364076,0.9999431964809674
1551,sq_5_34,0.9998669097242987,0.9998817087991513,0.9999427707232249
1552,sq_5_35,0.9998669097242987,0.9998793572511065,0.9999431409160617
1553,sq_5_36,0.9998669097242987,0.9997912202841507,0.9999864155742441
1554,sq_5_37,0.9998669097242987,0.9982432815231833,1.001176773227701
1555,sq_5_38,0.9998669097242987,0.9998791295434689,0.9999437495389335
1556,sq_5_39,0.9998669097242987,0.9998816875852907,0.999942767116022
1557,sq_60_30,0.9998669097242987,0.999881927022763,0.9999427007365991
1558,sq_60_31,0.9998669097242987,0.9998819270227668,0.999942700736597
1559,sq_60_33,0.9998669097242987,0.9998724799913435,0.9999462384984222
1560,sq_60_34,0.9998669097242987,0.999881546764659,0.9999428109638699
1561,sq_60_35,0.9998669097242987,0.9998819270227655,0.9999427007365987
1562,sq_60_36,0.9998669097242987,0.9998819270227668,0.9999427007365982
1563,sq_60_37,0.9998669097242987,0.999881927022766,0.9999427007365972
1564,sq_60_38,0.9998669097242987,0.9998819270227667,0.9999427007365984
1565,sq_60_39,0.9998669097242987,0.9998819270227653,0.9999427007365981
1566,sq_60_40,0.9998669097242987,0.9998819270227659,0.999942700736598
1567,sq_60_41,0.9998669097242987,0.9998819270227661,0.9999427007365979
1568,sq_60_42,0.9998669097242987,0.9998816091259229,0.9999427638927765
1569,sq_60_43,0.9998669097242987,0.9998775675664529,0.9999442357942121
1570,sq_60_44,0.9998669097242987,0.999881927022767,0.9999427007365972
1571,sq_60_45,0.9998669097242987,0.9998773023204931,0.9999446834325822
1572,sq_60_55,0.9998669097242987,0.9998819270227663,0.9999427007365979
1573,sq_60_64,0.9998669097242987,0.9998819270227652,0.9999427007365977
1574,sq_61_34,0.9998669097242987,0.999881927022765,0.9999427007365984
1575,sq_61_35,0.9998669097242987,0.9998819270227642,0.9999427007365966
1576,sq_61_41,0.9998669097242987,0.999881927022765,0.9999427007365979
1577,sq_61_43,0.9998669097242987,0.9998819270227658,0.9999427007365976
1578,sq_61_44,0.9998669097242987,0.9998819270227661,0.9999427007365977
1579,sq_61_45,0.9998669097242987,0.9998819270227665,0.9999427007365976
1580,sq_61_55,0.9998669097242987,0.9998819270227653,0.9999427007365982
1581,sq_62_43,0.9998669097242987,0.9998819270227643,0.9999427007365975
1582,sq_62_44,0.9998669097242987,0.9998797572412276,0.9999435331736573
1583,sq_62_45,0.9998669097242987,0.9998812228109839,0.9999428806455674
1584,sq_62_54,0.9998669097242987,0.9998819270227662,0.9999427007365983
1585,sq_62_55,0.9998669097242987,0.9998819270227643,0.999942700736599
1586,sq_63_45,0.9998669097242987,0.9998757366302385,0.9999443165217868
1587,sq_63_46,0.9998669097242987,0.9998693821498535,0.999947457758831
1588,sq_63_53,0.9998669097242987,0.9998819270227662,0.9999427007365981
1589,sq_63_54,0.9998669097242987,0.9998819270227662,0.9999427007365983
1590,sq_64_46,0.9998669097242987,0.9998496018566388,0.9999538198014997
1591,sq_64_47,0.9998669097242987,0.9998745424688966,0.9999458726972407
1592,sq_64_48,0.9998669097242987,0.999857717561843,0.9999508320948085
1593,sq_64_51,0.9998669097242987,0.9998819270227661,0.9999427007365972
1594,sq_64_52,0.9998669097242987,0.9998819270227651,0.9999427007365983
1595,sq_64_53,0.9998669097242987,0.9998819270227669,0.9999427007365974
1596,sq_64_54,0.9998669097242987,0.9998819270227661,0.9999427007365976
1597,sq_64_55,0.9998669097242987,0.9998819270227646,0.9999427007365981
1598,sq_65_48,0.9998669097242987,0.9998727343592607,0.9999462626143089
1599,sq_65_49,0.9998669097242987,0.9998810472924341,0.9999429833118717
1600,sq_65_50,0.9998669097242987,0.9998723576238118,0.9999464022296587
1601,sq_65_51,0.9998669097242987,0.9998504962849376,0.9999540581348431
1602,sq_65_52,0.9998669097242987,0.9998819270227663,0.9999427007365984
1603,sq_65_53,0.9998669097242987,0.9998819270227666,0.9999427007365966
1604,sq_66_48,0.9998669097242987,0.9998219495345554,0.9999623322005533
1605,sq_66_49,0.9998669097242987,0.9998666414871953,0.9999489931717894
1606,sq_66_51,0.9998669097242987,0.9998610607373742,0.9999512663809301
1607,sq_67_47,0.9998669097242987,0.9998706945931035,0.9999469845618102
1608,sq_67_48,0.9998669097242987,0.9998578617211286,0.999952522389158
1609,sq_67_51,0.9998669097242987,0.9998819270227642,0.9999427007365966
1610,sq_68_45,0.9998669097242987,0.9997895644773639,0.9999856757465372
1611,sq_68_46,0.9998669097242987,0.9997884398929958,0.9999820894304509
1612,sq_68_47,0.9998669097242987,0.9998665600975112,0.9999491675979635
1613,sq_68_48,0.9998669097242987,0.9998245716310593,0.999961025325613
1614,sq_69_45,0.9998669097242987,0.999870195197252,0.9999480794621619
1615,sq_6_10,0.9998669097242987,0.9998818257262659,0.9999427248178411
1616,sq_6_11,0.9998669097242987,0.9998798817644173,0.9999434491254108
1617,sq_6_12,0.9998669097242987,0.9998700697295477,0.9999471072623317
1618,sq_6_16,0.9998669097242987,0.999881047650288,0.9999430101971716
1619,sq_6_17,0.9998669097242987,0.9998818599382495,0.9999427195160827
1620,sq_6_19,0.9998669097242987,0.9998788638706653,0.9999438291237576
1621,sq_6_20,0.9998669097242987,0.9998761143640632,0.9999448078512263
1622,sq_6_22,0.9998669097242987,0.9998819270227655,0.9999427007365976
1623,sq_6_25,0.9998669097242987,0.9998807236919942,0.9999431395831703
1624,sq_6_26,0.9998669097242987,0.9998809107215776,0.9999430728074142
1625,sq_6_29,0.9998669097242987,0.999873630716968,0.9999455418849499
1626,sq_6_30,0.9998669097242987,0.9998789168164608,0.9999438205087865
1627,sq_6_31,0.9998669097242987,0.9998803231184964,0.9999432814033807
1628,sq_6_33,0.9998669097242987,0.9998811660826408,0.9999429556398547
1629,sq_6_35,0.9998669097242987,1.0001782344525438,0.9997919189043822
1630,sq_6_37,0.9998669097242987,1.0039149940337135,0.9960546286860436
1631,sq_6_38,0.9998669097242987,0.9998816308352075,0.9999428043946872
1632,sq_70_40,0.9998669097242987,0.9998819270227655,0.9999427007365989
1633,sq_70_42,0.9998669097242987,0.9998819270227657,0.9999427007365976
1634,sq_70_43,0.9998669097242987,0.9998819270227667,0.9999427007365981
1635,sq_70_44,0.9998669097242987,0.9976799403817462,0.9979275252209011
1636,sq_70_45,0.9998669097242987,0.9998819270227658,0.9999427007365976
1637,sq_71_39,0.9998669097242987,0.9998819270227649,0.9999427007365985
1638,sq_71_40,0.9998669097242987,0.9998819270227656,0.9999427007365972
1639,sq_71_43,0.9998669097242987,0.999881927022766,0.9999427007365981
1640,sq_71_44,0.9998669097242987,1.0214090431435892,0.9492305552296533
1641,sq_72_39,0.9998669097242987,0.999881927022763,0.9999427007365991
1642,sq_72_41,0.9998669097242987,0.9998819270227668,0.9999427007365969
1643,sq_72_42,0.9998669097242987,0.9998819270227653,0.999942700736598
1644,sq_72_43,0.9998669097242987,0.9998819270227655,0.9999427007365979
1645,sq_72_44,0.9998669097242987,1.0066460153822845,0.989702263210309
1646,sq_73_39,0.9998669097242987,0.9998819270227657,0.9999427007365982
1647,sq_73_40,0.9998669097242987,0.9998819270227665,0.999942700736598
1648,sq_73_41,0.9998669097242987,0.9998819270227653,0.9999427007365985
1649,sq_73_44,0.9998669097242987,1.0022179041935873,0.9979386373841606
1650,sq_74_44,0.9998669097242987,1.0004206015710526,0.999492208318335
1651,sq_75_44,0.9998669097242987,0.999072395762861,1.0009137217840705
1652,sq_76_44,0.9998669097242987,0.9963200930224065,1.0019161055748027
1653,sq_76_45,0.9998669097242987,0.9917133541770413,1.0048591962102198
1654,sq_77_45,0.9998669097242987,0.9695936019742205,1.009778651112247
1655,sq_78_44,0.9998669097242987,1.7057822826461555,0.5323413946429228
1656,sq_78_45,0.9998669097242987,0.9259413384251335,0.9903293006694593
1657,sq_7_10,0.9998669097242987,0.9998819270227657,0.9999427007365976
1658,sq_7_12,0.9998669097242987,0.9998791951125809,0.9999434994393569
1659,sq_7_13,0.9998669097242987,0.9998766414839502,0.99994453117176
1660,sq_7_14,0.9998669097242987,0.9998758874724828,0.999944903074253
1661,sq_7_15,0.9998669097242987,0.9998728061471225,0.9999459619226985
1662,sq_7_16,0.9998669097242987,0.9998774513805457,0.999944236132418
1663,sq_7_17,0.9998669097242987,0.9998810532798037,0.9999429977534461
1664,sq_7_18,0.9998669097242987,0.9998808539136101,0.9999430721787957
1665,sq_7_19,0.9998669097242987,0.9998816053930213,0.999942810817101
1666,sq_7_20,0.9998669097242987,0.9998809879568477,0.9999429754825715
1667,sq_7_21,0.9998669097242987,0.9998792078831198,0.9999436623535372
1668,sq_7_22,0.9998669097242987,0.9998816003874589,0.9999428024722306
1669,sq_7_23,0.9998669097242987,0.9998817134166962,0.9999427554010155
1670,sq_7_24,0.9998669097242987,0.9998811301081324,0.9999429730837491
1671,sq_7_25,0.9998669097242987,0.9998810381711583,0.99994296907723
1672,sq_7_26,0.9998669097242987,0.9998798278171208,0.9999433914319074
1673,sq_7_27,0.9998669097242987,0.9998780446559264,0.9999441192300808
1674,sq_7_28,0.9998669097242987,0.9998813964198867,0.9999428699009348
1675,sq_7_29,0.9998669097242987,0.999875263656711,0.9999442268701229
1676,sq_7_30,0.9998669097242987,0.9998801338732036,0.9999433463329513
1677,sq_7_31,0.9998669097242987,0.9998806327689362,0.9999431055449238
1678,sq_7_32,0.9998669097242987,0.9998801421197567,0.9999433621617616
1679,sq_7_33,0.9998669097242987,0.9998712031437791,0.9999484651707078
1680,sq_7_34,0.9998669097242987,1.0000138620498416,0.9998778331541677
1681,sq_7_35,0.9998669097242987,1.013584199954627,0.9917983458168783
1682,sq_7_36,0.9998669097242987,1.0000915820605805,0.9997798882312204
1683,sq_7_37,0.9998669097242987,0.9998819270227668,0.9999427007365979
1684,sq_7_38,0.9998669097242987,0.9998792230586906,0.9999436857455125
1685,sq_7_39,0.9998669097242987,0.9998799686608183,0.9999434340211109
1686,sq_7_47,0.9998669097242987,0.9998790922471177,0.9999443081950866
1687,sq_7_9,0.9998669097242987,0.9998819270227663,0.999942700736598
1688,sq_8_13,0.9998669097242987,0.9998782745430103,0.9999439793827979
1689,sq_8_14,0.9998669097242987,0.9998819270227669,0.9999427007365983
1690,sq_8_15,0.9998669097242987,0.999881927022766,0.9999427007365973
1691,sq_8_16,0.9998669097242987,0.9998801857465915,0.9999432258889839
1692,sq_8_17,0.9998669097242987,0.9998807283187244,0.9999431124324784
1693,sq_8_18,0.9998669097242987,0.999881524205094,0.9999428302793966
1694,sq_8_20,0.9998669097242987,0.9998814032958985,0.9999428676868658
1695,sq_8_21,0.9998669097242987,0.9998813687057353,0.9999428991552537
1696,sq_8_22,0.9998669097242987,0.9998811512734023,0.9999429733726234
1697,sq_8_23,0.9998669097242987,0.9998811834500898,0.999942962612462
1698,sq_8_25,0.9998669097242987,0.9998802525127526,0.9999432941274002
1699,sq_8_26,0.9998669097242987,0.9998797703989579,0.9999434600730519
1700,sq_8_27,0.9998669097242987,0.999879291658953,0.9999436540968096
1701,sq_8_28,0.9998669097242987,0.9998805636178918,0.9999431721904476
1702,sq_8_29,0.9998669097242987,0.9998788681199404,0.9999437092897184
1703,sq_8_31,0.9998669097242987,0.9998774930292343,0.9999443566347126
1704,sq_8_33,0.9998669097242987,0.9979292795302627,1.001181271572292
1705,sq_8_34,0.9998669097242987,0.9998780863816351,0.9999502501655946
1706,sq_8_35,0.9998669097242987,1.0021618385042534,1.0005866544365953
1707,sq_8_36,0.9998669097242987,0.996832562847443,1.0027192814899877
1708,sq_8_37,0.9998669097242987,0.9998536335642845,0.9999604891279247
1709,sq_8_38,0.9998669097242987,0.9998797751147691,0.9999435371797546
1710,sq_8_39,0.9998669097242987,0.9998818040168541,0.9999427218633223
1711,sq_8_44,0.9998669097242987,0.9998799203521882,0.9999435069446322
1712,sq_8_45,0.9998669097242987,0.9998310189776354,0.9999725121128589
1713,sq_8_46,0.9998669097242987,0.9888767476292983,1.0042776370689188
1714,sq_8_47,0.9998669097242987,0.9998225477558083,0.9999769553853264
1715,sq_8_48,0.9998669097242987,0.9998819486442065,0.9999426667175034
1716,sq_8_50,0.9998669097242987,0.9998819270227669,0.9999427007365979
1717,sq_8_51,0.9998669097242987,0.9998819270227655,0.9999427007365977
1718,sq_8_8,0.9998669097242987,0.999881927022766,0.9999427007365983
1719,sq_8_9,0.9998669097242987,0.9998819270227651,0.9999427007365983
1720,sq_9_15,0.9998669097242987,0.9998798568975239,0.9999434539817396
1721,sq_9_16,0.9998669097242987,0.999879982342868,0.9999433838146736
1722,sq_9_18,0.9998669097242987,0.9998815397318566,0.9999428342458284
1723,sq_9_20,0.9998669097242987,0.9998816313977197,0.9999428034764563
1724,sq_9_22,0.9998669097242987,0.9998805349468457,0.9999432008360172
1725,sq_9_23,0.9998669097242987,0.9998817563710416,0.9999427388718649
1726,sq_9_24,0.9998669097242987,0.9998815944637484,0.9999428072802019
1727,sq_9_25,0.9998669097242987,0.999881515715888,0.9999428118565069
1728,sq_9_26,0.9998669097242987,0.9998790886635679,0.999943698078028
1729,sq_9_27,0.9998669097242987,0.9998810819100301,0.9999429909743363
1730,sq_9_28,0.9998669097242987,0.9998806341357548,0.9999431531474626
1731,sq_9_29,0.9998669097242987,0.9998765972732745,0.9999445467915957
1732,sq_9_30,0.9998669097242987,0.9998819270227673,0.9999427007365976
1733,sq_9_31,0.9998669097242987,0.9998812979827953,0.9999429166502591
1734,sq_9_32,0.9998669097242987,0.9998819270227672,0.999942700736598
1735,sq_9_33,0.9998669097242987,1.0015082131129627,0.9986026141524966
1736,sq_9_36,0.9998669097242987,0.9998772576828928,0.9999484229993185
1737,sq_9_39,0.9998669097242987,0.9998812575399357,0.9999429237196639
1738,sq_9_40,0.9998669097242987,0.9998814590554631,0.9999428505657105
1739,sq_9_41,0.9998669097242987,0.9998812228549249,0.9999429201422112
1740,sq_9_42,0.9998669097242987,0.9998782901625133,0.9999438672531711
1741,sq_9_43,0.9998669097242987,0.9998809803441868,0.9999429771843574
1742,sq_9_44,0.9998669097242987,0.9998812338598838,0.9999429074362172
1743,sq_9_45,0.9998669097242987,0.9998816091598594,0.999942840127809
1744,sq_9_46,0.9998669097242987,1.0009663210665307,0.9978827749116115
1745,sq_9_47,0.9998669097242987,0.9999003949399042,0.9999212978582479
1746,sq_9_48,0.9998669097242987,0.9998815972480481,0.9999426830077697
1747,sq_9_49,0.9998669097242987,0.999881927022767,0.9999427007365975
1748,sq_9_50,0.9998669097242987,0.9998819270227666,0.9999427007365981
1749,sq_9_51,0.9998669097242987,0.9998819270227673,0.9999427007365976
1750,sq_9_7,0.9998669097242987,0.9998788904419914,0.9999437770370696
1751,sq_9_8,0.9998669097242987,0.9998759801600416,0.9999445287728344
1752,sq_9_9,0.9998669097242987,0.9998819270227656,0.9999427007365974
1753,sq_18_49,0.9998669097242987,0.9998819347510112,0.9999426889520633
1754,sq_18_55,0.9998669097242987,0.9998819270227662,0.9999427007365981
1755,sq_25_20,0.9998669097242987,0.9998819270227666,0.9999427007365981
1756,sq_27_27,0.9998669097242987,0.9998819270227642,0.9999427007365979
1757,sq_46_59,0.9998669097242987,0.9998819270227661,0.9999427007365979
1758,sq_48_36,0.9998669097242987,0.9998819270227663,0.999942700736597
1759,sq_53_67,0.9998669097242987,0.9998819270227642,0.9999427007365966
1760,sq_54_60,0.9998669097242987,0.9998819270227671,0.9999427007365975
1761,sq_4_35,0.9998669097242987,0.9998820315336316,0.9999425396887123
1762,sq_8_49,0.9998669097242987,0.9998819270227667,0.9999427007365981
1763,sq_7_50,0.9998669097242987,0.9998819270227661,0.9999427007365976
1764,sq_0_33,0.9998669097242987,0.999881927022766,0.9999427007365987
1765,sq_0_34,0.9998669097242987,0.9998819270227662,0.9999427007365979
1766,sq_0_35,0.9998669097242987,0.999881927022766,0.9999427007365982
1767,sq_0_36,0.9998669097242987,0.9998819270227648,0.999942700736598
1768,sq_0_37,0.9998669097242987,0.9998819270227662,0.9999427007365979
1769,sq_10_11,0.9998669097242987,0.9998819270227672,0.9999427007365979
1770,sq_10_12,0.9998669097242987,0.9998819270227648,0.9999427007365986
1771,sq_10_13,0.9998669097242987,0.9998819270227649,0.9999427007365984
1772,sq_10_14,0.9998669097242987,0.9998819270227665,0.9999427007365976
1773,sq_10_15,0.9998669097242987,0.9998819270227652,0.999942700736599
1774,sq_10_2,0.9998669097242987,0.9998819270227662,0.9999427007365981
1775,sq_10_3,0.9998669097242987,0.9998819270227661,0.9999427007365979
1776,sq_10_38,0.9998669097242987,0.9998819270227662,0.9999427007365975
1777,sq_10_4,0.9998669097242987,0.9998819270227662,0.9999427007365985
1778,sq_10_49,0.9998669097242987,0.9998819270227666,0.999942700736597
1779,sq_10_52,0.9998669097242987,0.9998819270227667,0.999942700736598
1780,sq_10_53,0.9998669097242987,0.999881927022766,0.9999427007365987
1781,sq_10_6,0.9998669097242987,0.9998819270227663,0.9999427007365972
1782,sq_10_7,0.9998669097242987,0.9998819270227659,0.9999427007365981
1783,sq_11_10,0.9998669097242987,0.9998819270227662,0.9999427007365975
1784,sq_11_11,0.9998669097242987,0.9998819270227651,0.9999427007365992
1785,sq_11_13,0.9998669097242987,0.9998819270227658,0.9999427007365984
1786,sq_11_14,0.9998669097242987,0.9998819270227648,0.999942700736598
1787,sq_11_15,0.9998669097242987,0.9998819270227657,0.9999427007365979
1788,sq_11_16,0.9998669097242987,0.999881927022765,0.9999427007365976
1789,sq_11_17,0.9998669097242987,0.9998819270227648,0.9999427007365984
1790,sq_11_28,0.9998669097242987,0.9998819270227666,0.9999427007365975
1791,sq_11_3,0.9998669097242987,0.9998819270227651,0.9999427007365982
1792,sq_11_34,0.9998669097242987,0.9998819270227663,0.9999427007365972
1793,sq_11_55,0.9998669097242987,0.9998819270227642,0.9999427007365966
1794,sq_11_6,0.9998669097242987,0.9998819270227667,0.999942700736598
1795,sq_11_8,0.9998669097242987,0.9998819270227648,0.9999427007365975
1796,sq_11_9,0.9998669097242987,0.9998819270227658,0.9999427007365976
1797,sq_12_11,0.9998669097242987,0.999881927022765,0.9999427007365979
1798,sq_12_12,0.9998669097242987,0.9998819270227653,0.9999427007365985
1799,sq_12_15,0.9998669097242987,0.9998819270227658,0.9999427007365976
1800,sq_12_16,0.9998669097242987,0.9998819270227659,0.9999427007365984
1801,sq_12_17,0.9998669097242987,0.9998819270227646,0.9999427007365981
1802,sq_12_18,0.9998669097242987,0.9998819270227659,0.9999427007365976
1803,sq_12_19,0.9998669097242987,0.9998819270227666,0.9999427007365979
1804,sq_12_2,0.9998669097242987,0.9998819270227657,0.9999427007365977
1805,sq_12_24,0.9998669097242987,0.9998819270227675,0.9999427007365974
1806,sq_12_37,0.9998669097242987,0.9998819270227668,0.9999427007365979
1807,sq_12_38,0.9998669097242987,0.9998819270227671,0.9999427007365976
1808,sq_12_4,0.9998669097242987,0.9998819270227659,0.9999427007365973
1809,sq_12_49,0.9998669097242987,0.999881927022767,0.9999427007365983
1810,sq_12_5,0.9998669097242987,0.9998819270227649,0.999942700736599
1811,sq_12_6,0.9998669097242987,0.999881927022766,0.9999427007365972
1812,sq_12_7,0.9998669097242987,0.9998819270227655,0.9999427007365983
1813,sq_12_8,0.9998669097242987,0.9998819270227642,0.9999427007365966
1814,sq_13_13,0.9998669097242987,0.9998819270227646,0.9999427007365981
1815,sq_13_15,0.9998669097242987,0.9998819270227653,0.9999427007365987
1816,sq_13_16,0.9998669097242987,0.9998819270227663,0.9999427007365982
1817,sq_13_18,0.9998669097242987,0.999881927022767,0.9999427007365977
1818,sq_13_19,0.9998669097242987,0.999881927022767,0.9999427007365975
1819,sq_13_3,0.9998669097242987,0.9998819270227656,0.9999427007365974
1820,sq_13_4,0.9998669097242987,0.9998819270227667,0.9999427007365981
1821,sq_13_40,0.9998669097242987,0.999881927022766,0.9999427007365972
1822,sq_13_5,0.9998669097242987,0.9998819270227669,0.9999427007365975
1823,sq_13_6,0.9998669097242987,0.9998819270227642,0.9999427007365992
1824,sq_13_7,0.9998669097242987,0.9998819270227649,0.9999427007365974
1825,sq_14_13,0.9998669097242987,0.9998819270227659,0.9999427007365979
1826,sq_14_14,0.9998669097242987,0.9998819270227658,0.9999427007365976
1827,sq_14_17,0.9998669097242987,0.9998819270227643,0.9999427007365975
1828,sq_14_18,0.9998669097242987,0.9998819270227673,0.9999427007365975
1829,sq_14_3,0.9998669097242987,0.9998819270227652,0.9999427007365991
1830,sq_14_4,0.9998669097242987,0.9998819270227666,0.9999427007365974
1831,sq_14_49,0.9998669097242987,0.9998819270227658,0.9999427007365982
1832,sq_14_5,0.9998669097242987,0.9998819270227645,0.9999427007365991
1833,sq_14_55,0.9998669097242987,0.9998819270227648,0.9999427007365987
1834,sq_14_6,0.9998669097242987,0.999881927022765,0.9999427007365979
1835,sq_15_14,0.9998669097242987,0.9998819270227643,0.9999427007365975
1836,sq_15_15,0.9998669097242987,0.9998819270227667,0.9999427007365976
1837,sq_15_16,0.9998669097242987,0.9998819270227653,0.9999427007365984
1838,sq_15_19,0.9998669097242987,0.9998819270227667,0.999942700736598
1839,sq_15_4,0.9998669097242987,0.9998819270227662,0.9999427007365972
1840,sq_15_55,0.9998669097242987,0.999881927022766,0.9999427007365981
1841,sq_16_10,0.9998669097242987,0.999881927022764,0.9999427007365989
1842,sq_16_11,0.9998669097242987,0.9998819270227642,0.9999427007365966
1843,sq_16_14,0.9998669097242987,0.9998819270227639,0.9999427007365982
1844,sq_16_15,0.9998669097242987,0.9998819270227641,0.9999427007365992
1845,sq_16_16,0.9998669097242987,0.9998819270227656,0.9999427007365975
1846,sq_16_17,0.9998669097242987,0.9998819270227647,0.9999427007365975
1847,sq_16_18,0.9998669097242987,0.9998819270227665,0.9999427007365969
1848,sq_16_19,0.9998669097242987,0.9998819270227663,0.9999427007365979
1849,sq_16_43,0.9998669097242987,0.9998819270227672,0.9999427007365979
1850,sq_16_44,0.9998669097242987,0.999881927022767,0.9999427007365983
1851,sq_16_49,0.9998669097242987,0.9998819270227666,0.9999427007365984
1852,sq_16_53,0.9998669097242987,0.9998819270227663,0.9999427007365973
1853,sq_16_7,0.9998669097242987,0.9998819270227666,0.9999427007365981
1854,sq_17_10,0.9998669097242987,0.999881927022764,0.999942700736599
1855,sq_17_19,0.9998669097242987,0.9998819270227665,0.9999427007365982
1856,sq_17_30,0.9998669097242987,0.9998819270227658,0.9999427007365984
1857,sq_17_46,0.9998669097242987,0.9998819270227672,0.9999427007365982
1858,sq_17_5,0.9998669097242987,0.9998819270227642,0.9999427007365966
1859,sq_17_6,0.9998669097242987,0.9998819270227655,0.9999427007365979
1860,sq_17_9,0.9998669097242987,0.9998819270227655,0.9999427007365989
1861,sq_18_10,0.9998669097242987,0.9998819270227666,0.9999427007365979
1862,sq_18_11,0.9998669097242987,0.9998819270227671,0.9999427007365976
1863,sq_18_12,0.9998669097242987,0.9998819270227653,0.9999427007365983
1864,sq_18_23,0.9998669097242987,0.9998819270227661,0.9999427007365974
1865,sq_18_24,0.9998669097242987,0.999881927022767,0.9999427007365971
1866,sq_18_51,0.9998669097242987,0.9998819270227669,0.9999427007365976
1867,sq_18_53,0.9998669097242987,0.9998819270227663,0.9999427007365977
1868,sq_18_6,0.9998669097242987,0.9998819270227649,0.9999427007365985
1869,sq_18_7,0.9998669097242987,0.999881927022765,0.9999427007365976
1870,sq_18_8,0.9998669097242987,0.999881927022766,0.9999427007365977
1871,sq_18_9,0.9998669097242987,0.9998819270227642,0.9999427007365966
1872,sq_19_10,0.9998669097242987,0.9998819270227645,0.999942700736598
1873,sq_19_11,0.9998669097242987,0.9998819270227649,0.9999427007365984
1874,sq_19_15,0.9998669097242987,0.9998819270227649,0.9999427007365974
1875,sq_19_17,0.9998669097242987,0.9998819270227636,0.9999427007365984
1876,sq_19_18,0.9998669097242987,0.9998819270227659,0.9999427007365977
1877,sq_19_19,0.9998669097242987,0.9998819270227659,0.9999427007365977
1878,sq_19_22,0.9998669097242987,0.9998819270227652,0.999942700736598
1879,sq_19_23,0.9998669097242987,0.999881927022766,0.9999427007365982
1880,sq_19_24,0.9998669097242987,0.9998819270227665,0.9999427007365979
1881,sq_19_4,0.9998669097242987,0.9998819270227641,0.9999427007365989
1882,sq_19_5,0.9998669097242987,0.9998819270227663,0.9999427007365973
1883,sq_19_54,0.9998669097242987,0.9998819270227656,0.9999427007365984
1884,sq_19_55,0.9998669097242987,0.9998819270227659,0.9999427007365977
1885,sq_19_7,0.9998669097242987,0.999881927022765,0.9999427007365974
1886,sq_19_8,0.9998669097242987,0.9998819270227667,0.999942700736598
1887,sq_19_9,0.9998669097242987,0.9998819270227657,0.9999427007365986
1888,sq_1_34,0.9998669097242987,0.999881927022767,0.9999427007365972
1889,sq_1_35,0.9998669097242987,0.9998819270227669,0.9999427007365979
1890,sq_1_36,0.9998669097242987,0.9998819270227651,0.9999427007365983
1891,sq_1_37,0.9998669097242987,0.9998819270227657,0.9999427007365982
1892,sq_20_10,0.9998669097242987,0.9998819270227652,0.9999427007365977
1893,sq_20_11,0.9998669097242987,0.9998819270227656,0.9999427007365974
1894,sq_20_12,0.9998669097242987,0.9998819270227665,0.9999427007365982
1895,sq_20_14,0.9998669097242987,0.9998819270227655,0.9999427007365977
1896,sq_20_17,0.9998669097242987,0.9998819270227641,0.9999427007365991
1897,sq_20_5,0.9998669097242987,0.9998819270227666,0.9999427007365979
1898,sq_20_6,0.9998669097242987,0.9998819270227655,0.9999427007365989
1899,sq_20_7,0.9998669097242987,0.9998819270227659,0.9999427007365973
1900,sq_20_9,0.9998669097242987,0.9998819270227659,0.9999427007365979
1901,sq_21_10,0.9998669097242987,0.9998819270227643,0.999942700736599
1902,sq_21_11,0.9998669097242987,0.9998819270227642,0.9999427007365966
1903,sq_21_12,0.9998669097242987,0.999881927022766,0.999942700736598
1904,sq_21_13,0.9998669097242987,0.9998819270227665,0.999942700736598
1905,sq_21_14,0.9998669097242987,0.9998819270227669,0.9999427007365973
1906,sq_21_15,0.9998669097242987,0.999881927022766,0.9999427007365977
1907,sq_21_17,0.9998669097242987,0.9998819270227653,0.999942700736598
1908,sq_21_21,0.9998669097242987,0.9998819270227666,0.999942700736598
1909,sq_21_22,0.9998669097242987,0.9998819270227667,0.999942700736598
1910,sq_21_4,0.9998669097242987,0.9998819270227659,0.9999427007365977
1911,sq_21_5,0.9998669097242987,0.9998819270227652,0.9999427007365981
1912,sq_21_8,0.9998669097242987,0.9998819270227643,0.9999427007365985
1913,sq_22_13,0.9998669097242987,0.9998819270227658,0.999942700736598
1914,sq_22_14,0.9998669097242987,0.9998819270227647,0.9999427007365993
1915,sq_22_21,0.9998669097242987,0.9998819270227658,0.9999427007365981
1916,sq_22_22,0.9998669097242987,0.9998819270227658,0.9999427007365986
1917,sq_22_23,0.9998669097242987,0.9998819270227655,0.999942700736598
1918,sq_22_24,0.9998669097242987,0.9998819270227659,0.9999427007365977
1919,sq_22_5,0.9998669097242987,0.9998819270227665,0.999942700736598
1920,sq_22_6,0.9998669097242987,0.9998819270227653,0.9999427007365972
1921,sq_22_7,0.9998669097242987,0.9998819270227659,0.9999427007365975
1922,sq_22_8,0.9998669097242987,0.9998819270227655,0.9999427007365981
1923,sq_22_9,0.9998669097242987,0.9998819270227666,0.9999427007365966
1924,sq_23_10,0.9998669097242987,0.9998819270227659,0.9999427007365973
1925,sq_23_15,0.9998669097242987,0.999881927022766,0.9999427007365976
1926,sq_23_16,0.9998669097242987,0.9998819270227653,0.9999427007365985
1927,sq_23_2,0.9998669097242987,0.999881927022764,0.9999427007365989
1928,sq_23_20,0.9998669097242987,0.9998819270227656,0.9999427007365974
1929,sq_23_21,0.9998669097242987,0.9998819270227658,0.9999427007365982
1930,sq_23_22,0.9998669097242987,0.9998819270227651,0.9999427007365986
1931,sq_23_23,0.9998669097242987,0.999881927022767,0.9999427007365977
1932,sq_23_24,0.9998669097242987,0.9998819270227667,0.9999427007365973
1933,sq_23_8,0.9998669097242987,0.9998819270227668,0.9999427007365983
1934,sq_23_9,0.9998669097242987,0.9998819270227652,0.9999427007365986
1935,sq_24_10,0.9998669097242987,0.9998819270227656,0.9999427007365983
1936,sq_24_11,0.9998669097242987,0.9998819270227641,0.9999427007365974
1937,sq_24_13,0.9998669097242987,0.9998819270227658,0.9999427007365976
1938,sq_24_14,0.9998669097242987,0.9998819270227643,0.9999427007365975
1939,sq_24_15,0.9998669097242987,0.9998819270227649,0.9999427007365972
1940,sq_24_16,0.9998669097242987,0.9998819270227658,0.9999427007365984
1941,sq_24_17,0.9998669097242987,0.9998819270227655,0.9999427007365975
1942,sq_24_18,0.9998669097242987,0.9998819270227668,0.9999427007365982
1943,sq_24_19,0.9998669097242987,0.9998819270227642,0.9999427007365966
1944,sq_24_20,0.9998669097242987,0.9998819270227663,0.9999427007365983
1945,sq_24_21,0.9998669097242987,0.9998819270227651,0.9999427007365992
1946,sq_24_22,0.9998669097242987,0.9998819270227663,0.9999427007365982
1947,sq_24_24,0.9998669097242987,0.9998819270227669,0.999942700736597
1948,sq_24_27,0.9998669097242987,0.9998819270227672,0.9999427007365982
1949,sq_25_18,0.9998669097242987,0.999881927022766,0.9999427007365977
1950,sq_25_19,0.9998669097242987,0.9998819270227663,0.9999427007365973
1951,sq_25_26,0.9998669097242987,0.9998819270227672,0.9999427007365983
1952,sq_25_27,0.9998669097242987,0.9998819270227662,0.9999427007365973
1953,sq_25_28,0.9998669097242987,0.9998819270227669,0.9999427007365979
1954,sq_25_3,0.9998669097242987,0.9998819270227656,0.9999427007365985
1955,sq_25_47,0.9998669097242987,0.9998819270227669,0.9999427007365979
1956,sq_25_5,0.9998669097242987,0.9998819270227663,0.9999427007365984
1957,sq_25_6,0.9998669097242987,0.9998819270227661,0.9999427007365981
1958,sq_26_10,0.9998669097242987,0.9998819270227665,0.9999427007365979
1959,sq_26_14,0.9998669097242987,0.9998819270227663,0.999942700736598
1960,sq_26_2,0.9998669097242987,0.9998819270227675,0.9999427007365973
1961,sq_26_26,0.9998669097242987,0.9998819270227658,0.9999427007365979
1962,sq_26_27,0.9998669097242987,0.9998819270227659,0.9999427007365979
1963,sq_26_41,0.9998669097242987,0.9998819270227667,0.9999427007365983
1964,sq_26_5,0.9998669097242987,0.9998819270227668,0.9999427007365971
1965,sq_26_8,0.9998669097242987,0.9998819270227661,0.9999427007365975
1966,sq_27_10,0.9998669097242987,0.9998819270227671,0.9999427007365974
1967,sq_27_11,0.9998669097242987,0.9998819270227669,0.9999427007365976
1968,sq_27_12,0.9998669097242987,0.9998819270227652,0.999942700736598
1969,sq_27_23,0.9998669097242987,0.9998819270227665,0.999942700736598
1970,sq_27_28,0.9998669097242987,0.9998819270227651,0.9999427007365982
1971,sq_27_29,0.9998669097242987,0.9998819270227669,0.9999427007365979
1972,sq_27_44,0.9998669097242987,0.9998819270227672,0.9999427007365972
1973,sq_27_5,0.9998669097242987,0.9998819270227661,0.9999427007365975
1974,sq_27_6,0.9998669097242987,0.9998819270227667,0.9999427007365984
1975,sq_27_7,0.9998669097242987,0.9998819270227646,0.9999427007365981
1976,sq_28_10,0.9998669097242987,0.9998819270227652,0.999942700736598
1977,sq_28_12,0.9998669097242987,0.999881927022766,0.9999427007365973
1978,sq_28_13,0.9998669097242987,0.9998819270227659,0.9999427007365971
1979,sq_28_14,0.9998669097242987,0.999881927022766,0.9999427007365977
1980,sq_28_2,0.9998669097242987,0.9998819270227669,0.9999427007365975
1981,sq_28_20,0.9998669097242987,0.9998819270227658,0.9999427007365984
1982,sq_28_21,0.9998669097242987,0.9998819270227661,0.9999427007365976
1983,sq_28_22,0.9998669097242987,0.9998819270227649,0.9999427007365985
1984,sq_28_23,0.9998669097242987,0.9998819270227669,0.9999427007365976
1985,sq_28_26,0.9998669097242987,0.9998819270227663,0.999942700736598
1986,sq_28_27,0.9998669097242987,0.9998819270227676,0.9999427007365981
1987,sq_28_3,0.9998669097242987,0.9998819270227643,0.9999427007365975
1988,sq_28_39,0.9998669097242987,0.9998819270227671,0.9999427007365982
1989,sq_28_5,0.9998669097242987,0.9998819270227642,0.9999427007365966
1990,sq_28_59,0.9998669097242987,0.9998819270227668,0.9999427007365982
1991,sq_29_10,0.9998669097242987,0.9998819270227668,0.9999427007365976
1992,sq_29_12,0.9998669097242987,0.9998819270227642,0.9999427007365966
1993,sq_29_13,0.9998669097242987,0.9998819270227666,0.9999427007365986
1994,sq_29_14,0.9998669097242987,0.9998819270227661,0.9999427007365974
1995,sq_29_15,0.9998669097242987,0.9998819270227649,0.9999427007365974
1996,sq_29_2,0.9998669097242987,0.9998819270227642,0.9999427007365966
1997,sq_29_20,0.9998669097242987,0.999881927022766,0.9999427007365981
1998,sq_29_22,0.9998669097242987,0.9998819270227662,0.9999427007365975
1999,sq_29_23,0.9998669097242987,0.9998819270227662,0.9999427007365985
2000,sq_29_24,0.9998669097242987,0.9998819270227649,0.9999427007365972
2001,sq_29_3,0.9998669097242987,0.9998819270227642,0.9999427007365966
2002,sq_29_52,0.9998669097242987,0.9998819270227666,0.9999427007365972
2003,sq_29_53,0.9998669097242987,0.9998819270227669,0.9999427007365981
2004,sq_29_54,0.9998669097242987,0.999881927022765,0.9999427007365986
2005,sq_29_57,0.9998669097242987,0.999881927022766,0.999942700736598
2006,sq_29_60,0.9998669097242987,0.9998819270227659,0.999942700736598
2007,sq_29_8,0.9998669097242987,0.9998819270227642,0.9999427007365966
2008,sq_29_9,0.9998669097242987,0.9998819270227661,0.9999427007365976
2009,sq_2_34,0.9998669097242987,0.9998819270227667,0.9999427007365977
2010,sq_2_35,0.9998669097242987,0.9998819270227672,0.999942700736598
2011,sq_2_36,0.9998669097242987,0.9998819270227651,0.9999427007365986
2012,sq_2_37,0.9998669097242987,0.9998819270227642,0.9999427007365966
2013,sq_30_10,0.9998669097242987,0.9998819270227665,0.999942700736598
2014,sq_30_11,0.9998669097242987,0.9998819270227662,0.9999427007365984
2015,sq_30_12,0.9998669097242987,0.9998819270227642,0.9999427007365979
2016,sq_30_21,0.9998669097242987,0.9998819270227663,0.9999427007365984
2017,sq_30_22,0.9998669097242987,0.9998819270227659,0.999942700736598
2018,sq_30_23,0.9998669097242987,0.9998819270227649,0.9999427007365972
2019,sq_30_24,0.9998669097242987,0.9998819270227656,0.9999427007365982
2020,sq_30_25,0.9998669097242987,0.9998819270227683,0.9999427007365967
2021,sq_30_35,0.9998669097242987,0.9998819270227675,0.9999427007365971
2022,sq_30_63,0.9998669097242987,0.9998819270227672,0.9999427007365975
2023,sq_30_64,0.9998669097242987,0.9998819270227661,0.9999427007365979
2024,sq_30_65,0.9998669097242987,0.9998819270227661,0.9999427007365971
2025,sq_31_10,0.9998669097242987,0.9998819270227651,0.9999427007365992
2026,sq_31_11,0.9998669097242987,0.9998819270227652,0.9999427007365986
2027,sq_31_12,0.9998669097242987,0.9998819270227652,0.9999427007365981
2028,sq_31_21,0.9998669097242987,0.9998819270227639,0.9999427007365982
2029,sq_31_24,0.9998669097242987,0.999881927022767,0.9999427007365975
2030,sq_31_25,0.9998669097242987,0.9998819270227677,0.9999427007365967
2031,sq_31_30,0.9998669097242987,0.9998819270227665,0.9999427007365975
2032,sq_31_57,0.9998669097242987,0.9998819270227666,0.9999427007365977
2033,sq_31_63,0.9998669097242987,0.9998819270227666,0.9999427007365974
2034,sq_31_65,0.9998669097242987,0.9998819270227645,0.999942700736598
2035,sq_31_66,0.9998669097242987,0.9998819270227655,0.9999427007365979
2036,sq_32_18,0.9998669097242987,0.999881927022766,0.9999427007365973
2037,sq_32_21,0.9998669097242987,0.9998819270227658,0.9999427007365982
2038,sq_32_22,0.9998669097242987,0.9998819270227666,0.9999427007365982
2039,sq_32_23,0.9998669097242987,0.9998819270227658,0.9999427007365972
2040,sq_32_24,0.9998669097242987,0.9998819270227658,0.9999427007365984
2041,sq_32_25,0.9998669097242987,0.9998819270227668,0.9999427007365982
2042,sq_32_57,0.9998669097242987,0.9998819270227667,0.9999427007365975
2043,sq_32_58,0.9998669097242987,0.9998819270227665,0.9999427007365976
2044,sq_32_66,0.9998669097242987,0.999881927022766,0.9999427007365977
2045,sq_33_14,0.9998669097242987,0.9998819270227666,0.9999427007365984
2046,sq_33_15,0.9998669097242987,0.9998819270227642,0.9999427007365966
2047,sq_33_24,0.9998669097242987,0.9998819270227648,0.9999427007365975
2048,sq_33_25,0.9998669097242987,0.9998819270227659,0.9999427007365975
2049,sq_33_32,0.9998669097242987,0.9998819270227672,0.999942700736597
2050,sq_33_37,0.9998669097242987,0.999881927022767,0.9999427007365973
2051,sq_33_54,0.9998669097242987,0.9998819270227675,0.9999427007365979
2052,sq_33_69,0.9998669097242987,0.9998819270227662,0.9999427007365979
2053,sq_34_20,0.9998669097242987,0.9998819270227656,0.9999427007365974
2054,sq_34_21,0.9998669097242987,0.9998819270227655,0.9999427007365985
2055,sq_34_24,0.9998669097242987,0.9998819270227668,0.9999427007365976
2056,sq_34_25,0.9998669097242987,0.9998819270227668,0.9999427007365976
2057,sq_34_34,0.9998669097242987,0.999881927022766,0.999942700736598
2058,sq_34_37,0.9998669097242987,0.9998819270227666,0.9999427007365977
2059,sq_34_42,0.9998669097242987,0.9998819270227668,0.999942700736598
2060,sq_34_58,0.9998669097242987,0.9998819270227665,0.9999427007365983
2061,sq_34_69,0.9998669097242987,0.9998819270227658,0.9999427007365984
2062,sq_34_70,0.9998669097242987,0.9998819270227666,0.9999427007365979
2063,sq_34_71,0.9998669097242987,0.9998819270227661,0.9999427007365985
2064,sq_35_17,0.9998669097242987,0.9998819270227649,0.9999427007365982
2065,sq_35_18,0.9998669097242987,0.9998819270227651,0.9999427007365984
2066,sq_35_19,0.9998669097242987,0.9998819270227656,0.9999427007365974
2067,sq_35_22,0.9998669097242987,0.9998819270227667,0.9999427007365977
2068,sq_36_17,0.9998669097242987,0.9998819270227656,0.9999427007365982
2069,sq_36_19,0.9998669097242987,0.9998819270227656,0.9999427007365983
2070,sq_36_21,0.9998669097242987,0.9998819270227668,0.9999427007365972
2071,sq_36_22,0.9998669097242987,0.9998819270227662,0.999942700736598
2072,sq_36_43,0.9998669097242987,0.9998819270227663,0.9999427007365977
2073,sq_37_17,0.9998669097242987,0.9998819270227659,0.9999427007365977
2074,sq_37_21,0.9998669097242987,0.9998819270227642,0.9999427007365966
2075,sq_37_22,0.9998669097242987,0.9998819270227648,0.9999427007365981
2076,sq_37_52,0.9998669097242987,0.9998819270227668,0.9999427007365972
2077,sq_37_55,0.9998669097242987,0.9998819270227657,0.9999427007365982
2078,sq_37_56,0.9998669097242987,0.999881927022767,0.9999427007365979
2079,sq_37_57,0.9998669097242987,0.9998819270227651,0.9999427007365982
2080,sq_37_58,0.9998669097242987,0.999881927022765,0.9999427007365984
2081,sq_37_60,0.9998669097242987,0.9998819270227668,0.9999427007365974
2082,sq_37_61,0.9998669097242987,0.9998819270227655,0.9999427007365974
2083,sq_37_64,0.9998669097242987,0.9998819270227675,0.9999427007365977
2084,sq_37_67,0.9998669097242987,0.9998819270227659,0.9999427007365974
2085,sq_37_68,0.9998669097242987,0.9998819270227659,0.9999427007365981
2086,sq_37_71,0.9998669097242987,0.9998819270227659,0.999942700736598
2087,sq_37_72,0.9998669097242987,0.9998819270227652,0.9999427007365995
2088,sq_38_20,0.9998669097242987,0.999881927022766,0.9999427007365977
2089,sq_38_32,0.9998669097242987,0.9998819270227671,0.9999427007365975
2090,sq_38_33,0.9998669097242987,0.9998819270227666,0.9999427007365976
2091,sq_38_34,0.9998669097242987,0.9998819270227668,0.9999427007365983
2092,sq_38_37,0.9998669097242987,0.9998819270227663,0.9999427007365984
2093,sq_38_56,0.9998669097242987,0.999881927022765,0.9999427007365979
2094,sq_38_57,0.9998669097242987,0.9998819270227653,0.9999427007365982
2095,sq_38_58,0.9998669097242987,0.999881927022766,0.999942700736598
2096,sq_38_60,0.9998669097242987,0.9998819270227661,0.9999427007365972
2097,sq_38_61,0.9998669097242987,0.9998819270227666,0.9999427007365976
2098,sq_38_62,0.9998669097242987,0.999881927022766,0.9999427007365973
2099,sq_38_64,0.9998669097242987,0.9998819270227641,0.9999427007365976
2100,sq_38_66,0.9998669097242987,0.9998819270227663,0.9999427007365973
2101,sq_38_67,0.9998669097242987,0.9998819270227645,0.999942700736598
2102,sq_38_68,0.9998669097242987,0.9998819270227661,0.9999427007365981
2103,sq_38_70,0.9998669097242987,0.9998819270227655,0.9999427007365982
2104,sq_39_21,0.9998669097242987,0.9998819270227643,0.9999427007365975
2105,sq_39_23,0.9998669097242987,0.9998819270227653,0.9999427007365974
2106,sq_39_24,0.9998669097242987,0.9998819270227663,0.999942700736598
2107,sq_39_27,0.9998669097242987,0.9998819270227671,0.999942700736598
2108,sq_39_28,0.9998669097242987,0.9998819270227669,0.9999427007365974
2109,sq_39_32,0.9998669097242987,0.9998819270227649,0.9999427007365972
2110,sq_39_33,0.9998669097242987,0.9998819270227671,0.9999427007365971
2111,sq_39_34,0.9998669097242987,0.9998819270227661,0.9999427007365976
2112,sq_39_35,0.9998669097242987,0.9998819270227656,0.9999427007365983
2113,sq_39_37,0.9998669097242987,0.9998819270227658,0.9999427007365979
2114,sq_39_39,0.9998669097242987,0.9998819270227665,0.9999427007365982
2115,sq_39_49,0.9998669097242987,0.9998819270227668,0.9999427007365977
2116,sq_39_54,0.9998669097242987,0.9998819270227662,0.9999427007365982
2117,sq_39_56,0.9998669097242987,0.9998819270227642,0.9999427007365982
2118,sq_39_57,0.9998669097242987,0.9998819270227662,0.9999427007365975
2119,sq_39_60,0.9998669097242987,0.9998819270227668,0.9999427007365982
2120,sq_39_61,0.9998669097242987,0.9998819270227663,0.9999427007365974
2121,sq_39_62,0.9998669097242987,0.9998819270227668,0.9999427007365983
2122,sq_39_64,0.9998669097242987,0.9998819270227665,0.9999427007365979
2123,sq_39_65,0.9998669097242987,0.9998819270227652,0.9999427007365979
2124,sq_39_67,0.9998669097242987,0.9998819270227667,0.9999427007365977
2125,sq_39_70,0.9998669097242987,0.9998819270227659,0.9999427007365972
2126,sq_3_12,0.9998669097242987,0.9998819270227657,0.9999427007365982
2127,sq_3_13,0.9998669097242987,0.9998819270227663,0.999942700736598
2128,sq_3_14,0.9998669097242987,0.9998819270227666,0.9999427007365984
2129,sq_3_34,0.9998669097242987,0.999881927022766,0.999942700736598
2130,sq_3_35,0.9998669097242987,0.9998819270227665,0.999942700736598
2131,sq_3_36,0.9998669097242987,0.9998819270227651,0.9999427007365986
2132,sq_3_37,0.9998669097242987,0.9998819270227666,0.9999427007365985
2133,sq_40_21,0.9998669097242987,0.9998819270227656,0.9999427007365974
2134,sq_40_22,0.9998669097242987,0.9998819270227661,0.9999427007365975
2135,sq_40_23,0.9998669097242987,0.9998819270227637,0.9999427007365984
2136,sq_40_26,0.9998669097242987,0.9998819270227641,0.9999427007365974
2137,sq_40_28,0.9998669097242987,0.9998819270227659,0.9999427007365984
2138,sq_40_32,0.9998669097242987,0.9998819270227657,0.9999427007365984
2139,sq_40_37,0.9998669097242987,0.9998819270227651,0.9999427007365986
2140,sq_40_39,0.9998669097242987,0.9998819270227658,0.9999427007365981
2141,sq_40_40,0.9998669097242987,0.9998819270227665,0.9999427007365979
2142,sq_40_52,0.9998669097242987,0.9998819270227661,0.9999427007365973
2143,sq_40_53,0.9998669097242987,0.9998819270227652,0.9999427007365986
2144,sq_40_59,0.9998669097242987,0.9998819270227651,0.9999427007365986
2145,sq_40_60,0.9998669097242987,0.9998819270227668,0.999942700736598
2146,sq_40_61,0.9998669097242987,0.9998819270227675,0.9999427007365976
2147,sq_40_62,0.9998669097242987,0.9998819270227657,0.9999427007365979
2148,sq_40_64,0.9998669097242987,0.9998819270227656,0.9999427007365974
2149,sq_40_65,0.9998669097242987,0.9998819270227651,0.9999427007365992
2150,sq_40_66,0.9998669097242987,0.9998819270227649,0.9999427007365985
2151,sq_40_67,0.9998669097242987,0.9998819270227656,0.9999427007365987
2152,sq_40_68,0.9998669097242987,0.9998819270227656,0.9999427007365982
2153,sq_40_70,0.9998669097242987,0.9998819270227668,0.999942700736598
2154,sq_41_19,0.9998669097242987,0.9998819270227669,0.9999427007365981
2155,sq_41_20,0.9998669097242987,0.9998819270227642,0.9999427007365966
2156,sq_41_21,0.9998669097242987,0.9998819270227656,0.9999427007365976
2157,sq_41_22,0.9998669097242987,0.9998819270227645,0.9999427007365986
2158,sq_41_27,0.9998669097242987,0.9998819270227641,0.9999427007365982
2159,sq_41_32,0.9998669097242987,0.9998819270227651,0.9999427007365992
2160,sq_41_35,0.9998669097242987,0.9998819270227665,0.9999427007365979
2161,sq_41_37,0.9998669097242987,0.9998819270227667,0.9999427007365981
2162,sq_41_38,0.9998669097242987,0.9998819270227651,0.9999427007365984
2163,sq_41_39,0.9998669097242987,0.9998819270227657,0.9999427007365982
2164,sq_41_47,0.9998669097242987,0.999881927022767,0.9999427007365982
2165,sq_41_50,0.9998669097242987,0.9998819270227656,0.9999427007365981
2166,sq_41_55,0.9998669097242987,0.9998819270227651,0.9999427007365982
2167,sq_41_56,0.9998669097242987,0.9998819270227661,0.9999427007365971
2168,sq_41_58,0.9998669097242987,0.9998819270227657,0.9999427007365985
2169,sq_41_60,0.9998669097242987,0.999881927022767,0.9999427007365976
2170,sq_41_61,0.9998669097242987,0.9998819270227673,0.9999427007365976
2171,sq_41_62,0.9998669097242987,0.9998819270227672,0.9999427007365976
2172,sq_41_64,0.9998669097242987,0.9998819270227662,0.9999427007365977
2173,sq_41_65,0.9998669097242987,0.9998819270227651,0.9999427007365992
2174,sq_41_67,0.9998669097242987,0.9998819270227655,0.9999427007365977
2175,sq_41_68,0.9998669097242987,0.9998819270227649,0.9999427007365972
2176,sq_42_19,0.9998669097242987,0.9998819270227671,0.999942700736598
2177,sq_42_24,0.9998669097242987,0.9998819270227658,0.9999427007365976
2178,sq_42_25,0.9998669097242987,0.9998819270227648,0.9999427007365989
2179,sq_42_29,0.9998669097242987,0.9998819270227671,0.9999427007365975
2180,sq_42_30,0.9998669097242987,0.9998819270227659,0.9999427007365979
2181,sq_42_33,0.9998669097242987,0.9998819270227657,0.9999427007365982
2182,sq_42_35,0.9998669097242987,0.9998819270227661,0.9999427007365976
2183,sq_42_36,0.9998669097242987,0.9998819270227663,0.9999427007365974
2184,sq_42_43,0.9998669097242987,0.9998819270227666,0.9999427007365983
2185,sq_42_55,0.9998669097242987,0.9998819270227662,0.9999427007365975
2186,sq_42_56,0.9998669097242987,0.9998819270227667,0.999942700736598
2187,sq_42_58,0.9998669097242987,0.9998819270227652,0.9999427007365976
2188,sq_42_59,0.9998669097242987,0.999881927022765,0.9999427007365991
2189,sq_42_60,0.9998669097242987,0.999881927022765,0.9999427007365987
2190,sq_42_61,0.9998669097242987,0.9998819270227672,0.9999427007365979
2191,sq_42_62,0.9998669097242987,0.9998819270227665,0.9999427007365975
2192,sq_42_64,0.9998669097242987,0.999881927022766,0.999942700736598
2193,sq_42_66,0.9998669097242987,0.9998819270227651,0.9999427007365975
2194,sq_42_67,0.9998669097242987,0.9998819270227668,0.9999427007365971
2195,sq_42_68,0.9998669097242987,0.9998819270227656,0.9999427007365984
2196,sq_43_18,0.9998669097242987,0.9998819270227666,0.9999427007365983
2197,sq_43_19,0.9998669097242987,0.999881927022766,0.999942700736598
2198,sq_43_23,0.9998669097242987,0.9998819270227657,0.9999427007365983
2199,sq_43_27,0.9998669097242987,0.9998819270227649,0.9999427007365972
2200,sq_43_28,0.9998669097242987,0.9998819270227656,0.9999427007365975
2201,sq_43_29,0.9998669097242987,0.9998819270227645,0.9999427007365997
2202,sq_43_30,0.9998669097242987,0.9998819270227667,0.9999427007365977
2203,sq_43_31,0.9998669097242987,0.9998819270227642,0.9999427007365966
2204,sq_43_41,0.9998669097242987,0.9998819270227659,0.9999427007365982
2205,sq_43_47,0.9998669097242987,0.9998819270227669,0.9999427007365983
2206,sq_43_54,0.9998669097242987,0.9998819270227663,0.9999427007365977
2207,sq_43_55,0.9998669097242987,0.9998819270227656,0.9999427007365977
2208,sq_43_56,0.9998669097242987,0.9998819270227642,0.9999427007365966
2209,sq_43_59,0.9998669097242987,0.9998819270227653,0.9999427007365972
2210,sq_43_60,0.9998669097242987,0.9998819270227656,0.9999427007365972
2211,sq_43_62,0.9998669097242987,0.9998819270227665,0.9999427007365975
2212,sq_43_64,0.9998669097242987,0.9998819270227658,0.9999427007365974
2213,sq_43_66,0.9998669097242987,0.9998819270227662,0.9999427007365979
2214,sq_44_21,0.9998669097242987,0.9998819270227665,0.9999427007365982
2215,sq_44_22,0.9998669097242987,0.9998819270227658,0.9999427007365983
2216,sq_44_29,0.9998669097242987,0.9998819270227655,0.9999427007365974
2217,sq_44_31,0.9998669097242987,0.9998819270227661,0.999942700736598
2218,sq_44_40,0.9998669097242987,0.9998819270227665,0.9999427007365979
2219,sq_44_54,0.9998669097242987,0.999881927022767,0.9999427007365973
2220,sq_44_55,0.9998669097242987,0.9998819270227658,0.9999427007365975
2221,sq_44_62,0.9998669097242987,0.9998819270227663,0.999942700736598
2222,sq_44_65,0.9998669097242987,0.9998819270227665,0.999942700736598
2223,sq_44_66,0.9998669097242987,0.9998819270227646,0.9999427007365981
2224,sq_44_67,0.9998669097242987,0.9998819270227658,0.9999427007365984
2225,sq_45_15,0.9998669097242987,0.9998819270227648,0.9999427007365977
2226,sq_45_16,0.9998669097242987,0.9998819270227675,0.9999427007365975
2227,sq_45_21,0.9998669097242987,0.9998819270227646,0.9999427007365981
2228,sq_45_26,0.9998669097242987,0.9998819270227661,0.9999427007365976
2229,sq_45_27,0.9998669097242987,0.9998819270227661,0.9999427007365977
2230,sq_45_28,0.9998669097242987,0.9998819270227672,0.9999427007365974
2231,sq_45_29,0.9998669097242987,0.9998819270227652,0.9999427007365979
2232,sq_45_33,0.9998669097242987,0.9998819270227643,0.9999427007365975
2233,sq_45_37,0.9998669097242987,0.9998819270227658,0.9999427007365971
2234,sq_45_40,0.9998669097242987,0.9998819270227666,0.9999427007365979
2235,sq_45_43,0.9998669097242987,0.9998819270227669,0.9999427007365979
2236,sq_45_63,0.9998669097242987,0.999881927022766,0.9999427007365971
2237,sq_45_65,0.9998669097242987,0.999881927022766,0.9999427007365987
2238,sq_45_66,0.9998669097242987,0.9998819270227656,0.9999427007365977
2239,sq_46_15,0.9998669097242987,0.9998819270227655,0.9999427007365989
2240,sq_46_16,0.9998669097242987,0.9998819270227668,0.9999427007365979
2241,sq_46_21,0.9998669097242987,0.999881927022766,0.9999427007365977
2242,sq_46_22,0.9998669097242987,0.9998819270227658,0.9999427007365979
2243,sq_46_25,0.9998669097242987,0.9998819270227641,0.9999427007365982
2244,sq_46_27,0.9998669097242987,0.9998819270227657,0.9999427007365982
2245,sq_46_28,0.9998669097242987,0.9998819270227665,0.9999427007365979
2246,sq_46_29,0.9998669097242987,0.9998819270227663,0.9999427007365973
2247,sq_46_32,0.9998669097242987,0.9998819270227657,0.9999427007365983
2248,sq_46_33,0.9998669097242987,0.999881927022767,0.999942700736598
2249,sq_46_43,0.9998669097242987,0.9998819270227663,0.9999427007365979
2250,sq_46_44,0.9998669097242987,0.9998819270227662,0.9999427007365979
2251,sq_46_45,0.9998669097242987,0.999881927022766,0.9999427007365977
2252,sq_46_49,0.9998669097242987,0.9998819270227671,0.9999427007365982
2253,sq_46_50,0.9998669097242987,0.9998819270227665,0.9999427007365977
2254,sq_46_51,0.9998669097242987,0.9998819270227666,0.9999427007365975
2255,sq_46_61,0.9998669097242987,0.9998819270227651,0.9999427007365984
2256,sq_46_65,0.9998669097242987,0.9998819270227669,0.9999427007365979
2257,sq_46_66,0.9998669097242987,0.999881927022766,0.9999427007365985
2258,sq_46_67,0.9998669097242987,0.9998819270227649,0.9999427007365974
2259,sq_47_16,0.9998669097242987,0.9998819270227655,0.9999427007365989
2260,sq_47_25,0.9998669097242987,0.9998819270227662,0.9999427007365983
2261,sq_47_28,0.9998669097242987,0.9998819270227656,0.9999427007365983
2262,sq_47_32,0.9998669097242987,0.9998819270227651,0.9999427007365983
2263,sq_47_33,0.9998669097242987,0.9998819270227665,0.9999427007365976
2264,sq_47_34,0.9998669097242987,0.9998819270227676,0.9999427007365975
2265,sq_47_35,0.9998669097242987,0.9998819270227648,0.9999427007365984
2266,sq_47_36,0.9998669097242987,0.9998819270227647,0.9999427007365983
2267,sq_47_39,0.9998669097242987,0.9998819270227653,0.9999427007365983
2268,sq_47_42,0.9998669097242987,0.9998819270227659,0.9999427007365981
2269,sq_47_43,0.9998669097242987,0.999881927022765,0.999942700736598
2270,sq_47_44,0.9998669097242987,0.9998819270227668,0.9999427007365977
2271,sq_47_45,0.9998669097242987,0.9998819270227661,0.9999427007365976
2272,sq_47_49,0.9998669097242987,0.9998819270227667,0.9999427007365981
2273,sq_47_50,0.9998669097242987,0.9998819270227668,0.9999427007365979
2274,sq_47_51,0.9998669097242987,0.9998819270227672,0.9999427007365982
2275,sq_47_53,0.9998669097242987,0.9998819270227669,0.9999427007365973
2276,sq_47_54,0.9998669097242987,0.9998819270227669,0.9999427007365981
2277,sq_47_55,0.9998669097242987,0.9998819270227669,0.9999427007365974
2278,sq_47_57,0.9998669097242987,0.9998819270227667,0.9999427007365973
2279,sq_47_60,0.9998669097242987,0.9998819270227659,0.9999427007365976
2280,sq_47_61,0.9998669097242987,0.9998819270227652,0.9999427007365979
2281,sq_47_62,0.9998669097242987,0.9998819270227646,0.999942700736598
2282,sq_47_63,0.9998669097242987,0.9998819270227646,0.999942700736598
2283,sq_48_15,0.9998669097242987,0.9998819270227657,0.9999427007365974
2284,sq_48_18,0.9998669097242987,0.9998819270227667,0.9999427007365981
2285,sq_48_23,0.9998669097242987,0.9998819270227662,0.9999427007365975
2286,sq_48_28,0.9998669097242987,0.999881927022765,0.9999427007365972
2287,sq_48_30,0.9998669097242987,0.9998819270227648,0.9999427007365974
2288,sq_48_31,0.9998669097242987,0.9998819270227672,0.9999427007365977
2289,sq_48_33,0.9998669097242987,0.9998819270227656,0.9999427007365972
2290,sq_48_38,0.9998669097242987,0.9998819270227666,0.9999427007365975
2291,sq_48_39,0.9998669097242987,0.9998819270227661,0.9999427007365976
2292,sq_48_40,0.9998669097242987,0.999881927022766,0.9999427007365976
2293,sq_48_41,0.9998669097242987,0.9998819270227665,0.9999427007365972
2294,sq_48_42,0.9998669097242987,0.9998819270227646,0.9999427007365979
2295,sq_48_43,0.9998669097242987,0.9998819270227661,0.9999427007365982
2296,sq_48_44,0.9998669097242987,0.9998819270227656,0.9999427007365983
2297,sq_48_48,0.9998669097242987,0.999881927022767,0.999942700736598
2298,sq_48_49,0.9998669097242987,0.9998819270227662,0.9999427007365979
2299,sq_48_50,0.9998669097242987,0.9998819270227671,0.999942700736598
2300,sq_48_51,0.9998669097242987,0.9998819270227666,0.9999427007365975
2301,sq_48_53,0.9998669097242987,0.9998819270227656,0.9999427007365979
2302,sq_48_54,0.9998669097242987,0.9998819270227653,0.9999427007365974
2303,sq_48_55,0.9998669097242987,0.9998819270227663,0.999942700736598
2304,sq_48_57,0.9998669097242987,0.9998819270227647,0.9999427007365991
2305,sq_48_60,0.9998669097242987,0.9998819270227642,0.9999427007365966
2306,sq_48_61,0.9998669097242987,0.999881927022766,0.9999427007365977
2307,sq_48_62,0.9998669097242987,0.9998819270227659,0.9999427007365973
2308,sq_48_64,0.9998669097242987,0.9998819270227652,0.9999427007365975
2309,sq_48_66,0.9998669097242987,0.9998819270227662,0.999942700736597
2310,sq_48_67,0.9998669097242987,0.9998819270227662,0.9999427007365983
2311,sq_49_13,0.9998669097242987,0.9998819270227655,0.9999427007365985
2312,sq_49_17,0.9998669097242987,0.9998819270227642,0.9999427007365991
2313,sq_49_18,0.9998669097242987,0.9998819270227658,0.999942700736598
2314,sq_49_19,0.9998669097242987,0.9998819270227668,0.9999427007365984
2315,sq_49_22,0.9998669097242987,0.9998819270227663,0.9999427007365975
2316,sq_49_23,0.9998669097242987,0.9998819270227667,0.9999427007365983
2317,sq_49_24,0.9998669097242987,0.9998819270227661,0.9999427007365986
2318,sq_49_26,0.9998669097242987,0.9998819270227672,0.9999427007365974
2319,sq_49_27,0.9998669097242987,0.9998819270227668,0.9999427007365982
2320,sq_49_31,0.9998669097242987,0.9998819270227658,0.9999427007365984
2321,sq_49_32,0.9998669097242987,0.9998819270227661,0.9999427007365971
2322,sq_49_33,0.9998669097242987,0.9998819270227663,0.999942700736598
2323,sq_49_34,0.9998669097242987,0.9998819270227668,0.999942700736597
2324,sq_49_36,0.9998669097242987,0.9998819270227657,0.9999427007365984
2325,sq_49_38,0.9998669097242987,0.9998819270227643,0.9999427007365985
2326,sq_49_39,0.9998669097242987,0.9998819270227662,0.9999427007365985
2327,sq_49_40,0.9998669097242987,0.9998819270227669,0.9999427007365974
2328,sq_49_41,0.9998669097242987,0.9998819270227667,0.9999427007365977
2329,sq_49_43,0.9998669097242987,0.9998819270227661,0.9999427007365971
2330,sq_49_44,0.9998669097242987,0.999881927022766,0.9999427007365977
2331,sq_49_46,0.9998669097242987,0.9998819270227666,0.9999427007365975
2332,sq_49_48,0.9998669097242987,0.9998819270227671,0.9999427007365979
2333,sq_49_49,0.9998669097242987,0.9998819270227666,0.999942700736598
2334,sq_49_51,0.9998669097242987,0.9998819270227653,0.9999427007365983
2335,sq_49_57,0.9998669097242987,0.9998819270227656,0.9999427007365979
2336,sq_49_58,0.9998669097242987,0.999881927022766,0.9999427007365985
2337,sq_49_61,0.9998669097242987,0.9998819270227657,0.9999427007365977
2338,sq_49_62,0.9998669097242987,0.999881927022766,0.9999427007365977
2339,sq_49_63,0.9998669097242987,0.999881927022765,0.9999427007365979
2340,sq_49_64,0.9998669097242987,0.9998819270227655,0.9999427007365984
2341,sq_4_11,0.9998669097242987,0.9998819270227663,0.9999427007365979
2342,sq_4_15,0.9998669097242987,0.9998819270227652,0.999942700736598
2343,sq_4_16,0.9998669097242987,0.9998819270227651,0.9999427007365983
2344,sq_4_32,0.9998669097242987,0.9998819270227671,0.999942700736597
2345,sq_4_34,0.9998669097242987,0.9998819270227663,0.9999427007365979
2346,sq_4_36,0.9998669097242987,0.9998819270227657,0.9999427007365982
2347,sq_4_37,0.9998669097242987,0.9998819270227663,0.9999427007365984
2348,sq_4_38,0.9998669097242987,0.9998819270227663,0.9999427007365979
2349,sq_4_39,0.9998669097242987,0.999881927022766,0.9999427007365977
2350,sq_50_14,0.9998669097242987,0.9998819270227657,0.9999427007365982
2351,sq_50_18,0.9998669097242987,0.9998819270227659,0.999942700736598
2352,sq_50_19,0.9998669097242987,0.9998819270227669,0.9999427007365976
2353,sq_50_27,0.9998669097242987,0.9998819270227663,0.9999427007365971
2354,sq_50_31,0.9998669097242987,0.9998819270227659,0.9999427007365973
2355,sq_50_34,0.9998669097242987,0.9998819270227663,0.9999427007365979
2356,sq_50_39,0.9998669097242987,0.9998819270227662,0.999942700736597
2357,sq_50_42,0.9998669097242987,0.9998819270227659,0.999942700736598
2358,sq_50_43,0.9998669097242987,0.9998819270227649,0.9999427007365993
2359,sq_50_44,0.9998669097242987,0.9998819270227656,0.9999427007365974
2360,sq_50_49,0.9998669097242987,0.9998819270227668,0.9999427007365972
2361,sq_50_50,0.9998669097242987,0.9998819270227657,0.9999427007365983
2362,sq_50_53,0.9998669097242987,0.9998819270227649,0.9999427007365984
2363,sq_50_55,0.9998669097242987,0.9998819270227655,0.9999427007365973
2364,sq_50_61,0.9998669097242987,0.9998819270227657,0.9999427007365985
2365,sq_50_63,0.9998669097242987,0.9998819270227666,0.9999427007365976
2366,sq_50_66,0.9998669097242987,0.9998819270227656,0.9999427007365984
2367,sq_51_13,0.9998669097242987,0.9998819270227646,0.9999427007365989
2368,sq_51_14,0.9998669097242987,0.9998819270227658,0.9999427007365983
2369,sq_51_19,0.9998669097242987,0.9998819270227657,0.9999427007365982
2370,sq_51_21,0.9998669097242987,0.999881927022767,0.999942700736598
2371,sq_51_29,0.9998669097242987,0.9998819270227665,0.999942700736598
2372,sq_51_30,0.9998669097242987,0.9998819270227669,0.999942700736598
2373,sq_51_32,0.9998669097242987,0.9998819270227642,0.9999427007365993
2374,sq_51_39,0.9998669097242987,0.9998819270227661,0.9999427007365985
2375,sq_51_42,0.9998669097242987,0.9998819270227658,0.9999427007365975
2376,sq_51_43,0.9998669097242987,0.9998819270227655,0.9999427007365975
2377,sq_51_59,0.9998669097242987,0.9998819270227643,0.9999427007365991
2378,sq_52_13,0.9998669097242987,0.9998819270227657,0.9999427007365983
2379,sq_52_28,0.9998669097242987,0.9998819270227665,0.9999427007365979
2380,sq_52_29,0.9998669097242987,0.999881927022767,0.999942700736598
2381,sq_52_30,0.9998669097242987,0.9998819270227662,0.9999427007365976
2382,sq_52_31,0.9998669097242987,0.9998819270227653,0.9999427007365987
2383,sq_52_32,0.9998669097242987,0.9998819270227647,0.9999427007365977
2384,sq_52_34,0.9998669097242987,0.9998819270227649,0.9999427007365989
2385,sq_52_35,0.9998669097242987,0.9998819270227649,0.9999427007365977
2386,sq_52_42,0.9998669097242987,0.9998819270227658,0.9999427007365981
2387,sq_52_43,0.9998669097242987,0.9998819270227646,0.9999427007365981
2388,sq_52_60,0.9998669097242987,0.9998819270227663,0.9999427007365974
2389,sq_52_61,0.9998669097242987,0.9998819270227666,0.9999427007365979
2390,sq_53_14,0.9998669097242987,0.9998819270227647,0.9999427007365983
2391,sq_53_17,0.9998669097242987,0.9998819270227651,0.9999427007365983
2392,sq_53_21,0.9998669097242987,0.9998819270227658,0.9999427007365981
2393,sq_53_26,0.9998669097242987,0.9998819270227666,0.9999427007365979
2394,sq_53_29,0.9998669097242987,0.9998819270227652,0.9999427007365982
2395,sq_53_37,0.9998669097242987,0.9998819270227655,0.9999427007365984
2396,sq_53_42,0.9998669097242987,0.9998819270227639,0.9999427007365982
2397,sq_53_49,0.9998669097242987,0.9998819270227661,0.9999427007365979
2398,sq_53_52,0.9998669097242987,0.9998819270227665,0.999942700736598
2399,sq_53_54,0.9998669097242987,0.999881927022765,0.9999427007365984
2400,sq_53_55,0.9998669097242987,0.9998819270227659,0.9999427007365982
2401,sq_53_58,0.9998669097242987,0.9998819270227659,0.999942700736598
2402,sq_53_59,0.9998669097242987,0.9998819270227649,0.9999427007365982
2403,sq_53_61,0.9998669097242987,0.9998819270227655,0.9999427007365987
2404,sq_54_22,0.9998669097242987,0.9998819270227658,0.9999427007365981
2405,sq_54_23,0.9998669097242987,0.9998819270227665,0.999942700736598
2406,sq_54_24,0.9998669097242987,0.9998819270227665,0.9999427007365982
2407,sq_54_31,0.9998669097242987,0.9998819270227661,0.9999427007365979
2408,sq_54_32,0.9998669097242987,0.9998819270227655,0.9999427007365977
2409,sq_54_33,0.9998669097242987,0.9998819270227662,0.999942700736597
2410,sq_54_35,0.9998669097242987,0.9998819270227643,0.9999427007365975
2411,sq_54_36,0.9998669097242987,0.999881927022766,0.9999427007365973
2412,sq_54_37,0.9998669097242987,0.999881927022766,0.9999427007365973
2413,sq_54_38,0.9998669097242987,0.9998819270227659,0.9999427007365984
2414,sq_54_43,0.9998669097242987,0.9998819270227657,0.9999427007365982
2415,sq_54_44,0.9998669097242987,0.999881927022765,0.9999427007365987
2416,sq_54_45,0.9998669097242987,0.9998819270227646,0.9999427007365981
2417,sq_54_53,0.9998669097242987,0.9998819270227642,0.9999427007365966
2418,sq_54_59,0.9998669097242987,0.9998819270227665,0.9999427007365983
2419,sq_54_62,0.9998669097242987,0.9998819270227661,0.9999427007365976
2420,sq_54_65,0.9998669097242987,0.9998819270227666,0.9999427007365975
2421,sq_54_66,0.9998669097242987,0.9998819270227656,0.9999427007365981
2422,sq_54_67,0.9998669097242987,0.999881927022766,0.9999427007365973
2423,sq_54_68,0.9998669097242987,0.9998819270227646,0.9999427007365981
2424,sq_55_23,0.9998669097242987,0.9998819270227653,0.9999427007365976
2425,sq_55_24,0.9998669097242987,0.9998819270227665,0.999942700736598
2426,sq_55_26,0.9998669097242987,0.9998819270227656,0.9999427007365977
2427,sq_55_34,0.9998669097242987,0.9998819270227645,0.9999427007365997
2428,sq_55_35,0.9998669097242987,0.9998819270227642,0.9999427007365966
2429,sq_55_37,0.9998669097242987,0.9998819270227648,0.9999427007365976
2430,sq_55_38,0.9998669097242987,0.999881927022766,0.9999427007365972
2431,sq_55_39,0.9998669097242987,0.9998819270227661,0.9999427007365986
2432,sq_55_41,0.9998669097242987,0.9998819270227642,0.9999427007365966
2433,sq_55_45,0.9998669097242987,0.9998819270227667,0.9999427007365971
2434,sq_55_55,0.9998669097242987,0.999881927022766,0.9999427007365982
2435,sq_55_56,0.9998669097242987,0.9998819270227665,0.9999427007365982
2436,sq_55_57,0.9998669097242987,0.9998819270227665,0.9999427007365975
2437,sq_55_58,0.9998669097242987,0.9998819270227668,0.9999427007365983
2438,sq_55_59,0.9998669097242987,0.999881927022765,0.999942700736599
2439,sq_55_60,0.9998669097242987,0.9998819270227659,0.9999427007365975
2440,sq_55_68,0.9998669097242987,0.9998819270227652,0.9999427007365986
2441,sq_55_69,0.9998669097242987,0.9998819270227639,0.9999427007365986
2442,sq_55_70,0.9998669097242987,0.9998819270227657,0.9999427007365982
2443,sq_55_71,0.9998669097242987,0.9998819270227646,0.9999427007365981
2444,sq_56_28,0.9998669097242987,0.9998819270227648,0.9999427007365975
2445,sq_56_37,0.9998669097242987,0.999881927022766,0.9999427007365977
2446,sq_56_39,0.9998669097242987,0.9998819270227642,0.9999427007365993
2447,sq_56_51,0.9998669097242987,0.999881927022766,0.9999427007365977
2448,sq_56_55,0.9998669097242987,0.9998819270227653,0.9999427007365985
2449,sq_56_57,0.9998669097242987,0.9998819270227665,0.9999427007365979
2450,sq_56_58,0.9998669097242987,0.9998819270227663,0.9999427007365971
2451,sq_56_59,0.9998669097242987,0.9998819270227656,0.9999427007365972
2452,sq_56_60,0.9998669097242987,0.9998819270227661,0.9999427007365982
2453,sq_56_61,0.9998669097242987,0.9998819270227658,0.9999427007365984
2454,sq_56_69,0.9998669097242987,0.9998819270227661,0.9999427007365974
2455,sq_56_70,0.9998669097242987,0.9998819270227658,0.9999427007365979
2456,sq_56_71,0.9998669097242987,0.9998819270227657,0.9999427007365979
2457,sq_57_25,0.9998669097242987,0.9998819270227642,0.9999427007365966
2458,sq_57_33,0.9998669097242987,0.9998819270227648,0.9999427007365977
2459,sq_57_39,0.9998669097242987,0.9998819270227666,0.9999427007365983
2460,sq_57_40,0.9998669097242987,0.9998819270227647,0.9999427007365981
2461,sq_57_41,0.9998669097242987,0.9998819270227656,0.9999427007365974
2462,sq_57_42,0.9998669097242987,0.9998819270227661,0.9999427007365971
2463,sq_57_43,0.9998669097242987,0.9998819270227646,0.999942700736598
2464,sq_57_44,0.9998669097242987,0.999881927022765,0.999942700736598
2465,sq_57_51,0.9998669097242987,0.9998819270227651,0.9999427007365986
2466,sq_57_52,0.9998669097242987,0.9998819270227652,0.9999427007365979
2467,sq_57_56,0.9998669097242987,0.9998819270227658,0.9999427007365979
2468,sq_57_57,0.9998669097242987,0.999881927022765,0.9999427007365979
2469,sq_57_58,0.9998669097242987,0.9998819270227658,0.9999427007365981
2470,sq_57_59,0.9998669097242987,0.9998819270227661,0.9999427007365976
2471,sq_57_60,0.9998669097242987,0.9998819270227666,0.999942700736598
2472,sq_57_61,0.9998669097242987,0.9998819270227657,0.9999427007365982
2473,sq_57_62,0.9998669097242987,0.9998819270227667,0.9999427007365973
2474,sq_57_71,0.9998669097242987,0.9998819270227661,0.9999427007365982
2475,sq_57_72,0.9998669097242987,0.9998819270227657,0.9999427007365981
2476,sq_57_74,0.9998669097242987,0.999881927022765,0.9999427007365979
2477,sq_58_39,0.9998669097242987,0.9998819270227667,0.9999427007365971
2478,sq_58_40,0.9998669097242987,0.999881927022765,0.9999427007365979
2479,sq_58_41,0.9998669097242987,0.9998819270227657,0.9999427007365985
2480,sq_58_42,0.9998669097242987,0.9998819270227663,0.999942700736598
2481,sq_58_47,0.9998669097242987,0.9998819270227657,0.9999427007365982
2482,sq_58_48,0.9998669097242987,0.9998819270227655,0.9999427007365974
2483,sq_58_49,0.9998669097242987,0.9998819270227658,0.9999427007365981
2484,sq_58_51,0.9998669097242987,0.9998819270227649,0.999942700736599
2485,sq_58_52,0.9998669097242987,0.9998819270227649,0.999942700736599
2486,sq_58_53,0.9998669097242987,0.9998819270227653,0.9999427007365985
2487,sq_58_58,0.9998669097242987,0.9998819270227657,0.9999427007365982
2488,sq_58_60,0.9998669097242987,0.9998819270227655,0.9999427007365989
2489,sq_58_61,0.9998669097242987,0.999881927022765,0.999942700736599
2490,sq_58_62,0.9998669097242987,0.9998819270227657,0.9999427007365981
2491,sq_58_63,0.9998669097242987,0.9998819270227665,0.9999427007365983
2492,sq_58_69,0.9998669097242987,0.9998819270227657,0.9999427007365979
2493,sq_58_75,0.9998669097242987,0.999881927022766,0.9999427007365972
2494,sq_58_76,0.9998669097242987,0.9998819270227667,0.9999427007365981
2495,sq_59_37,0.9998669097242987,0.9998819270227649,0.9999427007365985
2496,sq_59_39,0.9998669097242987,0.9998819270227652,0.9999427007365986
2497,sq_59_41,0.9998669097242987,0.9998819270227658,0.9999427007365982
2498,sq_59_47,0.9998669097242987,0.9998819270227665,0.9999427007365979
2499,sq_59_52,0.9998669097242987,0.9998819270227663,0.9999427007365973
2500,sq_59_53,0.9998669097242987,0.9998819270227663,0.999942700736598
2501,sq_59_54,0.9998669097242987,0.9998819270227646,0.9999427007365981
2502,sq_59_57,0.9998669097242987,0.9998819270227666,0.9999427007365982
2503,sq_59_58,0.9998669097242987,0.9998819270227652,0.9999427007365979
2504,sq_59_63,0.9998669097242987,0.9998819270227652,0.9999427007365982
2505,sq_59_65,0.9998669097242987,0.9998819270227662,0.9999427007365979
2506,sq_59_66,0.9998669097242987,0.9998819270227658,0.9999427007365979
2507,sq_59_68,0.9998669097242987,0.9998819270227647,0.9999427007365976
2508,sq_59_71,0.9998669097242987,0.9998819270227667,0.9999427007365969
2509,sq_59_72,0.9998669097242987,0.9998819270227657,0.9999427007365985
2510,sq_59_73,0.9998669097242987,0.9998819270227672,0.9999427007365974
2511,sq_59_74,0.9998669097242987,0.9998819270227661,0.9999427007365971
2512,sq_59_75,0.9998669097242987,0.999881927022766,0.9999427007365974
2513,sq_5_13,0.9998669097242987,0.9998819270227663,0.9999427007365977
2514,sq_5_40,0.9998669097242987,0.9998819270227645,0.999942700736598
2515,sq_60_28,0.9998669097242987,0.9998819270227643,0.9999427007365975
2516,sq_60_32,0.9998669097242987,0.9998819270227645,0.999942700736598
2517,sq_60_46,0.9998669097242987,0.999881927022765,0.9999427007365972
2518,sq_60_47,0.9998669097242987,0.9998819270227652,0.9999427007365995
2519,sq_60_56,0.9998669097242987,0.9998819270227659,0.9999427007365973
2520,sq_60_57,0.9998669097242987,0.9998819270227653,0.9999427007365977
2521,sq_60_63,0.9998669097242987,0.9998819270227672,0.9999427007365974
2522,sq_60_65,0.9998669097242987,0.9998819270227662,0.9999427007365979
2523,sq_61_30,0.9998669097242987,0.9998819270227652,0.9999427007365987
2524,sq_61_31,0.9998669097242987,0.9998819270227652,0.9999427007365991
2525,sq_61_38,0.9998669097242987,0.9998819270227663,0.9999427007365976
2526,sq_61_42,0.9998669097242987,0.9998819270227659,0.9999427007365973
2527,sq_61_51,0.9998669097242987,0.9998819270227662,0.9999427007365979
2528,sq_61_52,0.9998669097242987,0.9998819270227649,0.9999427007365985
2529,sq_62_30,0.9998669097242987,0.9998819270227661,0.9999427007365973
2530,sq_62_31,0.9998669097242987,0.9998819270227662,0.999942700736597
2531,sq_62_34,0.9998669097242987,0.999881927022766,0.9999427007365977
2532,sq_62_38,0.9998669097242987,0.9998819270227651,0.9999427007365986
2533,sq_62_39,0.9998669097242987,0.9998819270227657,0.9999427007365969
2534,sq_62_41,0.9998669097242987,0.999881927022767,0.9999427007365973
2535,sq_62_50,0.9998669097242987,0.9998819270227642,0.9999427007365966
2536,sq_62_51,0.9998669097242987,0.9998819270227653,0.9999427007365987
2537,sq_62_52,0.9998669097242987,0.9998819270227658,0.9999427007365976
2538,sq_62_53,0.9998669097242987,0.9998819270227655,0.9999427007365977
2539,sq_63_31,0.9998669097242987,0.999881927022765,0.9999427007365972
2540,sq_63_34,0.9998669097242987,0.9998819270227643,0.9999427007365993
2541,sq_63_35,0.9998669097242987,0.9998819270227645,0.9999427007365984
2542,sq_63_36,0.9998669097242987,0.9998819270227656,0.9999427007365983
2543,sq_63_37,0.9998669097242987,0.9998819270227657,0.9999427007365977
2544,sq_63_38,0.9998669097242987,0.9998819270227655,0.9999427007365975
2545,sq_63_41,0.9998669097242987,0.9998819270227662,0.9999427007365985
2546,sq_63_42,0.9998669097242987,0.9998819270227655,0.9999427007365977
2547,sq_63_43,0.9998669097242987,0.9998819270227656,0.9999427007365973
2548,sq_63_44,0.9998669097242987,0.999881927022766,0.9999427007365979
2549,sq_63_47,0.9998669097242987,0.9998819270227657,0.9999427007365979
2550,sq_63_48,0.9998669097242987,0.9998819270227648,0.9999427007365975
2551,sq_63_49,0.9998669097242987,0.9998819270227662,0.9999427007365972
2552,sq_64_34,0.9998669097242987,0.9998819270227642,0.9999427007365966
2553,sq_64_40,0.9998669097242987,0.9998819270227646,0.9999427007365986
2554,sq_64_41,0.9998669097242987,0.9998819270227646,0.9999427007365981
2555,sq_64_42,0.9998669097242987,0.9998819270227647,0.9999427007365976
2556,sq_64_43,0.9998669097242987,0.9998819270227661,0.9999427007365981
2557,sq_64_49,0.9998669097242987,0.9998819270227662,0.9999427007365983
2558,sq_65_39,0.9998669097242987,0.9998819270227658,0.9999427007365979
2559,sq_65_40,0.9998669097242987,0.999881927022766,0.9999427007365972
2560,sq_65_43,0.9998669097242987,0.9998819270227652,0.999942700736598
2561,sq_65_46,0.9998669097242987,0.9998819270227643,0.9999427007365991
2562,sq_65_47,0.9998669097242987,0.9998819270227652,0.9999427007365974
2563,sq_66_38,0.9998669097242987,0.9998819270227646,0.9999427007365981
2564,sq_66_39,0.9998669097242987,0.9998819270227663,0.9999427007365982
2565,sq_66_41,0.9998669097242987,0.999881927022764,0.9999427007365989
2566,sq_66_42,0.9998669097242987,0.9998819270227669,0.9999427007365977
2567,sq_66_43,0.9998669097242987,0.9998819270227651,0.9999427007365992
2568,sq_66_50,0.9998669097242987,0.9998819270227642,0.9999427007365966
2569,sq_66_52,0.9998669097242987,0.9998819270227641,0.9999427007365984
2570,sq_67_37,0.9998669097242987,0.9998819270227658,0.9999427007365983
2571,sq_67_38,0.9998669097242987,0.9998819270227665,0.999942700736598
2572,sq_67_39,0.9998669097242987,0.9998819270227662,0.9999427007365977
2573,sq_67_41,0.9998669097242987,0.9998819270227656,0.9999427007365982
2574,sq_67_42,0.9998669097242987,0.999881927022764,0.9999427007365994
2575,sq_67_44,0.9998669097242987,0.9998819270227661,0.9999427007365971
2576,sq_67_45,0.9998669097242987,0.9998819270227658,0.9999427007365976
2577,sq_67_49,0.9998669097242987,0.9998819270227648,0.9999427007365994
2578,sq_67_52,0.9998669097242987,0.9998819270227648,0.999942700736597
2579,sq_68_36,0.9998669097242987,0.9998819270227651,0.9999427007365972
2580,sq_68_37,0.9998669097242987,0.9998819270227655,0.9999427007365979
2581,sq_68_41,0.9998669097242987,0.9998819270227651,0.9999427007365972
2582,sq_68_44,0.9998669097242987,0.999881927022765,0.999942700736598
2583,sq_68_49,0.9998669097242987,0.9998819270227657,0.9999427007365986
2584,sq_69_35,0.9998669097242987,0.9998819270227657,0.9999427007365979
2585,sq_69_36,0.9998669097242987,0.9998819270227668,0.999942700736598
2586,sq_69_41,0.9998669097242987,0.9998819270227658,0.9999427007365976
2587,sq_69_47,0.9998669097242987,0.9998819270227655,0.9999427007365977
2588,sq_6_14,0.9998669097242987,0.9998819270227669,0.9999427007365979
2589,sq_6_15,0.9998669097242987,0.999881927022767,0.9999427007365979
2590,sq_6_18,0.9998669097242987,0.9998819270227647,0.9999427007365976
2591,sq_6_21,0.9998669097242987,0.999881927022767,0.999942700736598
2592,sq_6_23,0.9998669097242987,0.999881927022767,0.9999427007365976
2593,sq_6_24,0.9998669097242987,0.9998819270227669,0.9999427007365979
2594,sq_6_27,0.9998669097242987,0.999881927022766,0.9999427007365981
2595,sq_6_32,0.9998669097242987,0.9998819270227666,0.9999427007365983
2596,sq_6_34,0.9998669097242987,0.9998819270227656,0.9999427007365981
2597,sq_6_36,0.9998669097242987,0.9998819270227653,0.9999427007365987
2598,sq_6_39,0.9998669097242987,0.9998819270227652,0.9999427007365986
2599,sq_6_40,0.9998669097242987,0.999881927022766,0.9999427007365973
2600,sq_70_35,0.9998669097242987,0.9998819270227651,0.9999427007365986
2601,sq_70_37,0.9998669097242987,0.9998819270227655,0.9999427007365979
2602,sq_70_46,0.9998669097242987,0.9998819270227667,0.9999427007365975
2603,sq_71_34,0.9998669097242987,0.9998819270227653,0.9999427007365974
2604,sq_71_35,0.9998669097242987,0.9998819270227657,0.9999427007365969
2605,sq_71_46,0.9998669097242987,0.9998819270227652,0.9999427007365987
2606,sq_73_43,0.9998669097242987,0.9998819270227657,0.9999427007365983
2607,sq_73_45,0.9998669097242987,0.999881927022765,0.9999427007365975
2608,sq_74_42,0.9998669097242987,0.999881927022765,0.999942700736598
2609,sq_7_11,0.9998669097242987,0.9998819270227668,0.9999427007365983
2610,sq_7_40,0.9998669097242987,0.9998819270227661,0.9999427007365977
2611,sq_7_41,0.9998669097242987,0.9998819270227672,0.999942700736597
2612,sq_7_44,0.9998669097242987,0.9998819270227645,0.999942700736598
2613,sq_7_45,0.9998669097242987,0.9998819270227643,0.9999427007365993
2614,sq_7_46,0.9998669097242987,0.9998819270227655,0.9999427007365982
2615,sq_8_10,0.9998669097242987,0.9998819270227659,0.999942700736598
2616,sq_8_11,0.9998669097242987,0.9998819270227657,0.9999427007365977
2617,sq_8_12,0.9998669097242987,0.9998819270227649,0.9999427007365974
2618,sq_8_19,0.9998669097242987,0.9998819270227665,0.9999427007365982
2619,sq_8_24,0.9998669097242987,0.9998819270227677,0.9999427007365974
2620,sq_8_30,0.9998669097242987,0.9998819270227663,0.9999427007365979
2621,sq_8_32,0.9998669097242987,0.9998819270227669,0.9999427007365979
2622,sq_8_40,0.9998669097242987,0.999881927022767,0.9999427007365973
2623,sq_8_41,0.9998669097242987,0.9998819270227665,0.999942700736598
2624,sq_8_42,0.9998669097242987,0.9998819270227661,0.9999427007365981
2625,sq_8_43,0.9998669097242987,0.999881927022767,0.9999427007365977
2626,sq_8_52,0.9998669097242987,0.9998819270227642,0.9999427007365991
2627,sq_8_6,0.9998669097242987,0.9998819270227659,0.9999427007365975
2628,sq_9_10,0.9998669097242987,0.9998819270227662,0.9999427007365971
2629,sq_9_11,0.9998669097242987,0.9998819270227655,0.9999427007365985
2630,sq_9_12,0.9998669097242987,0.9998819270227649,0.9999427007365977
2631,sq_9_13,0.9998669097242987,0.9998819270227652,0.9999427007365977
2632,sq_9_17,0.9998669097242987,0.999881927022767,0.9999427007365971
2633,sq_9_19,0.9998669097242987,0.999881927022767,0.9999427007365977
2634,sq_9_21,0.9998669097242987,0.9998819270227662,0.9999427007365981
2635,sq_9_34,0.9998669097242987,0.9998819270227673,0.9999427007365976
2636,sq_9_35,0.9998669097242987,0.9998819270227667,0.999942700736598
2637,sq_9_37,0.9998669097242987,0.9998819270227673,0.9999427007365973
2638,sq_9_38,0.9998669097242987,0.9998819270227662,0.9999427007365979
2639,sq_9_4,0.9998669097242987,0.9998819270227666,0.9999427007365979
2640,sq_9_5,0.9998669097242987,0.999881927022766,0.9999427007365972
2641,sq_9_6,0.9998669097242987,0.9998819270227667,0.999942700736598
2642,sq_12_3,0.9998669097242987,0.999881927022763,0.999942700736601
2643,sq_20_15,0.9998669097242987,0.9998819270227629,0.9999427007365993
2644,sq_20_16,0.9998669097242987,0.999881927022763,0.9999427007365991
2645,sq_12_13,0.9998669097242987,0.999881927022763,0.999942700736601
2646,sq_13_55,0.9998669097242987,0.9998819270227627,0.9999427007365992
2647,sq_15_11,0.9998669097242987,0.999881927022763,0.999942700736601
2648,sq_14_15,0.9998669097242987,0.999881927022763,0.9999427007365991
2649,sq_17_12,0.9998669097242987,0.999881927022763,0.9999427007365991
2650,sq_20_8,0.9998669097242987,0.9998819270227627,0.9999427007365992
2651,sq_25_2,0.9998669097242987,0.999881927022763,0.999942700736601
2652,sq_22_20,0.9998669097242987,0.9998819270227627,0.999942700736598
2653,sq_39_38,0.9998669097242987,0.9998819270227606,0.999942700736599
2654,sq_25_12,0.9998669097242987,0.9998819270227627,0.9999427007365992
2655,sq_26_4,0.9998669097242987,0.9998819270227627,0.9999427007365992
2656,sq_26_9,0.9998669097242987,0.9998819270227617,0.9999427007365995
2657,sq_24_23,0.9998669097242987,0.999881927022763,0.999942700736601
2658,sq_23_13,0.9998669097242987,0.999881927022763,0.9999427007365991
2659,sq_28_7,0.9998669097242987,0.999881927022763,0.9999427007365991
2660,sq_28_8,0.9998669097242987,0.9998819270227627,0.9999427007365992
2661,sq_21_51,0.9998669097242987,0.999881927022763,0.9999427007365991
2662,sq_18_5,0.9998669097242987,0.999881927022763,0.9999427007365991
2663,sq_23_11,0.9998669097242987,0.999881927022763,0.9999427007365991
2664,sq_50_48,0.9998669097242987,0.999881927022763,0.9999427007365991
2665,sq_17_56,0.9998669097242987,0.9998819270227627,0.9999427007365992
2666,sq_27_50,0.9998669097242987,0.9998819270227595,0.9999427007366
2667,sq_25_13,0.9998669097242987,0.9998819270227606,0.999942700736599
2668,sq_42_21,0.9998669097242987,0.9998819270227619,0.9999427007365983
2669,sq_28_6,0.9998669097242987,0.999881927022763,0.999942700736601
2670,sq_27_2,0.9998669097242987,0.999881927022763,0.9999427007365991
2671,sq_29_19,0.9998669097242987,0.999881927022763,0.9999427007365991
2672,sq_28_53,0.9998669097242987,0.999881927022763,0.9999427007365991
2673,sq_31_64,0.9998669097242987,0.999881927022763,0.9999427007365991
2674,sq_39_66,0.9998669097242987,0.999881927022763,0.999942700736601
2675,sq_33_13,0.9998669097242987,0.999881927022763,0.9999427007365991
2676,sq_38_22,0.9998669097242987,0.9998819270227606,0.999942700736599
2677,sq_37_19,0.9998669097242987,0.999881927022763,0.9999427007365991
2678,sq_38_69,0.9998669097242987,0.9998819270227627,0.9999427007365992
2679,sq_39_68,0.9998669097242987,0.9998819270227606,0.999942700736599
2680,sq_40_33,0.9998669097242987,0.9998819270227606,0.999942700736599
2681,sq_38_23,0.9998669097242987,0.999881927022763,0.9999427007365991
2682,sq_42_37,0.9998669097242987,0.999881927022763,0.9999427007365991
2683,sq_40_27,0.9998669097242987,0.9998819270227627,0.9999427007365992
2684,sq_41_66,0.9998669097242987,0.999881927022763,0.9999427007365991
2685,sq_40_69,0.9998669097242987,0.999881927022763,0.9999427007365991
2686,sq_68_39,0.9998669097242987,0.999881927022763,0.999942700736601
2687,sq_43_61,0.9998669097242987,0.999881927022763,0.999942700736601
2688,sq_43_38,0.9998669097242987,0.999881927022763,0.9999427007365991
2689,sq_44_24,0.9998669097242987,0.9998819270227627,0.9999427007365992
2690,sq_52_17,0.9998669097242987,0.999881927022763,0.999942700736601
2691,sq_53_48,0.9998669097242987,0.999881927022763,0.999942700736601
2692,sq_56_47,0.9998669097242987,0.999881927022763,0.9999427007365991
2693,sq_58_56,0.9998669097242987,0.9998819270227627,0.9999427007365992
2694,sq_58_57,0.9998669097242987,0.999881927022763,0.9999427007365991
2695,sq_59_48,0.9998669097242987,0.9998819270227606,0.999942700736599
2696,sq_45_22,0.9998669097242987,0.999881927022763,0.9999427007365991
2697,sq_44_28,0.9998669097242987,0.999881927022763,0.9999427007365991
2698,sq_52_12,0.9998669097242987,0.9998819270227608,0.9999427007365994
2699,sq_49_60,0.9998669097242987,0.999881927022763,0.9999427007365991
2700,sq_49_50,0.9998669097242987,0.999881927022763,0.9999427007365991
2701,sq_49_66,0.9998669097242987,0.9998819270227606,0.999942700736599
2702,sq_51_16,0.9998669097242987,0.999881927022763,0.9999427007365991
2703,sq_54_14,0.9998669097242987,0.999881927022765,0.9999427007365987
2704,sq_50_37,0.9998669097242987,0.9998819270227627,0.9999427007365992
2705,sq_54_50,0.9998669097242987,0.999881927022763,0.9999427007365991
2706,sq_53_50,0.9998669097242987,0.999881927022763,0.9999427007365991
2707,sq_53_65,0.9998669097242987,0.999881927022763,0.9999427007365991
2708,sq_55_36,0.9998669097242987,0.999881927022763,0.9999427007365991
2709,sq_57_63,0.9998669097242987,0.999881927022763,0.9999427007365991
2710,sq_57_73,0.9998669097242987,0.9998819270227627,0.9999427007365992
2711,sq_59_61,0.9998669097242987,0.999881927022763,0.9999427007365991
2712,sq_59_38,0.9998669097242987,0.999881927022763,0.9999427007365991
2713,sq_60_62,0.9998669097242987,0.999881927022763,0.9999427007365991
2714,sq_62_42,0.9998669097242987,0.9998819270227627,0.9999427007365992
2715,sq_62_47,0.9998669097242987,0.999881927022763,0.9999427007365991
2716,sq_66_45,0.9998669097242987,0.999881927022763,0.999942700736601
2717,sq_69_46,0.9998669097242987,0.999881927022763,0.9999427007365991
2718,sq_6_13,0.9998669097242987,0.999881927022765,0.9999427007365987
2719,sq_73_38,0.9998669097242987,0.9998819270227606,0.999942700736599
2720,sq_16_9,0.9998669097242987,0.999881927022763,0.9999427007365991
2721,sq_7_42,0.9998669097242987,0.999881927022763,0.9999427007365991
2722,sq_9_52,0.9998669097242987,0.9998819270227627,0.9999427007365992
2723,sq_8_5,0.9998669097242987,0.999881927022763,0.9999427007365991
