node_aa,grid_id,chi_hat,l_r_hat,l_f_hat,l_R,l_F,l_R_new,l_F_new,lr_pct,lf_pct,dist_center_km,delta_residents,delta_workers
1,sq_10_16,0.9998669097242988,0.999881927022766,0.999942700736598,352.0,71.0,351.95843831201364,70.99593175229846,-0.011807297723398502,-0.005729926340203306,72.77631345321522,-0.041561687986359175,-0.0040682477015394625
2,sq_10_17,0.9998669097242988,0.9998795429716558,0.9999435596820812,264.0,114.0,263.96819934451713,113.99356580375725,-0.01204570283441786,-0.005644031791884885,71.24744828593433,-0.03180065548286848,-0.006434196242750545
3,sq_10_18,0.9998669097242988,0.9998805815862284,0.99994316638793,1075.0,646.0,1074.8716252051954,645.9632854866028,-0.011941841377161033,-0.005683361206998416,69.76118544689798,-0.1283747948045857,-0.03671451339721443
4,sq_10_19,0.9998669097242988,0.9998814704222984,0.9999428599397172,2948.0,1176.0,2947.6505748049353,1175.9328032891074,-0.011852957770164263,-0.005714006028278984,68.32030403790239,-0.3494251950646685,-0.06719671089263102
5,sq_10_20,0.9998669097242988,0.9998813438004654,0.9999428684067236,983.0,1018.0,982.8833609558575,1017.9418400380447,-0.011865619953455031,-0.005713159327636053,66.92773385822665,-0.11663904414251647,-0.0581599619553117
6,sq_10_21,0.9998669097242988,0.9998814916351788,0.9999428386434682,1133.0,890.0,1132.8657300226575,889.9491263926867,-0.011850836482119043,-0.005716135653177634,65.58655099785737,-0.1342699773424556,-0.05087360731329227
7,sq_10_22,0.9998669097242988,0.9998805634119752,0.9999432026418532,1441.0,739.0,1440.8278918766562,738.9580267523295,-0.011943658802482382,-0.0056797358146787325,64.29996979614573,-0.17210812334383263,-0.04197324767051214
8,sq_10_23,0.9998669097242988,0.9998815897932122,0.999942813199643,6473.0,2803.0,6472.233530731462,2802.839705398599,-0.011841020678782233,-0.005718680035704526,63.071330497751184,-0.7664692685375485,-0.16029460140089213
9,sq_10_24,0.9998669097242988,0.9998814716803645,0.9999428586747872,3557.0,2077.0,3556.5783947670566,2076.881317467533,-0.011852831963554689,-0.005714132521283943,61.90408193906846,-0.42160523294342056,-0.11868253246711902
10,sq_10_25,0.9998669097242988,0.999881839578038,0.9999427193280898,3123.0,3734.0,3122.6309850022126,3733.786113971087,-0.011816042196199916,-0.005728067191024255,60.801758644845215,-0.3690149977874171,-0.2138860289128388
11,sq_10_26,0.9998669097242988,0.9998813706289332,0.9999428870075832,1558.0,1069.0,1557.815175439878,1068.9389462111064,-0.011862937106676963,-0.00571129924168412,59.767951820146635,-0.1848245601220242,-0.06105378889355961
12,sq_10_27,0.9998669097242988,0.9998810521507168,0.9999430033555162,1723.0,877.0,1722.795052855685,876.9500139427877,-0.01189478492832352,-0.0056996644483775505,58.80627390004906,-0.20494714431492866,-0.04998605721232252
13,sq_10_28,0.9998669097242988,0.99988110593707,0.9999429782115276,1115.0,610.0,1114.867433119833,609.9652167090318,-0.011889406292997506,-0.0057021788472444435,57.92031657809699,-0.13256688016690532,-0.03478329096822108
14,sq_10_29,0.9998669097242988,0.9998794667917076,0.9999435447042756,359.0,342.0,358.956728578223,341.98069228886226,-0.01205332082924171,-0.005645529572440022,57.113602577676026,-0.043271421776978514,-0.01930771113774199
15,sq_10_30,0.9998669097242988,0.9998814473201156,0.999942871957302,2315.0,797.0,2314.7255505460676,796.9544689499697,-0.011855267988436502,-0.005712804269797367,56.38953185157524,-0.2744494539324478,-0.04553105003026303
16,sq_10_31,0.9998669097242988,0.999879151003251,0.9999454747622296,2214.0,2236.0,2213.732440321198,2235.8780815683454,-0.012084899674902339,-0.0054525237770386425,55.75132337440953,-0.26755967880217213,-0.12191843165464888
17,sq_10_32,0.9998669097242988,0.9992447745068972,1.0007195231323809,4936.0,6190.0,4932.272206966045,6194.453848189438,-0.07552254931028068,0.07195231323808837,55.20195419613691,-3.727793033955095,4.453848189437849
18,sq_10_33,0.9998669097242988,1.0002850449559582,0.9999400960879724,3948.0,4102.0,3949.125357486123,4101.754274152863,0.028504495595815804,-0.005990391202759238,54.744097903640295,1.1253574861229936,-0.24572584713678225
19,sq_10_34,0.9998669097242988,1.0023443356174817,0.9987523618281052,4146.0,1189.0,4155.71961547008,1187.5165582136171,0.23443356174817076,-0.12476381718947716,54.380065031905524,9.719615470079589,-1.4834417863828548
20,sq_10_35,0.9998669097242988,0.9999032433163982,0.9999309606048123,675.0,314.0,674.9346892385688,313.9783216299111,-0.009675668360176193,-0.006903939518765334,54.111748213408745,-0.06531076143119208,-0.02167837008892093
21,sq_10_36,0.9998669097242988,1.0020250469317722,0.9985891225268512,1929.0,1476.0,1932.9063155313886,1473.9175448496323,0.20250469317721898,-0.14108774731488305,53.94057489760359,3.9063155313886,-2.0824551503676503
22,sq_10_37,0.9998669097242988,0.9999029111763672,0.9999318179353478,1489.0,583.0,1488.8554347416107,582.9602498563078,-0.009708882363279603,-0.0068182064652200225,53.867470273855794,-0.14456525838932066,-0.03975014369223118
23,sq_10_39,0.9998669097242988,0.9998819270227663,0.999942700736598,465.0,102.0,464.94509606558637,101.994155475133,-0.011807297723365195,-0.005729926340203306,54.01652232098885,-0.054903934413630395,-0.005844524867001155
24,sq_10_40,0.9998669097242988,0.9999256549077564,0.999907498922866,402.0,352.0,401.97011327291807,351.96743962084884,-0.007434509224357733,-0.009250107713398847,54.23786603030731,-0.029886727081930076,-0.03256037915116394
25,sq_10_41,0.9998669097242988,0.9998476957768418,0.999959963111856,824.0,308.0,823.8745013201177,307.9876686384516,-0.015230422315815062,-0.004003688814402384,54.555674406200296,-0.12549867988229835,-0.012331361548376663
26,sq_10_42,0.9998669097242988,0.9998840071815408,0.9999415338199013,1100.0,626.0,1099.872407899695,625.9634001712582,-0.011599281845919851,-0.005846618009874849,54.96827363181079,-0.1275921003050371,-0.03659982874182788
27,sq_10_43,0.9998669097242988,0.9998811764879584,0.9999429350946496,782.0,477.0,781.9070800135835,476.9727800401479,-0.011882351204162145,-0.005706490535040132,55.473548036969056,-0.09291998641651844,-0.027219959852118336
28,sq_10_44,0.9998669097242988,0.99988151841312,0.9999428423628752,4529.0,2157.0,4528.46339689302,2156.876710976722,-0.011848158687999266,-0.005715763712477173,56.06899164094124,-0.5366031069797828,-0.12328902327817559
29,sq_10_45,0.9998669097242988,0.9998815061036522,0.9999428470524117,4656.0,2528.0,4655.448292418605,2527.8555173484965,-0.011849389634777108,-0.005715294758834588,56.751765810609115,-0.5517075813950214,-0.1444826515034947
30,sq_10_46,0.9998669097242988,0.9998861387901614,0.999937270132744,1701.0,1198.0,1700.8063220820645,1197.9248496190273,-0.011386120983858383,-0.006272986725597285,57.51876019611517,-0.1936779179354744,-0.07515038097267279
31,sq_10_47,0.9998669097242988,0.9998816238182456,0.9999427786987416,1232.0,1721.0,1231.8541605440787,1720.9015221405343,-0.011837618175436493,-0.00572213012584033,58.36665426079604,-0.14583945592130476,-0.09847785946567456
32,sq_10_48,0.9998669097242988,0.999879069934195,0.9999437211461776,381.0,189.0,380.9539256449283,188.98936329662757,-0.012093006580504717,-0.005627885382242237,59.291977053288036,-0.04607435507170976,-0.010636703372426837
33,sq_10_50,0.9998669097242988,0.9998814884917914,0.9999428551758314,809.0,370.0,808.9041241898592,369.97885641505763,-0.011851150820862966,-0.00571448241686312,61.36060451941961,-0.0958758101407966,-0.021143584942365123
34,sq_10_51,0.9998669097242988,0.9998785044754748,0.9999439414424196,168.0,118.0,167.97958875187976,117.9933850902055,-0.012149552452522805,-0.005605855758039624,62.496693919262,-0.02041124812024009,-0.0066149097944929736
35,sq_11_18,0.9998669097242988,0.9998805546705536,0.9999431021132236,541.0,303.0,540.9353800767695,302.9827599403067,-0.01194453294464104,-0.005689788677643026,67.99480619616493,-0.06461992323045251,-0.01724005969327891
36,sq_11_19,0.9998669097242988,0.999881495849293,0.9999428547809286,4077.0,2793.0,4076.5168585775673,2792.8403934031335,-0.01185041507070217,-0.005714521907140835,66.51612884934111,-0.4831414224327091,-0.15960659686652434
37,sq_11_20,0.9998669097242988,0.9998818104418856,0.999942738844767,6185.0,4360.0,6184.268997583063,4359.750341363184,-0.011818955811437881,-0.005726115523296826,65.08540990909405,-0.7310024169373719,-0.24965863681609335
38,sq_11_21,0.9998669097242988,0.9998815824050282,0.9999428124184808,2138.0,2604.0,2137.7468231819503,2603.851083537724,-0.011841759497177584,-0.005718758151918024,63.705879302886835,-0.2531768180497238,-0.14891646227579258
39,sq_11_22,0.9998669097242988,0.9998812326587976,0.9999429296287384,1530.0,787.0,1529.8182859679603,786.9550856178172,-0.011876734120241927,-0.005707037126156944,62.380931831608805,-0.18171403203973568,-0.044914382182810186
40,sq_11_23,0.9998669097242988,0.9998804888858024,0.999943508644451,5297.0,3341.0,5296.366949628095,3340.8112623811107,-0.01195111141976124,-0.0056491355548971,61.1141163549892,-0.6330503719045737,-0.1887376188892631
41,sq_11_24,0.9998669097242988,0.9998814823802034,0.999942851032681,2374.0,1812.0,2373.7186391706027,1811.896446071218,-0.01185176197966431,-0.005714896731900954,59.909119397011246,-0.281360829397272,-0.10355392878204839
42,sq_11_25,0.9998669097242988,0.9998813928497732,0.9999428768134916,2344.0,1695.0,2343.721984839868,1694.9031761988683,-0.011860715022682378,-0.005712318650841208,58.76974231845808,-0.2780151601318721,-0.0968238011316771
43,sq_11_26,0.9998669097242988,0.9998816779149446,0.9999427697870334,1509.0,1743.0,1508.8214519736514,1742.9002477387994,-0.011832208505535569,-0.005723021296655251,57.69987129104107,-0.1785480263486079,-0.09975226120059233
44,sq_11_27,0.9998669097242988,0.9998817366523288,0.999942765684459,1954.0,924.0,1953.7689134186505,923.94711549244,-0.011826334767117697,-0.005723431554105485,56.70343948484781,-0.2310865813494729,-0.052884507559952
45,sq_11_29,0.9998669097242988,0.9998811141432709,0.9999429697177764,1197.0,774.0,1196.8576936294953,773.9558585615589,-0.011888585672914509,-0.00570302822235913,54.94657780173672,-0.1423063705046843,-0.044141438441101855
46,sq_11_30,0.9998669097242988,0.9998800009991864,0.9999433891134764,1278.0,381.0,1277.84664127696,380.9784312522345,-0.01199990008136087,-0.0056610886523644766,54.1937967994366,-0.15335872303990072,-0.021568747765513763
47,sq_11_31,0.9998669097242988,1.0048561728041374,0.997125967501344,1043.0,2248.0,1048.0649882347154,2241.5391749430214,0.4856172804137415,-0.28740324986560317,53.52962410449886,5.064988234715429,-6.460825056978592
48,sq_11_32,0.9998669097242988,0.9969977571162478,1.0057085610414205,1594.0,12318.0,1589.214424843299,12388.318054908217,-0.3002242883752171,0.5708561041420479,52.95739258041452,-4.785575156701043,70.31805490821716
49,sq_11_33,0.9998669097242988,0.999880881642773,0.999943869369498,19704.0,14778.0,19701.6528918892,14777.170501542441,-0.011911835722699937,-0.005613063050202705,52.48010874322488,-2.3471081108000362,-0.8294984575586568
50,sq_11_35,0.9998669097242988,0.9998693194022146,0.9999506667105746,741.0,509.0,740.903165677041,508.9748893556825,-0.01306805977854264,-0.004933328942535731,51.82035302034704,-0.09683432295901184,-0.025110644317521746
51,sq_11_36,0.9998669097242988,0.9987020404456008,1.0009357219222652,3704.0,1645.0,3699.1923578105057,1646.5392625621262,-0.1297959554399153,0.09357219222652091,51.64164569755691,-4.807642189494345,1.5392625621261686
52,sq_11_37,0.9998669097242988,0.999878264670048,0.9999446233284888,3789.0,1002.0,3788.538744834812,1001.9445125751457,-0.012173532995196634,-0.005537667151123138,51.56531155000441,-0.46125516518804943,-0.05548742485427738
53,sq_11_38,0.9998669097242988,0.9998819270227668,0.9999427007365976,938.0,451.0,937.8892475473552,450.97415803220554,-0.011807297723320787,-0.005729926340236613,51.591804103498866,-0.11075245264476052,-0.025841967794463017
54,sq_11_39,0.9998669097242988,0.999904201257672,0.9999239993392338,1153.0,1082.0,1152.8895440500958,1081.917767285051,-0.009579874232801266,-0.00760006607661845,51.72096451144415,-0.11045594990423524,-0.08223271494898654
55,sq_11_40,0.9998669097242988,1.0019163187987086,0.9979864604192868,1733.0,1916.0,1736.320980478162,1912.1420581633536,0.19163187987085717,-0.2013539580713153,51.95202624840197,3.320980478162028,-3.8579418366464324
56,sq_11_41,0.9998669097242988,0.9976012059910808,1.001408852827226,3152.0,1426.0,3144.4390012838867,1428.0090241316243,-0.23987940089191806,0.1408852827226026,52.28363756739266,-7.560998716113318,2.009024131624301
57,sq_11_42,0.9998669097242988,1.0003076025183328,0.9997592436356608,1505.0,345.0,1505.462941790091,344.916939054303,0.030760251833283903,-0.024075636433917857,52.71390020825203,0.46294179009100844,-0.08306094569701372
58,sq_11_43,0.9998669097242988,0.9998824525632818,0.9999422995996038,2745.0,1978.0,2744.6773322862086,1977.8858686080164,-0.011754743671821277,-0.005770040039621005,53.240421832230595,-0.32266771379136117,-0.11413139198361932
59,sq_11_44,0.9998669097242988,0.9998795574049324,0.9999435027012504,426.0,224.0,425.9486914545012,223.9873446050801,-0.012044259506760469,-0.0056497298749569325,53.86037893404471,-0.0513085454987845,-0.012655394919903529
60,sq_11_45,0.9998669097242988,0.99987910350358,0.999943734434377,912.0,210.0,911.889742395265,209.98818423121918,-0.012089649641999767,-0.0056265565622992675,54.57058660517566,-0.11025760473501123,-0.01181576878082069
61,sq_11_46,0.9998669097242988,0.9998792839899342,0.9999436496193737,393.0,138.0,392.9525586080441,137.99222364747357,-0.012071601006580224,-0.005635038062634656,55.367571494213365,-0.04744139195588559,-0.0077763525264344935
62,sq_11_47,0.9998669097242988,0.9998815768124052,0.9999428055462216,1548.0,1983.0,1547.8166809056033,1982.8865833981574,-0.011842318759480719,-0.005719445377838639,56.24764458613226,-0.1833190943966656,-0.11341660184257307
63,sq_11_48,0.9998669097242988,0.999880691871585,0.999943145374102,2008.0,1035.0,2007.7604292781427,1034.9411554621956,-0.01193081284149855,-0.005685462589799517,57.20697092471378,-0.23957072185726247,-0.05884453780436161
64,sq_11_49,0.9998669097242988,0.9998794131126651,0.9999434422990714,186.0,129.0,185.97757083895573,128.9927040565802,-0.012058688733485035,-0.005655770092860557,58.24163403827638,-0.02242916104427195,-0.007295943419791229
65,sq_11_50,0.9998669097242988,0.9998812510110884,0.9999428922145364,686.0,978.0,685.9185381936067,977.9441485858166,-0.011874898891162111,-0.005710778546363926,59.34769350960823,-0.08146180639334943,-0.0558514141833939
66,sq_11_51,0.9998669097242988,0.9998808560235516,0.9999430137131234,679.0,586.0,678.9191012399915,585.9666060358903,-0.011914397644841035,-0.005698628687655916,60.52123478253864,-0.08089876000849472,-0.033393964109677654
67,sq_11_52,0.9998669097242988,0.9998805025306572,0.99994320682708,571.0,300.0,570.9317669450053,299.982962048124,-0.01194974693428108,-0.005679317291995556,61.75841086832581,-0.06823305499472099,-0.017037951875977342
68,sq_11_53,0.9998669097242988,0.9998790333761862,0.9999437821733068,780.0,249.0,779.9056460334252,248.9860017611534,-0.012096662381377854,-0.005621782669318343,62.995087244608065,-0.09435396657477213,-0.013998238846596678
69,sq_11_54,0.9998669097242988,0.999877048913541,0.9999444093944344,294.0,79.0,293.96385238058105,78.99560834216032,-0.012295108645898889,-0.005559060556559192,64.28584263427562,-0.036147619418954946,-0.0043916578396761
70,sq_12_20,0.9998669097242988,0.9998818701774848,0.9999427179868056,10474.0,11369.0,10472.762708238975,11368.348760791992,-0.011812982251524495,-0.0057282013194437376,63.27375927620927,-1.2372917610246077,-0.6512392080076097
71,sq_12_21,0.9998669097242988,0.9998817948149988,0.9999427475707888,8637.0,6005.0,8635.979061817145,6004.656199162587,-0.01182051850011634,-0.005725242921117424,61.85427554622592,-1.0209381828553887,-0.34380083741325507
72,sq_12_22,0.9998669097242988,0.9998810186805878,0.9999445830764108,865.0,3393.0,864.8970811587084,3392.811970378262,-0.011898131941223689,-0.0055416923589235445,60.48920656251707,-0.10291884129162554,-0.1880296217382238
73,sq_12_23,0.9998669097242988,0.9992003930115484,1.0004480790288055,7242.0,4068.0,7236.209246189634,4069.8227854891807,-0.07996069884516066,0.044807902880550365,59.18231639837706,-5.790753810366368,1.82278548918066
74,sq_12_25,0.9998669097242988,0.9998813309729472,0.9999429079414776,1651.0,676.0,1650.8040774363358,675.9614057684388,-0.011866902705282012,-0.005709205852244548,56.758965397878924,-0.1959225636642259,-0.03859423156120556
75,sq_12_26,0.9998669097242988,0.9998817276181028,0.9999427651689834,4292.0,3399.0,4291.492374936897,3398.8054588093746,-0.01182723818972109,-0.005723483101660598,55.65079487779325,-0.5076250631027506,-0.19454119062538666
76,sq_12_27,0.9998669097242988,0.99988177815491,0.9999427468050232,3169.0,3642.0,3168.62535497291,3641.7914838638944,-0.011822184509002742,-0.005725319497684733,54.617313641537706,-0.3746450270900823,-0.2085161361055725
77,sq_12_28,0.9998669097242988,0.9998815048001366,0.9999428421762242,1908.0,1162.0,1907.7739111586607,1161.9335826087724,-0.011849519986339985,-0.00571578237757997,53.66283585925757,-0.22608884133933316,-0.06641739122756007
78,sq_12_29,0.9998669097242988,0.9998813310702966,0.9999429104060517,2362.0,1847.0,2361.7197039880407,1846.8945555199773,-0.01186689297033583,-0.005708959394834512,52.791645617636675,-0.2802960119593081,-0.10544448002269746
79,sq_12_30,0.9998669097242988,0.9998781598917156,0.9999439299180584,1200.0,258.0,1199.8537918700588,257.98553391885906,-0.012184010828442116,-0.005607008194163932,52.00792732922434,-0.1462081299412148,-0.014466081140938059
80,sq_12_31,0.9998669097242988,0.9999545339541018,0.999905423451936,3397.0,744.0,3396.8455518420838,743.9296350482404,-0.004546604589816816,-0.009457654806399596,51.315687691427335,-0.15444815791624933,-0.07036495175964319
81,sq_12_32,0.9998669097242988,0.9998736888077984,0.9999502255178117,4451.0,1938.0,4450.437788883511,1937.903537053519,-0.012631119220163356,-0.0049774482188347235,50.71867134214549,-0.5622111164893795,-0.09646294648109688
82,sq_12_33,0.9998669097242988,0.9998816594976178,0.9999427978754768,5464.0,5914.0,5463.3533874949835,5913.66170663557,-0.011834050238224147,-0.00572021245232035,50.22027328986237,-0.6466125050164919,-0.33829336442977365
83,sq_12_34,0.9998669097242988,0.9998816514641812,0.9999427758410092,4732.0,3314.0,4731.439974728505,3313.8103591371046,-0.01183485358188241,-0.005722415899078737,49.82345204283892,-0.560025271494851,-0.18964086289543047
84,sq_12_35,0.9998669097242988,0.9998792642339605,0.999943722800981,3319.0,809.0,3318.5992779925145,808.9544717459936,-0.012073576603954805,-0.0056277199019016955,49.53064798918559,-0.40072200748545583,-0.04552825400639904
85,sq_12_36,0.9998669097242988,0.9998796480038936,0.9999443124185962,7403.0,4543.0,7402.109034172824,4542.747011317682,-0.012035199610638259,-0.005568758140384045,49.3437118512403,-0.8909658271759326,-0.2529886823176639
86,sq_12_39,0.9998669097242988,1.003170927395553,0.9979683745645014,1628.0,1251.0,1633.16226979996,1248.4584365801911,0.3170927395552914,-0.20316254354986185,49.42671287594238,5.162269799960086,-2.541563419808881
87,sq_12_40,0.9998669097242988,0.9999048263191916,0.9999297372998284,1482.0,448.0,1481.858952605042,447.9685223103231,-0.009517368080835809,-0.00702627001716305,49.66838242438496,-0.14104739495792273,-0.03147768967687625
88,sq_12_41,0.9998669097242988,1.0002249496962643,0.999790728390596,1658.0,378.0,1658.3729665964063,377.9208953316453,0.022494969626429828,-0.02092716094039826,50.01503913162574,0.37296659640628604,-0.07910466835471652
89,sq_12_42,0.9998669097242988,1.0480349487695506,0.9818417213018656,1706.0,641.0,1787.9476226008533,629.3605433544959,4.803494876955061,-1.8158278698134356,50.46451875430919,81.94762260085326,-11.639456645504083
90,sq_12_43,0.9998669097242988,1.0000841921757908,0.9997713468519333,929.0,2149.0,929.0782145313096,2148.5086243848045,0.008419217579080929,-0.022865314806674863,51.01410281382461,0.07821453130964073,-0.4913756151954658
91,sq_12_44,0.9998669097242988,0.9998819270227668,0.999942700736598,1180.0,332.0,1179.8606738868648,331.98097664455054,-0.011807297723320787,-0.005729926340203306,51.66059595361449,-0.13932611313521193,-0.019023355449462542
92,sq_12_45,0.9998669097242988,0.9998814668888304,0.9999427871756968,849.0,1015.0,848.899365388617,1014.9419289833323,-0.01185331111696053,-0.005721282430315444,52.40041087076663,-0.1006346113830432,-0.05807101666766812
93,sq_12_46,0.9998669097242988,0.9998811572383572,0.9999429733441813,577.0,431.0,576.9314277265321,430.9754215113421,-0.011884276164275676,-0.005702665581874822,53.22965608671408,-0.06857227346790751,-0.02457848865788037
94,sq_12_47,0.9998669097242988,0.9998813852565344,0.9999428792772304,890.0,583.0,889.8944328783156,582.9666986186253,-0.011861474346563927,-0.005712072276964353,54.14422229317312,-0.10556712168443028,-0.033301381374712946
95,sq_12_48,0.9998669097242988,0.9998794854614632,0.9999435759419448,694.0,188.0,693.9163629102554,187.98939227708564,-0.012051453853678673,-0.0056424058055171145,55.139863767519635,-0.0836370897445704,-0.010607722914357964
96,sq_12_50,0.9998669097242988,0.9998816829526788,0.9999427682516387,1799.0,1870.0,1798.7871476318692,1869.8929766305644,-0.011831704732123693,-0.005723174836125278,57.35714166836723,-0.2128523681308252,-0.1070233694356375
97,sq_12_51,0.9998669097242988,0.9998813530078492,0.9999428933682502,1572.0,1468.0,1571.813486928339,1467.9161674645911,-0.011864699215080599,-0.005710663174984809,58.570222715452246,-0.18651307166101105,-0.08383253540887381
98,sq_12_52,0.9998669097242988,0.999879965519495,0.9999434066948648,549.0,223.0,548.9341010702027,222.98737969295485,-0.012003448050501575,-0.0056593305135188565,59.84736745762299,-0.06589892979729939,-0.012620307045153822
99,sq_12_53,0.9998669097242988,0.9998809480995096,0.9999430102819435,569.0,320.0,568.9322594686209,319.9817632902219,-0.011905190049044112,-0.005698971805645492,61.18456411909602,-0.06774053137905867,-0.018236709778079785
100,sq_12_54,0.9998669097242988,0.999880485039754,0.9999431917568984,595.0,472.0,594.9288885986537,471.97318650925604,-0.011951496024598107,-0.00568082431016137,62.250642689092814,-0.07111140134634297,-0.026813490743961665
101,sq_13_10,0.9998669097242988,0.9998819270227666,0.9999427007365984,18.0,25.0,17.997874686409798,24.99856751841496,-0.011807297723342991,-0.005729926340158897,78.3627670311466,-0.0021253135902021825,-0.0014324815850415007
102,sq_13_11,0.9998669097242988,0.999881927022766,0.9999427007365976,78.0,108.0,77.99079030777575,107.99381167955255,-0.011807297723398502,-0.005729926340236613,76.53158423067079,-0.009209692224246169,-0.006188320447449769
103,sq_13_12,0.9998669097242988,0.9998819270227666,0.9999427007365984,34.0,135.0,33.99598551877406,134.99226459944077,-0.011807297723342991,-0.005729926340158897,74.72651523297105,-0.004014481225937061,-0.007735400559226946
104,sq_13_20,0.9998669097242988,0.9998818839787394,0.9999427138607404,10387.0,8799.0,10385.773128887167,8798.495939260654,-0.011811602126055032,-0.005728613925959358,61.49541627840442,-1.2268711128326686,-0.5040607393457321
105,sq_13_21,0.9998669097242988,0.9998815835494173,0.9999428609779584,4948.0,3118.0,4947.414075402517,3117.821840529274,-0.011841645058274786,-0.005713902204163013,60.034350856861295,-0.5859245974834266,-0.17815947072585914
106,sq_13_22,0.9998669097242988,0.9998829582372324,0.9999416506748948,1591.0,2669.0,1590.8137865554368,2668.8442656512943,-0.011704176276761125,-0.00583493251051781,58.627357549664815,-0.1862134445632364,-0.15573434870566416
107,sq_13_23,0.9998669097242988,1.0005828689152911,0.9994589715708028,7432.0,4183.0,7436.331881778444,4180.736878080668,0.05828689152911348,-0.054102842919723226,57.27841979708501,4.331881778443858,-2.263121919331752
108,sq_13_24,0.9998669097242988,0.9998824021456884,0.9999422930673276,5353.0,3769.0,5352.37049868587,3768.782502570758,-0.011759785431164627,-0.005770693267237448,55.99173234362677,-0.6295013141298114,-0.2174974292420302
109,sq_13_25,0.9998669097242988,0.9998818829815772,0.9999427148988704,10793.0,9453.0,10791.725163020163,9452.458483939023,-0.011811701842279199,-0.0057285101129567195,54.77168110878528,-1.274836979837346,-0.5415160609773011
110,sq_13_26,0.9998669097242988,0.9998818984720004,0.9999427095129082,25326.0,22593.0,25323.00896070188,22591.705636025134,-0.011810152799962559,-0.005729048709179896,53.6228133357833,-2.9910392981182667,-1.2943639748664282
111,sq_13_27,0.9998669097242988,0.9998818837031012,0.999942715159665,22205.0,15122.0,22202.377227627363,15121.133738644454,-0.011811629689884029,-0.005728484033495906,52.5497966199687,-2.622772372636973,-0.8662613555461576
112,sq_13_28,0.9998669097242988,0.9998818426128784,0.99994272765656,9999.0,8508.0,9997.81854428617,8507.512726902012,-0.011815738712162016,-0.0057272343439995765,51.55736570687482,-1.181455713829564,-0.4872730979877815
113,sq_13_29,0.9998669097242988,0.999881318812678,0.9999429259448414,5281.0,1383.0,5280.373244649752,1382.9210665817156,-0.01186811873219451,-0.005707405515864572,50.65025645573424,-0.6267553502475494,-0.07893341828435041
114,sq_13_30,0.9998669097242988,0.9998649088805128,0.999948183789304,29.0,37.0,28.99608235753487,36.998082800204244,-0.0135091119487174,-0.005181621069605402,49.83312711535913,-0.0039176424651294894,-0.0019171997957556641
115,sq_13_31,0.9998669097242988,0.9998815865177112,0.9999428101970138,1071.0,1142.0,1070.8731791604687,1141.9346892449898,-0.011841348228880388,-0.0057189802986190585,49.110468054477415,-0.1268208395313195,-0.06531075501015948
116,sq_13_32,0.9998669097242988,0.9998814905701964,0.9999428514608906,2172.0,1671.0,2171.7425975184665,1670.9045047911482,-0.0118509429803626,-0.005714853910943063,48.48650228308784,-0.25740248153351786,-0.09549520885184393
117,sq_13_33,0.9998669097242988,0.999881871667489,0.9999427192739004,22941.0,19053.0,22938.290017923864,19051.908630325626,-0.011812833251101384,-0.005728072609956225,47.96508039574984,-2.7099820761359297,-1.0913696743737091
118,sq_13_34,0.9998669097242988,0.9998825858822348,0.9999423226424918,15017.0,14928.0,15015.23679219352,14927.138992407117,-0.011741411776522437,-0.005767735750816794,47.5495748059546,-1.7632078064798407,-0.8610075928827428
119,sq_13_35,0.9998669097242988,1.0013855179749098,0.9991323941834442,4537.0,2489.0,4543.286095052166,2486.8405291225927,0.13855179749098223,-0.0867605816555761,47.242779123931115,6.286095052166274,-2.1594708774073297
120,sq_13_36,0.9998669097242988,0.9989850544626012,1.0010422406060249,3341.0,3331.0,3337.6090669595505,3334.471703458669,-0.10149455373987815,0.1042240606024869,47.04681904753216,-3.390933040449454,3.4717034586687987
121,sq_13_37,0.9998669097242988,0.9998802995307132,0.999944195839444,4159.0,2923.0,4158.502165748237,2922.836884438695,-0.011970046928677647,-0.0055804160555950055,46.963081010448775,-0.49783425176337914,-0.16311556130494864
122,sq_13_38,0.9998669097242988,0.9998669708073754,0.9999514140932692,7636.0,2774.0,7634.9841890851185,2773.865222694729,-0.013302919262458968,-0.004858590673084695,46.99216397250886,-1.0158109148815129,-0.13477730527120002
123,sq_13_39,0.9998669097242988,0.9985039636499282,1.0014381840025046,2763.0,2009.0,2758.8664515647515,2011.8893116610318,-0.14960363500717833,0.14381840025046166,47.133858175762,-4.1335484352484855,2.8893116610317975
124,sq_13_41,0.9998669097242988,0.999835670556021,1.0000236394850175,4263.0,3982.0,4262.299463580317,3982.0941324293394,-0.01643294439790388,0.002363948501749036,47.750270490596215,-0.700536419682976,0.09413242933942456
125,sq_13_42,0.9998669097242988,0.9926797815073072,1.0143592226399225,5787.0,9286.0,5744.637895582787,9419.33974143432,-0.732021849269282,1.4359222639922509,48.22073014557075,-42.36210441721323,133.33974143431988
126,sq_13_43,0.9998669097242988,1.0292321279921512,0.9881921091518328,1309.0,1954.0,1347.264855541726,1930.9273812826812,2.9232127992151247,-1.1807890848167246,48.79542616724744,38.26485554172609,-23.072618717318846
127,sq_13_44,0.9998669097242988,1.0003568641400593,0.9997390376762144,969.0,235.0,969.3458013517175,234.9386738539104,0.03568641400593098,-0.026096232378558515,49.47072534076415,0.34580135171745496,-0.06132614608961262
128,sq_13_45,0.9998669097242988,0.9998829506233908,0.999942081126876,1954.0,1056.0,1953.7712855181057,1055.938837669981,-0.011704937660916848,-0.0057918873124007675,50.2425706913496,-0.22871448189425791,-0.06116233001898763
129,sq_13_46,0.9998669097242988,0.9998814155817678,0.9999427793000258,375.0,607.0,374.95553084316293,606.9652670351156,-0.011858441823220378,-0.005722069997415868,51.10658756424113,-0.0444691568370672,-0.03473296488436972
130,sq_13_47,0.9998669097242988,0.9998816151132036,0.9999428087508038,3786.0,2389.0,3785.551794818589,2388.86337010567,-0.011838488679638548,-0.00571912491962312,52.05818633532392,-0.4482051814111401,-0.1366298943298716
131,sq_13_48,0.9998669097242988,0.9998797816675236,0.999943421202925,550.0,334.0,549.9338799171379,333.981102681777,-0.012021833247644054,-0.005657879707499092,53.09265750451058,-0.06612008286208493,-0.01889731822302565
132,sq_13_49,0.9998669097242988,0.9998802415053888,0.999943297340952,662.0,254.0,661.9207198765674,253.98559752460181,-0.011975849461121069,-0.005670265904800242,54.20525621378888,-0.07928012343256796,-0.014402475398185288
133,sq_13_50,0.9998669097242988,0.9998813623878828,0.999942873627623,1003.0,1430.0,1002.8810064750464,1429.918309287501,-0.011863761211716728,-0.005712637237698104,55.39127449067847,-0.11899352495356652,-0.08169071249903936
134,sq_13_51,0.9998669097242988,0.9998777399027272,0.9999442070362936,564.0,146.0,563.9310453051381,145.99185422729886,-0.012226009727278608,-0.005579296370639142,56.64610061813674,-0.06895469486187267,-0.00814577270114114
135,sq_13_52,0.9998669097242988,0.9998799962430251,0.9999434079364884,659.0,259.0,658.9209175241535,258.9853426555505,-0.012000375697485133,-0.005659206351160684,57.96526590360594,-0.07908247584646233,-0.014657344449517495
136,sq_13_53,0.9998669097242988,0.9998813988888704,0.9999428263815456,893.0,869.0,892.8940892077612,868.9503161255632,-0.011860111112960148,-0.005717361845436475,59.344479742212094,-0.10591079223877387,-0.049683874436823317
137,sq_13_54,0.9998669097242988,0.9998808201081474,0.999943035434866,484.0,679.0,483.9423169323433,678.961321060274,-0.011917989185261657,-0.0056964565134043355,60.377561976876834,-0.05768306765668285,-0.03867893972596903
138,sq_13_9,0.9998669097242988,0.999881927022766,0.999942700736598,18.0,13.0,17.997874686409787,12.999255109575774,-0.011807297723398502,-0.005729926340203306,80.21827662993807,-0.0021253135902128406,-0.0007448904242259857
139,sq_14_10,0.9998669097242988,0.999881927022766,0.9999427007365976,6.0,7.0,5.999291562136596,6.9995989051561835,-0.011807297723398502,-0.005729926340236613,76.99852263344896,-0.0007084378634036881,-0.0004010948438164519
140,sq_14_11,0.9998669097242988,0.9998819270227662,0.999942700736598,35.0,26.0,34.99586744579682,25.998510219151548,-0.011807297723376298,-0.005729926340203306,75.13467173827105,-0.004132554203181371,-0.0014897808484519715
141,sq_14_12,0.9998669097242988,0.9998819270227643,0.9999427007365992,22.0,64.0,21.997402394500817,63.99633284714235,-0.011807297723565036,-0.005729926340081182,73.29577522549818,-0.0025976054991829756,-0.0036671528576519563
142,sq_14_19,0.9998669097242988,0.9998818563162754,0.9999427161025464,1426.0,2525.0,1425.8315271070087,2524.8553581589294,-0.011814368372464745,-0.0057283897453630495,61.30714784881954,-0.16847289299130352,-0.1446418410705519
143,sq_14_20,0.9998669097242988,0.9998818445078969,0.999942720131408,1195.0,2510.0,1194.8588041869368,2509.856227529834,-0.011815549210314469,-0.005727986859205281,59.753275968956494,-0.1411958130631774,-0.14377247016591355
144,sq_14_21,0.9998669097242988,0.9998318419433584,1.0000296158303967,264.0,1067.0,263.9556062730466,1067.0316000910334,-0.016815805664160965,0.002961583039673421,58.248993736159925,-0.04439372695338761,0.03160009103339689
145,sq_14_22,0.9998669097242988,0.9962264011451906,1.0059958548032732,249.0,1830.0,248.06037388515244,1840.97241428999,-0.37735988548094346,0.5995854803273248,56.798239933180106,-0.939626114847556,10.972414289989956
146,sq_14_23,0.9998669097242988,0.9998827086728896,0.9999418784951732,2482.0,3953.0,2481.708882926112,3952.77024569142,-0.011729132711035817,-0.005812150482675804,55.405218109058815,-0.29111707388801733,-0.2297543085801408
147,sq_14_24,0.9998669097242988,0.9998816657997902,0.9999427922243752,3861.0,2087.0,3860.54311165299,2086.8806073722712,-0.01183342002097909,-0.005720777562479018,54.07438874817179,-0.4568883470101355,-0.11939262772875736
148,sq_14_25,0.9998669097242988,0.9998816536113464,0.999942799749396,4253.0,1265.0,4252.496672809057,1264.927641682986,-0.01183463886536007,-0.00572002506039615,52.81045240324514,-0.5033271909433097,-0.07235831701405004
149,sq_14_26,0.9998669097242988,0.9998818825631364,0.9999427154192602,22725.0,22996.0,22722.315781247275,22994.682683781306,-0.011811743686362952,-0.005728458073983589,51.61832175842427,-2.684218752725428,-1.3173162186940317
150,sq_14_27,0.9998669097242988,0.9998818575985148,0.9999427232059476,11703.0,9459.0,11701.617379475418,9458.458218805057,-0.01181424014852217,-0.005727679405242991,50.503080611546366,-1.3826205245823076,-0.5417811949428142
151,sq_14_28,0.9998669097242988,0.9998818174032456,0.9999427377526684,9808.0,6221.0,9806.840865091033,6220.64377155935,-0.011818259675444587,-0.005726224733160201,49.46992800019507,-1.1591349089667347,-0.3562284406498293
152,sq_14_29,0.9998669097242988,0.9998817926759924,0.9999427462378664,5364.0,3591.0,5363.365935914024,3590.7944017401783,-0.011820732400757983,-0.005725376213361333,48.52410621568745,-0.6340640859762061,-0.20559825982172697
153,sq_14_30,0.9998669097242988,0.9998608092222342,0.9999500926498588,44.0,22.0,43.99387560577831,21.998902038296894,-0.013919077776580746,-0.0049907350141209506,47.67081231246869,-0.006124394221693308,-0.001097961703106165
154,sq_14_31,0.9998669097242988,0.9998816876442096,0.9999427745433902,2239.0,3116.0,2238.7350986353854,3115.821685477204,-0.011831235579040644,-0.005722545660979961,46.91509395342236,-0.2649013646146159,-0.17831452279597215
155,sq_14_32,0.9998669097242988,0.9998816946045784,0.9999427815992626,6401.0,5044.0,6400.242727163906,5043.711390386681,-0.01183053954215696,-0.005721840073735773,46.2617320020927,-0.7572728360937617,-0.2886096133188403
156,sq_14_33,0.9998669097242988,0.9998818985898844,0.999942709629852,34289.0,25449.0,34284.950420748544,25447.542017370102,-0.011810141011558972,-0.005729037014801097,45.7151140661025,-4.049579251455725,-1.4579826298977423
157,sq_14_34,0.9998669097242988,0.999881678366522,0.9999428342121328,22900.0,13749.0,22897.290434593353,13748.214027582613,-0.01183216334780246,-0.005716578786718607,45.279105004537776,-2.709565406647016,-0.7859724173868017
158,sq_14_35,0.9998669097242988,0.99988176360817,0.9999427621573924,10577.0,4248.0,10575.749413683614,4247.756853644603,-0.011823639182995116,-0.005723784260758258,44.95692194606855,-1.250586316386034,-0.24314635539667506
159,sq_14_36,0.9998669097242988,0.9998706613743464,0.9999530056438808,751.0,971.0,750.9028666921341,970.9543684802082,-0.012933862565356335,-0.00469943561192121,44.75102229518113,-0.09713330786587449,-0.04563151979175473
160,sq_14_37,0.9998669097242988,1.000856421496296,0.9989824507702731,2228.0,4550.0,2229.9081070937477,4545.370151004743,0.08564214962960559,-0.10175492297268551,44.66301323510723,1.9081070937477307,-4.629848995256907
161,sq_14_38,0.9998669097242988,0.9953639245617824,1.007941533148499,323.0,2188.0,321.5025476334557,2205.376074528916,-0.4636075438217646,0.7941533148499103,44.69359019170445,-1.4974523665442803,17.37607452891598
162,sq_14_39,0.9998669097242988,0.9998777504013924,0.9999469853836624,9724.0,7936.0,9722.81124490314,7935.579276004745,-0.012224959860762663,-0.005301461633755444,44.842509620371,-1.1887550968604046,-0.4207239952547752
163,sq_14_40,0.9998669097242988,0.99988215767872,0.999942267921793,1308.0,11813.0,1307.8458622437659,11812.31801096014,-0.011784232127998173,-0.005773207820702897,45.10859855907288,-0.1541377562341495,-0.6819890398601274
164,sq_14_41,0.9998669097242988,0.999881704853469,0.999942797534005,22017.0,7883.0,22014.39549575883,7882.549072960561,-0.011829514653094453,-0.00572024659950543,45.48980008523592,-2.604504241171526,-0.4509270394391933
165,sq_14_42,0.9998669097242988,0.9998514266179274,0.9999939923091584,8584.0,8188.0,8582.724646088289,8187.950809027389,-0.014857338207263648,-0.0006007690841580704,45.98325064616493,-1.2753539117111359,-0.049190972610631434
166,sq_14_43,0.9998669097242988,0.9998814764018796,0.9999428831715624,7769.0,1414.0,7768.079190166203,1413.9192368045892,-0.011852359812036806,-0.005711682843756449,46.58538269228552,-0.9208098337967385,-0.08076319541078192
167,sq_14_44,0.9998669097242988,0.9998812496631972,0.9999429518284176,3506.0,851.0,3505.5836613191696,850.9514520059834,-0.011875033680275315,-0.005704817158236342,47.292044470887625,-0.41633868083044945,-0.048547994016644225
168,sq_14_45,0.9998669097242988,0.9998814146013154,0.999942867859602,1993.0,2121.0,1992.7636593004215,2120.8788227302157,-0.011858539868458973,-0.005713214039804182,48.09862836073776,-0.23634069957847714,-0.12117726978431165
169,sq_14_46,0.9998669097242988,0.9998813031204066,0.9999429000903104,1126.0,519.0,1125.8663473135778,518.9703651468711,-0.011869687959342734,-0.005709990968960632,49.000199655512674,-0.13365268642223782,-0.0296348531288686
170,sq_14_47,0.9998669097242988,0.9998789423348412,0.9999437790852256,424.0,117.0,423.9486715499727,116.99342215297139,-0.01210576651587969,-0.0056220914774418596,49.99161898733346,-0.05132845002731301,-0.006577847028609085
171,sq_14_48,0.9998669097242988,0.999879788448832,0.9999434888750092,744.0,215.0,743.910562605931,214.98785010812696,-0.012021155116803683,-0.005651112499083233,51.067653297575575,-0.08943739406902296,-0.012149891873036722
172,sq_14_50,0.9998669097242988,0.9998801337547992,0.999943319812658,567.0,355.0,566.9320358389712,354.9798785334936,-0.01198662452007726,-0.0056680187341950905,53.4527274345541,-0.06796416102883995,-0.02012146650639579
173,sq_14_51,0.9998669097242988,0.999881206936554,0.9999429527876494,1006.0,558.0,1005.8804941781733,557.9681676555084,-0.011879306344597662,-0.005704721235055832,54.75161747229523,-0.11950582182669223,-0.03183234449159045
174,sq_14_52,0.9998669097242988,0.9998927313065286,0.999920545173804,415.0,179.0,414.95548349220934,178.9857775861109,-0.010726869347144063,-0.007945482619597932,56.11493445915175,-0.04451650779066085,-0.014222413889086738
175,sq_14_53,0.9998669097242988,0.999880130627285,0.9999433792692592,1007.0,309.0,1006.879291541676,308.9825041942011,-0.011986937271502018,-0.005662073074075291,57.538098759187044,-0.12070845832397481,-0.01749580579888743
176,sq_14_54,0.9998669097242988,0.9998805204789704,0.9999432100678232,900.0,316.0,899.8924684310733,315.98205438143214,-0.011947952102964177,-0.0056789932176837254,59.01678080764047,-0.10753156892667448,-0.017945618567864585
177,sq_14_7,0.9998669097242988,0.9998819270227656,0.9999427007365982,39.0,33.0,38.995395153887856,32.99810912430774,-0.011807297723442911,-0.005729926340181102,82.72283568601829,-0.004604846112144401,-0.001890875692261318
178,sq_14_8,0.9998669097242988,0.9998819270227652,0.9999427007365984,73.0,58.0,72.99138067266186,57.996676642722704,-0.011807297723476218,-0.005729926340158897,80.79416187786535,-0.008619327338138305,-0.003323357277295713
179,sq_14_9,0.9998669097242988,0.9998819270227648,0.9999427007365976,32.0,11.0,31.996221664728473,10.999369708102574,-0.011807297723520627,-0.005729926340236613,78.88556045370561,-0.0037783352715266005,-0.0006302918974263605
180,sq_15_12,0.9998669097242988,0.9998819270227652,0.9999427007365982,68.0,57.0,67.99197103754804,56.99673394198609,-0.011807297723476218,-0.005729926340181102,71.91057217584003,-0.008028962451959387,-0.0032660580139065587
181,sq_15_13,0.9998669097242988,0.9998819270227658,0.9999427007365984,41.0,35.0,40.995159007933395,34.997994525780946,-0.011807297723420707,-0.005729926340158897,70.06330798957457,-0.004840992066604599,-0.0020054742190538377
182,sq_15_2,0.9998669097242988,0.9998819270227628,0.9999427007365992,0.0,2.0,0.0,1.9998854014731984,-0.011807297723720467,-0.005729926340081182,91.52543708016563,0.0,-0.00011459852680162363
183,sq_15_20,0.9998669097242988,0.9998819095385268,0.9999426908690504,4753.0,2604.0,4752.438716036618,2603.8507670230074,-0.01180904614731526,-0.005730913094958989,58.050516675046275,-0.5612839633822659,-0.1492329769926073
184,sq_15_21,0.9998669097242988,0.9999161732948764,0.9999171649815178,282.0,180.0,281.97636086915514,179.9850896966732,-0.008382670512363521,-0.008283501848216357,56.50139772473005,-0.023639130844856027,-0.014910303326786334
185,sq_15_22,0.9998669097242988,1.0017324880616194,0.9985043165921388,1628.0,1103.0,1630.8204905643163,1101.3502612011291,0.17324880616194083,-0.14956834078612147,55.00503345602942,2.8204905643162874,-1.6497387988708851
186,sq_15_23,0.9998669097242988,0.9998980547505144,0.9999328060089836,946.0,384.0,945.9035597939867,383.97419750744973,-0.010194524948559103,-0.0067193991016401,53.565843672419916,-0.09644020601331249,-0.025802492550269562
187,sq_15_24,0.9998669097242988,0.9998814953837368,0.9999428385304844,2999.0,1655.0,2998.6446046558267,1654.9053977679516,-0.011850461626317088,-0.005716146951562084,52.188557156809864,-0.3553953441733029,-0.09460223204837348
188,sq_15_25,0.9998669097242988,0.999881574010428,0.9999428165950992,2027.0,1827.0,2026.7599505191374,1826.8955259192462,-0.0118425989572013,-0.0057183404900795765,50.87819989106499,-0.24004948086258082,-0.10447408075378917
189,sq_15_26,0.9998669097242988,0.9998812650275244,0.9999429211919888,2652.0,1540.0,2651.6851148529945,1539.9120986356627,-0.011873497247560927,-0.005707880801120169,49.64007091467092,-0.31488514700549786,-0.08790136433731277
190,sq_15_27,0.9998669097242988,0.999881862741602,0.9999427221751612,17070.0,12894.0,17067.983396999145,12893.26145972653,-0.011813725839804334,-0.005727782483877508,48.47970302530326,-2.016603000854957,-0.7385402734707895
191,sq_15_28,0.9998669097242988,0.9998818444033176,0.9999427287803644,11673.0,6433.0,11671.620769719926,6432.631574244084,-0.011815559668237885,-0.005727121963561288,47.40280563757229,-1.379230280073898,-0.3684257559161779
192,sq_15_29,0.9998669097242988,0.9998815015419844,0.9999429445023688,22884.0,12297.0,22881.288281286772,12296.298388545629,-0.011849845801559233,-0.005705549763124207,46.415187587911035,-2.711718713228038,-0.701611454371232
193,sq_15_3,0.9998669097242988,0.999881927022766,0.9999427007365984,23.0,21.0,22.99728432152362,20.998796715468565,-0.011807297723398502,-0.005729926340158897,89.49085471616033,-0.0027156784763811004,-0.0012032845314351448
194,sq_15_30,0.9998669097242988,0.9989849813775822,1.000851128173834,299.0,548.0,298.6965094318971,548.466418239261,-0.10150186224178182,0.0851128173833926,45.522658613851654,-0.30349056810291586,0.4664182392609746
195,sq_15_31,0.9998669097242988,0.999881529555002,0.9999445228616308,2108.0,1497.0,2107.7502643019443,1496.9169507238614,-0.011847044499802006,-0.005547713836917545,44.7309097224363,-0.2497356980557015,-0.08304927613858126
196,sq_15_32,0.9998669097242988,0.9998817320371112,0.9999427650992944,5955.0,3589.0,5954.295714280997,3588.7945839413674,-0.011826796288882946,-0.00572349007056383,44.0453746983209,-0.7042857190026552,-0.20541605863263612
197,sq_15_33,0.9998669097242988,0.9998817671829756,0.9999428154320852,29046.0,20791.0,29042.56580959671,20789.811075648482,-0.011823281702438848,-0.005718456791481419,43.471077471699346,-3.4341904032917228,-1.188924351517926
198,sq_15_34,0.9998669097242988,0.9996678201985288,1.000265575907217,10398.0,23551.0,10394.545994424303,23557.254578190867,-0.03321798014711552,0.02655759072169861,43.01247270293064,-3.4540055756970105,6.254578190866596
199,sq_15_35,0.9998669097242988,0.999878768150684,0.9999445581889524,10021.0,5312.0,10019.785135638005,5311.705493099716,-0.012123184931600584,-0.005544181104755186,42.67328932764121,-1.2148643619948416,-0.29450690028443205
200,sq_15_36,0.9998669097242988,0.9981260004947972,1.001377502649066,2480.0,1963.0,2475.352481227097,1965.7040377001167,-0.1873999505202839,0.1377502649066109,42.45638843005998,-4.647518772902913,2.7040377001167144
201,sq_15_37,0.9998669097242988,1.0003754536664915,0.999626284180956,14763.0,6129.0,14768.542822478414,6126.709495745079,0.03754536664914987,-0.0373715819043996,42.36364717515354,5.542822478413655,-2.290504254920961
202,sq_15_38,0.9998669097242988,0.9998736161093392,0.9999556413413596,4499.0,4892.0,4498.431398875917,4891.782997441931,-0.012638389066077504,-0.004435865864038657,42.39587929879435,-0.5686011240832158,-0.21700255806899804
203,sq_15_39,0.9998669097242988,0.9998810978866568,0.9999430353744428,25439.0,6007.0,25435.97524913866,6006.657813494278,-0.01189021133432,-0.005696462555715431,42.552799800239725,-3.024750861339271,-0.34218650572165643
204,sq_15_40,0.9998669097242988,1.000129607093671,0.9997778131609064,14428.0,25497.0,14429.869971147484,25491.33490216363,0.012960709367093592,-0.02221868390935855,42.833037345560776,1.8699711474837386,-5.665097836368659
205,sq_15_41,0.9998669097242988,0.999881631245475,0.9999429575123892,26965.0,19509.0,26961.808186534236,19507.8871581092,-0.011836875452497786,-0.005704248761084774,43.23419314196356,-3.191813465764426,-1.1128418908010644
206,sq_15_42,0.9998669097242988,0.9996933197905686,1.000069606623374,19836.0,10930.0,19829.91669136572,10930.760800393478,-0.030668020943136476,0.006960662337407442,43.752940512674385,-6.083308634279092,0.7608003934783483
207,sq_15_43,0.9998669097242988,0.9998809621423318,0.9999430994775684,9816.0,3952.0,9814.831524389128,3951.7751291353507,-0.011903785766820274,-0.0056900522431568845,44.385155862575346,-1.1684756108716101,-0.2248708646493469
208,sq_15_44,0.9998669097242988,0.999881443812975,0.9999428807195788,4143.0,1014.0,4142.508821717155,1013.9420810496529,-0.0118556187025054,-0.005711928042118064,45.12606968974653,-0.49117828284488496,-0.057918950347129794
209,sq_15_45,0.9998669097242988,0.9998814339778932,0.9999428556945223,1384.0,914.0,1383.8359046254043,913.9477701047934,-0.0118566022106803,-0.005714430547765215,45.970425915879524,-0.16409537459571766,-0.05222989520655119
210,sq_15_46,0.9998669097242988,0.999881542411117,0.9999428286267492,1302.0,962.0,1301.8457682192743,961.9450011389328,-0.011845758888295865,-0.005717137325078614,46.91263887864358,-0.154231780725695,-0.05499886106724716
211,sq_15_47,0.9998669097242988,0.9998815182679848,0.9999428410219756,3229.0,2211.0,3228.617422487323,2210.873621499588,-0.011848173201522982,-0.00571589780243853,47.94693941363713,-0.3825775126770168,-0.12637850041210186
212,sq_15_48,0.9998669097242988,0.9998798965372194,0.9999434068292916,1060.0,350.0,1059.8726903294526,349.98019239025206,-0.012010346278057416,-0.005659317070838554,49.06750402959116,-0.12730967054744724,-0.019807609747942934
213,sq_15_49,0.9998669097242988,0.999881707589052,0.9999427625952482,1376.0,1972.0,1375.8372296425357,1971.8871278378294,-0.011829241094796217,-0.005723740475183092,50.26856377406765,-0.16277035746429647,-0.11287216217056084
214,sq_15_50,0.9998669097242988,0.9998816691125648,0.9999427667676604,2611.0,2725.0,2610.6910380529066,2724.8440394418744,-0.011833088743518072,-0.00572332323396374,51.54449165570227,-0.308961947093394,-0.15596055812557097
215,sq_15_51,0.9998669097242988,0.9998935001333044,0.9999328910281428,941.0,646.0,940.8997836254395,645.9566476041803,-0.010649986669564182,-0.006710897185724374,52.889869247065086,-0.10021637456054577,-0.043352395819738376
216,sq_15_52,0.9998669097242988,1.0021582592092295,0.9975415253707174,744.0,278.0,745.6057448516667,277.31654405305943,0.21582592092295183,-0.24584746292826143,54.299534290361095,1.6057448516667137,-0.683455946940569
217,sq_15_53,0.9998669097242988,0.999944864328128,0.9999191505839886,214.0,91.0,213.98820096621938,90.99264270314296,-0.0055135671871986425,-0.008084941601138596,55.76861181380816,-0.011799033780619084,-0.007357296857037454
218,sq_15_54,0.9998669097242988,0.9998799249610548,0.9999433965044084,327.0,135.0,326.96073546226495,134.99235852809514,-0.012007503894517768,-0.00566034955915562,56.88320479519074,-0.03926453773505045,-0.007641471904861419
219,sq_15_6,0.9998669097242988,0.9998819270227628,0.9999427007365992,0.0,2.0,0.0,1.9998854014731984,-0.011807297723720467,-0.005729926340081182,83.47070289256273,0.0,-0.00011459852680162363
220,sq_15_7,0.9998669097242988,0.999881927022766,0.9999427007365976,47.0,43.0,46.99445057007,42.9975361316737,-0.011807297723398502,-0.005729926340236613,81.4952766231676,-0.005549429929999405,-0.0024638683263020766
221,sq_16_0,0.9998669097242988,0.9998819270227663,0.9999427007365976,9.0,7.0,8.998937343204897,6.9995989051561835,-0.011807297723365195,-0.005729926340236613,94.52219457165457,-0.0010626567951028676,-0.0004010948438164519
222,sq_16_1,0.9998669097242988,0.9998819270227656,0.9999427007365967,5.0,6.0,4.999409635113828,5.999656204419581,-0.011807297723442911,-0.005729926340325431,92.09734818591606,-0.0005903648861718125,-0.0003437955804193038
223,sq_16_12,0.9998669097242988,0.9998819270227658,0.999942700736598,12.0,7.0,11.998583124273189,6.999598905156185,-0.011807297723420707,-0.005729926340203306,70.57352073706558,-0.0014168757268109289,-0.00040109484381467553
224,sq_16_13,0.9998669097242988,0.999881927022766,0.9999427007365984,24.0,13.0,23.997166248546385,12.99925510957578,-0.011807297723398502,-0.005729926340158897,68.69088967843534,-0.0028337514536147523,-0.0007448904242206567
225,sq_16_2,0.9998669097242988,0.999881927022766,0.9999427007365974,26.0,20.0,25.996930102591918,19.998854014731947,-0.011807297723398502,-0.005729926340258817,90.71705918385729,-0.0030698974080820562,-0.0011459852680530958
226,sq_16_20,0.9998669097242988,0.9998797912031654,0.9999434065778272,118.0,80.0,117.98581536197352,79.99547252622618,-0.012020879683460883,-0.00565934221727904,56.39062237504973,-0.01418463802647807,-0.004527473773819679
227,sq_16_21,0.9998669097242988,0.9998807211611148,0.999943051950213,1114.0,483.0,1113.867123373482,482.9724940919529,-0.011927883888518398,-0.005694804978695345,54.79508993111118,-0.13287662651805476,-0.027505908047089633
228,sq_16_22,0.9998669097242988,0.9998918110972054,0.9999361300941604,1639.0,1303.0,1638.8226783883197,1302.916777512691,-0.01081889027946259,-0.006386990583961971,53.251277621868965,-0.1773216116803269,-0.08322248730905812
229,sq_16_23,0.9998669097242988,0.9998805596912108,0.9999431697488792,601.0,344.0,600.9282163744177,343.98045039361443,-0.01194403087891871,-0.005683025112079854,51.76381164048089,-0.07178362558227036,-0.01954960638556713
230,sq_16_24,0.9998669097242988,0.9998815917196544,0.9999428102574396,1280.0,1262.0,1279.8484374011578,1261.9278265448888,-0.011840828034559436,-0.005718974256041509,50.33768575350332,-0.1515625988422471,-0.07217345511116946
231,sq_16_25,0.9998669097242988,0.9998815674267496,0.999942825819954,2323.0,1330.0,2322.7248811323393,1329.9239583405388,-0.011843257325039325,-0.005717418004602681,48.97825693352266,-0.2751188676606944,-0.07604165946122521
232,sq_16_26,0.9998669097242988,0.9998813103847144,0.9999429025763752,2454.0,1177.0,2453.7087356840893,1176.9327963323935,-0.01186896152856054,-0.005709742362480785,47.691227550874714,-0.2912643159106665,-0.06720366760646357
233,sq_16_27,0.9998669097242988,0.999881848969596,0.9999427209799286,2863.0,4019.0,2862.661733599953,4018.7697956183333,-0.011815103040402342,-0.005727902007135466,46.48261034920007,-0.3382664000469049,-0.230204381666681
234,sq_16_28,0.9998669097242988,0.9998812621564552,0.9999429475776488,3263.0,1288.0,3262.6125584165134,1287.9265164800117,-0.011873784354476946,-0.005705242235121144,45.35867231528072,-0.38744158348663404,-0.0734835199882582
235,sq_16_29,0.9998669097242988,0.9998819287970132,0.9999426979761312,5221.0,1822.0,5220.383550249206,1821.895595712511,-0.011807120298679141,-0.005730202386877714,44.32585386825701,-0.6164497507943452,-0.10440428748893282
236,sq_16_3,0.9998669097242988,0.999881927022766,0.9999427007365976,30.0,25.0,29.99645781068298,24.99856751841494,-0.011807297723398502,-0.005729926340236613,88.73021712006611,-0.0035421893170202168,-0.0014324815850592643
237,sq_16_30,0.9998669097242988,0.951438001786864,1.064305101265924,43.0,55.0,40.91183407683515,58.53678056962582,-4.8561998213136,6.4305101265923925,43.39066072503557,-2.0881659231648513,3.5367805696258188
238,sq_16_31,0.9998669097242988,1.0008567172913834,0.9994925744460198,12789.0,3314.0,12799.956557439502,3312.3183917141096,0.08567172913833687,-0.050742555398020084,42.55952751449903,10.956557439501921,-1.6816082858904338
239,sq_16_32,0.9998669097242988,0.9998818012512424,0.9999427744157188,17519.0,9114.0,17516.929276120514,9113.478446024861,-0.011819874875762526,-0.005722558428122859,41.83865479536397,-2.0707238794857403,-0.521553975138886
240,sq_16_33,0.9998669097242988,0.999702109302062,1.000165184074473,15231.0,16491.0,15226.462826779707,16493.724050572135,-0.029789069793795253,0.016518407447296823,41.23382449956852,-4.537173220292971,2.724050572134729
241,sq_16_34,0.9998669097242988,1.000634026454357,0.9994997075625444,14493.0,9824.0,14502.188945402995,9819.085127094435,0.06340264543569507,-0.050029243745564056,40.750202654678496,9.18894540299516,-4.914872905565062
242,sq_16_35,0.9998669097242988,0.999882435550412,0.9999422663954854,6214.0,4685.0,6213.26945451026,4684.729518062849,-0.01175644495879924,-0.005773360451455378,40.39214194740585,-0.7305454897395975,-0.27048193715108937
243,sq_16_36,0.9998669097242988,0.9998816017915344,0.9999428347702416,6829.0,2763.0,6828.191458634388,2762.8420524701774,-0.011839820846559768,-0.005716522975840466,40.162999476691354,-0.8085413656117453,-0.1579475298226498
244,sq_16_37,0.9998669097242988,0.9998821601424922,0.9999425438181754,13368.0,6092.0,13366.424716784835,6091.649976940324,-0.011783985750779546,-0.00574561818246222,40.064986067422424,-1.5752832151647453,-0.35002305967555003
245,sq_16_38,0.9998669097242988,0.9998791567018126,0.999944141318475,2369.0,2194.0,2368.713722226594,2193.8774460527343,-0.01208432981874008,-0.005585868152502282,40.09906214781873,-0.28627777340579996,-0.12255394726571467
246,sq_16_39,0.9998669097242988,0.9996291443921164,1.0002811201600887,16787.0,14496.0,16780.77444691046,14500.075117840646,-0.03708556078836356,0.028112016008874363,40.2648912874945,-6.2255530895417905,4.075117840646271
247,sq_16_4,0.9998669097242988,0.999881927022766,0.9999427007365976,15.0,37.0,14.99822890534149,36.99787992725411,-0.011807297723398502,-0.005729926340236613,86.48648617391895,-0.0017710946585101084,-0.00212007274588899
248,sq_16_40,0.9998669097242988,0.9995132569421048,1.0006611619949384,6792.0,59249.0,6788.694041150776,59288.173187038105,-0.048674305789520034,0.06611619949383751,40.56085653342214,-3.3059588492242256,39.173187038104516
249,sq_16_41,0.9998669097242988,0.9988841274014856,1.0017323986269038,1776.0,18024.0,1774.0182102650383,18055.224752851314,-0.11158725985144224,0.1732398626903775,40.984137725283844,-1.9817897349616942,31.224752851314406
250,sq_16_42,0.9998669097242988,1.0000974267036478,0.9996283108136272,10115.0,42239.0,10115.985471107397,42223.300220456804,0.009742670364776274,-0.037168918637275894,41.530841371477464,0.9854711073967337,-15.6997795431962
251,sq_16_45,0.9998669097242988,0.999881615777256,0.9999428114581814,1282.0,496.0,1281.8482314264422,495.97163448325796,-0.011838422274401683,-0.00571885418185758,43.86014722574144,-0.1517685735577743,-0.02836551674204202
252,sq_16_46,0.9998669097242988,0.9998819270227663,0.999942700736598,1352.0,884.0,1351.84036533478,883.9493474511526,-0.011807297723365195,-0.005729926340203306,44.846429425677016,-0.1596346652199827,-0.050652548847438084
253,sq_16_47,0.9998669097242988,0.9998816741414858,0.9999427866161889,2303.0,1253.0,2302.7274955478415,1252.9283116300846,-0.011832585851423438,-0.005721338381114993,45.92696848254623,-0.2725044521585005,-0.07168836991536409
254,sq_16_48,0.9998669097242988,0.9998813074725428,0.9999429198773752,1108.0,630.0,1107.8684886795775,629.9640395227464,-0.011869252745722036,-0.005708012262484186,47.09527656841811,-0.13151132042253266,-0.0359604772536386
255,sq_16_5,0.9998669097242988,0.9998819270227662,0.9999427007365984,44.0,47.0,43.99480478900171,46.99730693462013,-0.011807297723376298,-0.005729926340158897,84.3367239302783,-0.005195210998287791,-0.0026930653798729054
256,sq_16_50,0.9998669097242988,0.9998817184869212,0.999942759746866,1880.0,2394.0,1879.7776307554118,2393.8629668339972,-0.011828151307879953,-0.00572402531340277,49.66996595941098,-0.22236924458820795,-0.13703316600276594
257,sq_16_51,0.9998669097242988,0.9998800019066516,0.9999432800568684,351.0,235.0,350.9578806692347,234.98667081336407,-0.011999809334839462,-0.005671994313161122,51.064344251714786,-0.0421193307652743,-0.013329186635928636
258,sq_16_52,0.9998669097242988,0.9977034571986428,1.0009368510914682,1690.0,737.0,1686.1188426657063,737.6904592544121,-0.22965428013571598,0.09368510914682382,52.522597945167256,-3.8811573342936754,0.690459254412076
259,sq_16_54,0.9998669097242988,0.9998807329337176,0.9999431217207752,679.0,391.0,678.9190176619943,390.9777605928231,-0.011926706628240247,-0.005687827922484789,55.61041458790321,-0.08098233800569687,-0.02223940717692585
260,sq_16_55,0.9998669097242988,0.9998790962150866,0.9999437043162938,491.0,166.0,490.94063624160754,165.99065491650475,-0.012090378491336207,-0.005629568370624227,56.97829493641342,-0.05936375839246466,-0.009345083495247763
261,sq_16_56,0.9998669097242988,0.999876367513344,0.9999447902420764,253.0,112.0,252.96872098087601,111.99381650711256,-0.012363248665603344,-0.005520975792361327,58.352154013097135,-0.03127901912398556,-0.006183492887444686
262,sq_16_6,0.9998669097242988,0.9998819270227663,0.9999427007365982,34.0,28.0,33.995985518774056,27.99839562062475,-0.011807297723365195,-0.005729926340181102,82.31830791680875,-0.0040144812259441665,-0.0016043793752515967
263,sq_17_13,0.9998669097242988,0.9998819270227658,0.9999427007365976,41.0,47.0,40.995159007933395,46.99730693462009,-0.011807297723420707,-0.005729926340236613,67.36936811385655,-0.004840992066604599,-0.0026930653799084325
264,sq_17_14,0.9998669097242988,0.9998819270227662,0.9999427007365984,54.0,31.0,53.993624059229376,30.998223722834553,-0.011807297723376298,-0.005729926340158897,65.4761277116903,-0.006375940770624311,-0.0017762771654474818
265,sq_17_15,0.9998669097242988,0.9998819270227656,0.9999427007365972,55.0,56.0,54.9935059862521,55.99679124124944,-0.011807297723442911,-0.005729926340281022,63.609826148171365,-0.006494013747897043,-0.003208758750560037
266,sq_17_16,0.9998669097242988,0.9998749805728564,0.9999450712919208,141.0,89.0,140.98237226077276,88.99511134498096,-0.012501942714360226,-0.0054928708079216015,61.77290357305102,-0.017627739227236816,-0.004888655019044563
267,sq_17_17,0.9998669097242988,0.9998759781355104,0.9999447355175192,62.0,60.0,61.99231064440165,59.99668413105115,-0.01240218644895652,-0.005526448248083238,59.96805827085067,-0.00768935559835171,-0.0033158689488530513
268,sq_17_18,0.9998669097242988,0.999881443011574,0.9999428158382188,347.0,332.0,346.95886072501617,331.98101485828863,-0.01185569884259996,-0.005718416178124297,58.19827309211035,-0.041139274983834184,-0.01898514171136867
269,sq_17_20,0.9998669097242988,0.9998809788677134,0.9999430354069214,1088.0,449.0,1087.8705050080723,448.9744228977077,-0.011902113228656752,-0.005696459307857893,54.77740395212391,-0.129494991927686,-0.0255771022922886
270,sq_17_21,0.9998669097242988,0.9998807475580525,0.9999431216084778,847.0,308.0,846.8989931816704,307.9824814554112,-0.011925244194754825,-0.00568783915222415,53.133959539994514,-0.1010068183295516,-0.017518544588824625
271,sq_17_22,0.9998669097242988,0.999880313106962,0.9999432483619662,509.0,188.0,508.93907937144365,187.98933069204966,-0.011968689303798463,-0.005675163803375849,51.54090827857231,-0.060920628556345946,-0.01066930795033727
272,sq_17_23,0.9998669097242988,0.9998809561549944,0.9999430355537858,1352.0,930.0,1351.8390527215524,929.9470230650209,-0.011904384500560639,-0.005696444621416941,50.00306524135,-0.16094727844756562,-0.05297693497914224
273,sq_17_24,0.9998669097242988,0.9998814330838164,0.9999428719660928,1374.0,870.0,1373.8370890571637,869.9502986105007,-0.011856691618361559,-0.005712803390722776,48.525677980690546,-0.16291094283633356,-0.04970138949931879
274,sq_17_25,0.9998669097242988,0.9998816417207436,0.9999427985513728,3229.0,4650.0,3228.617821116281,4649.734013263884,-0.011835827925643638,-0.005720144862719767,47.114432456194756,-0.382178883719007,-0.2659867361162469
275,sq_17_26,0.9998669097242988,0.9998817869803912,0.9999427345507692,9102.0,7780.0,9100.92402509552,7779.554474804984,-0.011821301960879271,-0.005726544923079224,45.775444883614284,-1.0759749044791533,-0.4455251950157617
276,sq_17_27,0.9998669097242988,0.9998818577685246,0.999942717166424,14662.0,13671.0,14660.267798602106,13670.216886382183,-0.011814223147543768,-0.005728283357597785,44.51523456250329,-1.732201397893732,-0.7831136178174347
277,sq_17_28,0.9998669097242988,0.9998815706768656,0.999942829435168,10464.0,4375.0,10462.760755562722,4374.74987877886,-0.01184293231344391,-0.005717056483200977,43.340672244909804,-1.2392444372781029,-0.2501212211400343
278,sq_17_29,0.9998669097242988,0.9998819291219088,0.999942697442243,11162.0,4059.0,11160.682092858746,4058.767408918064,-0.01180708780912365,-0.005730255775704407,42.25889858625946,-1.3179071412541816,-0.23259108193587963
279,sq_17_31,0.9998669097242988,0.9998841333004064,0.9999412669437944,3527.0,2333.0,3526.5913381505334,2332.862975779872,-0.011586669959362528,-0.005873305620562874,40.402894853072105,-0.4086618494666254,-0.13702422012784155
280,sq_17_32,0.9998669097242988,0.9998818865780004,0.9999427139923148,11254.0,9180.0,11252.670751548816,9179.47411444945,-0.01181134219996327,-0.0057286007685175555,39.643062887361644,-1.3292484511839575,-0.5258855505508109
281,sq_17_33,0.9998669097242988,0.9998819270227668,0.9999427007365972,10851.0,7600.0,10849.718790124043,7599.564525598139,-0.011807297723320787,-0.005729926340281022,39.00440170075366,-1.281209875956847,-0.43547440186102904
282,sq_17_34,0.9998669097242988,0.9998821446612264,0.9999421976231746,14116.0,10460.0,14114.336354037872,10459.395387138406,-0.011785533877362031,-0.00578023768253999,38.49294161588421,-1.6636459621277027,-0.6046128615944326
283,sq_17_35,0.9998669097242988,0.9998819270227668,0.9999427007365972,22845.0,8042.0,22842.30262283511,8041.5391993237145,-0.011807297723320787,-0.005729926340281022,38.11380245025039,-2.6973771648918046,-0.4608006762855439
284,sq_17_36,0.9998669097242988,0.9998112671823128,0.9999893330517556,19236.0,22827.0,19232.36953551897,22826.756505572426,-0.0188732817687165,-0.0010666948244364427,37.870957223629055,-3.630464481029776,-0.24349442757375073
285,sq_17_37,0.9998669097242988,0.999881617904841,0.9999428482310794,21581.0,12192.0,21578.445196004373,12191.30320563332,-0.011838209515901976,-0.00571517689206269,37.76703391007259,-2.554803995626571,-0.6967943666804786
286,sq_17_38,0.9998669097242988,0.9998820926893984,0.9999425881185596,19087.0,12427.0,19084.749503162548,12426.28654254934,-0.011790731060157267,-0.005741188144037235,37.803177041935065,-2.250496837452374,-0.7134574506599165
287,sq_17_39,0.9998669097242988,1.0003949011232476,0.9996754958350736,15775.0,11554.0,15781.22956521923,11550.250678878441,0.039490112324758186,-0.03245041649263536,37.978985599592484,6.229565219229698,-3.7493211215587507
288,sq_17_40,0.9998669097242988,0.999881736450567,0.9999429877084642,3638.0,26433.0,3637.5697572071626,26431.492994097836,-0.011826354943300643,-0.005701229153576293,38.29253487200849,-0.4302427928373618,-1.5070059021636553
289,sq_17_41,0.9998669097242988,0.9999930447010328,0.9998103682061912,11512.0,27937.0,11511.91993059829,27931.702256576362,-0.0006955298967215029,-0.01896317938088199,38.74047956246028,-0.08006940171071619,-5.297743423638167
290,sq_17_42,0.9998669097242988,0.9998819187191418,0.9999426873526168,19864.0,11326.0,19861.654433437034,11325.350876955737,-0.011808128085821767,-0.005731264738317865,39.31822559822076,-2.345566562966269,-0.6491230442625238
291,sq_17_43,0.9998669097242988,0.9998816915765808,0.9999427823984088,5939.0,2446.0,5938.297366273313,2445.860045746508,-0.01183084234192,-0.005721760159116407,40.02015094301771,-0.7026337266870541,-0.13995425349185098
292,sq_17_44,0.9998669097242988,0.9998794836901344,0.9999433007306012,135.0,256.0,134.98373029816813,255.9854849870339,-0.01205163098656481,-0.0056699269398774454,40.839852416886934,-0.016269701831873817,-0.01451501296608626
293,sq_17_45,0.9998669097242988,0.9998819270227672,0.999942700736598,3647.0,883.0,3646.569387852032,882.949404750416,-0.011807297723276378,-0.005729926340203306,41.77039618375365,-0.4306121479680769,-0.05059524958403472
294,sq_17_47,0.9998669097242988,0.999881615454124,0.9999428082108872,1885.0,1270.0,1884.7768451310237,1269.9273664278267,-0.011838454587598246,-0.005719178911278711,43.93500715269824,-0.22315486897628034,-0.07263357217334487
295,sq_17_48,0.9998669097242988,0.9998808271799,0.9999430949718492,1451.0,447.0,1450.827080238035,446.9745634524166,-0.011917282009998864,-0.0056905028150811,45.154525392353165,-0.17291976196497671,-0.02543654758341063
296,sq_17_49,0.9998669097242988,0.9998811875250352,0.9999429594458054,1055.0,606.0,1054.8746528389122,605.965433424158,-0.01188124749648134,-0.005704055419464282,46.45609403086992,-0.1253471610878023,-0.03456657584195
297,sq_17_50,0.9998669097242988,0.9998805007194912,0.9999431530658712,649.0,460.0,648.9224449669498,459.97385041030077,-0.011949928050880576,-0.005684693412877362,47.83301522369989,-0.07755503305020284,-0.02614958969923009
298,sq_17_51,0.9998669097242988,0.999880188146336,0.9999433063568968,463.0,324.0,462.94452711175353,323.9816312596345,-0.011981185366405356,-0.005669364310323388,49.27897270282495,-0.05547288824647012,-0.018368740365474423
299,sq_17_52,0.9998669097242988,0.9998777469506556,0.999945516522068,2083.0,2294.0,2082.7453468982158,2293.875014901624,-0.012225304934443404,-0.005448347793202135,50.788070073952774,-0.2546531017842426,-0.12498509837587335
300,sq_17_53,0.9998669097242988,0.9998817264440626,0.999942753519456,1182.0,1529.0,1181.860200656882,1528.9124701312483,-0.01182735559374093,-0.005724648054394876,52.35484750255911,-0.13979934311805664,-0.08752986875174429
301,sq_17_54,0.9998669097242988,0.9998814484773726,0.9999428482062624,1280.0,2334.0,1279.848254051037,2333.8666077134167,-0.011855152262740809,-0.005715179373755319,53.97428201304077,-0.1517459489630255,-0.13339228658333013
302,sq_17_55,0.9998669097242988,0.999880606998944,0.999943148689587,682.0,230.0,681.9185739732798,229.986924198605,-0.01193930010560118,-0.005685131041299751,55.89907222923355,-0.08142602672023713,-0.013075801394990094
303,sq_18_13,0.9998669097242988,0.9998819270227656,0.9999427007365976,7.0,15.0,6.999173489159359,14.999140511048964,-0.011807297723442911,-0.005729926340236613,66.10172471519695,-0.0008265108406408928,-0.0008594889510362691
304,sq_18_14,0.9998669097242988,0.9998819270227652,0.9999427007365984,15.0,16.0,14.99822890534148,15.999083211785575,-0.011807297723476218,-0.005729926340158897,64.17169157717895,-0.0017710946585207665,-0.0009167882144254236
305,sq_18_15,0.9998669097242988,0.999881927022766,0.9999427007365986,71.0,52.0,70.9916168186164,51.99702043830313,-0.011807297723398502,-0.005729926340136693,62.26689272527585,-0.008383181383607052,-0.0029795616968684158
306,sq_18_16,0.9998669097242988,0.9998792507925596,0.9999430628485958,18.0,73.0,17.997826514266073,72.99584358794749,-0.012074920744042927,-0.005693715140420164,60.389714423902056,-0.0021734857339268387,-0.004156412052509495
307,sq_18_17,0.9998669097242988,0.9998819270227663,0.9999427007365976,277.0,389.0,276.96729378530625,388.9777105865365,-0.011807297723365195,-0.005729926340236613,58.54281210021452,-0.03270621469374646,-0.02228941346351121
308,sq_18_18,0.9998669097242988,0.9998806472144988,0.9999431271615662,393.0,272.0,392.953094355298,271.984530587946,-0.011935278550123662,-0.005687283843380797,56.72914126400467,-0.046905644702007976,-0.015469412054017084
309,sq_18_19,0.9998669097242988,0.9998814487537842,0.9999428688033636,894.0,758.0,893.8940151858831,757.9566945529496,-0.011855124621584778,-0.005713119663641741,54.95199077670004,-0.10598481411693683,-0.043305447050443036
310,sq_18_20,0.9998669097242988,0.9998764650891204,0.999944554027906,208.0,100.0,207.97430473853706,99.9944554027906,-0.012353491087957469,-0.005544597209394819,53.215018000259946,-0.025695261462942653,-0.005544597209393487
311,sq_18_21,0.9998669097242988,0.9998772945276768,0.9999444399831624,273.0,91.0,272.9665014060558,90.99494403846778,-0.01227054723231813,-0.005556001683759693,51.522284997115,-0.03349859394421628,-0.005055961532221431
312,sq_18_22,0.9998669097242988,0.9998819270227672,0.999942700736598,361.0,133.0,360.957375655219,132.99237919796752,-0.011807297723276378,-0.005729926340203306,49.878294457694565,-0.04262434478101795,-0.007620802032477059
313,sq_18_25,0.9998669097242988,0.9998809973007176,0.9999430424148212,1606.0,399.0,1605.8088816649524,398.9772739235137,-0.011900269928244445,-0.005695758517876293,45.29108172423798,-0.1911183350475767,-0.022726076486321745
314,sq_18_26,0.9998669097242988,0.99988161118243,0.9999428110714011,2268.0,3641.0,2267.7314941617515,3640.7917751109717,-0.011838881756998099,-0.0057188928598850275,43.89694439000688,-0.26850583824852947,-0.20822488902831537
315,sq_18_27,0.9998669097242988,0.9998809241249286,0.999943067690178,5379.0,4055.0,5378.359490867991,4054.769139483672,-0.011907587507142825,-0.005693230982195541,42.581584220892765,-0.6405091320093561,-0.23086051632799354
316,sq_18_28,0.9998669097242988,0.9998817164079344,0.9999427693741848,10902.0,5371.0,10900.710472279301,5370.692614308747,-0.011828359206556005,-0.005723062581519667,41.35251759213501,-1.2895277206989704,-0.30738569125333015
317,sq_18_29,0.9998669097242988,0.9998818193318808,0.999942742061813,3423.0,3601.0,3422.595467573028,3600.7938141645886,-0.011818066811919437,-0.005725793818700531,40.21765513071717,-0.4045324269718549,-0.20618583541136104
318,sq_18_30,0.9998669097242988,0.9998817920802288,0.9999427483325964,7944.0,3437.0,7943.060956285337,3436.803226019134,-0.011820791977124046,-0.005725166740355725,39.185180954703696,-0.9390437146630575,-0.19677398086605535
319,sq_18_31,0.9998669097242988,0.9998818984048056,0.9999427031896708,6334.0,19785.0,6333.251944496038,19783.866382607637,-0.011810159519443086,-0.005729681032917711,38.263382693951485,-0.7480555039619503,-1.133617392362794
320,sq_18_32,0.9998669097242988,0.9998819175158684,0.9999427016608264,23383.0,74810.0,23380.23887727355,74805.71351124643,-0.01180824841315875,-0.005729833917356153,37.46042995275668,-2.7611227264496847,-4.286488753568847
321,sq_18_33,0.9998669097242988,0.9998819296844246,0.9999426965548922,17260.0,16362.0,17257.962106353167,16361.062401031146,-0.01180703155754248,-0.0057303445107792506,36.7841047744625,-2.037893646833254,-0.9375989688542177
322,sq_18_34,0.9998669097242988,0.9998818490576488,0.9999427248484668,9089.0,12327.0,9087.926126084969,12326.29396920705,-0.011815094235123613,-0.005727515153319818,36.24149557656874,-1.073873915031072,-0.7060307929496048
323,sq_18_35,0.9998669097242988,0.9998819313584586,0.9999426936624156,12934.0,10541.0,12932.472900190303,10540.395933895523,-0.011806864154140229,-0.005730633758438408,35.83867492713963,-1.527099809696665,-0.6040661044771696
324,sq_18_36,0.9998669097242988,0.9997408234744544,0.999939964324168,10889.0,6573.0,10886.177826813333,6572.605385502756,-0.025917652554563464,-0.00600356758320153,35.5803895558433,-2.822173186666987,-0.3946144972442198
325,sq_18_37,0.9998669097242988,0.9996106985137588,1.0001813542578486,16828.0,7225.0,16821.448834589533,7226.310284512956,-0.0389301486241167,0.018135425784859827,35.46979570861951,-6.551165410466638,1.3102845129560592
326,sq_18_38,0.9998669097242988,1.0001256782395898,0.9998062669071992,23069.0,14028.0,23071.899271309096,14025.282312174191,0.012567823958975488,-0.01937330928007963,35.50827213284217,2.8992713090956386,-2.7176878258087527
327,sq_18_39,0.9998669097242988,0.999882811428205,0.9999421856542128,6541.0,2824.0,6540.233469551889,2823.836732287497,-0.011718857179499054,-0.0057814345787221555,35.695335572074455,-0.7665304481106432,-0.16326771250305683
328,sq_18_40,0.9998669097242988,0.9998817381230394,0.9999427702653194,20473.0,4325.0,20470.578824592983,4324.752481397506,-0.011826187696062362,-0.005722973468058612,36.02867054628914,-2.4211754070165625,-0.24751860249398305
329,sq_18_41,0.9998669097242988,0.9998818970578603,0.9999426730885944,11307.0,7561.0,11305.664610033227,7560.5665512228625,-0.011810294213965289,-0.005732691140558632,36.50426923147864,-1.3353899667727092,-0.43344877713752794
330,sq_18_42,0.9998669097242988,0.9998817519830744,0.9999427607792132,4989.0,4229.0,4988.410060643558,4228.757935335292,-0.011824801692561504,-0.005723922078681998,37.11666231805549,-0.5899393564423008,-0.24206466470786836
331,sq_18_43,0.9998669097242988,0.9998817439677752,0.9999427203641592,3151.0,2352.0,3150.6273752424595,2351.8652782965023,-0.011825603222481718,-0.00572796358407901,37.85921132426261,-0.37262475754050683,-0.1347217034976893
332,sq_18_44,0.9998669097242988,0.9998810181081662,0.9999430384595868,4382.0,2546.0,4381.478621349985,2545.854975918108,-0.011898189183379149,-0.00569615404132362,38.72442885738348,-0.5213786500153219,-0.1450240818921884
333,sq_18_45,0.9998669097242988,0.9998817566610334,0.999942758011578,3534.0,2764.0,3533.582128040092,2763.8417831440015,-0.011824333896659489,-0.005724198842205208,39.704295582954934,-0.4178719599080978,-0.15821685599848934
334,sq_18_46,0.9998669097242988,0.9998819270227668,0.9999427007365984,2667.0,893.0,2666.685099369719,892.9488317577824,-0.011807297723320787,-0.005729926340158897,40.79054939934928,-0.31490063028104487,-0.051168242217613624
335,sq_18_47,0.9998669097242988,0.9998816454893836,0.9999427927799912,1838.0,1549.0,1837.7824644094871,1548.9113860162063,-0.01183545106163697,-0.0057207220008792525,41.97493107295869,-0.21753559051285265,-0.08861398379372076
336,sq_18_48,0.9998669097242988,0.9998794856419806,0.9999439044145144,2235.0,538.0,2234.7306504098265,537.9698205750087,-0.01205143580194079,-0.005609558548558269,43.24937915992347,-0.2693495901735332,-0.030179424991274573
337,sq_18_50,0.9998669097242988,0.9998801371960556,0.9999433555122488,962.0,401.0,961.8846919826055,400.97728556041176,-0.011986280394438165,-0.005664448775122288,46.038035167239414,-0.11530801739445451,-0.02271443958824193
338,sq_18_52,0.9998669097242988,0.999880761767797,0.9999431265099802,993.0,346.0,992.8815964354225,345.9803217724531,-0.011923823220294505,-0.005687349001981534,49.10034934803157,-0.11840356457753387,-0.019678227546876315
339,sq_18_54,0.9998669097242988,0.9998816566427066,0.9999427683973386,709.0,637.0,708.916094559679,636.9635434691047,-0.011834335729343781,-0.0057231602661356185,52.63460578225616,-0.08390544032101843,-0.036456530895293326
340,sq_19_20,0.9998669097242988,0.999881927022766,0.999942700736597,114.0,70.0,113.98653968059533,69.99598905156179,-0.011807297723398502,-0.005729926340303226,51.707981422463085,-0.01346031940467185,-0.004010948438207151
341,sq_19_25,0.9998669097242988,0.9998816830350368,0.9999427559014458,3144.0,1500.0,3143.6280114621554,1499.9141338521686,-0.011831696496322763,-0.005724409855423218,43.513184746655185,-0.3719885378445724,-0.08586614783143887
342,sq_19_26,0.9998669097242988,0.9999297417093894,0.9999117725555432,1442.0,810.0,1441.8986875449395,809.9285357699899,-0.0070258290610580865,-0.008822744445680097,42.06060963848262,-0.10131245506045161,-0.07146423001006497
343,sq_19_27,0.9998669097242988,0.9998817129250064,0.9999427264630368,4445.0,2239.0,4444.474213951653,2238.8717645507395,-0.011828707499361713,-0.005727353696316495,40.68635232080843,-0.5257860483470722,-0.1282354492605009
344,sq_19_28,0.9998669097242988,0.9998818278377212,0.999942729625196,7782.0,5353.0,7781.080384233146,5352.693431683674,-0.011817216227882898,-0.00572703748039638,39.39860729099413,-0.9196157668538945,-0.30656831632586545
345,sq_19_29,0.9998669097242988,0.999881808775009,0.9999427379387412,5243.0,6317.0,5242.380323407372,6316.638275559028,-0.011819122499101553,-0.00572620612587782,38.20612156796151,-0.6196765926279113,-0.36172444097155676
346,sq_19_30,0.9998669097242988,0.9998817200533496,0.9999427753692464,14671.0,8612.0,14669.264714902693,8611.50718147995,-0.011827994665036812,-0.005722463075363837,37.118075709163115,-1.7352850973074965,-0.4928185200496955
347,sq_19_31,0.9998669097242988,0.9998817696292374,0.9999427563215458,20059.0,11775.0,20056.628416992873,11774.325955686203,-0.011823037076263976,-0.005724367845416634,36.143901160408525,-2.371583007126901,-0.6740443137969123
348,sq_19_32,0.9998669097242988,0.9998818704721296,0.999942719005183,40544.0,22794.0,40539.210556422026,22792.69433700414,-0.011812952787038089,-0.005728099481705495,35.29302689536093,-4.789443577974453,-1.3056629958591657
349,sq_19_33,0.9998669097242988,0.999881868270831,0.9999427211871244,31164.0,22129.0,31160.318542792178,22127.732477149875,-0.011813172916896875,-0.005727881287564962,34.57455567179455,-3.68145720782195,-1.2675228501248057
350,sq_19_34,0.9998669097242988,0.9998818655247568,0.9999427216987682,24966.0,21622.0,24963.050654691076,21620.761528570765,-0.011813447524322562,-0.005727830123181121,33.996881321481645,-2.9493453089235118,-1.238471429234778
351,sq_19_35,0.9998669097242988,0.999881904200496,0.9999427060749312,58455.0,32926.0,58448.096710039994,32924.11354022318,-0.011809579950394777,-0.0057293925068813145,33.56727218832936,-6.903289960006077,-1.8864597768188105
352,sq_19_36,0.9998669097242988,0.9999189334117056,0.9999032766483962,49099.0,24499.0,49095.019711581335,24496.630374609056,-0.00810665882944317,-0.00967233516038224,33.29145938357746,-3.9802884186647134,-2.3696253909438383
353,sq_19_37,0.9998669097242988,0.9998818737941676,0.9999427298035666,50703.0,32446.0,50697.01064698568,32444.141811206522,-0.011812620583240285,-0.005727019643342324,33.173277823920806,-5.989353014323569,-1.8581887934778933
354,sq_19_38,0.9998669097242988,0.999883950091534,0.9999415296997296,22700.0,12271.0,22697.365667077822,12270.282510945382,-0.011604990846603158,-0.005847030027039679,33.21440881083209,-2.634332922178146,-0.7174890546175448
355,sq_19_39,0.9998669097242988,0.9998817558949248,0.9999427664606664,8720.0,6912.0,8718.968911403745,6911.604401776126,-0.011824410507521588,-0.0057233539333623185,33.414262749290494,-1.0310885962553584,-0.39559822387400345
356,sq_19_40,0.9998669097242988,0.999881884774884,0.99994271493885,29560.0,8315.0,29556.508513945573,8314.523674716538,-0.011811522511595562,-0.005728506114999199,33.77002054213693,-3.4914860544267867,-0.476325283461847
357,sq_19_41,0.9998669097242988,0.9998817774573532,0.9999427537135316,14114.0,7311.0,14112.331407033083,7310.581472399629,-0.011822254264681753,-0.005724628646841534,34.27682705267659,-1.668592966916549,-0.41852760037090775
358,sq_19_42,0.9998669097242988,0.9998818610299453,0.9999427228096036,14841.0,6634.0,14839.246699545418,6633.6200231189105,-0.01181389700547486,-0.005727719039638757,34.92810671846103,-1.7533004545821314,-0.379976881089533
359,sq_19_43,0.9998669097242988,0.9998815153503914,0.9999428449874488,4579.0,2317.0,4578.457458789442,2316.8675718359186,-0.011848464960861893,-0.005715501255121325,35.71595607166612,-0.5425412105578289,-0.13242816408137514
360,sq_19_44,0.9998669097242988,0.9998834959168506,0.9999415237094847,4110.0,3250.0,4109.521168218256,3249.8099520558253,-0.011650408314944904,-0.005847629051525249,36.63156353736334,-0.4788317817437928,-0.19004794417469384
361,sq_19_45,0.9998669097242988,0.9998818282726656,0.9999426773718524,5821.0,2688.0,5820.312122375186,2687.845916775539,-0.011817172733441517,-0.0057322628147615795,37.665612534650876,-0.6878776248140639,-0.15408322446091915
362,sq_19_46,0.9998669097242988,0.9998818791577848,0.9999426781311932,642.0,4944.0,641.9241664192979,4943.716600680619,-0.011812084221518582,-0.0057321868806803344,38.80863596395734,-0.07583358070212398,-0.28339931938080554
363,sq_19_47,0.9998669097242988,0.99988153225351,0.9999428982975788,12462.0,4205.0,12460.523654943241,4204.759887341319,-0.011846774649004743,-0.005710170242123613,40.05130423718815,-1.4763450567588734,-0.24011265868102782
364,sq_19_48,0.9998669097242988,0.9996099320259983,1.0001675485272643,5166.0,8589.0,5163.984908846308,8590.439074300673,-0.039006797400165105,0.016754852726430514,41.3846415947685,-2.015091153692083,1.4390743006733828
365,sq_19_49,0.9998669097242988,1.0015383452311084,0.9983431948712622,1312.0,773.0,1314.0183089432142,771.7192896354857,0.15383452311084067,-0.16568051287377816,42.800174667967035,2.0183089432141514,-1.2807103645143343
366,sq_19_50,0.9998669097242988,0.9998850085727268,0.9999390944764168,2280.0,2601.0,2279.737819545817,2600.8415847331603,-0.011499142727322553,-0.00609055235831768,44.29002269655653,-0.2621804541831807,-0.15841526683971097
367,sq_19_51,0.9998669097242988,0.999881479904671,0.9999428383289808,1381.0,1367.0,1380.8363237483507,1366.9218599957167,-0.011852009532897778,-0.0057161671019212434,45.846941068965194,-0.16367625164934907,-0.07814000428334111
368,sq_19_52,0.9998669097242988,0.9998801441900294,0.999943330978824,633.0,305.0,632.9241312722886,304.98271594854134,-0.011985580997064815,-0.005666902117595907,47.6718948900493,-0.07586872771139497,-0.017284051458659633
369,sq_19_53,0.9998669097242988,0.999881927022766,0.999942700736598,2.0,37.0,1.999763854045532,36.997879927254125,-0.011807297723398502,-0.005729926340203306,49.58387721140651,-0.00023614595446797004,-0.0021200727458747792
370,sq_1_32,0.9998669097242988,1.4331604363826334,0.6888489720125743,0.0,0.0,0.0,0.0,43.31604363826334,-31.115102798742566,74.53975041560665,0.0,0.0
371,sq_1_33,0.9998669097242988,0.9950962963434624,1.002595769844861,542.0,482.0,539.3421926181567,483.2511610652231,-0.49037036565375836,0.25957698448610955,75.28555285349732,-2.6578073818433268,1.251161065223073
372,sq_20_20,0.9998669097242988,0.9998819270227663,0.9999427007365982,52.0,27.0,51.99386020518385,26.99845291988815,-0.011807297723365195,-0.005729926340181102,50.261179558517945,-0.006139794816149902,-0.0015470801118482314
373,sq_20_21,0.9998669097242988,0.9998819270227658,0.999942700736598,12.0,7.0,11.998583124273189,6.999598905156185,-0.011807297723420707,-0.005729926340203306,48.4665020314371,-0.0014168757268109289,-0.00040109484381467553
374,sq_20_22,0.9998669097242988,0.999881500960571,0.9999428641533588,488.0,518.0,487.94217246875866,517.9704036314398,-0.011849903942895423,-0.005713584664124305,46.7161831146028,-0.05782753124134388,-0.029596368560191877
375,sq_20_23,0.9998669097242988,0.9998759718246244,0.9999446788065386,94.0,89.0,93.98834135151469,88.99507641378193,-0.012402817537560118,-0.005532119346141062,45.015395682121756,-0.011658648485308731,-0.004923586218069431
376,sq_20_24,0.9998669097242988,0.9998798312029428,0.9999432020967268,112.0,233.0,111.98654109472959,232.98676608853734,-0.01201687970572296,-0.00567979032731758,43.36996559257817,-0.013458905270411492,-0.013233911462663173
377,sq_20_25,0.9998669097242988,0.9998806487966034,0.9999430582557732,193.0,267.0,192.97696521774446,266.98479655429145,-0.011935120339656713,-0.005694174422676834,41.78643100450517,-0.0230347822555359,-0.01520344570855059
378,sq_20_26,0.9998669097242988,1.0077668867891996,0.992741695620334,417.0,570.0,420.2387917910962,565.8627665035904,0.7766886789199567,-0.7258304379666014,40.272092133578035,3.2387917910962187,-4.137233496409635
379,sq_20_27,0.9998669097242988,0.99913882530773,1.0005198462326927,7709.0,4240.0,7702.361204297291,4242.204148026617,-0.08611746922699837,0.051984623269274444,38.83504269156556,-6.638795702709103,2.2041480266170765
380,sq_20_28,0.9998669097242988,0.9998819270227668,0.999942700736598,3306.0,3513.0,3305.609650737267,3512.798707687669,-0.011807297723320787,-0.005729926340203306,37.48417116567279,-0.3903492627327978,-0.20129231233113387
381,sq_20_29,0.9998669097242988,0.9998815380321896,0.9999428408966398,6180.0,3672.0,6179.2679050389315,3671.7901117724614,-0.011846196781040153,-0.005715910336023811,36.22911694362934,-0.7320949610684693,-0.20988822753861314
382,sq_20_30,0.9998669097242988,0.9998818653728014,0.999942722157422,20247.0,11935.0,20244.608128203112,11934.316388948831,-0.011813462719856282,-0.005727784257802959,35.080163816243676,-2.3918717968881538,-0.6836110511685547
383,sq_20_31,0.9998669097242988,0.9998820777780276,0.9999423935677316,21950.0,17387.0,21947.411607227707,17385.99839696215,-0.011792222197237745,-0.0057606432268375585,34.04805283761717,-2.588392772293446,-1.0016030378501455
384,sq_20_32,0.9998669097242988,0.9998818945109706,0.999942711571292,32039.0,32781.0,32035.216018236988,32779.12202801852,-0.011810548902935203,-0.0057288428708002215,33.14369959042135,-3.7839817630119796,-1.877971981477458
385,sq_20_33,0.9998669097242988,0.9998818923801412,0.9999427101570748,22343.0,37993.0,22340.361121449496,37990.82338699774,-0.011810761985875384,-0.0057289842925190015,32.377809399589566,-2.6388785505041596,-2.1766130022588186
386,sq_20_34,0.9998669097242988,0.9998818350248108,0.999942731894566,38336.0,35541.0,38331.470027511146,35538.96463426477,-0.011816497518923885,-0.005726810543404959,31.760399086809016,-4.529972488853673,-2.0353657352316077
387,sq_20_35,0.9998669097242988,0.9998818472441656,0.9999427288011824,37858.0,30121.0,37853.52697296962,30119.274934220415,-0.011815275583437757,-0.00572711988175989,31.300254698892452,-4.473027030377125,-1.7250657795848383
388,sq_20_36,0.9998669097242988,0.9998818699602976,0.999942713560888,30608.0,26539.0,30604.38427574479,26537.479675192408,-0.01181300397024021,-0.005728643911195874,31.00437749798489,-3.6157242552108073,-1.5203248075922602
389,sq_20_37,0.9998669097242988,0.9998826829677162,0.9999421998296432,34011.0,32888.0,34007.009930415,32886.099067997304,-0.011731703228379242,-0.005780017035683649,30.877488475038,-3.990069585001038,-1.9009320026962087
390,sq_20_38,0.9998669097242988,1.0042202898391248,0.9982553904439476,50003.0,44695.0,50214.02715282576,44617.02467589224,0.42202898391248134,-0.1744609556052379,30.921666597366475,211.0271528257581,-77.9753241077633
391,sq_20_39,0.9998669097242988,0.9998850165296131,0.9999407206327852,24901.0,25834.0,24898.136796603896,25832.46857682737,-0.011498347038685353,-0.005927936721483729,31.13618232835707,-2.863203396103927,-1.5314231726297294
392,sq_20_40,0.9998669097242988,0.9998818750847148,0.9999427178603676,19717.0,12029.0,19714.670931045323,12028.310953142362,-0.011812491528517821,-0.005728213963240858,31.51755649831106,-2.3290689546774956,-0.6890468576384592
393,sq_20_41,0.9998669097242988,0.999881874527462,0.9999427208861836,10020.0,14741.0,10018.81638276517,14740.155648583233,-0.011812547253797767,-0.005727911381636641,32.05983376858001,-1.183617234830308,-0.8443514167665853
394,sq_20_42,0.9998669097242988,0.9998818935777664,0.9999427135707382,10203.0,6261.0,10201.794960173951,6260.641329666391,-0.011810642223364365,-0.005728642926183802,32.755022495515604,-1.20503982604896,-0.358670333608643
395,sq_20_43,0.9998669097242988,0.9998830988045284,0.9999418817512148,3635.0,2028.0,3634.575064154461,2027.8821361914636,-0.011690119547158595,-0.005811824878521055,33.593629934802,-0.4249358455390393,-0.11786380853641276
396,sq_20_44,0.9998669097242988,1.0006270521647251,0.9996053940812288,7461.0,4048.0,7465.678436201014,4046.4026352408146,0.06270521647251392,-0.03946059187711626,34.56521804817549,4.6784362010139375,-1.5973647591854387
397,sq_20_45,0.9998669097242988,1.000018173884598,0.999826367456556,17750.0,9882.0,17750.322586451613,9880.284163205686,0.0018173884597905143,-0.017363254344404666,35.65891781479747,0.32258645161346067,-1.7158367943138728
398,sq_20_46,0.9998669097242988,0.9998819252940028,0.9999426880868956,20608.0,11771.0,20605.56671645881,11770.325381470848,-0.011807470599722869,-0.0057311913104429735,36.86386145342454,-2.4332835411914857,-0.6746185291522124
399,sq_20_47,0.9998669097242988,0.9998818568681684,0.9999428461392638,15140.0,8134.0,15138.21131298407,8133.535110496771,-0.011814313183156067,-0.005715386073623652,38.16951445775008,-1.7886870159290993,-0.4648895032287328
400,sq_20_48,0.9998669097242988,0.9989946544875926,1.0007109775925178,193.0,2113.0,192.80596831610538,2114.50229565299,-0.10053455124073851,0.07109775925178141,39.5659074578209,-0.19403168389462166,1.5022956529901421
401,sq_20_49,0.9998669097242988,1.0007402561722645,0.9987070527269196,1103.0,382.0,1103.8165025580076,381.5060941416833,0.07402561722644752,-0.12929472730803804,41.04377952965363,0.8165025580076417,-0.49390585831667977
402,sq_20_50,0.9998669097242988,0.9998814417562554,0.999942865856639,1216.0,1017.0,1215.8558331756064,1016.9418945762019,-0.011855824374462642,-0.005713414336094846,42.59465005872527,-0.144166824393551,-0.05810542379811068
403,sq_20_51,0.9998669097242988,0.9998810014410616,0.9999430254377358,1798.0,775.0,1797.7860405910287,774.9558447142452,-0.011899855893837685,-0.005697456226416708,44.24300930644307,-0.2139594089712773,-0.044155285754754914
404,sq_20_52,0.9998669097242988,0.9998779125236902,0.9999441807922452,460.0,122.0,459.9438397608975,121.99319005665392,-0.012208747630981787,-0.005581920775477034,45.31644828680453,-0.056160239102496234,-0.006809943346084424
405,sq_21_23,0.9998669097242988,0.9998819416873488,0.999942679272802,1983.0,1000.0,1982.7658903660126,999.942679272802,-0.01180583126512147,-0.005732072719799586,43.46944893528844,-0.23410963398737294,-0.05732072719797543
406,sq_21_24,0.9998669097242988,0.99988084038025,0.9999430723373208,585.0,460.0,584.9302916224462,459.9738132751676,-0.011915961974995337,-0.005692766267917371,41.76368475589621,-0.06970837755375214,-0.0261867248324279
407,sq_21_25,0.9998669097242988,0.999881868473468,0.9999427217463892,24502.0,8783.0,24499.105541336914,8782.496925098536,-0.011813152653195047,-0.005727825361079297,40.1173076605593,-2.8944586630859703,-0.5030749014640605
408,sq_21_26,0.9998669097242988,0.999881819976006,0.9999427360502586,6157.0,4973.0,6156.272365592269,4972.715226377936,-0.011818002399399674,-0.005726394974137072,38.537927735136016,-0.727634407730875,-0.2847736220637671
409,sq_21_27,0.9998669097242988,0.9998800235126182,0.9999436665587424,6059.0,2124.0,6058.273062462954,2123.880347770769,-0.01199764873818232,-0.005633344125755002,37.0341156809632,-0.7269375370460693,-0.11965222923117835
410,sq_21_28,0.9998669097242988,0.9998817973044622,0.99994274088504,5294.0,2748.0,5293.374234929823,2747.84265195209,-0.01182026955377502,-0.005725911496001768,35.615443114989326,-0.6257650701772945,-0.15734804791009083
411,sq_21_29,0.9998669097242988,0.9998817760199418,0.999942752451674,21410.0,9649.0,21407.468824586955,9648.447618406202,-0.011822398005822965,-0.005724754832603374,34.29247635548399,-2.5311754130452755,-0.5523815937976906
412,sq_21_30,0.9998669097242988,0.9998821649435332,0.9999425637285916,26354.0,15687.0,26350.894574921873,15686.098997210416,-0.011783505646678627,-0.005743627140841756,33.07669929474647,-3.105425078127155,-0.9010027895837993
413,sq_21_31,0.9998669097242988,1.0011533338684393,0.999401107290008,37722.0,20732.0,37765.50606018527,20719.583756336444,0.11533338684392991,-0.059889270999202715,31.98033725268634,43.506060185267415,-12.416243663556088
414,sq_21_32,0.9998669097242988,0.9998821450952006,0.99994253298276,28560.0,26961.0,28556.63406391893,26959.450631748194,-0.01178549047994304,-0.005746701723996495,31.01605423690969,-3.3659360810706858,-1.5493682518062997
415,sq_21_33,0.9998669097242988,0.9998818967035809,0.9999427100755324,52126.0,53857.0,52119.843747570856,53853.914536537945,-0.011810329641914752,-0.005728992446762948,30.196504298503854,-6.156252429143933,-3.085463462055486
416,sq_21_34,0.9998669097242988,0.9998818966744982,0.9999427057330916,48648.0,61197.0,48642.25450942099,61193.49376274801,-0.011810332550177272,-0.005729426690836981,29.53373691814411,-5.74549057900731,-3.50623725198966
417,sq_21_35,0.9998669097242988,0.999881879274324,0.9999427160142108,42463.0,54317.0,42457.98423962562,54313.88850574389,-0.01181207256759631,-0.005728398578919158,29.038487387980446,-5.01576037437917,-3.1114942561107455
418,sq_21_36,0.9998669097242988,0.9998819001469222,0.9999427060141888,18491.0,38181.0,18488.81621561674,38178.81245832774,-0.011809985307775772,-0.005729398581122425,28.719421522100024,-2.183784383261809,-2.187541672261432
419,sq_21_37,0.9998669097242988,0.9998814888200548,0.9999432033580052,44792.0,45685.0,44786.6916472279,45682.40524541047,-0.01185111799452132,-0.0056796641994760755,28.582438483837432,-5.308352772102808,-2.5947545895323856
420,sq_21_38,0.9998669097242988,0.9982566061593564,1.0031410703911627,56269.0,47965.0,56170.900971980824,48115.66144131212,-0.17433938406435923,0.3141070391162737,28.630150378378154,-98.09902801917633,150.6614413121206
421,sq_21_39,0.9998669097242988,0.9998812825770778,0.9999433495885852,33061.0,42938.0,33057.07508328077,42935.56754463467,-0.011871742292224319,-0.005665041141478255,28.86163976111876,-3.9249167192319874,-2.432455365327769
422,sq_21_40,0.9998669097242988,0.999881792718946,0.999942745026678,16427.0,14773.0,16425.058208994124,14772.154172279113,-0.01182072810540502,-0.005725497332198515,29.27254559143642,-1.9417910058764392,-0.8458277208865184
423,sq_21_41,0.9998669097242988,0.9998833434111588,0.9999420336899344,8745.0,6891.0,8743.979838130585,6890.600554157338,-0.011665658884119079,-0.005796631006560471,29.85545948473811,-1.0201618694154604,-0.39944584266231686
424,sq_21_42,0.9998669097242988,0.9998819270227676,0.9999427007365972,4149.0,5964.0,4148.510115217463,5963.6582671930655,-0.011807297723243071,-0.005729926340281022,30.600552028410558,-0.4898847825370467,-0.3417328069344876
425,sq_21_43,0.9998669097242988,0.9998817498917894,0.9999427265052316,11451.0,6800.0,11449.64591801088,6799.610540235575,-0.011825010821064907,-0.005727349476836174,31.496314514252305,-1.3540819891204592,-0.3894597644248279
426,sq_21_44,0.9998669097242988,0.9990176690029622,1.0006575225370298,9363.0,4836.0,9353.802434874735,4839.179778989076,-0.09823309970378169,0.06575225370297755,32.530301698644145,-9.1975651252651,3.1797789890761123
427,sq_21_45,0.9998669097242988,0.999918113559482,0.9998975047496852,36553.0,23244.0,36550.006804939745,23241.61760040168,-0.008188644051798644,-0.010249525031480466,33.68978818321283,-2.9931950602549477,-2.382399598318443
428,sq_21_46,0.9998669097242988,0.9998818238932116,0.9999427448013588,44404.0,24101.0,44398.75250815417,24099.62009245755,-0.011817610678843682,-0.005725519864119288,34.96228928053565,-5.2474918458319735,-1.3799075424503826
429,sq_21_47,0.9998669097242988,0.99988186934719,0.9999427209617868,12889.0,8616.0,12887.477414015932,8615.506483806756,-0.011813065280996682,-0.005727903821317604,36.33593277967396,-1.522585984068428,-0.49351619324443163
430,sq_21_48,0.9998669097242988,0.999880548538743,0.999943696687604,3400.0,2834.0,3399.593865031726,2833.8404364126695,-0.011945146125702522,-0.005630331239603326,37.799693130245906,-0.40613496827381823,-0.15956358733046727
431,sq_21_49,0.9998669097242988,0.9998817712340652,0.9999427549906676,7401.0,3095.0,7400.124988903316,3094.8228266961164,-0.011822876593481357,-0.005724500933235177,39.343512817601194,-0.8750110966839202,-0.17717330388359187
432,sq_21_50,0.9998669097242988,0.9998746367506004,0.9999454105681838,364.0,112.0,363.9543677772185,111.99388598363657,-0.012536324939960153,-0.005458943181624321,40.374470476439534,-0.04563222278147805,-0.0061140163634263445
433,sq_22_25,0.9998669097242988,0.9998818791539872,0.9999427168107076,17305.0,11710.0,17302.955918759748,11709.329213853385,-0.01181208460128147,-0.0057283189292434145,38.51318610039736,-2.044081240252126,-0.6707861466147733
434,sq_22_26,0.9998669097242988,0.999883230476534,0.9999419688763148,9718.0,5598.0,9716.865233770957,5597.6751417696105,-0.011676952346595382,-0.005803112368518715,36.865659826623094,-1.1347662290427252,-0.3248582303895091
435,sq_22_27,0.9998669097242988,0.9998815267735668,0.9999429456452932,5956.0,6268.0,5955.294373463364,6267.642383304697,-0.011847322643321334,-0.00570543547068203,35.291151849822405,-0.7056265366363732,-0.3576166953025677
436,sq_22_28,0.9998669097242988,0.9998819093526404,0.9999427048629742,32576.0,32644.0,32572.153079071613,32642.12965754693,-0.011809064735956998,-0.005729513702579236,33.799865989704635,-3.8469209283866803,-1.870342453068588
437,sq_22_29,0.9998669097242988,0.9998818990633388,0.9999427079757528,22977.0,30527.0,22974.286394778337,30525.251046375804,-0.011810093666120292,-0.005729202424720192,32.40329256620958,-2.713605221662874,-1.7489536241955648
438,sq_22_30,0.9998669097242988,0.999881740993351,0.9999428263536672,28458.0,27174.0,28454.634585188785,27172.44636333455,-0.01182590066489686,-0.005717364633284205,31.114185778377664,-3.3654148112145776,-1.553636665448721
439,sq_22_31,0.9998669097242988,0.999480041820654,1.0006774936053242,33126.0,59608.0,33108.77586535098,59648.38403882617,-0.051995817934602506,0.06774936053242087,29.946425181973815,-17.224134649019106,40.38403882616694
440,sq_22_32,0.9998669097242988,0.9998816878565956,0.9999429574771844,32825.0,36279.0,32821.11640389275,36276.93055431477,-0.011831214340440876,-0.005704252281557576,28.91471467911669,-3.8835961072472855,-2.0694456852288567
441,sq_22_33,0.9998669097242988,0.999881888379696,0.999942711079104,20704.0,41210.0,20701.554617013226,41207.639123569876,-0.011811162030395117,-0.005728892089595927,28.034077028805886,-2.445382986774348,-2.3608764301243355
442,sq_22_34,0.9998669097242988,0.9998819179306884,0.9999426988275496,31600.0,110450.0,31596.268606609752,110443.67108550285,-0.011808206931163134,-0.00573011724503969,27.319123745238254,-3.731393390247831,-6.328914497149526
443,sq_22_35,0.9998669097242988,0.999881912648052,0.9999426972465036,19577.0,60606.0,19574.688203910915,60602.5271093216,-0.011808735194795972,-0.005730275349635772,26.783124593090392,-2.3117960890849645,-3.47289067840029
444,sq_22_36,0.9998669097242988,0.999881920293345,0.9999426954061016,13083.0,68805.0,13081.455163197832,68801.05715741681,-0.011807970665500545,-0.005730459389841069,26.43696460724794,-1.5448368021679926,-3.942842583186575
445,sq_22_37,0.9998669097242988,0.9998819185059769,0.9999426977616196,23766.0,68840.0,23763.193675213046,68836.05531390989,-0.011808149402314783,-0.005730223838040782,26.28814240869807,-2.8063247869540646,-3.944686090108007
446,sq_22_38,0.9998669097242988,0.9998800976130412,0.9999463442404936,18101.0,137882.0,18098.829646893657,137874.60183656774,-0.01199023869588034,-0.005365575950644352,26.340001396354843,-2.1703531063431,-7.398163432255387
447,sq_22_39,0.9998669097242988,0.999881899614939,0.999942707878136,29107.0,58093.0,29103.56245209203,58089.67172876455,-0.011810038506099296,-0.005729212186400545,26.59136586585827,-3.437547907971748,-3.328271235448483
448,sq_22_40,0.9998669097242988,0.999881999527936,0.999942637164574,38012.0,38975.0,38007.51456605591,38972.76428348927,-0.011800047206400599,-0.005736283542601139,27.036670379382915,-4.485433944093529,-2.235716510731436
449,sq_22_41,0.9998669097242988,1.0001920360719394,0.9997818478899362,23754.0,29291.0,23758.56162485285,29284.61010654412,0.01920360719394054,-0.02181521100638184,27.666550501340883,4.561624852849491,-6.389893455878337
450,sq_22_42,0.9998669097242988,0.9998823349874812,0.9999422907445462,26933.0,21626.0,26929.83092821783,21624.751979641558,-0.011766501251875283,-0.0057709255453786135,28.468756221533944,-3.1690717821693397,-1.2480203584418632
451,sq_22_43,0.9998669097242988,1.0002177623516555,0.9996281682144345,30611.0,17907.0,30617.665923346525,17900.341608215876,0.021776235165549274,-0.03718317855655462,29.429197578384862,6.665923346525233,-6.658391784123523
452,sq_22_44,0.9998669097242988,0.999266071608104,1.0002295019532566,21932.0,7138.0,21915.903482508937,7139.638184942345,-0.07339283918960104,0.02295019532565501,30.532944855582613,-16.096517491063423,1.6381849423451058
453,sq_22_45,0.9998669097242988,0.9997723500218172,1.000074350145342,29086.0,43483.0,29079.378572734575,43486.232967369906,-0.022764997818280897,0.007435014534196149,31.765062201930466,-6.6214272654251545,3.232967369905964
454,sq_22_46,0.9998669097242988,0.9996732126486888,1.0000875963453144,20868.0,16706.0,20861.18060155284,16707.463384544822,-0.03267873513111974,0.00875963453144113,33.111221385447585,-6.819398447161802,1.4633845448224747
455,sq_22_47,0.9998669097242988,0.999881743981398,0.9999427863598362,17105.0,9549.0,17102.97723080181,9548.453666950076,-0.01182560186020476,-0.005721364016375574,34.558097271963966,-2.022769198189053,-0.5463330499242147
456,sq_22_48,0.9998669097242988,0.9998818889808,0.999942707458629,7373.0,17513.0,7372.129167455439,17511.99663572297,-0.011811101920000677,-0.005729254137099016,36.09357904384033,-0.8708325445613809,-1.003364277028595
457,sq_22_49,0.9998669097242988,0.999881515265514,0.9999428356491624,3395.0,2594.0,3394.59774432642,2593.851715673927,-0.011848473448594632,-0.005716435083757965,37.70684320965514,-0.40225567357992986,-0.14828432607282593
458,sq_22_50,0.9998669097242988,0.9998772879529556,0.9999439748857312,85.0,119.0,84.98956947600122,118.99333301140202,-0.01227120470443932,-0.005602511426883172,38.919199047083055,-0.010430523998778085,-0.006666988597984869
459,sq_23_25,0.9998669097242988,0.999882359112378,0.9999423998774426,24798.0,21175.0,24795.08274126875,21173.780317404846,-0.011764088762200586,-0.005760012255739966,36.98239837302054,-2.9172587312496034,-1.2196825951541541
460,sq_23_26,0.9998669097242988,1.001809413775775,0.999028250739668,7304.0,3310.0,7317.21595821826,3306.783509948301,0.18094137757749262,-0.09717492603320554,35.26396163529462,13.215958218260312,-3.216490051699111
461,sq_23_27,0.9998669097242988,0.9996829435775256,1.0001871508923654,26871.0,18991.0,26862.480376871692,18994.554182596912,-0.031705642247437105,0.01871508923654286,33.615028620988625,-8.519623128308012,3.554182596912142
462,sq_23_28,0.9998669097242988,0.9998818627482436,0.999942760068441,33584.0,34536.0,33580.03247853702,34534.02316172368,-0.011813725175635614,-0.005723993155903884,32.04632787828547,-3.967521462982404,-1.9768382763213594
463,sq_23_29,0.9998669097242988,0.9998818787047444,0.9999427136702674,11129.0,13027.0,11127.6854281051,13026.253730982575,-0.01181212952555688,-0.005728632973256431,30.570211036046924,-1.3145718948999274,-0.7462690174252202
464,sq_23_3,0.9998669097242988,0.9998807410479064,0.9999431002037596,139.0,155.0,138.98342300565898,154.99118053158276,-0.011925895209363713,-0.0056899796240350575,82.30771176042272,-0.016576994341022555,-0.00881946841724357
465,sq_23_30,0.9998669097242988,0.9998821817386524,0.9999425613127138,26629.0,11065.0,26625.862617518575,11064.364440925177,-0.011781826134760198,-0.005743868728624868,29.200719843158694,-3.1373824814254476,-0.635559074822595
466,sq_23_31,0.9998669097242988,1.00011092752053,0.9998087359001228,32524.0,27361.0,32527.60780667772,27355.766822963258,0.011092752052999089,-0.01912640998772419,27.95352782745876,3.6078066777190543,-5.233177036741836
467,sq_23_32,0.9998669097242988,0.9998047450121196,1.0000486042767098,33821.0,49033.0,33814.3962810549,49035.38321349991,-0.019525498788042217,0.004860427670982936,26.845683471977587,-6.603718945101718,2.383213499910198
468,sq_23_33,0.9998669097242988,0.99988190011034,0.999942717936114,33625.0,63784.0,33621.02889121018,63780.346320837096,-0.011809988966005047,-0.0057282063885999435,25.89507550693014,-3.971108789817663,-3.6536791629041545
469,sq_23_34,0.9998669097242988,0.9998819116528496,0.9999427037498024,37712.0,83201.0,37707.54665225226,83196.23289468732,-0.01180883471504357,-0.005729625019756934,25.119559167556424,-4.4533477477380075,-4.76710531268327
470,sq_23_35,0.9998669097242988,0.999881832523742,0.999942802343827,23197.0,36666.0,23194.258869053243,36663.902790738764,-0.011816747625803536,-0.005719765617295813,24.53574064293918,-2.741130946757039,-2.097209261235548
471,sq_23_36,0.9998669097242988,0.999881867116962,0.9999427568707566,23326.0,35913.0,23323.244432370255,35910.94422749948,-0.01181328830379691,-0.005724312924337838,24.157520246771348,-2.755567629745201,-2.0557725005201064
472,sq_23_37,0.9998669097242988,0.9998818882391294,0.9999427418476212,35123.0,98120.0,35118.85156062294,98114.38183008859,-0.011811176087062059,-0.0057258152378780736,23.994620327126892,-4.148439377058821,-5.618169911409495
473,sq_23_38,0.9998669097242988,0.9998819089731038,0.9999427034627332,30726.0,69394.0,30722.371535107588,69390.0239640929,-0.011809102689619433,-0.00572965372668266,24.051414492844444,-3.628464892412012,-3.976035907093319
474,sq_23_39,0.9998669097242988,0.9998818897477368,0.9999427123068912,29091.0,26901.0,29087.56405465141,26899.45890376768,-0.011811025226315941,-0.005728769310875403,24.32636228702811,-3.435945348588575,-1.541096232318523
475,sq_23_4,0.9998669097242988,0.9998819270227658,0.9999427007365982,109.0,97.0,108.98713004548146,96.99444197145003,-0.011807297723420707,-0.005729926340181102,80.11078541983919,-0.012869954518535565,-0.005558028549970118
476,sq_23_40,0.9998669097242988,0.9998817816961584,0.9999428790311802,34490.0,28181.0,34485.9226507005,28179.39027397769,-0.01182183038416218,-0.005712096881982376,24.812210955373757,-4.077349299499474,-1.6097260223104968
477,sq_23_41,0.9998669097242988,0.9995601328194104,1.0004166937616097,17787.0,12561.0,17779.176082458853,12566.23409033958,-0.0439867180589637,0.041669376160968774,25.496905569037963,-7.823917541147239,5.2340903395797795
478,sq_23_42,0.9998669097242988,0.9998817276664878,0.9999428366634162,21703.0,9642.0,21700.433135545783,9641.448831108659,-0.01182723335122482,-0.005716333658378758,26.364957298472614,-2.5668644542165566,-0.551168891341149
479,sq_23_43,0.9998669097242988,0.9998823445737408,0.9999424454934952,23523.0,22604.0,23520.232391408106,22602.699037934966,-0.01176554262591889,-0.0057554506504797764,27.398943122579396,-2.7676085918938043,-1.3009620650336728
480,sq_23_44,0.9998669097242988,0.9998783951932164,0.9999483711471764,16127.0,8235.0,16125.038879281,8234.574836396998,-0.012160480678358176,-0.005162885282361529,28.58085833705986,-1.9611207189991546,-0.4251636030021473
481,sq_23_45,0.9998669097242988,0.998089987318921,1.0033867086199562,19305.0,12386.0,19268.12720519177,12427.947772966778,-0.1910012681079043,0.3386708619956158,29.893160623905764,-36.87279480823054,41.94777296677785
482,sq_23_46,0.9998669097242988,1.006010730667333,0.9974793338469308,20437.0,12008.0,20559.841302648285,11977.731840833945,0.6010730667332931,-0.25206661530692287,31.31946354570853,122.84130264828491,-30.26815916605483
483,sq_23_47,0.9998669097242988,0.999885643501805,0.9999401723230472,8503.0,5570.0,8502.027626695848,5569.666759839373,-0.011435649819502292,-0.00598276769527839,32.84491814721762,-0.9723733041519154,-0.33324016062670125
484,sq_23_48,0.9998669097242988,0.9998817631261104,0.9999427553307796,7611.0,3813.0,7610.100099152826,3812.7817260762627,-0.01182368738895656,-0.005724466922041316,34.45635734175824,-0.8999008471737397,-0.21827392373734256
485,sq_23_49,0.9998669097242988,0.99988168090955,0.9999427854576894,3259.0,2085.0,3258.6143980842235,2084.8807076792823,-0.01183190904500142,-0.005721454231055745,36.142281279686785,-0.38560191577653313,-0.11929232071770457
486,sq_23_5,0.9998669097242988,0.9998703359098564,0.9999456201976108,5.0,12.0,4.999351679549282,11.999347442371329,-0.01296640901435886,-0.005437980238920392,77.91979572549356,-0.0006483204507183871,-0.0006525576286708912
487,sq_23_50,0.9998669097242988,0.9998769391476872,0.9999444819866592,405.0,166.0,404.9501603548133,165.99078400978541,-0.012306085231283959,-0.005551801334080508,37.3932285612865,-0.049839645186693815,-0.00921599021458519
488,sq_23_6,0.9998669097242988,0.9998731486929314,0.9999457367812516,79.0,64.0,78.98997874674158,63.996527154000105,-0.012685130706857617,-0.0054263218748351605,75.73525635449865,-0.010021253258415186,-0.0034728459998945027
489,sq_24_1,0.9998669097242988,0.999881927022765,0.9999427007365984,1.0,34.0,0.999881927022765,33.99805182504434,-0.011807297723498422,-0.005729926340158897,85.99671517548954,-0.00011807297723498422,-0.0019481749556575778
490,sq_24_2,0.9998669097242988,0.9998819270227662,0.999942700736598,127.0,89.0,126.98500473189131,88.99490036555721,-0.011807297723376298,-0.005729926340203306,83.87607569766469,-0.014995268108691562,-0.0050996344427858276
491,sq_24_25,0.9998669097242988,0.9998818663263832,0.9999427212692438,18624.0,13175.0,18621.79987846256,13174.245352722286,-0.011813367361679372,-0.005727873075622725,35.53429071645291,-2.200121537440282,-0.754647277713957
492,sq_24_26,0.9998669097242988,0.9998830525110208,0.9999420501429482,10991.0,6284.0,10989.71463014863,6283.635843098286,-0.011694748897916885,-0.0057949857051764475,33.742744506553954,-1.2853698513699783,-0.3641569017136135
493,sq_24_28,0.9998669097242988,0.999881865629722,0.999942720915482,8977.0,10423.0,8975.939507758014,10422.402980102068,-0.011813437027796692,-0.005727908451802488,30.365423470717527,-1.0604922419861396,-0.597019897932114
494,sq_24_29,0.9998669097242988,0.9998818749051076,0.999942722574874,6268.0,6194.0,6267.259591905215,6193.64522362877,-0.01181250948923962,-0.005727742512595668,28.80378137056224,-0.7404080947853799,-0.3547763712304004
495,sq_24_3,0.9998669097242988,0.9998763282210164,0.999944705872806,92.0,27.0,91.98862219633351,26.998507058565764,-0.012367177898364723,-0.0055294127193961096,81.65725666993131,-0.011377803666491104,-0.0014929414342361724
496,sq_24_30,0.9998669097242988,1.0003944557825493,0.9996725286946484,23122.0,13859.0,23131.120606604105,13854.461575179132,0.03944557825492634,-0.032747130535160096,27.34642700827461,9.120606604104978,-4.538424820868386
497,sq_24_31,0.9998669097242988,0.9994549603820048,1.000521734892134,21580.0,25053.0,21568.23804504366,25066.071024252633,-0.05450396179952355,0.052173489213402924,26.010893239187734,-11.76195495633874,13.071024252632924
498,sq_24_32,0.9998669097242988,0.99997542751858,0.999868118853178,29319.0,49189.0,29318.27955941725,49182.51289826897,-0.0024572481419959935,-0.013188114682205487,24.816853036921625,-0.720440582750598,-6.487101731028815
499,sq_24_33,0.9998669097242988,0.9998819252787456,0.9999426896306332,25214.0,48803.0,25211.02286397829,48800.20308204379,-0.011807472125435758,-0.0057310369366847524,23.785622543988847,-2.977136021709157,-2.796917956213292
500,sq_24_34,0.9998669097242988,0.9998818119166044,0.9999427723890784,45629.0,50715.0,45623.60719594274,50712.09770171211,-0.011818808339558728,-0.005722761092163964,22.93916724987264,-5.392804057257308,-2.902298287888698
501,sq_24_35,0.9998669097242988,0.99969202656588,1.00020981110494,37647.0,46402.0,37635.40572412568,46411.735654891425,-0.030797343412003464,0.020981110494000532,22.298537030817638,-11.594275874318555,9.735654891424929
502,sq_24_36,0.9998669097242988,0.9997887537912984,1.0000731604334163,30851.0,45446.0,30844.482843215348,45449.32484905704,-0.02112462087016098,0.007316043341631939,21.881814807470196,-6.517156784651888,3.32484905704041
503,sq_24_37,0.9998669097242988,0.9998018193083036,1.000035680262281,39340.0,52304.0,39332.20357158866,52305.86622043834,-0.01981806916964146,0.003568026228095711,21.701900746286608,-7.796428411340457,1.8662204383435892
504,sq_24_38,0.9998669097242988,0.9998819000851128,0.999942721151586,20964.0,64469.0,20961.524153384304,64465.3072899216,-0.011809991488720417,-0.005727884841399966,21.76466617451171,-2.475846615696355,-3.692710078401433
505,sq_24_39,0.9998669097242988,0.99988135299146,0.9999433003843854,11674.0,13424.0,11672.614914822303,13423.23886435999,-0.01186470085400293,-0.005669961561460823,22.068038577357104,-1.3850851776969648,-0.7611356400102522
506,sq_24_40,0.9998669097242988,0.999882090773706,0.9999422295490384,14665.0,10857.0,14663.270861196399,10856.372786213911,-0.011790922629395517,-0.005777045096155842,22.60232983053138,-1.7291388036010176,-0.6272137860887597
507,sq_24_41,0.9998669097242988,0.999881276286706,0.9999432207284884,18392.0,8933.0,18389.816433465097,8932.492790767586,-0.01187237132940222,-0.005677927151159778,23.351693267573953,-2.1835665349026385,-0.5072092324135156
508,sq_24_42,0.9998669097242988,0.9999343974226236,0.9999575582386132,16595.0,7130.0,16593.911325228437,7129.697390241312,-0.006560257737642239,-0.004244176138679112,24.29623527858815,-1.0886747715630918,-0.3026097586880496
509,sq_24_43,0.9998669097242988,1.0005694055336187,0.9997627189397312,2169.0,1975.0,2170.235040602419,1974.531369905969,0.05694055336187276,-0.023728106026876805,25.414201876983768,1.2350406024188487,-0.4686300940309138
510,sq_24_44,0.9998669097242988,0.9998818354851646,0.9999426668001828,344.0,2060.0,343.95935140689664,2059.8818936083767,-0.011816451483537271,-0.005733319981715557,26.68380296238013,-0.04064859310335578,-0.11810639162331427
511,sq_24_45,0.9998669097242988,0.9994568783393116,1.0003756807165378,7043.0,5889.0,7039.174794143772,5891.212383739691,-0.054312166068837264,0.03756807165378184,28.084480426276784,-3.825205856228422,2.2123837396911767
512,sq_24_46,0.9998669097242988,1.0022119571612085,0.9987371141626632,7623.0,2225.0,7639.861749439892,2222.1900790119257,0.22119571612084776,-0.12628858373368024,29.597630041257,16.861749439892264,-2.809920988074282
513,sq_24_47,0.9998669097242988,0.999883330312718,0.9999417283204356,5934.0,4755.0,5933.307682075669,4754.722918163671,-0.011666968728196725,-0.005827167956440338,31.206894767020458,-0.6923179243312916,-0.2770818363287617
514,sq_24_48,0.9998669097242988,0.9998818185975268,0.9999427345202992,7907.0,7964.0,7906.0655396506445,7963.5439377196635,-0.01181814024732164,-0.005726547970075213,32.89817209079773,-0.9344603493555041,-0.4560622803364822
515,sq_24_49,0.9998669097242988,0.9998807831284938,0.9999431055671564,1592.0,724.0,1591.810206740562,723.9588084306212,-0.01192168715061781,-0.005689443284362383,34.956689985622305,-0.18979325943791991,-0.04119156937883872
516,sq_24_50,0.9998669097242988,0.999880702902387,0.999943131944014,1003.0,487.0,1002.8803450110942,486.9723052567348,-0.011929709761304697,-0.005686805598603684,36.28279695863732,-0.11965498890583603,-0.027694743265215038
517,sq_24_6,0.9998669097242988,0.99987777935205,0.9999439566659328,21.0,38.0,20.99743336639305,37.997870353305444,-0.012222064794997767,-0.005604333406716844,75.029940279963,-0.002566633606949864,-0.0021296466945557313
518,sq_24_7,0.9998669097242988,0.9998819270227668,0.9999427007365976,357.0,603.0,356.95784794712773,602.9654485441683,-0.011807297723320787,-0.005729926340236613,72.83201613383477,-0.042152052872268087,-0.03455145583166086
519,sq_24_8,0.9998669097242988,0.9998819270227666,0.9999427007365984,33.0,36.0,32.9961035917513,35.99793722651754,-0.011807297723342991,-0.005729926340158897,70.64055080009058,-0.0038964082486998564,-0.002062773482457203
520,sq_24_9,0.9998669097242988,0.9998819270227648,0.9999427007365984,1.0,2.0,0.9998819270227648,1.9998854014731968,-0.011807297723520627,-0.005729926340158897,68.45616295017192,-0.00011807297723520627,-0.00011459852680317795
521,sq_25_0,0.9998669097242988,0.9998819270227648,0.999942700736598,3.0,14.0,2.9996457810682946,13.99919781031237,-0.011807297723520627,-0.005729926340203306,87.67264326402996,-0.00035421893170539676,-0.0008021896876293511
522,sq_25_1,0.9998669097242988,0.9998819270227646,0.9999427007365984,20.0,9.0,19.99763854045529,8.999484306629386,-0.011807297723542831,-0.005729926340158897,85.53788574661058,-0.0023614595447085662,-0.0005156933706143008
523,sq_25_10,0.9998669097242988,0.999881757832221,0.9999427487788096,636.0,979.0,635.9247979812925,978.9439510544546,-0.011824216777900354,-0.005725122119037973,65.55580560649815,-0.07520201870750043,-0.056048945545398965
524,sq_25_11,0.9998669097242988,0.999880081870696,0.9999433356578128,175.0,85.0,174.9790143273718,84.99518353091409,-0.011991812930400858,-0.005666434218720706,63.363676255988786,-0.020985672628199836,-0.004816469085909603
525,sq_25_21,0.9998669097242988,0.999881927022767,0.9999427007365984,1088.0,785.0,1087.8715366007705,784.9550200782297,-0.011807297723298582,-0.005729926340158897,42.07374229163045,-0.1284633992295312,-0.04497992177027754
526,sq_25_22,0.9998669097242988,0.9998797104256149,0.9999434203904948,353.0,294.0,352.95753778024203,293.9833655948055,-0.01202895743851462,-0.0056579609505225115,40.04813105716831,-0.04246221975796516,-0.016634405194508872
527,sq_25_23,0.9998669097242988,0.999881138809626,0.999942865413632,1252.0,964.0,1251.8511857896517,963.9449222587413,-0.011886119037396448,-0.005713458636802393,38.05356711406286,-0.14881421034829145,-0.05507774125874221
528,sq_25_24,0.9998669097242988,0.99989170168228,0.9999371536003602,1362.0,664.0,1361.8524976912654,663.9582699906391,-0.010829831771996812,-0.006284639963982652,36.09519557259617,-0.14750230873460168,-0.04173000936089011
529,sq_25_25,0.9998669097242988,0.9998817346038316,0.9999427611998956,4474.0,2415.0,4473.470880617542,2414.861768297748,-0.011826539616843768,-0.005723880010444216,34.17923597567889,-0.5291193824577931,-0.13823170225214199
530,sq_25_29,0.9998669097242988,0.9995217862064564,1.000244266882658,7668.0,5909.0,7664.333056631108,5910.443373009627,-0.04782137935436248,0.024426688265810625,27.116858431843983,-3.6669433688921345,1.4433730096270665
531,sq_25_30,0.9998669097242988,1.0001068985902075,0.9997610207098704,11994.0,9985.0,11995.282141690948,9982.613791788055,0.010689859020751591,-0.023897929012961505,25.564002732964155,1.282141690948265,-2.386208211944904
532,sq_25_31,0.9998669097242988,0.9998819957505436,0.9999421927623172,9157.0,6600.0,9155.919435087728,6599.618472231294,-0.011800424945640486,-0.0057807237682783175,24.130468610418795,-1.0805649122721661,-0.3815277687062917
533,sq_25_32,0.9998669097242988,0.9998819137760816,0.999942698252642,31610.0,50744.0,31606.26729446194,50741.09228013207,-0.011808622391840107,-0.0057301747357962896,22.838733166874302,-3.7327055380592356,-2.9077198679297
534,sq_25_33,0.9998669097242988,0.9998819160071092,0.9999427030050048,36177.0,85942.0,36172.72807538919,85937.07578165612,-0.011808399289081617,-0.005729699499523733,21.714114644115238,-4.271924610809947,-4.924218343876419
535,sq_25_34,0.9998669097242988,0.9998819294864404,0.9999426874536768,35926.0,64302.0,35921.758198729854,64298.31468864632,-0.01180705135596094,-0.005731254632324045,20.783756478391584,-4.2418012701455154,-3.6853113536781166
536,sq_25_35,0.9998669097242988,1.0000821305280232,0.9998045279339518,40755.0,59988.0,40758.34722966958,59976.2740217019,0.008213052802319432,-0.019547206604819678,20.07468317568151,3.347229669583612,-11.725978298098198
537,sq_25_36,0.9998669097242988,0.9999621628998872,0.9998830297653823,42125.0,62213.0,42123.40611215775,62205.72293079373,-0.0037837100112847466,-0.011697023461765266,19.610909955599247,-1.5938878422530252,-7.277069206269516
538,sq_25_37,0.9998669097242988,0.9999917674933666,0.9998539969429484,35478.0,40140.0,35477.70792712966,40134.13943728995,-0.0008232506633398806,-0.014600305705159133,19.410025571923885,-0.29207287033932516,-5.860562710047816
539,sq_25_38,0.9998669097242988,0.9998817093835723,0.9999429503872556,19122.0,23161.0,19119.73804683267,23159.678673919225,-0.011829061642765204,-0.005704961274444198,19.480162337619095,-2.2619531673299207,-1.3213260807751794
540,sq_25_39,0.9998669097242988,0.999315767612182,1.001050758710315,18639.0,50175.0,18626.24659252346,50227.721818290054,-0.06842323878180068,0.1050758710315014,19.81844089910475,-12.753407476538996,52.721818290054216
541,sq_25_40,0.9998669097242988,1.002424407396468,0.9988530930578056,9106.0,8951.0,9128.076653752238,8940.734035960417,0.2424407396468098,-0.11469069421944367,20.41153195023731,22.07665375223769,-10.265964039583196
542,sq_25_41,0.9998669097242988,0.9998859375515592,0.9999420625790764,15570.0,8189.0,15568.224047677777,8188.525550460056,-0.011406244844081037,-0.005793742092363718,21.238096874176815,-1.77595232222302,-0.4744495399436346
543,sq_25_42,0.9998669097242988,0.9986228234804396,1.0011227226879478,3241.0,2610.0,3236.536570900105,2612.9303062155436,-0.13771765195603747,0.11227226879477747,22.272155139215137,-4.463429099895166,2.9303062155436237
544,sq_25_43,0.9998669097242988,1.001821354061724,0.997464503474895,644.0,3077.0,645.1729520157503,3069.198277192252,0.1821354061724012,-0.25354965251049855,23.486314658877237,1.1729520157502975,-7.801722807747865
545,sq_25_44,0.9998669097242988,0.9998872408549454,0.9999382956454136,2217.0,1499.0,2216.750012975414,1498.9075051724749,-0.011275914505459728,-0.006170435458641155,24.854193631845643,-0.24998702458606203,-0.0924948275251154
546,sq_25_45,0.9998669097242988,0.9986887809489594,1.000522643574689,6452.0,1197.0,6443.540014682686,1197.6256043589028,-0.13112190510405908,0.05226435746890079,26.35186389445419,-8.459985317314022,0.6256043589028195
547,sq_25_46,0.9998669097242988,0.997428904055342,1.0015045688570197,2619.0,867.0,2612.266299720941,868.304461199036,-0.2571095944657986,0.15045688570196614,27.958474410008222,-6.733700279059121,1.3044611990360409
548,sq_25_48,0.9998669097242988,0.9998817794987752,0.9999427441191348,1859.0,2421.0,1858.780228088223,2420.861383512425,-0.011822050122478611,-0.005725588086524791,31.430630492499244,-0.21977191177688837,-0.13861648757483636
549,sq_25_49,0.9998669097242988,0.9998811531327568,0.9999429695536916,1137.0,416.0,1136.8648711119445,415.9762753343357,-0.011884686724317195,-0.005703044630844811,33.00545357313504,-0.13512888805553303,-0.023724665664303757
550,sq_25_8,0.9998669097242988,0.9998819270227672,0.9999427007365976,53.0,39.0,52.99374213220666,38.997765328727304,-0.011807297723276378,-0.005729926340236613,69.9606410545596,-0.006257867793337368,-0.0022346712726957207
551,sq_25_9,0.9998669097242988,0.9998819270227668,0.9999427007365984,107.0,85.0,106.98736619143605,84.99512956261087,-0.011807297723320787,-0.005729926340158897,67.75501595537867,-0.012633808563947468,-0.004870437389129734
552,sq_26_11,0.9998669097242988,0.999881927022767,0.999942700736598,103.0,58.0,102.987838483345,57.99667664272268,-0.011807297723298582,-0.005729926340203306,62.691016325680415,-0.01216151665499865,-0.0033233572773170295
553,sq_26_12,0.9998669097242988,0.9998819270227663,0.9999427007365982,256.0,167.0,255.96977331782819,166.9904310230119,-0.011807297723365195,-0.005729926340181102,60.483120928195575,-0.0302266821718149,-0.009568976988106215
554,sq_26_13,0.9998669097242988,0.999881927022766,0.999942700736598,63.0,91.0,62.99256140243426,90.99478576703042,-0.011807297723398502,-0.005729926340203306,58.282236212133355,-0.007438597565737837,-0.005214232969578347
555,sq_26_19,0.9998669097242988,0.9998686416276766,0.9999456663719868,8.0,20.0,7.998949133021413,19.998913327439737,-0.013135837232336467,-0.005433362801321451,45.28108713082895,-0.0010508669785869174,-0.0010866725602625138
556,sq_26_20,0.9998669097242988,0.9998790137346132,0.9999437647213194,164.0,178.0,163.98015825247657,177.98999012039485,-0.012098626538681323,-0.005623527868059419,43.16190372067955,-0.019841747523429376,-0.010009879605149763
557,sq_26_21,0.9998669097242988,0.9998543073657268,0.9999511958260898,6.0,3.0,5.999125844194361,2.9998535874782695,-0.01456926342732201,-0.004880417391017744,41.0620055512757,-0.0008741558056390986,-0.00014641252173053232
558,sq_26_22,0.9998669097242988,0.9998807128854716,0.9999426985901412,478.0,282.0,477.9429807592554,281.9838410024198,-0.011928711452835472,-0.005730140985882315,38.98450705493907,-0.0570192407445802,-0.01615899758019168
559,sq_26_23,0.9998669097242988,0.9998965968127632,0.9999322216354518,553.0,267.0,552.9428180374581,266.98190317666564,-0.010340318723678354,-0.006777836454818775,36.93318624046177,-0.057181962541903886,-0.01809682333436058
560,sq_26_24,0.9998669097242988,1.0019659259813996,0.9988559466719272,3348.0,1331.0,3354.5819201857257,1329.4772650203352,0.19659259813995522,-0.11440533280727694,34.91265548352325,6.581920185725721,-1.5227349796648468
561,sq_26_25,0.9998669097242988,0.9926054670161816,1.0064641125019242,515.0,261.0,511.1918155133335,262.6871333630022,-0.7394532983818425,0.6464112501924246,32.9285809339424,-3.808184486666505,1.6871333630022036
562,sq_26_28,0.9998669097242988,0.9998818029872432,0.9999427483298996,3576.0,1655.0,3575.5773274823814,1654.9052484859837,-0.01181970127568377,-0.00572516701004,27.274012939523413,-0.4226725176185937,-0.09475151401625226
563,sq_26_29,0.9998669097242988,0.9998814604153068,0.9999429430066282,9856.0,4347.0,9854.831673853263,4346.751973249813,-0.011853958469321135,-0.00570569933717735,25.52502615985702,-1.1683261467369448,-0.24802675018690934
564,sq_26_30,0.9998669097242988,0.9999000321561186,0.9999311045185428,3461.0,1621.0,3460.6540112923262,1620.8883204245578,-0.00999678438814433,-0.0068895481457165175,23.86935533357977,-0.34598870767376866,-0.11167957544216733
565,sq_26_31,0.9998669097242988,0.9998910045122704,0.9999331364903644,1981.0,3724.0,1980.7840799388077,3723.751000290117,-0.010899548772957957,-0.006686350963558407,22.327766361639405,-0.21592006119226426,-0.24899970988280984
566,sq_26_32,0.9998669097242988,0.9998755254424272,0.9999525771509336,11246.0,33984.0,11244.600159125535,33982.388381897326,-0.012447455757280679,-0.004742284906644745,20.925485015084444,-1.399840874464644,-1.611618102673674
567,sq_26_33,0.9998669097242988,0.9998820385508672,0.9999425033180748,22040.0,77684.0,22037.400129661113,77679.53342776131,-0.011796144913278628,-0.005749668192522872,19.692291093435585,-2.5998703388868307,-4.46657223868533
568,sq_26_34,0.9998669097242988,0.9998818208875682,0.9999428513147404,32409.0,51200.0,32405.169933145196,51197.07398731471,-0.011817911243183765,-0.005714868525963368,18.661732466068038,-3.83006685480359,-2.9260126852896065
569,sq_26_35,0.9998669097242988,0.999881818865319,0.999942823416639,29425.0,32037.0,29421.522520112012,32035.168233798864,-0.011818113468098357,-0.005717658336101827,17.868900631979017,-3.477479887988011,-1.8317662011359062
570,sq_26_36,0.9998669097242988,0.9998819174600652,0.9999426983431204,29644.0,45640.0,29640.49956118617,45637.384752380014,-0.011808253993483842,-0.005730165687956035,17.346419885096115,-3.5004388138295326,-2.615247619985894
571,sq_26_37,0.9998669097242988,0.999881921800108,0.9999426941654116,30634.0,38708.0,30630.38279242451,38705.78180575475,-0.011807819989195778,-0.005730583458840588,17.119059060575776,-3.617207575491193,-2.2181942452516523
572,sq_26_38,0.9998669097242988,0.9998818989203396,0.9999427097485388,37081.0,33972.0,37076.620693865116,33970.05373557736,-0.011810107966037098,-0.005729025146117284,17.198523790866155,-4.379306134884246,-1.9462644226368866
573,sq_26_39,0.9998669097242988,0.9998818133976732,0.9999428677311144,17471.0,70949.0,17468.935161870748,70944.94652265483,-0.011818660232676415,-0.005713226888559575,17.580651571786134,-2.0648381292521663,-4.053477345165447
574,sq_26_40,0.9998669097242988,0.9998837045196874,0.9999416000455416,8518.0,14468.0,8517.009395098697,14467.155069458895,-0.011629548031255599,-0.005839995445844348,18.246434430660226,-0.990604901302504,-0.8449305411049863
575,sq_26_42,0.9998669097242988,0.999878340106132,0.9999458011766554,1476.0,2065.0,1475.8204299966508,2064.8880794297934,-0.012165989386803133,-0.0054198823344564495,20.305839050679808,-0.17957000334922668,-0.11192057020662105
576,sq_26_43,0.9998669097242988,0.9998825709419022,0.9999412866670524,5255.0,3096.0,5254.382910299696,3095.8182235211943,-0.011742905809775106,-0.005871333294760195,21.630271164150198,-0.6170897003039499,-0.18177647880565928
577,sq_26_44,0.9998669097242988,0.9998827452655596,0.9999417501198028,10591.0,3848.0,10589.758155107542,3847.775854461001,-0.011725473444035295,-0.005824988019720312,23.107852642998274,-1.2418448924581753,-0.22414553899898237
578,sq_26_45,0.9998669097242988,1.0006164488228906,0.9992840982683744,2625.0,2184.0,2626.6181781600876,2182.4364706181295,0.06164488228905807,-0.07159017316256122,24.711125240747204,1.6181781600876093,-1.5635293818704668
579,sq_26_46,0.9998669097242988,0.9998779583648368,0.9999449798151576,3263.0,2602.0,3262.6017781444625,2601.85683747904,-0.012204163516316147,-0.005502018484238036,26.417213092207156,-0.3982218555374857,-0.14316252095977688
580,sq_26_47,0.9998669097242988,0.9998818062509968,0.9999427428674316,4278.0,2956.0,4277.494367141764,2955.8307479161276,-0.011819374900323698,-0.0057257132568433455,28.20746559407035,-0.5056328582359129,-0.16925208387237944
581,sq_26_48,0.9998669097242988,0.999879932286965,0.999943156542838,177.0,322.0,176.9787480147928,321.98169640679384,-0.012006771303496588,-0.005684345716194805,30.066851664803803,-0.021251985207186408,-0.01830359320615571
582,sq_26_49,0.9998669097242988,0.9998833956589384,0.999939633243066,1458.0,790.0,1457.8299908707322,789.9523102620221,-0.011660434106164352,-0.006036675693399385,31.85511622883203,-0.17000912926778255,-0.04768973797786202
583,sq_26_50,0.9998669097242988,0.999850519226272,0.999947441417658,2.0,1.0,1.999701038452544,0.999947441417658,-0.014948077372800572,-0.005255858234198829,33.02627000131362,-0.00029896154745601144,-5.255858234198829e-05
584,sq_27_13,0.9998669097242988,0.9998819270227643,0.9999427007365989,2.0,7.0,1.9997638540455287,6.999598905156192,-0.011807297723565036,-0.005729926340114488,57.64301193153499,-0.0002361459544713007,-0.0004010948438075701
585,sq_27_14,0.9998669097242988,0.9998795616369022,0.9999435234631322,152.0,118.0,151.98169336880912,117.9933357686496,-0.012043836309783007,-0.0056476536867799965,55.42535967873021,-0.018306631190881717,-0.0066642313503990636
586,sq_27_15,0.9998669097242988,0.9998813872685623,0.9999427893754296,151.0,273.0,150.9820894775529,272.98438149949226,-0.011861273143765061,-0.005721062457042514,53.21454059634821,-0.0179105224470959,-0.015618500507741828
587,sq_27_16,0.9998669097242988,0.999881927022766,0.9999427007365972,34.0,49.0,33.99598551877404,48.99719233609326,-0.011807297723398502,-0.005729926340281022,51.01144127385959,-0.004014481225958377,-0.0028076639067364795
588,sq_27_17,0.9998669097242988,0.9998819270227648,0.9999427007365989,19.0,6.0,18.997756613432532,5.999656204419593,-0.011807297723520627,-0.005729926340114488,48.81710499535099,-0.002243386567467809,-0.0003437955804068693
589,sq_27_18,0.9998669097242988,0.9998729277453792,0.9999461512595696,5.0,19.0,4.999364638726896,18.998976873931824,-0.012707225462083027,-0.005384874043035115,46.632766892292786,-0.0006353612731038183,-0.0010231260681763388
590,sq_27_19,0.9998669097242988,0.9998797051951352,0.9999433530260402,83.0,100.0,82.99001553119622,99.99433530260401,-0.01202948048647512,-0.005664697395979523,44.459898654435186,-0.009984468803779123,-0.0056646973959857405
591,sq_27_20,0.9998669097242988,0.999881927022766,0.999942700736598,73.0,70.0,72.99138067266192,69.99598905156186,-0.011807297723398502,-0.005729926340203306,42.300265832184074,-0.008619327338081462,-0.004010948438136097
592,sq_27_21,0.9998669097242988,0.9998819270227656,0.9999427007365982,248.0,218.0,247.97071790164586,217.9875087605784,-0.011807297723442911,-0.005729926340181102,40.15600184593252,-0.029282098354144637,-0.012491239421592581
593,sq_27_22,0.9998669097242988,0.9998790251118383,0.9999437486971238,190.0,51.0,189.9770147712493,50.997131183553314,-0.012097488816165125,-0.005625130287623126,38.029704312775685,-0.02298522875071285,-0.0028688164466856847
594,sq_27_24,0.9998669097242988,0.9998819270227663,0.999942700736598,405.0,146.0,404.95218044422035,145.9916343075433,-0.011807297723365195,-0.005729926340203306,33.84451842606811,-0.04781955577965391,-0.008365692456692386
595,sq_27_25,0.9998669097242988,0.9998759721784352,0.9999546952023748,2291.0,1343.0,2290.715852260795,1342.9391556567894,-0.012402782156484271,-0.004530479762521189,31.794499784208416,-0.2841477392048546,-0.06084434321064691
596,sq_27_26,0.9998669097242988,0.9998819270227662,0.999942700736598,697.0,257.0,696.917703134868,256.9852740893057,-0.011807297723376298,-0.005729926340203306,29.780704016301126,-0.08229686513197976,-0.01472591069432383
597,sq_27_30,0.9998669097242988,1.0023028467841515,0.9985437661537904,4889.0,4229.0,4900.258617927717,4222.841587064379,0.2302846784151491,-0.14562338462096314,22.2823096637415,11.258617927716841,-6.158412935620618
598,sq_27_31,0.9998669097242988,1.0035420532227373,0.9988506757775764,20361.0,14735.0,20433.119745668155,14718.064707582587,0.35420532227372625,-0.11493242224236422,20.622949888602324,72.11974566815479,-16.93529241741271
599,sq_27_32,0.9998669097242988,0.9959197873335752,1.006211831051424,10915.0,3871.0,10870.464478745973,3895.045998000063,-0.4080212666424776,0.6211831051424088,19.09637020649459,-44.53552125402712,24.04599800006281
600,sq_27_33,0.9998669097242988,1.0005963580775648,0.9995106884882262,13711.0,15479.0,13719.17666560149,15471.425947109254,0.059635807756475145,-0.04893115117737823,17.736885017820164,8.17666560148973,-7.574052890746316
601,sq_27_34,0.9998669097242988,0.9995377901068372,1.000417703478819,28824.0,24508.0,28810.677262039477,24518.2370768589,-0.04622098931628127,0.0417703478819087,16.58563110577034,-13.322737960523227,10.237076858898945
602,sq_27_35,0.9998669097242988,0.9991844739513818,1.0008986140234843,11830.0,14480.0,11820.352326844846,14493.011931060053,-0.08155260486182314,0.08986140234843454,15.688513587209718,-9.647673155153825,13.01193106005303
603,sq_27_36,0.9998669097242988,0.9998815458475604,0.999943202419393,13320.0,15684.0,13318.422190689504,15683.10918674576,-0.011845415243960655,-0.005679758060694873,15.090920755793432,-1.5778093104963773,-0.890813254240129
604,sq_27_37,0.9998669097242988,0.9998817382706652,0.9999427583928086,6114.0,6236.0,6113.276947786847,6235.643041337554,-0.011826172933482315,-0.005724160719144944,14.829105053277932,-0.7230522131530961,-0.35695866244623176
605,sq_27_38,0.9998669097242988,0.9998818948372392,0.99994271130289,18354.0,40970.0,18351.832297842688,40967.652882079405,-0.011810516276078431,-0.005728869710996953,14.920749674250665,-2.1677021573123056,-2.3471179205953376
606,sq_27_39,0.9998669097242988,0.9998818793258032,0.9999427154425188,9269.0,25862.0,9267.90513947087,25860.51850677442,-0.011812067419680883,-0.005728455748121863,15.359526238449828,-1.0948605291305284,-1.4814932255794702
607,sq_27_40,0.9998669097242988,0.9998818364987836,0.9999427297906835,14412.0,6206.0,14410.297027620469,6205.644581080982,-0.011816350121640617,-0.0057270209316451215,16.117105882596395,-1.7029723795312748,-0.3554189190181205
608,sq_27_41,0.9998669097242988,0.9998800017758,0.9999439625859348,7605.0,4916.0,7604.08741350496,4915.724520072456,-0.011999822419994643,-0.0056037414065235325,17.15129329602979,-0.9125864950401592,-0.2754799275444384
609,sq_27_42,0.9998669097242988,0.9998818191283774,0.9999427571304168,21039.0,6541.0,21036.51359264193,6540.6255743900565,-0.011818087162263069,-0.005724286958319613,18.415543801172547,-2.4864073580683907,-0.3744256099435006
610,sq_27_43,0.9998669097242988,0.999881835761409,0.9999427314409168,3800.0,1657.0,3799.550975893354,1656.905105997599,-0.0118164238591012,-0.005726855908316786,19.8659812242381,-0.449024106645993,-0.09489400240090617
611,sq_27_45,0.9998669097242988,0.9998837880033052,0.9999414263887336,2591.0,1055.0,2590.6988947165637,1054.938204840114,-0.011621199669475946,-0.005857361126637706,23.181578259675106,-0.30110528343629994,-0.06179515988605999
612,sq_27_46,0.9998669097242988,0.999881737184274,0.9999427680860592,3414.0,1741.0,3413.5962507471113,1740.900359237829,-0.011826281572602237,-0.005723191394080285,24.991775901833076,-0.40374925288870145,-0.09964076217102047
613,sq_27_47,0.9998669097242988,0.9998807473887308,0.9999431337598916,1140.0,332.0,1139.8640520231531,331.981120408284,-0.011925261126921605,-0.005686624010836638,26.876597545564078,-0.13594797684686455,-0.01887959171597231
614,sq_27_48,0.9998669097242988,0.99988144079423,0.999942868765336,1605.0,687.0,1604.8097124747392,686.9607508417859,-0.01185592057699747,-0.00571312346639985,28.821405667540713,-0.19028752526082826,-0.03924915821414743
615,sq_27_49,0.9998669097242988,1.000582429835901,0.9985706669927849,935.0,303.0,935.5445718965674,302.5669120988138,0.0582429835900955,-0.142933300721515,30.814843982893205,0.5445718965673905,-0.4330879011861839
616,sq_28_15,0.9998669097242988,0.9998819270227663,0.999942700736598,8.0,25.0,7.999055416182131,24.998567518414948,-0.011807297723365195,-0.005729926340203306,52.61513479215008,-0.0009445838178692156,-0.0014324815850521588
617,sq_28_16,0.9998669097242988,1.0225606455401015,0.9774740793823168,136.0,193.0,139.0682477934538,188.65249732078715,2.256064554010151,-2.2525920617683215,50.38652360015939,3.068247793453793,-4.347502679212852
618,sq_28_17,0.9998669097242988,0.9933054567862992,1.0054211538599966,234.0,276.0,232.433476887994,277.49623846535906,-0.6694543213700777,0.5421153859996641,48.16441330545695,-1.5665231120059957,1.4962384653590561
619,sq_28_18,0.9998669097242988,0.9998819270227648,0.9999427007365976,11.0,3.0,10.998701197250412,2.999828102209793,-0.011807297723520627,-0.005729926340236613,45.94974509503915,-0.001298802749587935,-0.00017189779020698737
620,sq_28_25,0.9998669097242988,0.9998802498571018,0.9999433583473858,194.0,223.0,193.97676847227774,222.98736891146703,-0.011975014289822283,-0.005664165261420884,30.789723675985957,-0.02323152772225967,-0.012631088532970125
621,sq_28_28,0.9998669097242988,0.9998818315714748,0.9999427338710272,7152.0,3706.0,7151.154859399187,3705.7877717260267,-0.011816842852518938,-0.0057266128972832675,24.653481791200182,-0.8451406008125559,-0.21222827397332367
622,sq_28_29,0.9998669097242988,0.9998817195471936,0.999942775444821,11151.0,5906.0,11149.681054670757,5905.662031777113,-0.011828045280637411,-0.005722455517898073,22.704746048988447,-1.3189453292434337,-0.33796822288695694
623,sq_28_30,0.9998669097242988,0.999881633956242,0.999942804397549,10197.0,2373.0,10195.7930214518,2372.8642748353836,-0.011836604375803361,-0.005719560245098787,20.827251989432966,-1.2069785481999133,-0.13572516461636042
624,sq_28_31,0.9998669097242988,0.9998838535342772,0.9999417726395208,15177.0,29043.0,15175.237245089726,29041.3089027696,-0.011614646572277731,-0.005822736047922383,19.042080758984188,-1.7627549102744524,-1.691097230399464
625,sq_28_32,0.9998669097242988,0.9998780487323714,0.99994532708261,20433.0,43701.0,20430.508169748544,43698.61073883714,-0.012195126762859498,-0.005467291739003066,17.377704642342835,-2.491830251456122,-2.389261162861658
626,sq_28_33,0.9998669097242988,0.99963078939024,1.0003085854551912,35565.0,26795.0,35551.86902466389,26803.268547271848,-0.036921060976002895,0.03085854551911904,15.872165884424685,-13.130975336112897,8.268547271847638
627,sq_28_34,0.9998669097242988,1.0009022498624045,0.9994574556823808,42823.0,27096.0,42861.63704585775,27081.29921916979,0.09022498624045028,-0.05425443176192424,14.574766730811463,38.63704585775122,-14.700780830211443
628,sq_28_35,0.9998669097242988,1.0018893514048768,0.9985175803983112,9100.0,10658.0,9117.193097784379,10642.200371885201,0.18893514048767823,-0.14824196016888225,13.545443562280552,17.19309778437855,-15.799628114798907
629,sq_28_36,0.9998669097242988,0.999881889174172,0.9999427115572131,18749.0,30843.0,18746.78554012655,30841.233052559124,-0.011811082582802168,-0.005728844278685141,12.848782004333692,-2.2144598734485044,-1.7669474408758106
630,sq_28_37,0.9998669097242988,0.9998818950165184,0.9999427118396638,30330.0,23118.0,30326.417875851002,23116.675612309347,-0.011810498348163723,-0.005728816033623296,12.540343052882605,-3.5821241489975364,-1.3243876906526566
631,sq_28_38,0.9998669097242988,0.9998712075778344,0.999957870018396,7259.0,3032.0,7258.0650958075,3031.872261895777,-0.012879242216556896,-0.004212998160402215,12.648555887334108,-0.9349041924997437,-0.1277381042232264
632,sq_28_40,0.9998669097242988,0.99988143976655,0.9999431101900698,10169.0,8508.0,10167.794360986047,8507.515981497114,-0.011856023345002686,-0.00568898099302384,14.039495184994061,-1.2056390139532596,-0.4840185028861015
633,sq_28_41,0.9998669097242988,0.9988673133315226,1.000862251221028,9690.0,6267.0,9679.024266182454,6272.4037284021815,-0.1132686668477434,0.08622512210278988,15.2152214805332,-10.975733817545915,5.403728402181514
634,sq_28_42,0.9998669097242988,0.9998621126452092,0.9999665704761672,327.0,1168.0,326.9549108349834,1167.9609543161632,-0.013788735479081105,-0.003342952383278419,16.626934389520883,-0.045089165016577226,-0.039045683836775424
635,sq_28_43,0.9998669097242988,0.9998811471782008,0.9999430037082532,9694.0,3153.0,9692.847840745479,3152.8202906921224,-0.01188528217992424,-0.0056996291746824745,18.21986018729317,-1.1521592545213934,-0.17970930787760153
636,sq_28_44,0.9998669097242988,0.999881793811518,0.9999427464952138,8525.0,4592.0,8523.99229224319,4591.737091906021,-0.011820618848201736,-0.005725350478624769,19.95063848864745,-1.0077077568093955,-0.2629080939786945
637,sq_28_45,0.9998669097242988,0.9998811554781908,0.9999429810661864,3517.0,1911.0,3516.582023816797,1910.8910368174822,-0.011884452180921379,-0.005701893381360179,21.78643847796213,-0.41797618320288166,-0.10896318251775483
638,sq_28_46,0.9998669097242988,0.9998817785458926,0.9999427440542444,7236.0,4255.0,7235.144549558078,4254.75637595081,-0.011822145410744778,-0.005725594575556325,23.70286961324372,-0.8554504419216755,-0.2436240491897479
639,sq_28_47,0.9998669097242988,0.9998811893007814,0.9999429834021136,1762.0,1270.0,1761.790655547977,1269.9275889206842,-0.011881069921859666,-0.005701659788637237,25.681886729557696,-0.2093444520230605,-0.07241107931577062
640,sq_28_48,0.9998669097242988,0.9998696286161068,0.9999506204666744,1431.0,1284.0,1430.813438549649,1283.93659667921,-0.01303713838931575,-0.004937953332562195,27.710082843363367,-0.1865614503510642,-0.0634033207900302
641,sq_28_49,0.9998669097242988,0.9963631648182044,1.001282420484891,754.0,381.0,751.2578262729261,381.4886022047434,-0.36368351817955835,0.12824204848909115,29.777409951016438,-2.7421737270739186,0.4886022047434153
642,sq_28_50,0.9998669097242988,0.9998802878111468,0.9999432747467564,182.0,196.0,181.9782123816287,195.98888185036424,-0.01197121888532049,-0.005672525324362798,31.16504205322178,-0.021787618371291728,-0.011118149635763075
643,sq_28_51,0.9998669097242988,0.9998780629766456,0.9999441351486608,664.0,282.0,663.9190338164926,281.98424611192235,-0.012193702335439038,-0.005586485133923791,33.718432904431445,-0.08096618350737117,-0.01575388807765421
644,sq_28_58,0.9998669097242988,0.9998819270227668,0.9999427007365976,129.0,1712.0,128.9847685859369,1711.9019036610553,-0.011807297723320787,-0.005729926340236613,49.36833577933909,-0.015231414063094917,-0.09809633894474246
645,sq_29_16,0.9998669097242988,0.8566685429854103,1.1710366504712812,13.0,13.0,11.136691058810333,15.223476456126656,-14.333145701458971,17.103665047128125,49.85925660485738,-1.8633089411896666,2.2234764561266562
646,sq_29_17,0.9998669097242988,0.9998819270227656,0.9999427007365984,27.0,39.0,26.99681202961467,38.99776532872734,-0.011807297723442911,-0.005729926340158897,47.61324099590556,-0.003187970385329919,-0.0022346712726601936
647,sq_29_25,0.9998669097242988,0.9998816419196572,0.9999427916618034,604.0,656.0,603.9285117194729,655.9624713301431,-0.011835808034277306,-0.005720833819655713,29.927122071714706,-0.07148828052709177,-0.03752866985689707
648,sq_29_26,0.9998669097242988,0.9998808577133934,0.999942779231134,214.0,578.0,213.97450355066618,577.9669263955955,-0.011914228660658832,-0.0057220768866050875,27.779632212302197,-0.025496449333815008,-0.03307360440453522
649,sq_29_27,0.9998669097242988,0.9998818894495218,0.9999427064789964,9046.0,14209.0,9044.931571960375,14208.18591636006,-0.011811055047816765,-0.005729352100358742,25.658100129983698,-1.0684280396253598,-0.8140836399397813
650,sq_29_28,0.9998669097242988,0.9998819005214878,0.9999427058321628,7870.0,13232.0,7869.070557104109,13231.241883571178,-0.011809947851215696,-0.0057294167837174115,23.56953350562209,-0.929442895891043,-0.7581164288221771
651,sq_29_29,0.9998669097242988,0.9998816185593632,0.9999428118855656,5050.0,1442.0,5049.402173724784,1441.9175347389855,-0.011838144063680556,-0.005718811443444771,21.523527997107905,-0.5978262752159935,-0.08246526101447671
652,sq_29_30,0.9998669097242988,0.9998817591751384,0.9999427622763424,14069.0,5178.0,14067.336469835023,5177.703623066901,-0.011824082486155962,-0.005723772365762159,19.533458975026033,-1.6635301649766916,-0.29637693309905444
653,sq_29_31,0.9998669097242988,0.9998819117890426,0.9999426957122328,8284.0,31063.0,8283.021757260429,31061.219956909088,-0.011808821095737887,-0.005730428776717922,17.618288066611708,-0.9782427395712148,-1.7800430909119314
654,sq_29_32,0.9998669097242988,0.9998816799986644,0.9999431021565454,10127.0,51398.0,10125.801773346475,51395.07556464212,-0.011832000133560339,-0.005689784345463966,15.805261941528924,-1.1982266535251256,-2.9244353578833397
655,sq_29_33,0.9998669097242988,0.9992615562935884,1.0009066849907151,31185.0,31678.0,31161.971633015553,31706.721967135873,-0.0738443706411629,0.0906684990715112,14.133739737660962,-23.02836698444662,28.721967135872546
656,sq_29_34,0.9998669097242988,1.0008052161747654,0.9993998030482408,23041.0,28368.0,23059.55298588277,28350.973612872494,0.08052161747653663,-0.060019695175916876,12.659891320002851,18.552985882768553,-17.026387127505586
657,sq_29_35,0.9998669097242988,0.9981335764716348,1.001549781142523,10347.0,5939.0,10327.688115752006,5948.2041502054435,-0.1866423528365191,0.15497811425229102,11.460233391787618,-19.311884247994385,9.204150205443511
658,sq_29_36,0.9998669097242988,0.9998789944395674,0.9999441382712496,28288.0,19014.0,28284.576994706484,19012.937845089542,-0.012100556043259658,-0.0055861728750383755,10.62801973765146,-3.4230052935163258,-1.062154910458048
659,sq_29_37,0.9998669097242988,0.9994641360973796,1.000425712144454,22176.0,12848.0,22164.11668209549,12853.469549631945,-0.05358639026203926,0.04257121444539713,10.253112517697629,-11.883317904510477,5.469549631945483
660,sq_29_38,0.9998669097242988,0.9979055951199374,1.0024156836356806,2517.0,1330.0,2511.7283829168823,1333.2128592354552,-0.2094404880062628,0.24156836356805655,10.385152757985493,-5.27161708311769,3.2128592354551984
661,sq_29_39,0.9998669097242988,0.9998817123882882,0.9999427831002244,633.0,856.0,632.9251239417864,855.9510223337921,-0.011828761171184254,-0.005721689977555844,11.00590581142849,-0.07487605821359011,-0.04897766620786115
662,sq_29_40,0.9998669097242988,0.999881929347012,0.9999426970953348,4756.0,3120.0,4755.438455974389,3119.8212149374444,-0.011807065298796715,-0.005730290466521293,12.04001371524353,-0.5615440256106012,-0.17878506255556204
663,sq_29_41,0.9998669097242988,1.0030366280883944,0.9964981555650438,1447.0,3850.0,1451.3940008439067,3836.5178989254186,0.3036628088394444,-0.35018444349561584,13.392058248240824,4.394000843906724,-13.482101074581351
664,sq_29_42,0.9998669097242988,0.99988174106662,0.999942778391666,6364.0,7249.0,6363.2474001479695,7248.585200561187,-0.011825893338002214,-0.005722160833399048,14.976173495121209,-0.7525998520304711,-0.41479943881313375
665,sq_29_43,0.9998669097242988,0.9998818575768216,0.9999427195668869,7014.0,9428.0,7013.171349043827,9427.459960076609,-0.01181424231784245,-0.005728043311314934,16.726550999124065,-0.8286509561730782,-0.5400399233913049
666,sq_29_44,0.9998669097242988,0.9998818820410942,0.99994267456168,1796.0,10846.0,1795.787860145805,10845.378248295981,-0.011811795890581678,-0.005732543832004389,18.59629986658828,-0.212139854194902,-0.6217517040186067
667,sq_29_45,0.9998669097242988,0.9998818109800466,0.9999427311221526,4278.0,5801.0,4277.49438737264,5800.667783239607,-0.011818901995341857,-0.005726887784740509,20.552865872649672,-0.5056126273602786,-0.3322167603928392
668,sq_29_46,0.9998669097242988,0.999881617207177,0.9999428028659538,2289.0,1945.0,2288.7290217872282,1944.8887515742801,-0.01183827928229464,-0.005719713404617188,22.57368457346482,-0.2709782127717517,-0.11124842571985027
669,sq_29_47,0.9998669097242988,0.99988121508059,0.9999429503240967,2652.0,1300.0,2651.6849823937246,1299.9258354213257,-0.011878491940997549,-0.005704967590325349,24.642953121024377,-0.3150176062754326,-0.07416457867429926
670,sq_29_48,0.9998669097242988,0.999880802909102,0.9999431208499464,1178.0,814.0,1177.859585826922,813.9537003718564,-0.011919709089802666,-0.005687915005359034,26.74942916923167,-0.1404141730779429,-0.04629962814362898
671,sq_29_49,0.9998669097242988,0.9998631471602896,0.9999525483594628,1385.0,582.0,1384.810458817001,581.9723831452073,-0.013685283971043294,-0.0047451640537210515,28.884972947948874,-0.18954118299893707,-0.02761685479265452
672,sq_29_50,0.9998669097242988,0.9998797488724428,0.9999434636182484,443.0,203.0,442.9467287504922,202.98852311450443,-0.012025112755720269,-0.005653638175162623,31.04358560055597,-0.05327124950781581,-0.011476885495568467
673,sq_29_51,0.9998669097242988,0.99988160099171,0.999942738664654,910.0,1473.0,909.8922569024561,1472.9156540530353,-0.011839900829002659,-0.005726133534600386,33.211880043231595,-0.10774309754390288,-0.08434594696473141
674,sq_29_55,0.9998669097242988,0.999879774140604,0.999943413617532,224.0,141.0,223.9730694074953,140.992021320072,-0.012022585939597263,-0.005658638246797132,41.94362212973837,-0.02693059250469787,-0.007978679927987287
675,sq_29_56,0.9998669097242988,0.9998804136502256,0.9999432545792776,385.0,150.0,384.9539592553369,149.99148818689164,-0.011958634977438098,-0.005674542072242605,44.190875793779135,-0.046040744663116584,-0.008511813108356137
676,sq_29_58,0.9998669097242988,0.9998818291674556,0.999942723166546,3418.0,3196.0,3417.596092094363,3195.816943240281,-0.011817083254439531,-0.005727683345402301,48.76991033225131,-0.4039079056369701,-0.18305675971896562
677,sq_29_59,0.9998669097242988,0.9998815460623252,0.9999428375801194,2467.0,1953.0,2466.707774135756,1952.8883617939732,-0.011845393767484502,-0.0057162419880629756,50.964193077373764,-0.29222586424384644,-0.11163820602678243
678,sq_2_31,0.9998669097242988,1.0000493915679327,0.9998239579751376,73.0,32.0,73.0036055844591,31.994366655204402,0.00493915679327106,-0.01760420248624328,73.37365720225982,0.0036055844590947572,-0.00563334479559785
679,sq_2_32,0.9998669097242988,1.0020146282789428,0.997878011074148,630.0,1074.0,631.269215815734,1071.7209838936349,0.20146282789428316,-0.21219889258520253,72.9162187495697,1.2692158157340145,-2.279016106365134
680,sq_2_33,0.9998669097242988,0.9998493343113984,0.9999766233284628,353.0,728.0,352.94681501192366,727.982981783121,-0.015066568860155893,-0.0023376671537178595,72.96676114601546,-0.05318498807633887,-0.017018216879023385
681,sq_30_16,0.9998669097242988,0.9998819270227643,0.9999427007365992,22.0,15.0,21.997402394500817,14.999140511048989,-0.011807297723565036,-0.005729926340081182,49.4326699434099,-0.0025976054991829756,-0.0008594889510114001
682,sq_30_17,0.9998669097242988,0.9998819270227668,0.9999427007365972,67.0,41.0,66.99208911052537,40.99765073020048,-0.011807297723320787,-0.005729926340281022,47.16704737751704,-0.007910889474629812,-0.0023492697995166623
683,sq_30_18,0.9998669097242988,0.9998819270227648,0.999942700736598,1.0,11.0,0.9998819270227648,10.999369708102577,-0.011807297723520627,-0.005729926340203306,44.904619969757036,-0.00011807297723520627,-0.0006302918974228078
684,sq_30_26,0.9998669097242988,0.9998814465208058,0.9999428808562424,10864.0,2996.0,10862.712035002034,2995.828871045302,-0.011855347919420556,-0.005711914375761129,27.01611260604168,-1.2879649979659007,-0.171128954697906
685,sq_30_27,0.9998669097242988,0.9998818686473956,0.9999426945024736,2291.0,6395.0,2290.729361071183,6394.633531343319,-0.011813135260441143,-0.005730549752636094,24.830119522862663,-0.27063892881687934,-0.36646865668080864
686,sq_30_28,0.9998669097242988,0.9998819075159884,0.9999427082219036,1453.0,17041.0,1452.828411620731,17040.02369080946,-0.011809248401162264,-0.005729177809643549,22.66607185071886,-0.1715883792689965,-0.9763091905406327
687,sq_30_29,0.9998669097242988,0.9998819270227668,0.9999427007365976,11262.0,5560.0,11260.6702621304,5559.681416095483,-0.011807297723320787,-0.005729926340236613,20.530907012192046,-1.329737869600649,-0.31858390451725427
688,sq_30_30,0.9998669097242988,0.9998819254125448,0.9999426986996738,11469.0,44248.0,11467.645802556477,44245.46453206317,-0.011807458745516364,-0.005730130032621794,18.43466024579657,-1.354197443522935,-2.535467936831992
689,sq_30_31,0.9998669097242988,0.9998818297305128,0.9999427334757988,14254.0,18033.0,14252.315600978729,18031.96731276908,-0.011817026948723885,-0.005726652420123823,16.3922652071258,-1.6843990212710196,-1.0326872309196915
690,sq_30_32,0.9998669097242988,0.9998823253851928,0.9999423621739006,18420.0,8952.0,18417.832433595253,8951.484026180759,-0.011767461480716168,-0.005763782609935486,14.426607590378095,-2.167566404747049,-0.5159738192414807
691,sq_30_33,0.9998669097242988,1.000471069304966,0.999667979616749,40811.0,25206.0,40830.22480940497,25197.631094219774,0.047106930496609856,-0.033202038325097494,12.573723785392703,19.224809404971893,-8.36890578022576
692,sq_30_34,0.9998669097242988,0.9998823057572496,0.9999424990847277,38522.0,20265.0,38517.46618238077,20263.834743952008,-0.011769424275043239,-0.005750091527234602,10.891318586384603,-4.533817619230831,-1.1652560479924432
693,sq_30_36,0.9998669097242988,0.9993421359536598,1.000570142415424,34696.0,20078.0,34673.17474904818,20089.447319416886,-0.0657864046340162,0.05701424154240797,8.444956808264436,-22.825250951820635,11.447319416885875
694,sq_30_37,0.9998669097242988,1.0017516675715428,0.9991176702890172,43773.0,12597.0,43849.67574460914,12585.88529263075,0.175166757154277,-0.08823297109827877,7.968141978533584,76.6757446091433,-11.114707369250027
695,sq_30_38,0.9998669097242988,1.0056542536241055,0.996974697403637,1204.0,1064.0,1210.807721363423,1060.7810780374698,0.5654253624105543,-0.3025302596363022,8.13730046666609,6.80772136342307,-3.218921962530203
696,sq_30_39,0.9998669097242988,0.999895686092334,0.9999246741506542,187.0,437.0,186.98049329926647,436.9670826038359,-0.010431390766596493,-0.007532584934577535,8.915734805043854,-0.01950670073352967,-0.03291739616412315
697,sq_30_40,0.9998669097242988,0.9998817869342066,0.999942721001934,3947.0,3575.0,3946.5334130293136,3574.7952275819143,-0.01182130657934044,-0.005727899806595715,10.164409010536682,-0.4665869706864214,-0.2047724180856676
698,sq_30_41,0.9998669097242988,0.9998857425611296,0.9999390687732608,5335.0,5027.0,5334.390436563626,5026.693698723182,-0.011425743887039097,-0.00609312267392248,11.734148154842096,-0.609563436373719,-0.30630127681797603
699,sq_30_42,0.9998669097242988,0.999881891676434,0.9999427079498932,2516.0,10070.0,2515.702839457908,10069.423069055423,-0.011810832356595746,-0.005729205010684968,13.513523691802355,-0.29716054209211507,-0.5769309445768158
700,sq_30_43,0.9998669097242988,0.9998819466155676,0.999942665771981,2085.0,9588.0,2084.7538586934584,9587.450279421753,-0.011805338443238167,-0.005733422801901256,15.43017862167649,-0.2461413065416309,-0.5497205782467063
701,sq_30_44,0.9998669097242988,0.9998813390937435,0.999942908987284,1603.0,1434.0,1602.809786567271,1433.9181314877653,-0.011866090625645143,-0.005709101271600403,17.43890591291307,-0.19021343272902413,-0.08186851223467784
702,sq_30_45,0.9998669097242988,0.9998817526474252,0.9999427548357565,5570.0,3976.0,5569.3413622461585,3975.772393226968,-0.011824735257481844,-0.005724516424354675,19.51128765234065,-0.6586377538415036,-0.2276067730322211
703,sq_30_46,0.9998669097242988,0.9998817973039268,0.9999427448548898,5368.0,3395.0,5367.365487927479,3394.805618782351,-0.011820269607321077,-0.005725514511023544,21.62903321721075,-0.6345120725209199,-0.19438121764915195
704,sq_30_47,0.9998669097242988,0.9998810998804392,0.999942993652046,2453.0,1106.0,2452.7083380067174,1105.936950979163,-0.011890011956083857,-0.005700634795402504,23.780024947655747,-0.2916619932825597,-0.0630490208370702
705,sq_30_48,0.9998669097242988,0.9998811857455024,0.9999429421965954,1072.0,439.0,1071.8726311191785,438.9749516243054,-0.011881425449755678,-0.00570578034045921,25.95599790158428,-0.12736888082145015,-0.025048375694609604
706,sq_30_49,0.9998669097242988,0.9998812668889052,0.9999429560565254,1566.0,784.0,1565.8140639480255,783.955277548316,-0.011873311109478202,-0.0057043943474610614,28.151159114922525,-0.18593605197452234,-0.04472245168403788
707,sq_30_50,0.9998669097242988,0.9998799255901736,0.9999433754592648,742.0,404.0,741.9109047879087,403.977123685543,-0.01200744098264206,-0.005662454073518397,30.36134628611516,-0.0890952120912516,-0.022876314456993896
708,sq_30_51,0.9998669097242988,0.9998805131646014,0.9999431425735452,525.0,604.0,524.9372694114157,603.9656581144213,-0.011948683539864113,-0.0056857426454781645,32.58350138361604,-0.06273058858425884,-0.03434188557866946
709,sq_30_52,0.9998669097242988,0.9998810235032554,0.9999429888932512,566.0,903.0,565.9326593028426,902.9485189706058,-0.011897649674463828,-0.00570111067488277,34.815332474920474,-0.06734069715741953,-0.051481029394153666
710,sq_30_53,0.9998669097242988,0.9998794116815102,0.9999435980610784,361.0,154.0,360.95646761702517,153.99131410140606,-0.012058831848982265,-0.0056401938921646355,37.05509094696717,-0.04353238297483131,-0.008685898593938646
711,sq_30_54,0.9998669097242988,0.9998797789371676,0.999943402856312,458.0,214.0,457.94493875322274,213.98788821125078,-0.012022106283238188,-0.005659714368799751,39.30142127449225,-0.055061246777256656,-0.012111788749223251
712,sq_30_55,0.9998669097242988,0.9998803424324216,0.9999432526543705,779.0,434.0,778.9067867548564,433.9753716519968,-0.011965756757836843,-0.005674734562954864,41.553257510243576,-0.09321324514360185,-0.024628348003204792
713,sq_30_56,0.9998669097242988,0.9998793647476252,0.9999435765124416,381.0,203.0,380.95403796884517,202.98854603202565,-0.012063525237482331,-0.00564234875584102,43.80975054953033,-0.04596203115482922,-0.011453967974347279
714,sq_30_57,0.9998669097242988,0.9998813012985835,0.9999428709210748,506.0,508.0,505.93993845708326,507.970978427906,-0.011869870141645311,-0.005712907892518881,46.07021609222815,-0.06006154291674193,-0.029021572093995474
715,sq_30_58,0.9998669097242988,0.9998807878301074,0.9999430840818084,905.0,720.0,904.8921129862472,719.9590205389021,-0.011921216989263517,-0.005691591819156905,48.33409679554176,-0.10788701375281562,-0.040979461097890635
716,sq_30_59,0.9998669097242988,0.9998810123917924,0.999943025312016,1883.0,722.0,1882.775946333745,721.9588642752756,-0.011898760820761023,-0.0056974687984046035,50.60093433571772,-0.2240536662550312,-0.041135724724426836
717,sq_30_60,0.9998669097242988,0.9998804353090384,0.999943227195177,633.0,278.0,632.9243155506213,277.9842171602592,-0.011956469096163769,-0.005677280482296876,52.87034847525272,-0.07568444937874119,-0.015782839740779764
718,sq_30_61,0.9998669097242988,0.9998808286942328,0.9999430987653593,432.0,153.0,431.94851799590856,152.99129411109996,-0.011917130576721835,-0.0056901234640749365,55.062406865863686,-0.0514820040914401,-0.008705888900038872
719,sq_30_62,0.9998669097242988,0.9998819488849052,0.999942666708028,443.0,241.0,442.947703356013,240.98618267663474,-0.011805111509477495,-0.005733329197199488,57.34064156549482,-0.052296643987006064,-0.013817323365259426
720,sq_31_16,0.9998669097242988,0.999881927022763,0.9999427007365992,0.0,1.0,0.0,0.9999427007365992,-0.011807297723698262,-0.005729926340081182,49.10929156587434,0.0,-5.729926340081182e-05
721,sq_31_18,0.9998669097242988,0.9998819270227668,0.999942700736598,117.0,73.0,116.98618546166371,72.99581715377165,-0.011807297723320787,-0.005729926340203306,44.54983470122533,-0.013814538336291093,-0.004182846228346193
722,sq_31_19,0.9998669097242988,0.9998819270227668,0.9999427007365976,21.0,32.0,20.997520467478104,31.998166423571124,-0.011807297723320787,-0.005729926340236613,42.272863557598846,-0.002479532521896033,-0.0018335764288757161
723,sq_31_20,0.9998669097242988,0.9998819270227672,0.9999427007365972,37.0,28.0,36.99563129984239,27.99839562062472,-0.011807297723276378,-0.005729926340281022,39.998146394879946,-0.004368700157613148,-0.0016043793752800184
724,sq_31_26,0.9998669097242988,0.9998816104090352,0.9999428156424502,6556.0,1968.0,6555.223837841635,1967.887461184342,-0.011838959096477364,-0.005718435754975548,26.429577054467572,-0.7761621583649685,-0.11253881565789925
725,sq_31_27,0.9998669097242988,0.999880471351796,0.9999429766085116,168.0,416.0,167.97991918710173,415.97627826914083,-0.011952864820397036,-0.005702339148838664,24.19134882861387,-0.02008081289827146,-0.02372173085916529
726,sq_31_28,0.9998669097242988,0.9998817030749,0.999942776443294,2753.0,1629.0,2752.6743285651996,1628.906782826126,-0.011829692510001433,-0.005722355670600976,21.96516487314598,-0.32567143480036975,-0.093217173874109
727,sq_31_29,0.9998669097242988,0.9998818943694432,0.9999427019123078,7635.0,4112.0,7634.098263510698,4111.76439026341,-0.011810563055680845,-0.005729808769217026,19.755094082339223,-0.9017364893015838,-0.23560973659004958
728,sq_31_31,0.9998669097242988,0.99988194436321,0.9999426735269304,7235.0,19675.0,7234.145867467824,19673.872101642355,-0.01180556367900154,-0.005732647306955219,15.410979385174846,-0.854132532175754,-1.127898357644881
729,sq_31_32,0.9998669097242988,0.9998817784217175,0.9999427506190656,13022.0,18544.0,13020.460518607606,18542.93836747995,-0.011822157828245139,-0.00572493809344321,13.30177870077465,-1.5394813923940092,-1.0616325200498977
730,sq_31_33,0.9998669097242988,0.9998820392598494,0.9999426003133456,13869.0,11384.0,13867.36400249485,11383.346561967126,-0.011796074015058,-0.005739968665441353,11.266056803785904,-1.6359975051491347,-0.6534380328739644
731,sq_31_34,0.9998669097242988,0.9998821775367358,0.9999424498508586,15689.0,8381.0,15687.151483373847,8380.517672200045,-0.011782246326419443,-0.0057550149141438744,9.3519161536626,-1.8485166261525592,-0.4823277999548736
732,sq_31_35,0.9998669097242988,1.0005402712171456,0.9996534019638942,32306.0,9695.0,32323.454001941107,9691.639732039954,0.05402712171456159,-0.03465980361058163,7.651151081120723,17.45400194110698,-3.360267960046258
733,sq_31_36,0.9998669097242988,1.0004156009256056,0.9999197659208852,19809.0,7202.0,19817.23263873532,7201.422154162215,0.04156009256055526,-0.008023407911483815,6.33792304536022,8.232638735320506,-0.5778458377853894
734,sq_31_37,0.9998669097242988,0.9998825651204314,0.999942990875874,9048.0,3782.0,9046.937449209663,3781.7843914925556,-0.011743487956861198,-0.005700912412598402,5.687328767378395,-1.0625507903368998,-0.2156085074443581
735,sq_31_38,0.9998669097242988,0.9993602558720336,1.0004230850183835,6711.0,4063.0,6706.706677157217,4064.718994429692,-0.06397441279664129,0.042308501838350665,5.921937444274562,-4.2933228427828,1.7189944296919748
736,sq_31_39,0.9998669097242988,1.000848090342367,0.999417110675931,6972.0,2941.0,6977.912885866984,2939.285722497913,0.08480903423671027,-0.05828893240690247,6.9527035813822,5.912885866983743,-1.714277502087043
737,sq_31_40,0.9998669097242988,0.9998828909229291,0.9999421290686932,6795.0,2620.0,6794.204243821304,2619.848378159976,-0.011710907707085383,-0.005787093130682486,8.49457826015144,-0.7957561786961378,-0.15162184002383583
738,sq_31_41,0.9998669097242988,0.9998820089512004,0.99994258147962,13508.0,22075.0,13506.406176912815,22073.73248616261,-0.011799104879961497,-0.005741852037999262,10.320977914431836,-1.5938230871852284,-1.267513837388833
739,sq_31_42,0.9998669097242988,0.9998768446368071,0.9999509588416836,2229.0,4874.0,2228.725486695443,4873.760973394366,-0.012315536319285059,-0.0049041158316387445,12.305860039707907,-0.2745133045568764,-0.23902660563362588
740,sq_31_43,0.9998669097242988,0.9998883490953484,0.99993104173478,1177.0,6249.0,1176.868586885225,6248.56907980064,-0.011165090465159455,-0.0068958265220020465,14.383762070542858,-0.1314131147748867,-0.4309201993601164
741,sq_31_44,0.9998669097242988,0.9998811616910722,0.9999435825663684,1161.0,7327.0,1160.8620287233348,7326.586629463781,-0.011883830892778224,-0.0056417433631605896,16.519618108307487,-0.13797127666521192,-0.4133705362191904
742,sq_31_45,0.9998669097242988,0.9998820816467584,0.9999423786125856,2403.0,8380.0,2402.7166421971606,8379.517132773468,-0.011791835324159727,-0.005762138741438605,18.693572334827053,-0.2833578028394186,-0.48286722653210745
743,sq_31_46,0.9998669097242988,0.999881888555914,0.9999427121105404,6997.0,10163.0,6996.17357422573,10162.417783179422,-0.011811144408602203,-0.005728788945957852,20.893734713773675,-0.8264257742703194,-0.5822168205777416
744,sq_31_47,0.9998669097242988,0.9998817661812692,0.9999427556004132,8962.0,4341.0,8960.940388516536,4340.751502061394,-0.011823381873077299,-0.005724439958676442,23.11262088824137,-1.059611483464323,-0.24849793860630598
745,sq_31_48,0.9998669097242988,0.9998798471386464,0.9999434520525762,954.0,934.0,953.8853741702687,933.9471842171062,-0.012015286135358405,-0.005654794742382396,25.34531286405691,-0.114625829731267,-0.0528157828938447
746,sq_31_49,0.9998669097242988,0.9998817716350188,0.999942730380495,1675.0,2976.0,1674.8019674886564,2975.8295656123532,-0.011822836498120992,-0.005726961950502929,27.58845827156229,-0.19803251134362654,-0.17043438764676466
747,sq_31_50,0.9998669097242988,0.9998800769852642,0.9999433566424694,1419.0,522.0,1418.8298292420898,521.970432167369,-0.011992301473584543,-0.005664335753063909,29.839699155063588,-0.17017075791022762,-0.029567832630959856
748,sq_31_51,0.9998669097242988,0.9998789678575016,0.9999436615779008,385.0,278.0,384.95340262513815,277.9843379186564,-0.012103214249836736,-0.005633842209917805,32.097331676432326,-0.046597374861846674,-0.015662081343577938
749,sq_31_52,0.9998669097242988,0.999879056673491,0.999943650230769,648.0,306.0,647.9216287244221,305.9827569706153,-0.01209433265090265,-0.0056349769230967794,34.36009558403379,-0.07837127557786516,-0.017243029384701458
750,sq_31_53,0.9998669097242988,0.99988066483739,0.9999431423314206,704.0,270.0,703.9159880455226,269.98464842948357,-0.011933516260997923,-0.0056857668579435305,36.62703956185846,-0.08401195447743248,-0.015351570516429547
751,sq_31_54,0.9998669097242988,0.9998799458416872,0.9999433947255516,521.0,388.0,520.937451783519,387.97803715351404,-0.012005415831284338,-0.00566052744483958,38.897432548145744,-0.06254821648099096,-0.021962846485962473
752,sq_31_55,0.9998669097242988,0.9998814358784364,0.9999427918445584,418.0,1310.0,417.9504401971864,1309.9250573163715,-0.011856412156363572,-0.005720815544163482,41.17070379405216,-0.04955980281357597,-0.07494268362847833
753,sq_31_56,0.9998669097242988,0.9998800491515816,0.9999433653189694,583.0,196.0,582.9300686553721,195.98889960251802,-0.01199508484184264,-0.005663468103056513,43.44640140217917,-0.0699313446278893,-0.011100397481982327
754,sq_31_58,0.9998669097242988,0.999880657579446,0.9999431111983024,309.0,235.0,308.96312319204884,234.98663113160106,-0.01193424205540028,-0.005688880169762989,48.00369492979421,-0.03687680795115966,-0.013368868398941913
755,sq_31_59,0.9998669097242988,0.999881448029188,0.9999428015678198,450.0,919.0,449.9466516131346,918.9474346408264,-0.011855197081200863,-0.0057198432180216585,50.284756350077664,-0.05334838686542298,-0.05256535917362726
756,sq_31_60,0.9998669097242988,0.999880938869446,0.9999430394555874,719.0,442.0,718.9143950471316,441.97482343936963,-0.011906113055404344,-0.005696054441262088,52.56714828470502,-0.08560495286837977,-0.02517656063037066
757,sq_31_61,0.9998669097242988,0.9998799756968944,0.9999433862293772,888.0,387.0,887.8934184188422,386.97809047076896,-0.012002430310564804,-0.0056613770622826465,54.85070476950342,-0.1065815811577977,-0.021909529231038505
758,sq_31_62,0.9998669097242988,0.9998813342540848,0.9999429281894876,521.0,926.0,520.9381751463782,925.9471515034655,-0.011866574591523626,-0.005707181051239907,57.13528633516288,-0.06182485362182888,-0.052848496534465994
759,sq_32_16,0.9998669097242988,0.9998819270227672,0.9999427007365976,106.0,99.0,105.98748426441333,98.99432737292317,-0.011807297723276378,-0.005729926340236613,48.89107324817807,-0.012515735586674737,-0.005672627076833692
760,sq_32_20,0.9998669097242988,0.9998819270227662,0.9999427007365976,19.0,10.0,18.997756613432557,9.999427007365977,-0.011807297723376298,-0.005729926340236613,39.733005551514296,-0.00224338656744294,-0.0005729926340229952
761,sq_32_26,0.9998669097242988,0.9998817663305845,0.9999427577396568,5494.0,2350.0,5493.350424220231,2349.8654806881937,-0.011823366941554614,-0.005724226034320434,26.031810706578877,-0.6495757797692931,-0.13451931180634347
762,sq_32_27,0.9998669097242988,0.999881005649742,0.9999430194817818,1065.0,552.0,1064.8732710169752,551.9685467539435,-0.011899435025797267,-0.005698051821823036,23.756857204923282,-0.12672898302480462,-0.03145324605645783
763,sq_32_28,0.9998669097242988,0.9998815930290412,0.9999427806839004,2765.0,1698.0,2764.672604725299,1697.902841601263,-0.011840697095877317,-0.005721931609958819,21.48642520604591,-0.32739527470084795,-0.097158398737065
764,sq_32_29,0.9998669097242988,0.999880981741908,0.9999430565750552,8348.0,3536.0,8347.006435581448,3535.798648049395,-0.01190182580920185,-0.005694342494477755,19.222113569428043,-0.9935644185516139,-0.2013519506049306
765,sq_32_30,0.9998669097242988,0.9998746231753324,0.9999513199760928,7547.0,7258.0,7546.053781104233,7257.646680386481,-0.012537682466762234,-0.0048680023907232695,16.96636921563689,-0.9462188957668332,-0.353319613518579
766,sq_32_31,0.9998669097242988,0.9924580853359222,1.0143577120079263,8991.0,4321.0,8923.190645255276,4383.03967358625,-0.7541914664077831,1.4357712007926349,14.723126359045063,-67.80935474472426,62.03967358624959
767,sq_32_32,0.9998669097242988,0.9998818994353276,0.9999426997895088,4602.0,6128.0,4601.456501201377,6127.64886431011,-0.01181005646724298,-0.005730021049121792,12.499113154493605,-0.5434987986227497,-0.3511356898898157
768,sq_32_33,0.9998669097242988,0.9998813460463088,0.9999429166396544,9961.0,2478.0,9959.818087967282,2477.8585474330634,-0.011865395369115017,-0.005708336034560002,10.306779893267127,-1.1819120327181736,-0.14145256693655028
769,sq_32_34,0.9998669097242988,0.9998814732653896,0.999942863727134,13836.0,3217.0,13834.36006409993,3216.8161926101902,-0.011852673461043572,-0.005713627286596523,8.171657632710538,-1.6399359000697586,-0.18380738980977185
770,sq_32_35,0.9998669097242988,0.9998814894241562,0.999942863659588,16025.0,5044.0,16023.100868022104,5043.711804298961,-0.011851057584377767,-0.005713634041204507,6.153580793034097,-1.8991319778961042,-0.28819570103860315
771,sq_32_36,0.9998669097242988,0.9998819048135592,0.999942708442534,18273.0,9432.0,18270.842046658167,9431.45962602998,-0.011809518644079198,-0.005729155746603265,4.416029601610968,-2.1579533418334904,-0.5403739700195729
772,sq_32_37,0.9998669097242988,0.9998757858580192,0.9999455120142512,6819.0,5068.0,6818.152983765833,5067.723854888225,-0.012421414198082736,-0.0054487985748807866,3.4176273813030282,-0.8470162341673131,-0.27614511177489476
773,sq_32_38,0.9998669097242988,0.9993326777286138,1.0004323712519014,6637.0,5720.0,6632.57098208481,5722.473163560876,-0.0667322271386217,0.04323712519014311,3.7951344330705856,-4.429017915190343,2.473163560875946
774,sq_32_39,0.9998669097242988,1.001151976603625,0.9984953348642008,1693.0,3640.0,1694.9502963899372,3634.523018905691,0.11519766036249823,-0.15046651357991658,5.260212700872488,1.9502963899371935,-5.47698109430894
775,sq_32_40,0.9998669097242988,0.9998822771672998,0.9999423835055324,6595.0,3296.0,6594.223617918342,3295.810096034235,-0.011772283270017336,-0.005761649446756056,7.174989420229147,-0.7763820816580846,-0.18990396576509738
776,sq_32_41,0.9998669097242988,1.0003194643297504,0.999483070100055,8706.0,8074.0,8708.781256454808,8069.826307987844,0.03194643297503852,-0.05169298999450067,9.264711318962252,2.7812564548075898,-4.173692012155698
777,sq_32_42,0.9998669097242988,0.9980249628171278,1.0021663890244352,3668.0,8239.0,3660.7555636132247,8256.848879172321,-0.19750371828721747,0.21663890244352224,11.433852106390486,-7.244436386775305,17.848879172321176
778,sq_32_43,0.9998669097242988,1.0012696965553034,0.997675534802743,581.0,10287.0,581.7376936986312,10263.088226515816,0.12696965553034012,-0.23244651972570418,13.644585028274003,0.737693698631233,-23.91177348418387
779,sq_32_44,0.9998669097242988,0.99963739431968,1.0002645114396431,13867.0,12906.0,13861.971747031002,12909.413784640034,-0.036260568031998286,0.02645114396431225,15.879546374327077,-5.028252968997549,3.4137846400335548
780,sq_32_45,0.9998669097242988,1.0001084224509995,0.9998107772758896,22561.0,21297.0,22563.446118917,21292.97012364462,0.010842245099951242,-0.018922272411037167,18.12977642730362,2.446118916999694,-4.029876355380111
781,sq_32_46,0.9998669097242988,0.9998819643209298,0.9999426710598645,24902.0,13274.0,24899.060675519795,13273.23901564864,-0.011803567907020529,-0.005732894013554812,20.39021941479874,-2.9393244802049594,-0.7609843513600936
782,sq_32_47,0.9998669097242988,0.9998812305093592,0.9999429358609232,2700.0,1496.0,2699.6793223752697,1495.914632047941,-0.011876949064082432,-0.005706413907680119,22.65781779968529,-0.3206776247302514,-0.08536795205895942
783,sq_32_48,0.9998669097242988,0.999880338570754,0.9999432391495916,1571.0,684.0,1570.8120118946545,683.9611755783206,-0.011966142924602075,-0.00567608504083994,24.930618278419605,-0.18798810534553922,-0.03882442167935096
784,sq_32_49,0.9998669097242988,0.999881203849072,0.9999429333653218,1390.0,662.0,1389.83487335021,661.962221887843,-0.011879615092802442,-0.0057066634678193395,27.2073164544904,-0.16512664978995417,-0.03777811215695692
785,sq_32_50,0.9998669097242988,0.9998782180014448,0.9999437058193512,79.0,194.0,78.99037922211414,193.98907892895414,-0.012178199855517047,-0.0056294180648786,29.487008913321183,-0.009620777885857024,-0.010921071045856934
786,sq_32_51,0.9998669097242988,0.9998807741071372,0.999943126423797,1191.0,434.0,1190.8580019616004,433.9753168679279,-0.01192258928628398,-0.005687357620298705,31.769050579629837,-0.14199803839960623,-0.02468313207208439
787,sq_32_52,0.9998669097242988,0.9998812888574188,0.9999428983738832,740.0,1094.0,739.9121537544899,1093.937530821028,-0.011871114258121818,-0.00571016261168289,34.05296877487831,-0.08784624551014986,-0.06246917897192361
788,sq_32_53,0.9998669097242988,0.999879589114368,0.999943519473986,454.0,197.0,453.9453334579231,196.98887333637524,-0.012041088563197189,-0.005648052601403553,36.3384093710323,-0.0546665420769159,-0.011126663624764888
789,sq_32_54,0.9998669097242988,0.9998810473190128,0.9999430056859192,613.0,363.0,612.9270820065549,362.9793110639887,-0.011895268098716105,-0.005699431408079381,38.625101902121344,-0.07291799344511674,-0.020688936011310943
790,sq_32_55,0.9998669097242988,0.9998805508016358,0.9999431956450148,685.0,222.0,684.9181772991205,221.98738943319327,-0.011944919836415213,-0.005680435498522929,40.912836291389866,-0.08182270087945653,-0.01261056680672823
791,sq_32_56,0.9998669097242988,0.9998819270227663,0.999942700736598,324.0,175.0,323.9617443553763,174.98997262890464,-0.011807297723365195,-0.005729926340203306,43.20144692625508,-0.03825564462368902,-0.010027371095361559
792,sq_32_59,0.9998669097242988,0.999880810282802,0.9999431000783924,785.0,347.0,784.9064360719996,346.9802557272022,-0.011918971719804272,-0.0056899921607622694,50.07133440448693,-0.09356392800043523,-0.01974427279782276
793,sq_32_60,0.9998669097242988,0.999877983221769,0.999944098232407,246.0,178.0,245.9699838725552,177.99004948536844,-0.012201677823098223,-0.005590176759295851,52.362353314602345,-0.03001612744481008,-0.009950514631555052
794,sq_32_61,0.9998669097242988,0.9998815068211456,0.9999428299903188,1402.0,905.0,1401.8338725632461,904.9482611412385,-0.011849317885437305,-0.005717000968119557,54.65378991630406,-0.1661274367538681,-0.051738858761495976
795,sq_32_62,0.9998669097242988,0.9998817189237152,0.9999427592308608,1960.0,1651.0,1959.768169090482,1650.9054954901512,-0.011828107628475415,-0.005724076913915521,56.94559395030503,-0.23183090951806662,-0.09450450984877534
796,sq_32_63,0.9998669097242988,0.9998814385157924,0.9999428516661604,1152.0,739.0,1151.8634171701929,738.9577673812926,-0.011856148420763546,-0.005714833383962947,59.23772296564809,-0.1365828298071392,-0.04223261870743045
797,sq_32_64,0.9998669097242988,0.9998807590305782,0.9999431160865356,868.0,540.0,867.8964988385418,539.9692826867292,-0.011924096942184104,-0.0056883913464367275,61.53014086794554,-0.10350116145821175,-0.03071731327077032
798,sq_32_65,0.9998669097242988,0.9998814769719654,0.9999428606351768,2462.0,918.0,2461.7081963049786,917.9475460630923,-0.011852302803461168,-0.0057139364823211025,63.82281677968674,-0.2918036950213718,-0.052453936907681964
799,sq_32_67,0.9998669097242988,0.9998819270227628,0.999942700736598,0.0,5.0,0.0,4.99971350368299,-0.011807297723720467,-0.005729926340203306,68.09405004241049,0.0,-0.0002864963170097212
800,sq_32_68,0.9998669097242988,0.999881927022766,0.999942700736598,45.0,15.0,44.99468671602447,14.999140511048969,-0.011807297723398502,-0.005729926340203306,70.5874999523825,-0.0053132839755321015,-0.00085948895103094
801,sq_33_16,0.9998669097242988,0.999881927022764,0.9999427007365989,2.0,3.0,1.999763854045528,2.9998281022097966,-0.011807297723598342,-0.005729926340114488,48.77932992250316,-0.00023614595447196685,-0.00017189779020343465
802,sq_33_17,0.9998669097242988,0.9998819270227652,0.9999427007365984,1.0,3.0,0.9998819270227652,2.9998281022097952,-0.011807297723476218,-0.005729926340158897,46.484007912450096,-0.00011807297723476218,-0.00017189779020476692
803,sq_33_18,0.9998669097242988,0.9998819270227652,0.9999427007365984,1.0,3.0,0.9998819270227652,2.9998281022097952,-0.011807297723476218,-0.005729926340158897,44.18875905736333,-0.00011807297723476218,-0.00017189779020476692
804,sq_33_19,0.9998669097242988,0.9998819270227656,0.9999427007365986,11.0,16.0,10.998701197250421,15.999083211785578,-0.011807297723442911,-0.005729926340136693,41.89359329065379,-0.0012988027495790533,-0.0009167882144218709
805,sq_33_20,0.9998669097242988,0.9998819270227656,0.9999427007365982,17.0,21.0,16.997992759387014,20.99879671546856,-0.011807297723442911,-0.005729926340181102,39.598522905138566,-0.002007240612986294,-0.0012032845314386975
806,sq_33_21,0.9998669097242988,0.999881927022766,0.9999427007365984,265.0,211.0,264.968710661033,210.98790985542226,-0.011807297723398502,-0.005729926340158897,37.303563278572064,-0.03128933896698527,-0.012090144577740602
807,sq_33_22,0.9998669097242988,0.9998938820644964,0.999929570201976,638.0,345.0,637.9322967571487,344.97570171968175,-0.010611793550363569,-0.007042979802396321,35.00873388438061,-0.06770324285128027,-0.024298280318248544
808,sq_33_26,0.9998669097242988,0.9998817998535748,0.9999427424726036,5130.0,4136.0,5129.393633248839,4135.763182866688,-0.011820014642516252,-0.005725752739638157,25.8313532673046,-0.6063667511607491,-0.23681713331188803
809,sq_33_27,0.9998669097242988,0.9998816264712712,0.9999428028210916,1732.0,1053.0,1731.7949770482417,1052.9397713706094,-0.011837352872878792,-0.005719717890839693,23.53776006866483,-0.2050229517583375,-0.06022862939062179
810,sq_33_28,0.9998669097242988,0.9998808096471946,0.9999430959159143,1228.0,391.0,1227.853634246755,390.97775050312254,-0.011919035280538726,-0.005690408408565162,21.244656013349317,-0.14636575324493606,-0.022249496877464026
811,sq_33_29,0.9998669097242988,0.9998814804659016,0.9999428675553746,7415.0,2355.0,7414.121177654661,2354.8654530929075,-0.011851953409836025,-0.005713244462535183,18.952215219847496,-0.8788223453393584,-0.13454690709249917
812,sq_33_30,0.9998669097242988,0.9998968614344425,0.9999370893997148,1704.0,7411.0,1703.8242518842899,7410.533769541286,-0.010313856555754786,-0.006291060028518203,16.660707706735522,-0.17574811571012106,-0.4662304587136532
813,sq_33_31,0.9998669097242988,1.024067713662851,0.9909060149835068,18048.0,5645.0,18482.374096187137,5593.664454581896,2.40677136628511,-0.9093985016493167,14.370575725341455,434.3740961871372,-51.33554541810372
814,sq_33_33,0.9998669097242988,0.9998815003666212,0.999942856980964,7931.0,1373.0,7930.060179407672,1372.9215426348635,-0.01184996333788435,-0.005714301903603225,9.798272965504468,-0.9398205923280329,-0.07845736513650081
815,sq_33_34,0.9998669097242988,0.9998812702497246,0.9999429378095624,1385.0,496.0,1384.8355592958685,495.97169715354295,-0.011872975027538146,-0.005706219043755123,7.520929096661383,-0.16444070413149348,-0.028302846457052055
816,sq_33_35,0.9998669097242988,0.9998819270227672,0.9999427007365984,1847.0,649.0,1846.781919211051,648.9628127780524,-0.011807297723276378,-0.005729926340158897,5.259629487567065,-0.21808078894900973,-0.03718722194764723
817,sq_33_36,0.9998669097242988,0.9998816459823467,0.999942807223962,8827.0,3284.0,8825.955289086174,3283.812178923491,-0.011835401765325493,-0.005719277603799533,3.0502521440485078,-1.0447109138258384,-0.1878210765089534
818,sq_33_38,0.9998669097242988,0.9998805414342652,0.9999445991051112,752.0,4453.0,751.9101671585674,4452.75329981506,-0.011945856573480906,-0.0055400894888757435,2.0511854489267436,-0.08983284143255332,-0.24670018493998214
819,sq_33_39,0.9998669097242988,0.99988249120692,0.9999412883891976,3413.0,3960.0,3412.5989424892177,3959.7675020212223,-0.011750879308003448,-0.005871161080239773,4.179733835083859,-0.40105751078226604,-0.23249797877770106
820,sq_33_40,0.9998669097242988,0.999881162610654,0.9999429520313836,2460.0,780.0,2459.7076600222085,779.9555025844792,-0.011883738934603816,-0.005704796861638606,6.424456926580683,-0.29233997779147103,-0.04449741552082287
821,sq_33_41,0.9998669097242988,0.9998839086718088,0.9999415399762964,5148.0,1779.0,5147.402361842472,1778.8959996178314,-0.01160913281912368,-0.005846002370357706,8.695843909871895,-0.5976381575283085,-0.10400038216857865
822,sq_33_42,0.9998669097242988,1.0003651468027026,0.9994456419944856,7272.0,5938.0,7274.655347549254,5934.708222163255,0.036514680270260946,-0.05543580055143993,10.977352453929957,2.6553475492537473,-3.2917778367445862
823,sq_33_43,0.9998669097242988,0.9998822245204588,0.9999424135616874,6251.0,6036.0,6250.263785477388,6035.6524082583455,-0.011777547954117118,-0.005758643831255128,13.263758009721279,-0.7362145226115899,-0.34759174165446893
824,sq_33_44,0.9998669097242988,0.9998817323275896,0.999942809380006,19234.0,9573.0,19231.725239588857,9572.452514194798,-0.011826767241041036,-0.005719061999398534,15.552899012641511,-2.274760411142779,-0.5474858052020863
825,sq_33_45,0.9998669097242988,0.9998819253820248,0.9999426851588888,27118.0,25675.0,27114.79805250975,25673.52844145447,-0.011807461797519458,-0.00573148411111557,17.843721090006813,-3.2019474902517686,-1.47155854553057
826,sq_33_46,0.9998669097242988,0.9998817286162708,0.9999427511265756,4795.0,6185.0,4794.432888715019,6184.64591571787,-0.01182713837292182,-0.005724887342439811,20.135649156055187,-0.5671112849813653,-0.35408428213031584
827,sq_33_47,0.9998669097242988,0.9998817531060608,0.9999427635905788,14193.0,6832.0,14191.32172183432,6831.608960850834,-0.011824689393924448,-0.00572364094212352,22.428343061155267,-1.67827816568024,-0.39103914916631766
828,sq_33_48,0.9998669097242988,0.9998817831986834,0.999942748086732,3590.0,2378.0,3589.5756016832734,2377.863854950249,-0.011821680131662848,-0.005725191326799717,24.72158883283607,-0.42439831672663786,-0.1361450497511214
829,sq_33_49,0.9998669097242988,0.999881575475128,0.9999428214016192,3807.0,2893.0,3806.5491578338124,2892.8345823148843,-0.011842452487198507,-0.005717859838083594,27.01524519184494,-0.45084216618761275,-0.165417685115699
830,sq_33_50,0.9998669097242988,0.9998810104703578,0.9999429769491684,901.0,498.0,900.8927904337924,497.9716025206859,-0.011898952964217724,-0.005702305083155057,29.30921513837022,-0.10720956620764355,-0.0283974793140942
831,sq_33_51,0.9998669097242988,0.999879536963092,0.999943566675614,785.0,320.0,784.9054365160272,319.9819413361965,-0.012046303690804727,-0.005643332438598492,31.603429895671603,-0.09456348397282,-0.018058663803515174
832,sq_33_52,0.9998669097242988,0.9998807265774088,0.9999431145690648,738.0,414.0,737.9119762141277,413.9764494315928,-0.01192734225912151,-0.005688543093518295,33.897839366327666,-0.08802378587233761,-0.023550568407188166
833,sq_33_53,0.9998669097242988,0.9998814228527088,0.9999428643472676,890.0,663.0,889.8944663389108,662.9621190622385,-0.011857714729124336,-0.00571356527323541,36.192406215055925,-0.10553366108922546,-0.037880937761542555
834,sq_33_55,0.9998669097242988,0.9998805051914206,0.9999430217398028,297.0,152.0,296.9645100418519,151.99133930445,-0.01194948085794234,-0.005697826019723795,40.781904985182344,-0.03548995814810496,-0.008660695549991715
835,sq_33_56,0.9998669097242988,0.9956410238117192,1.0049348657647832,1495.0,761.0,1488.48333059852,764.7554328470001,-0.435897618828085,0.49348657647831917,43.07679776171898,-6.5166694014799305,3.7554328470000655
836,sq_33_57,0.9998669097242988,0.9998818110911992,0.9999422818997644,363.0,132.0,362.9570974261053,131.9923812107689,-0.011818890880077593,-0.005771810023558199,45.37176671721657,-0.04290257389470753,-0.007618789231088385
837,sq_33_58,0.9998669097242988,0.999881137022244,0.999942972646838,833.0,714.0,832.9009871395293,713.9592824698423,-0.011886297775598464,-0.005702735316204244,47.66680085403181,-0.0990128604706797,-0.04071753015773538
838,sq_33_59,0.9998669097242988,0.9998815724455288,0.9999428203285876,2154.0,1830.0,2153.744907047669,1829.8953612013154,-0.011842755447122322,-0.005717967141238844,49.961891240863054,-0.2550929523308696,-0.10463879868461845
839,sq_33_60,0.9998669097242988,0.9998812544197312,0.9999428999600828,1086.0,1010.0,1085.871042299828,1009.9423289596837,-0.011874558026880866,-0.00571000399172128,52.25703055704064,-0.12895770017189534,-0.057671040316336075
840,sq_33_61,0.9998669097242988,0.9998818274930348,0.999942733987929,5764.0,3754.0,5763.318853669853,3753.7850233906856,-0.011817250696521953,-0.005726601207101112,54.552212755267135,-0.681146330147385,-0.21497660931436258
841,sq_33_62,0.9998669097242988,0.9998818849242944,0.9999427135065444,16568.0,20122.0,16566.04306942571,20120.847281178685,-0.011811507570558266,-0.005728649345559944,56.84743280460914,-1.9569305742916185,-1.1527188213149202
842,sq_33_63,0.9998669097242988,0.9998817955417352,0.9999427417159164,6367.0,5758.0,6366.247392214228,5757.670306800246,-0.011820445826482562,-0.005725828408364997,59.14268649309439,-0.7526077857719429,-0.3296931997538195
843,sq_33_64,0.9998669097242988,0.9998801977799272,0.9999432923754638,598.0,327.0,597.9283582723965,326.98145660677665,-0.01198022200727955,-0.005670762453624523,61.437970274762975,-0.07164172760349174,-0.018543393223353632
844,sq_33_65,0.9998669097242988,0.999881685593394,0.9999424023686918,1411.0,888.0,1410.8330583722789,887.9488533033983,-0.011831440660603487,-0.005759763130819273,63.73328114976014,-0.16694162772114396,-0.05114669660167692
845,sq_33_66,0.9998669097242988,1.0000102470545462,0.99980192651486,385.0,308.0,385.0039451160003,307.9389933665769,0.0010247054546219658,-0.019807348514000456,66.02861656942925,0.003945116000295457,-0.06100663342311918
846,sq_33_67,0.9998669097242988,0.98662660931758,1.010077355950099,4.0,3.0,3.94650643727032,3.030232067850297,-1.337339068242005,1.0077355950099065,68.32397436053022,-0.0534935627296802,0.030232067850297195
847,sq_33_68,0.9998669097242988,0.9998819270227672,0.999942700736598,207.0,76.0,206.97555889371282,75.99564525598144,-0.011807297723276378,-0.005729926340203306,70.61935266423751,-0.024441106287184766,-0.004354744018556289
848,sq_34_16,0.9998669097242988,0.9998819270227668,0.9999427007365976,73.0,76.0,72.99138067266198,75.99564525598142,-0.011807297723320787,-0.005729926340236613,48.774696989359526,-0.008619327338024618,-0.004354744018584711
849,sq_34_17,0.9998669097242988,0.999881927022766,0.9999427007365976,15.0,22.0,14.99822890534149,21.998739416205147,-0.011807297723398502,-0.005729926340236613,46.47985679747448,-0.0017710946585101084,-0.001260583794852721
850,sq_34_18,0.9998669097242988,0.9998819270227648,0.9999427007365976,9.0,1.0,8.998937343204883,0.9999427007365976,-0.011807297723520627,-0.005729926340236613,44.1851037655363,-0.0010626567951170784,-5.729926340236613e-05
851,sq_34_19,0.9998669097242988,0.9998819270227663,0.9999427007365982,55.0,14.0,54.993505986252146,13.999197810312374,-0.011807297723365195,-0.005729926340181102,41.89045012871074,-0.00649401374785441,-0.0008021896876257983
852,sq_34_22,0.9998669097242988,1.00066039574111,0.999399300300799,427.0,141.0,427.281988981454,140.91530134241268,0.0660395741109987,-0.06006996992009572,35.00725701021775,0.281988981453992,-0.08469865758732453
853,sq_34_23,0.9998669097242988,1.0181891402882024,0.9628926649380728,27.0,139.0,27.491106787781465,133.84208042639213,1.81891402882024,-3.7107335061927205,32.71319675803496,0.4911067877814652,-5.15791957360787
854,sq_34_26,0.9998669097242988,0.9998816660279836,0.99994276627512,1636.0,1951.0,1635.806405621781,1950.8883370027593,-0.01183339720164378,-0.005723372487997924,25.83261636767485,-0.19359437821890424,-0.11166299724072815
855,sq_34_27,0.9998669097242988,0.9998805433085184,0.9999431667513412,1028.0,515.0,1027.877198521157,514.9707308769407,-0.011945669148161198,-0.005683324865879413,23.53987274536172,-0.12280147884303005,-0.029269123059293634
856,sq_34_28,0.9998669097242988,0.9998799820948672,0.999943399264496,2053.0,646.0,2052.7536032407625,645.9634359248645,-0.012001790513282984,-0.005660073550395328,21.247726638285688,-0.24639675923754112,-0.03656407513551585
857,sq_34_29,0.9998669097242988,0.9998815639070364,0.999942836550572,3703.0,1031.0,3702.5614311477557,1030.9410644836398,-0.011843609296358082,-0.005716344942796603,18.95639136792451,-0.4385688522443161,-0.05893551636017946
858,sq_34_30,0.9998669097242988,0.999881935581286,0.99994268611696,5084.0,8242.0,5083.399760495258,8241.527618975984,-0.011806441871398121,-0.005731388303997775,16.666197603999038,-0.600239504741694,-0.4723810240157036
859,sq_34_31,0.9998669097242988,0.99989613494635,0.9999360861130324,16262.0,9729.0,16260.310946497544,9728.378181793692,-0.010386505365000964,-0.006391388696758149,14.377686634226581,-1.689053502455863,-0.6218182063075801
860,sq_34_32,0.9998669097242988,0.9998818976742012,0.9999427089884872,17637.0,10967.0,17634.917029279888,10966.37168947674,-0.011810232579878566,-0.005729101151275007,12.091809142355551,-2.0829707201119163,-0.6283105232596427
861,sq_34_33,0.9998669097242988,0.9998814662898392,0.9999428576941248,2559.0,1335.0,2558.6966722356983,1334.9237150216566,-0.011853371016079528,-0.005714230587516855,9.810400437118311,-0.3033277643016845,-0.07628497834343761
862,sq_34_35,0.9998669097242988,0.9998817084483724,0.9999427796049984,2988.0,932.0,2987.646544843737,931.9466705918586,-0.011829155162756955,-0.005722039500155596,5.284141097655332,-0.3534551562629531,-0.0533294081413942
863,sq_34_36,0.9998669097242988,0.9998817150391384,0.9999427524508592,5052.0,1487.0,5051.402424377727,1486.9148728944276,-0.011828496086163653,-0.0057247549140826415,3.0932228603838476,-0.5975756222733253,-0.08512710557238279
864,sq_34_38,0.9998669097242988,0.9998819270227676,0.999942700736598,3003.0,849.0,3002.6454268493712,848.9513529253717,-0.011807297723243071,-0.005729926340203306,2.1149206628854604,-0.3545731506287666,-0.0486470746283203
865,sq_34_39,0.9998669097242988,0.9998815972942346,0.9999428117149772,1982.0,1417.0,1981.7653258371731,1416.9189642001227,-0.01184027057653525,-0.005718828502276896,4.210902059277402,-0.23467416282687736,-0.08103579987732701
866,sq_34_40,0.9998669097242988,0.9998812818070498,0.9999428927412948,1332.0,1562.0,1331.8418673669903,1561.9107984619025,-0.01187181929501735,-0.0057107258705224595,6.444220510488874,-0.15813263300969993,-0.08920153809754083
867,sq_34_41,0.9998669097242988,0.9998815604679612,0.9999428293625824,4472.0,2632.0,4471.470338412722,2631.8495268823167,-0.011843953203882762,-0.005717063741761397,8.709859868238645,-0.5296615872775874,-0.15047311768330474
868,sq_34_43,0.9998669097242988,0.999881031923988,0.9999429425453776,1302.0,373.0,1301.8451035650323,372.97871756942584,-0.011896807601197157,-0.005705745462236678,13.271809847802823,-0.15489643496766803,-0.02128243057416057
869,sq_34_44,0.9998669097242988,0.9998811739079104,0.9999429835085106,9225.0,3580.0,9223.903829300474,3579.795880960468,-0.011882609208957451,-0.005701649148937005,15.559126065663278,-1.0961706995258282,-0.2041190395320882
870,sq_34_45,0.9998669097242988,0.9998818824887108,0.999942706622608,6804.0,10927.0,6803.1963284531885,10926.373955265237,-0.011811751128920633,-0.005729337739202034,17.848501655630255,-0.803671546811529,-0.626044734763127
871,sq_34_46,0.9998669097242988,0.9998818203346368,0.99994260137603,642.0,2881.0,641.9241286548369,2880.834634564342,-0.011817966536320501,-0.0057398623970028595,20.139232989717893,-0.07587134516313654,-0.16536543565780448
872,sq_34_47,0.9998669097242988,0.9998811042778636,0.999942977375965,1611.0,1019.0,1610.8084589916382,1018.9418939461084,-0.011889572213641397,-0.005702262403495251,22.430903618048852,-0.19154100836180987,-0.05810605389160628
873,sq_34_48,0.9998669097242988,0.999881352874914,0.9999429005259692,1144.0,564.0,1143.8642676889017,563.9677958966466,-0.011864712508602437,-0.005709947403076399,24.72325144434225,-0.13573231109830886,-0.0322041033533651
874,sq_34_49,0.9998669097242988,0.9998813162935988,0.9999429132061964,1699.0,835.0,1698.7983563828243,834.952332527174,-0.011868370640122361,-0.005708679380356241,27.016103345827343,-0.201643617175705,-0.04766747282599226
875,sq_34_50,0.9998669097242988,0.9998793314049702,0.9999436413992748,724.0,359.0,723.9126359371984,358.9797672623397,-0.012066859502979366,-0.0056358600725170405,29.30934041670957,-0.08736406280161191,-0.020232737660307976
876,sq_34_51,0.9998669097242988,0.9998818196953486,0.9999427273090096,3469.0,7348.0,3468.590032523164,7347.579160266602,-0.011818030465138296,-0.005727269099042864,31.60287831817419,-0.40996747683584545,-0.42083973339777003
877,sq_34_52,0.9998669097242988,0.999881829682788,0.9999427265793656,3241.0,4346.0,3240.6170100019162,4345.751089713923,-0.011817031721195193,-0.005727342063444052,33.896655594417894,-0.3829899980837581,-0.24891028607726184
878,sq_34_53,0.9998669097242988,0.9998810822195124,0.9999429853158848,1439.0,912.0,1438.8288773138784,911.9480026080869,-0.011891778048755963,-0.005701468411523081,36.19062642651443,-0.17112268612163462,-0.05199739191311892
879,sq_34_54,0.9998669097242988,0.9998816229815904,0.9999427410651324,1034.0,706.0,1033.8775981629644,705.9595751919835,-0.01183770184095545,-0.005725893486763223,38.48475597511921,-0.12240183703556795,-0.04042480801649617
880,sq_34_55,0.9998669097242988,0.99990808174042,0.9999280613808428,1107.0,611.0,1106.898246486645,610.9560455036949,-0.009191825957999278,-0.007193861915721911,40.779017293808074,-0.1017535133551064,-0.04395449630510484
881,sq_34_56,0.9998669097242988,1.0039124920604263,0.9978228508175894,2089.0,1817.0,2097.1731959142307,1813.0441199355598,0.391249206042632,-0.21771491824106315,43.07338922808963,8.173195914230746,-3.95588006444018
882,sq_34_57,0.9998669097242988,0.999979626099175,0.9998861011197532,217.0,153.0,216.995578863521,152.98257347132224,-0.0020373900824988134,-0.011389888024682104,45.36785495148995,-0.0044211364790101015,-0.017426528677759734
883,sq_34_59,0.9998669097242988,0.9998819555183298,0.99994265624179,678.0,519.0,677.9199658414276,518.970238589489,-0.011804448167018755,-0.005734375820998228,49.95701613791759,-0.0800341585724027,-0.02976141051101422
884,sq_34_60,0.9998669097242988,0.9998804715719504,0.999943208592202,858.0,523.0,857.8974446087334,522.9702980937217,-0.011952842804963115,-0.005679140779801806,52.2516915618425,-0.10255539126660551,-0.029701906278319257
885,sq_34_61,0.9998669097242988,0.9998815503852742,0.9999428341949969,4831.0,1836.0,4830.427769911259,1835.8950435820143,-0.011844961472584625,-0.005716580500314539,54.54641972563548,-0.5722300887409801,-0.10495641798570432
886,sq_34_62,0.9998669097242988,0.9998818430105896,0.9999427281963116,13266.0,10501.0,13264.43252937848,10500.398588789469,-0.011815698941042285,-0.0057271803688419,56.841194404502936,-1.5674706215195329,-0.6014112105312961
887,sq_34_63,0.9998669097242988,0.9998818227814524,0.999942731769511,6643.0,8218.0,6642.214948737189,8217.52936968184,-0.011817721854756602,-0.005726823048901597,59.1360103777805,-0.7850512628110664,-0.4706303181592375
888,sq_34_64,0.9998669097242988,0.9998798469145286,0.9999434530639506,1273.0,501.0,1272.847045122195,500.9716699850392,-0.012015308547141945,-0.005654693604939531,61.43086324142426,-0.15295487780508665,-0.028330014960772587
889,sq_34_65,0.9998669097242988,0.9998794938554884,0.9999435173811636,660.0,448.0,659.9204659446223,447.9746957867613,-0.01205061445116451,-0.005648261883639538,63.7257492610041,-0.07953405537773506,-0.025304213238712236
890,sq_34_66,0.9998669097242988,1.0083702456771786,0.9938002337486664,315.0,219.0,317.63662738831124,217.64225119095795,0.8370245677178589,-0.619976625133356,66.02066525534417,2.63662738831124,-1.3577488090420502
891,sq_34_67,0.9998669097242988,0.9801706843441615,1.0168205053273307,123.0,83.0,120.56099417433187,84.39610194216844,-1.9829315655838453,1.6820505327330704,68.31560850360958,-2.439005825668133,1.3961019421684426
892,sq_34_68,0.9998669097242988,0.9993794652118712,1.0002513146347871,356.0,117.0,355.77908961542613,117.02940381227009,-0.06205347881288459,0.025131463478711424,70.61057667051143,-0.22091038457386958,0.029403812270089702
893,sq_35_23,0.9998669097242988,0.9989321691868124,1.000229076408616,1097.0,1493.0,1095.8285895979332,1493.3420110780635,-0.10678308131876202,0.02290764086159136,32.87170688417247,-1.17141040206684,0.34201107806347864
894,sq_35_24,0.9998669097242988,0.9998783443644316,0.9999451245456572,569.0,1200.0,568.9307779433616,1199.9341494547887,-0.012165563556842951,-0.005487545434279539,30.590477790168176,-0.06922205663840941,-0.06585054521133316
895,sq_35_25,0.9998669097242988,0.9998811723089092,0.999942838598758,336.0,560.0,335.96007389579347,559.9679896153044,-0.011882769109083924,-0.0057161401242011856,28.311508617257246,-0.03992610420652909,-0.032010384695581706
896,sq_35_26,0.9998669097242988,0.9998810900553364,0.999943005158858,2163.0,974.0,2162.7427977896928,973.9444870247278,-0.011890994466356997,-0.005699484114196629,26.03539007558833,-0.25720221030724133,-0.05551297527222232
897,sq_35_27,0.9998669097242988,0.999881771313536,0.9999427526089,4752.0,3566.0,4751.438177281922,3565.7958558033374,-0.011822868646405027,-0.005724739110002375,23.76293839534844,-0.5618227180775648,-0.20414419666258254
898,sq_35_28,0.9998669097242988,0.9998816852827692,0.9999427779682676,4064.0,2022.0,4063.519168989174,2021.884297051837,-0.011831471723078302,-0.005722203173241791,21.49531344737064,-0.480831010826023,-0.11570294816306159
899,sq_35_29,0.9998669097242988,0.999881531833294,0.9999428356421268,2173.0,2269.0,2172.742568673748,2268.870294071986,-0.011846816670602056,-0.005716435787317398,19.23421907897816,-0.2574313262521173,-0.1297059280141184
900,sq_35_30,0.9998669097242988,0.9998815093993112,0.9999428487496862,5009.0,2303.0,5008.4064805811495,2302.868380670527,-0.011849060068880313,-0.005715125031380275,16.98226033069373,-0.5935194188505193,-0.13161932947286914
901,sq_35_31,0.9998669097242988,0.9998816518974212,0.99994278773612,5331.0,2855.0,5330.369086265152,2854.8366589866228,-0.011834810257882467,-0.005721226388000211,14.743619854217068,-0.6309137348480363,-0.1633410133772486
902,sq_35_32,0.9998669097242988,0.9998816828519485,0.9999427751195736,2491.0,2467.0,2490.7052719842036,2466.8588262199883,-0.011831714805154991,-0.005722488042636531,12.525436063969671,-0.2947280157964087,-0.14117378001174075
903,sq_35_33,0.9998669097242988,0.9998815564071908,0.9999428261743112,3293.0,1776.0,3292.6099652488792,1775.8984592855766,-0.011844359280921424,-0.005717382568881657,10.340876201309886,-0.3900347511207656,-0.10154071442343593
904,sq_35_34,0.9998669097242988,0.9998802103576628,0.9999430881935863,158.0,320.0,157.98107323651072,319.9817882219476,-0.011978964233716471,-0.00569118064136509,8.21679591237303,-0.0189267634892758,-0.018211778052375394
905,sq_35_35,0.9998669097242988,0.999881670257362,0.9999427870283396,3582.0,3157.0,3581.5761428618707,3156.819378648468,-0.011832974263803475,-0.0057212971660391965,6.215503926218532,-0.4238571381292786,-0.18062135153195413
906,sq_35_36,0.9998669097242988,0.999881550847494,0.9999428353955504,5939.0,4467.0,5938.296530483267,4466.744645711924,-0.011844915250602828,-0.005716460444959992,4.503763335168202,-0.7034695167330938,-0.2553542880759778
907,sq_35_37,0.9998669097242988,0.99988159341612,0.9999428185839008,2224.0,1171.0,2223.736663757451,1170.9330405617477,-0.011840658387995973,-0.005718141609922789,3.531264153513364,-0.26333624254903043,-0.06695943825229733
908,sq_35_38,0.9998669097242988,0.999881704905344,0.9999427695614954,2487.0,2104.0,2486.7058000995908,2103.879587157386,-0.011829509465599575,-0.00572304385045852,3.8974641330824698,-0.2941999004092395,-0.12041284261385954
909,sq_35_39,0.9998669097242988,0.9998817100913192,0.9999427763520904,3443.0,1602.0,3442.592727844412,1601.908327716049,-0.011828990868079092,-0.005722364790960999,5.333385388086984,-0.40727215558808894,-0.09167228395108395
910,sq_35_40,0.9998669097242988,0.999881638333296,0.9999428050054168,5364.0,2664.0,5363.3651080198,2663.8476325344304,-0.011836166670398107,-0.005719499458323174,7.227313828958879,-0.6348919802003365,-0.1523674655695686
911,sq_35_41,0.9998669097242988,0.999880515161462,0.9999431913131144,1323.0,492.0,1322.8419215586143,491.9720501260523,-0.011948483853796432,-0.005680868688562324,9.30362011203876,-0.15807844138566907,-0.027949873947704873
912,sq_35_42,0.9998669097242988,0.9998817859373592,0.999942709469428,850.0,3534.0,849.8995180467554,3533.7975352649587,-0.011821406264078682,-0.005729053057201838,11.463628320920668,-0.10048195324463904,-0.20246473504130336
913,sq_35_43,0.9998669097242988,0.9998810540671164,0.9999430053424394,1186.0,452.0,1185.8589301236,451.97423841478263,-0.011894593288364064,-0.005699465756059396,13.667709373247389,-0.14106987640002444,-0.025761585217367156
914,sq_35_44,0.9998669097242988,0.999881753450112,0.9999427439873289,3761.0,4940.0,3760.555274725871,4939.717155297404,-0.011824654988801253,-0.005725601267114744,15.897540703943752,-0.4447252741288139,-0.2828447025958667
915,sq_35_45,0.9998669097242988,0.9998817583052058,0.9999427620735856,22206.0,9816.0,22203.3743249254,9815.438152514316,-0.011824169479424107,-0.005723792641443293,18.143629159873427,-2.6256750745997124,-0.5618474856837565
916,sq_35_46,0.9998669097242988,0.9998814615377892,0.9999428507388533,3269.0,2394.0,3268.612497767033,2393.8631846688145,-0.011853846221077102,-0.005714926114674945,20.400604452392876,-0.3875022329671083,-0.1368153311855167
917,sq_35_47,0.9998669097242988,0.9998808352965866,0.9999430960912108,1936.0,1057.0,1935.7692971341917,1056.9398525684098,-0.011916470341344354,-0.005690390878920759,22.665213439602933,-0.23070286580832544,-0.06014743159016689
918,sq_35_48,0.9998669097242988,0.999881125110797,0.9999429768946184,1809.0,923.0,1808.7849553254316,922.9473676737329,-0.011887488920303557,-0.005702310538158173,24.93537546013284,-0.21504467456838938,-0.05263232626714398
919,sq_35_49,0.9998669097242988,0.9998796846693108,0.999943501421426,952.0,362.0,951.8854598051838,361.9795475145562,-0.012031533068923572,-0.005649857857403795,27.209699911425336,-0.11454019481618616,-0.02045248544379774
920,sq_35_50,0.9998669097242988,0.999880323732615,0.9999432063473476,369.0,487.0,368.95583945733495,486.97234149115826,-0.011967626738496051,-0.0056793652652431525,29.48722307330383,-0.04416054266505398,-0.02765850884173915
921,sq_35_51,0.9998669097242988,0.9998796690382294,0.9999434552721992,464.0,290.0,463.9441664337385,289.98360202893775,-0.012033096177055391,-0.005654472780081132,31.767256479944592,-0.05583356626152636,-0.016397971062247052
922,sq_35_52,0.9998669097242988,0.9998818370399652,0.999942648970942,317.0,1981.0,316.962542341669,1980.886387611436,-0.011816296003475113,-0.005735102905801703,34.04929546756061,-0.03745765833099313,-0.11361238856397904
923,sq_35_53,0.9998669097242988,0.9998792261834426,0.9999436730633396,744.0,318.0,743.9101442804813,317.982088034142,-0.012077381655739572,-0.005632693666035582,36.33296182940425,-0.08985571951870952,-0.017911965857990708
924,sq_35_54,0.9998669097242988,0.9998782874163216,0.9999440203975756,451.0,170.0,450.945107624761,169.99048346758784,-0.012171258367843496,-0.0055979602424427455,38.61796663644983,-0.054892375238978275,-0.00951653241216377
925,sq_35_55,0.9998669097242988,0.9998805100750334,0.9999431365121428,800.0,476.0,799.9044080600268,475.97293297978,-0.011948992496657596,-0.0056863487857161665,40.90408542351674,-0.09559193997324655,-0.02706702021998808
926,sq_35_56,0.9998669097242988,0.9998794693770096,0.9999429808118728,53.0,195.0,52.993611876981504,194.9888812583152,-0.01205306229904446,-0.005701918812717199,43.1911412025452,-0.006388123018496117,-0.011118741684811084
927,sq_35_57,0.9998669097242988,0.9998762650364424,0.9999442052323212,293.0,107.0,292.96374565567766,106.99402995985837,-0.012373496355755353,-0.005579476767880731,45.47899257063235,-0.03625434432234442,-0.0059700401416336035
928,sq_35_58,0.9998669097242988,0.9998815090402724,0.9999428318213904,1366.0,906.0,1365.8381413490122,905.9482056301797,-0.011849095972760182,-0.005716817860956791,47.76752521731443,-0.16185865098782415,-0.051794369820299835
929,sq_35_59,0.9998669097242988,0.9998813036562434,0.999942899803944,933.0,1109.0,932.8892563112751,1108.9366758825738,-0.011869634375660798,-0.005710019605598138,50.05664574825471,-0.11074368872493778,-0.06332411742619115
930,sq_35_60,0.9998669097242988,0.9998790192878108,0.9999437508768004,1041.0,320.0,1040.874059078611,319.98200028057613,-0.012098071218924478,-0.005624912319956987,52.3462771300978,-0.12594092138897395,-0.017999719423869465
931,sq_35_61,0.9998669097242988,0.9998809580154292,0.999943055630646,1735.0,539.0,1734.7934621567697,538.9693069849181,-0.011904198457080017,-0.005694436935399505,54.63635526690398,-0.20653784323030777,-0.030693015081851627
932,sq_35_62,0.9998669097242988,0.9998804287333248,0.9999432392950336,1591.0,560.0,1590.80976211472,559.9682140052188,-0.011957126667516693,-0.005676070496640762,56.9268264039109,-0.1902378852801121,-0.03178599478121669
933,sq_35_63,0.9998669097242988,0.9998817296356926,0.9999427497246746,2015.0,3428.0,2014.7616852159206,3427.8037460561845,-0.011827036430744897,-0.0057250275325437805,59.21764513240274,-0.23831478407942086,-0.19625394381546357
934,sq_35_64,0.9998669097242988,0.9998810792757928,0.9999429799709642,1365.0,710.0,1364.8376732114573,709.9595157793846,-0.011892072420716104,-0.005702002903584802,61.508772838521296,-0.16232678854271398,-0.04048422061543988
935,sq_35_65,0.9998669097242988,0.9998800402693933,0.999943043547724,588.0,339.0,587.9294636784032,338.9806917626784,-0.011995973060674459,-0.005695645227599133,63.80017648538945,-0.07053632159681911,-0.0193082373215816
936,sq_35_66,0.9998669097242988,0.9999443980326332,0.9999010630294262,781.0,987.0,780.9565748634866,986.9023492100437,-0.005560196736675849,-0.009893697057383743,66.09182764793162,-0.04342513651340596,-0.09765078995633303
937,sq_35_67,0.9998669097242988,0.9998815797581102,0.9999424340047636,519.0,445.0,518.9385398944592,444.9743831321198,-0.011842024188979394,-0.005756599523643047,68.38370174130729,-0.06146010554084569,-0.025616867880216887
938,sq_35_68,0.9998669097242988,0.9998795383114336,0.9999442890542656,893.0,1026.0,892.8924277121102,1025.9428405696765,-0.012046168856638673,-0.005571094573442181,70.67577739914172,-0.10757228788975226,-0.057159430323508786
939,sq_35_69,0.9998669097242988,0.9998817731556644,0.9999427208064996,294.0,976.0,293.9652413077653,975.9440955071436,-0.011822684433560049,-0.005727919350040356,72.96803596870609,-0.03475869223467498,-0.05590449285637078
940,sq_35_70,0.9998669097242988,0.9998819270227656,0.999942700736598,42.0,127.0,41.99504093495615,126.99272299354794,-0.011807297723442911,-0.005729926340203306,75.26046109817125,-0.004959065043848909,-0.007277006452056867
941,sq_35_71,0.9998669097242988,0.9998763416928153,0.9999447571600514,177.0,130.0,176.9781124796283,129.9928184308067,-0.012365830718474857,-0.005524283994862156,77.56807248999388,-0.02188752037170616,-0.007181569193306814
942,sq_35_72,0.9998669097242988,0.999875092687155,0.9999448908338696,63.0,65.0,62.992130839290766,64.99641790420152,-0.012490731284497958,-0.005510916613038486,79.86640121109681,-0.007869160709233824,-0.0035820957984782353
943,sq_36_23,0.9998669097242988,0.9998799124163152,0.999943414046467,436.0,196.0,435.9476418135134,195.98890915310753,-0.012008758368475814,-0.005658595353297269,33.18716493124857,-0.05235818648657187,-0.011090846892471973
944,sq_36_24,0.9998669097242988,0.99988168883374,0.999942746635893,834.0,1898.0,833.9013284873391,1897.891333114925,-0.011831116626004334,-0.005725336410700166,30.929917699996057,-0.09867151266087149,-0.10866688507508115
945,sq_36_25,0.9998669097242988,0.9998807711420634,0.999943009951562,394.0,631.0,393.953023829973,630.9640392794356,-0.011922885793658189,-0.0056990048437954854,28.678641692331855,-0.04697617002699417,-0.0359607205643897
946,sq_36_26,0.9998669097242988,0.9998813287380202,0.9999429037559482,840.0,508.0,839.9003161399369,507.97099510802167,-0.011867126197984135,-0.005709624405181302,26.43485982789821,-0.09968386006312357,-0.02900489197833167
947,sq_36_27,0.9998669097242988,0.9998814120152716,0.99994286371218,1111.0,1535.0,1110.8682487489668,1534.9122957981963,-0.011858798472841325,-0.005713628782000324,24.2006538054188,-0.13175125103316532,-0.0877042018037173
948,sq_36_28,0.9998669097242988,0.9998814640523128,0.9999428727293148,5450.0,1933.0,5449.353979085105,1932.8895729857654,-0.011853594768718168,-0.005712727068518664,21.97894097870065,-0.6460209148954164,-0.11042701423457402
949,sq_36_29,0.9998669097242988,0.9998818810191222,0.9999427059640184,9115.0,4762.0,9113.923345489298,4761.727165800656,-0.011811898087776829,-0.005729403598164762,19.773929558325584,-1.076654510701701,-0.2728341993442882
950,sq_36_30,0.9998669097242988,0.99988188449807,0.9999427126628504,11612.0,22763.0,11610.628442791589,22761.695968344462,-0.011811550192997178,-0.005728733714960299,17.59189728958274,-1.3715572084111045,-1.3040316555379832
951,sq_36_31,0.9998669097242988,0.9998812144850588,0.9999430788910298,9122.0,4100.0,9120.916438532708,4099.766623453223,-0.011878551494115541,-0.005692110897015379,15.442584174420789,-1.083561467292384,-0.23337654677743558
952,sq_36_32,0.9998669097242988,0.9998818813484368,0.9999427050516576,4321.0,11685.0,4320.489609306595,11684.33050852862,-0.011811865156319268,-0.005729494834239013,13.341808014954303,-0.5103906934045881,-0.669491471380752
953,sq_36_33,0.9998669097242988,0.9998814443087032,0.999942852818024,2170.0,1084.0,2169.742734149886,1083.938052454738,-0.011855569129681776,-0.0057147181976024974,11.316626875010249,-0.2572658501139813,-0.06194754526200086
954,sq_36_34,0.9998669097242988,0.9999001527227191,0.9999330444146662,1382.0,497.0,1381.8620110627978,496.96672307408915,-0.009984727728085119,-0.006695558533376111,9.415938978347,-0.13798893720218075,-0.033276925910854516
955,sq_36_35,0.9998669097242988,0.9998812029318496,0.9999429230321022,927.0,367.0,926.8898751178245,366.9790527527815,-0.011879706815043356,-0.00570769678978067,7.732097215105659,-0.11012488217545524,-0.020947247218487064
956,sq_36_36,0.9998669097242988,0.9998809836791585,0.9999430429300874,2499.0,890.0,2498.702578214217,889.9493082077778,-0.011901632084154734,-0.005695706991259986,6.437562194342727,-0.2974217857831718,-0.0506917922222101
957,sq_36_37,0.9998669097242988,0.9998810961545728,0.999942994068263,919.0,430.0,918.8907273660524,429.9754874493531,-0.011890384542723176,-0.005700593173696422,5.799176837986499,-0.10927263394762576,-0.024512550646875297
958,sq_36_38,0.9998669097242988,0.999881031269489,0.9999430116585588,1361.0,617.0,1360.8380835577746,616.9648381933308,-0.011896873051098211,-0.0056988341441188695,6.029093876997345,-0.1619164422254471,-0.035161806669179896
959,sq_36_39,0.9998669097242988,0.9998815731875416,0.9999428281899508,1322.0,445.0,1321.84343975393,444.9745585445281,-0.011842681245843867,-0.005717181004916139,7.042775382678948,-0.15656024607005747,-0.025441455471877816
960,sq_36_40,0.9998669097242988,0.9998804057215532,0.9999432409721986,531.0,206.0,530.9364954381448,205.9883076402729,-0.011959427844676629,-0.005675902780144515,8.56635908504494,-0.06350456185521125,-0.011692359727106805
961,sq_36_41,0.9998669097242988,0.999881042154353,0.9999430135252382,890.0,755.0,889.8941275173742,754.9569752115548,-0.011895784564697198,-0.005698647476182206,10.377637773222581,-0.10587248262584126,-0.04302478844522284
962,sq_36_42,0.9998669097242988,0.9998816247489484,0.9999427972493848,2127.0,1194.0,2126.748215841013,1193.9316999157654,-0.011837525105162783,-0.005720275061515956,12.350675570205889,-0.25178415898699313,-0.06830008423457912
963,sq_36_44,0.9998669097242988,0.9998814531052777,0.999942866831374,2143.0,951.0,2142.74595400461,950.9456663566367,-0.011854689472234892,-0.005713316862598905,16.54749095942417,-0.254045995389788,-0.05433364336329305
964,sq_36_45,0.9998669097242988,0.9998816961609652,0.999942776378419,4728.0,2433.0,4727.440659449044,2432.8607749286934,-0.011830383903477237,-0.0057223621581004025,18.715121839076534,-0.5593405509562217,-0.13922507130655504
965,sq_36_46,0.9998669097242988,0.9998833290067094,0.9999416122949903,2023.0,757.0,2022.7639745805732,756.9558005073077,-0.011667099329060182,-0.0058387705009654844,20.909874143864695,-0.23602541942682365,-0.04419949269231438
966,sq_36_47,0.9998669097242988,0.9998814537468662,0.99994285259391,1263.0,588.0,1262.850276082292,587.9663973252191,-0.011854625313378886,-0.0057147406089974595,23.124025642075864,-0.14972391770788818,-0.033602674780922825
967,sq_36_48,0.9998669097242988,0.9998818129509514,0.9999427334993504,4603.0,4973.0,4602.455985013229,4972.71521369227,-0.011818704904864585,-0.005726650064963312,25.352493300478187,-0.5440149867708897,-0.28478630773042823
968,sq_36_49,0.9998669097242988,0.999881521187613,0.9999428316954913,1665.0,1208.0,1664.8027327773757,1207.9309406881534,-0.011847881238702396,-0.005716830450874788,27.591807855188538,-0.19726722262430485,-0.06905931184655856
969,sq_36_50,0.9998669097242988,0.9998797949517668,0.9999434586774382,939.0,305.0,938.8871274597091,304.98275489661864,-0.012020504823317957,-0.005654132256183164,29.839526787872284,-0.11287254029093674,-0.017245103381355875
970,sq_36_51,0.9998669097242988,0.9998804819131488,0.9999432130892574,1086.0,606.0,1085.8702033576797,605.9655871320899,-0.011951808685117804,-0.005678691074262332,32.09388384392625,-0.12979664232034338,-0.034412867910077694
971,sq_36_52,0.9998669097242988,0.9998799186389672,0.9999434370582396,680.0,214.0,679.9183446744977,213.98789553046328,-0.012008136103280886,-0.005656294176037413,34.353571837781416,-0.08165532550231092,-0.012104469536723172
972,sq_36_53,0.9998669097242988,0.9998803603804228,0.9999432260681947,835.0,507.0,834.900100917653,506.97121561657474,-0.011963961957717206,-0.005677393180525403,36.61760355891558,-0.09989908234695122,-0.02878438342526124
973,sq_36_54,0.9998669097242988,0.9998781355992878,0.9999439933808824,364.0,186.0,363.9556413581408,185.98958276884412,-0.01218644007121572,-0.0056006619117643375,38.88522006912789,-0.044358641859219006,-0.01041723115588411
974,sq_36_55,0.9998669097242988,0.9998800145129484,0.9999433356212386,362.0,288.0,361.9565652536873,287.98368065891674,-0.011998548705161038,-0.0056664378761395184,41.155828666986366,-0.04343474631269828,-0.016319341083260497
975,sq_36_56,0.9998669097242988,0.9998741973849872,0.999945276067462,115.0,89.0,114.98553269927352,88.99512957000411,-0.012580261501282664,-0.005472393253802554,43.42895994823273,-0.014467300726479948,-0.0048704299958899355
976,sq_36_57,0.9998669097242988,0.9998805275319254,0.9999432015096044,715.0,310.0,714.9145771853266,309.9823924679774,-0.011947246807464396,-0.005679849039563756,45.7042374680066,-0.08542281467339308,-0.017607532022623218
977,sq_36_58,0.9998669097242988,0.9998809602775296,0.9999429135055278,461.0,331.0,460.94512268794114,330.9811043703297,-0.011903972247040429,-0.005708649447222491,47.98135590775019,-0.05487731205886348,-0.018895629670282688
978,sq_36_59,0.9998669097242988,0.9998804269213174,0.9999431945633428,563.0,898.0,562.9326803567017,897.9489887178818,-0.011957307868259992,-0.00568054366572035,50.26006509540878,-0.06731964329833318,-0.0510112821182247
979,sq_36_60,0.9998669097242988,0.9998808362459332,0.9999430335601917,501.0,541.0,500.9402989592125,540.9691811560637,-0.011916375406684221,-0.0056966439808348035,52.54015814727285,-0.059701040787501825,-0.03081884393634482
980,sq_36_61,0.9998669097242988,0.9998781936435056,0.9999440445471998,292.0,124.0,291.9644325439036,123.99306152385277,-0.012180635649439164,-0.005595545280023817,54.821462521605035,-0.03556745609637346,-0.0069384761472264245
981,sq_36_62,0.9998669097242988,0.9998697995603608,0.9999468922965712,101.0,118.0,100.98684975559644,117.9937332909954,-0.013020043963918315,-0.005310770342881188,57.10383320225986,-0.013150244403561828,-0.006266709004606241
982,sq_36_63,0.9998669097242988,0.999878510081324,0.9999439455882908,406.0,124.0,405.95067509301754,123.99304925294805,-0.012148991867599879,-0.005605441170919434,59.38714744096646,-0.049324906982462835,-0.006950747051945427
983,sq_36_64,0.9998669097242988,0.9998808430074528,0.9999430689923856,677.0,567.0,676.9193307160456,566.9677201186827,-0.011915699254716472,-0.0056931007614391405,61.67130065703501,-0.08066928395442119,-0.03227988131732218
984,sq_36_65,0.9998669097242988,0.9998748892423458,0.9999448951209908,91.0,139.0,90.98861492105347,138.99234042181772,-0.012511075765420099,-0.005510487900917127,63.95620320905838,-0.011385078946531735,-0.0076595781822845765
985,sq_36_66,0.9998669097242988,0.9998803164309932,0.9999431115366124,743.0,454.0,742.9110751082279,453.974172637622,-0.01196835690068232,-0.005688846338758324,66.24177783007057,-0.08892489177208063,-0.025827362377981444
986,sq_36_67,0.9998669097242988,0.9998796294716266,0.9999434527070548,375.0,210.0,374.95486105185995,209.9881250684815,-0.012037052837343687,-0.005654729294524152,68.52795757264637,-0.045138948140049706,-0.011874931518491394
987,sq_36_68,0.9998669097242988,0.9998774062925764,0.9999443529788872,605.0,236.0,604.9258308070087,235.98686730301736,-0.012259370742362385,-0.005564702111282571,70.81468414964971,-0.07416919299134861,-0.013132696982637526
988,sq_36_69,0.9998669097242988,0.999879994526378,0.9999433530994396,516.0,399.0,515.938077175611,398.9773978866764,-0.012000547362200908,-0.005664690056039756,73.10190658465966,-0.06192282438894381,-0.022602113323614503
989,sq_36_70,0.9998669097242988,0.999879473056642,0.9999435917386738,480.0,421.0,479.94214706718816,420.97625212198164,-0.0120526943357957,-0.005640826132624621,75.38958010676998,-0.057852932811840674,-0.023747878018355095
990,sq_36_71,0.9998669097242988,0.9998737191609126,0.9999457393929516,120.0,49.0,119.98484629930951,48.99734123025463,-0.01262808390873893,-0.00542606070483842,77.67766523972557,-0.015153700690490268,-0.0026587697453734904
991,sq_36_72,0.9998669097242988,0.9998389972470804,0.9999543409505284,1.0,2.0,0.9998389972470804,1.9999086819010568,-0.016100275291963673,-0.004565904947162469,79.48797585569979,-0.00016100275291963673,-9.131809894324938e-05
992,sq_37_23,0.9998669097242988,0.999879878047694,0.9999434100265752,421.0,328.0,420.94942865807917,327.98143848871666,-0.01201219523060404,-0.0056589973424836515,33.65501819405515,-0.05057134192082913,-0.018561511283337495
993,sq_37_24,0.9998669097242988,0.9998816223892188,0.9999427737533536,1086.0,1460.0,1085.8714419146916,1459.9164496798962,-0.011837761078115072,-0.005722624664639131,31.43208195144878,-0.12855808530844115,-0.08355032010376817
994,sq_37_25,0.9998669097242988,0.9998814530058304,0.9999428647792752,2375.0,1407.0,2374.718450888847,1406.9196107444402,-0.011854699416957715,-0.005713522072481325,29.220214020088584,-0.281549111152799,-0.08038925555979404
995,sq_37_26,0.9998669097242988,0.9998815721693252,0.9999427984598492,1226.0,1602.0,1225.8548074795926,1601.9083631326785,-0.011842783067483875,-0.005720154015076417,27.02212984368618,-0.1451925204073632,-0.0916368673215402
996,sq_37_27,0.9998669097242988,0.9998810309247764,0.9999429448778872,1047.0,621.0,1046.875439378241,620.964568769168,-0.011896907522357392,-0.005705512211284791,24.841485843856642,-0.12456062175897387,-0.03543123083204591
997,sq_37_28,0.9998669097242988,0.999881762066298,0.9999427622339068,6497.0,4280.0,6496.231808144738,4279.755022361121,-0.011823793370202562,-0.005723776609323217,22.68330941880496,-0.768191855261648,-0.24497763887939072
998,sq_37_29,0.9998669097242988,0.9998818912341348,0.999942713855699,28294.0,16655.0,28290.65823057861,16654.045899266668,-0.011810876586515473,-0.0057286144301005315,20.554675707365426,-3.341769421389472,-0.9541007333318703
999,sq_37_30,0.9998669097242988,0.999881802717861,0.9999428138961058,34455.0,34205.0,34450.9275126439,34203.0439493163,-0.011819728213902092,-0.00571861038941579,18.46580070080804,-4.072487356097554,-1.956050683700596
1000,sq_37_31,0.9998669097242988,0.9992807582396852,1.000397063160573,9695.0,6447.0,9688.026951133748,6449.559866196214,-0.07192417603147927,0.039706316057297464,16.43185052844922,-6.973048866251702,2.5598661962139886
1001,sq_37_32,0.9998669097242988,0.9998690713316584,0.999951735109582,8982.0,2290.0,8980.823998700955,2289.8894734009427,-0.013092866834163441,-0.004826489041798165,14.475991367111044,-1.1760012990453106,-0.11052659905726614
1002,sq_37_33,0.9998669097242988,0.9917312297289166,1.01290568830445,181.0,578.0,179.5033525809339,585.4594878399721,-0.8268770271083414,1.2905688304450047,12.634537056985526,-1.4966474190661074,7.459487839972098
1003,sq_37_34,0.9998669097242988,1.002011286999667,0.998587145940066,1836.0,1338.0,1839.6927229313885,1336.1096012678083,0.20112869996669058,-0.14128540599339656,10.96527274321194,3.6927229313885164,-1.8903987321916702
1004,sq_37_35,0.9998669097242988,0.9998904223592894,0.9999359368029528,1324.0,822.0,1323.8549192036992,821.9473400520272,-0.010957764071062304,-0.006406319704721497,9.558831644294571,-0.14508079630081738,-0.05265994797275653
1005,sq_37_36,0.9998669097242988,0.9998814605115076,0.9999428269031,1555.0,1582.0,1554.8156710953942,1581.9095521607042,-0.011853948849238627,-0.005717309690000949,8.545969612571918,-0.18432890460576346,-0.0904478392958481
1006,sq_37_37,0.9998669097242988,0.9998813772243144,0.9999428811604264,1101.0,838.0,1100.86939632397,837.9521344124373,-0.01186227756856395,-0.005711883957359998,8.076144824367947,-0.13060367602997758,-0.047865587562682776
1007,sq_37_38,0.9998669097242988,0.9998806639637862,0.9999431074084876,778.0,738.0,777.9071565638257,737.9580132674638,-0.011933603621383515,-0.005689259151242521,8.242737952288218,-0.09284343617434843,-0.041986732536202
1008,sq_37_39,0.9998669097242988,0.999880782160511,0.9999431091952992,864.0,432.0,863.8969957866815,431.97542317236923,-0.011921783948898312,-0.005689080470083763,9.010513471030867,-0.1030042133185134,-0.024576827630767184
1009,sq_37_40,0.9998669097242988,0.9998817651403104,0.999942752979797,4419.0,2986.0,4418.477520155031,2985.829060397674,-0.011823485968964764,-0.005724702020304395,10.245189461791494,-0.5224798449689843,-0.17093960232614336
1010,sq_37_41,0.9998669097242988,0.999881865920598,0.999942671226709,1201.0,6765.0,1200.8581209706383,6764.612170848686,-0.011813407940197695,-0.005732877329100994,11.801115007602936,-0.1418790293616894,-0.38782915131378104
1011,sq_37_42,0.9998669097242988,0.99988105992661,0.9999429967978788,2042.0,1123.0,2041.7571243701377,1122.9359854040179,-0.011894007338997259,-0.005700320212120857,13.568216781264164,-0.24287562986228295,-0.06401459598214387
1012,sq_37_43,0.9998669097242988,0.9998814940347658,0.9999428429412992,1976.0,1871.0,1975.7658322126972,1870.8930591431708,-0.011850596523421686,-0.005715705870079635,15.474314649187667,-0.23416778730279475,-0.1069408568291692
1013,sq_37_44,0.9998669097242988,0.9998816676195392,0.9999427782605944,2564.0,2235.0,2563.6965957764987,2234.8721094124285,-0.011833238046077277,-0.00572217394055885,17.47397993517241,-0.30340422350127483,-0.12789058757152816
1014,sq_37_45,0.9998669097242988,0.9998822346526304,0.9999422304712676,3267.0,6547.0,3266.6152606101437,6546.6217828953895,-0.011776534736962496,-0.005776952873237651,19.538503818918034,-0.3847393898563496,-0.37821710461048497
1015,sq_37_46,0.9998669097242988,1.0003619943669106,0.9994860445621888,4834.0,4004.0,4835.749880769646,4001.942122427004,0.03619943669106451,-0.05139554378111866,21.64933787873567,1.7498807696456424,-2.057877572995949
1016,sq_37_47,0.9998669097242988,0.9998956129999578,0.9999362713786212,886.0,444.0,885.9075131179626,443.9717044921078,-0.010438700004222756,-0.00637286213788224,23.794159434209195,-0.09248688203740585,-0.028295507892210026
1017,sq_37_48,0.9998669097242988,0.9998805276553764,0.9999431707175832,1191.0,750.0,1190.8577084375534,749.9573780381874,-0.011947234462361678,-0.005682928241679264,25.964546305163633,-0.1422915624466441,-0.04262196181264244
1018,sq_37_49,0.9998669097242988,0.9998812700737328,0.9999429022331844,1253.0,716.0,1252.8512314023872,715.95911799896,-0.011872992626715817,-0.005709776681561696,28.154586049193586,-0.14876859761284322,-0.04088200104001771
1019,sq_37_50,0.9998669097242988,0.9998796070787928,0.9999435296227368,721.0,343.0,720.9131967038096,342.9806306605987,-0.012039292120724632,-0.0056470377263195815,30.360025362744036,-0.0868032961903964,-0.019369339401293928
1020,sq_37_51,0.9998669097242988,0.999879168117052,0.9999436556926296,438.0,168.0,437.9470756352688,167.99053415636178,-0.012083188294798042,-0.005634430737044838,32.57773637213574,-0.052924364731211426,-0.009465843638224669
1021,sq_37_53,0.9998669097242988,0.99988120217223,0.9999429547057922,1155.0,703.0,1154.8627885089256,702.9598971581719,-0.011879782777002301,-0.005704529420780258,37.041144257485335,-0.1372114910743676,-0.04010284182811574
1022,sq_37_54,0.9998669097242988,0.999878036679378,0.9999438397143794,72.0,78.0,71.99121864091522,77.99561949772159,-0.012196332062197612,-0.005616028562061004,39.28366100604362,-0.008781359084778728,-0.004380502278408471
1023,sq_37_59,0.9998669097242988,0.9998786607419964,0.9999438918030824,436.0,146.0,435.9470960835104,145.99180820325003,-0.012133925800361656,-0.00561081969175925,50.565928673261915,-0.05290391648958348,-0.008191796749969171
1024,sq_37_62,0.9998669097242988,0.9998819270227668,0.999942700736598,117.0,73.0,116.98618546166371,72.99581715377165,-0.011807297723320787,-0.005729926340203306,57.371287148212275,-0.013814538336291093,-0.004182846228346193
1025,sq_37_63,0.9998669097242988,0.9998819270227662,0.9999427007365986,43.0,27.0,42.99492286197895,26.998452919888162,-0.011807297723376298,-0.005729926340136693,59.64368938685664,-0.005077138021050587,-0.0015470801118375732
1026,sq_37_65,0.9998669097242988,0.9998743287879984,0.9999453887533422,154.0,61.0,153.98064663335177,60.99666871395387,-0.012567121200157683,-0.0054611246657843004,64.19316123091846,-0.019353366648232395,-0.003331286046126536
1027,sq_37_66,0.9998669097242988,0.9998746038386798,0.9999449562232748,49.0,58.0,48.99385558809531,57.99680746094994,-0.012539616132023479,-0.005504377672516103,66.46991189557527,-0.006144411904692504,-0.0031925390500617823
1028,sq_37_69,0.9998669097242988,0.9998764188467536,0.9999445519217084,179.0,82.0,178.9778789735689,81.99545325758008,-0.012358115324639929,-0.0055448078291608915,73.30672431531748,-0.02212102643110825,-0.0045467424199188144
1029,sq_37_70,0.9998669097242988,0.9998785566434868,0.9999436294389246,138.0,153.0,137.98324081680119,152.99137530415547,-0.01214433565132067,-0.005637056107543614,75.58752003680947,-0.016759183198814753,-0.008624695844531516
1030,sq_38_24,0.9998669097242988,0.999881927022766,0.999942700736598,1159.0,453.0,1158.8631534193858,452.9740434336789,-0.011807297723398502,-0.005729926340203306,32.089185604146216,-0.1368465806142467,-0.025956566321099217
1031,sq_38_25,0.9998669097242988,0.999881819114641,0.9999427295369931,2244.0,3410.0,2243.7348020932545,3409.8047077211468,-0.011818088535897608,-0.005727046300685323,29.926599792580546,-0.2651979067454704,-0.19529227885323053
1032,sq_38_26,0.9998669097242988,0.999881868918566,0.9999427154890456,7532.0,6793.0,7531.110236694639,6792.610866317086,-0.011813108143399198,-0.005728451095443621,27.7851254946267,-0.8897633053611571,-0.3891336829137799
1033,sq_38_27,0.9998669097242988,0.99988176410313,0.9999427632488168,3952.0,2682.0,3951.53273173557,2681.846491033327,-0.011823589686998925,-0.005723675118318727,25.6700441193114,-0.4672682644300039,-0.15350896667314373
1034,sq_38_28,0.9998669097242988,0.9998818558227636,0.9999427183221592,1401.0,2033.0,1400.8344800076918,2032.8835463489497,-0.011814417723643444,-0.005728167784080362,23.588453534731947,-0.16551999230819092,-0.1164536510502785
1035,sq_38_29,0.9998669097242988,0.99988174836681,0.9999427658903212,3868.0,2243.0,3867.542602682821,2242.8716238919906,-0.011825163319001408,-0.0057234109678838685,21.550057876011113,-0.45739731717912946,-0.12837610800943366
1036,sq_38_30,0.9998669097242988,0.9998817896397424,0.9999427485448475,3023.0,2116.0,3022.642650080941,2115.8788559208974,-0.0118210360257609,-0.005725145515245167,19.568357185860705,-0.3573499190588336,-0.12114407910257796
1037,sq_38_31,0.9998669097242988,1.001341480846372,0.9988629920777096,4262.0,2565.0,4267.717391367238,2562.083574679325,0.13414808463720895,-0.11370079222904339,17.662441651428786,5.717391367237724,-2.916425320674989
1038,sq_38_35,0.9998669097242988,0.9998813620557296,0.9999428860898834,1525.0,1050.0,1524.8190771349878,1049.9400303943776,-0.011863794427036112,-0.005711391011664624,11.54906471566601,-0.18092286501223498,-0.05996960562242748
1039,sq_38_36,0.9998669097242988,0.999881075038892,0.9999429890567456,1130.0,602.0,1129.865614793948,601.9656794121609,-0.011892496110799122,-0.005701094325438749,10.726073590034632,-0.1343852060520021,-0.034320587839147265
1040,sq_38_38,0.9998669097242988,0.9998794648425824,0.9999435889318068,590.0,313.0,589.9288842571236,312.9823433356555,-0.012053515741761167,-0.005641106819320729,10.486138296103078,-0.07111574287637268,-0.017656664344485762
1041,sq_38_39,0.9998669097242988,0.999881473833203,0.9999428439342714,1372.0,950.0,1371.8373820991546,949.9457017375578,-0.011852616679697281,-0.00571560657286474,11.099621854189142,-0.16261790084536187,-0.05429826244221658
1042,sq_38_40,0.9998669097242988,0.9998801537324792,0.9999433370035612,1071.0,330.0,1070.8716446474853,329.9813012111752,-0.011984626752081784,-0.005666299643880546,12.123071578425229,-0.1283553525147454,-0.0186987888247927
1043,sq_38_41,0.9998669097242988,0.9998812336867492,0.9999428909462696,862.0,969.0,861.8976234379778,968.9446613269353,-0.011876631325080655,-0.005710905373035313,13.463313046030416,-0.10237656202218659,-0.05533867306473894
1044,sq_38_42,0.9998669097242988,0.9998781692659792,0.9999438045855508,155.0,294.0,154.98111623622677,293.98347854815194,-0.012183073402083355,-0.005619541444923382,15.035868284411093,-0.018883763773231976,-0.01652145184806386
1045,sq_38_43,0.9998669097242988,0.9998800656530956,0.9999433779349198,1424.0,436.0,1423.8292134900082,435.975312779625,-0.011993434690438232,-0.005662206508016965,16.77553004729245,-0.17078650999178535,-0.02468722037497173
1046,sq_38_44,0.9998669097242988,0.9998799665938752,0.9999428873059644,119.0,249.0,118.98571602467115,248.98577893918514,-0.012003340612476432,-0.005711269403563257,18.63555622348474,-0.014283975328851284,-0.01422106081486163
1047,sq_38_45,0.9998669097242988,0.9998811147697984,0.9999429927681442,1925.0,1225.0,1924.7711459318618,1224.9301661409768,-0.011888523020164854,-0.0057007231855754625,20.583340822065985,-0.2288540681381619,-0.0698338590232197
1048,sq_38_46,0.9998669097242988,0.9831204334792956,1.0101107717074171,251.0,110.0,246.76322880330318,111.11218488781589,-1.6879566520704437,1.0110771707417143,22.596199811485675,-4.236771196696822,1.1121848878158858
1049,sq_38_47,0.9998669097242988,0.999620273545091,1.0000772995977791,708.0,254.0,707.7311536699244,254.0196340978359,-0.0379726454909024,0.007729959777913464,24.658201200501335,-0.2688463300755757,0.01963409783590464
1050,sq_38_48,0.9998669097242988,0.999880678907546,0.9999431285043394,639.0,397.0,638.9237538219219,396.97742201622276,-0.011932109245404998,-0.005687149566058203,26.75798565968036,-0.07624617807812228,-0.022577983777239297
1051,sq_38_49,0.9998669097242988,0.9998806543619784,0.999943154098865,1342.0,499.0,1341.839838153775,498.97163389533364,-0.011934563802162845,-0.005684590113497201,28.887314453792047,-0.16016184622503715,-0.028366104666361025
1052,sq_38_50,0.9998669097242988,0.9998814476085112,0.9999428459547166,1252.0,2294.0,1251.851572405856,2293.86888862012,-0.011855239148883534,-0.005715404528339185,31.040107447670877,-0.14842759414409556,-0.13111137988016708
1053,sq_38_51,0.9998669097242988,0.9998794591160766,0.9999435895960868,835.0,304.0,834.8993483619239,303.98285123721035,-0.012054088392343676,-0.005641040391324292,33.21180163175983,-0.10065163807610134,-0.01714876278964539
1054,sq_38_52,0.9998669097242988,0.9998774451084578,0.9999442641005264,259.0,130.0,258.96825828309056,129.99275433306843,-0.012255489154222587,-0.005573589947360791,35.39891808594984,-0.031741716909436946,-0.00724566693156703
1055,sq_38_53,0.9998669097242988,0.999881004586616,0.999942977538958,736.0,865.0,735.9124193757493,864.9506755711986,-0.011899541338400432,-0.005702246104200004,37.598765278098064,-0.08758062425067692,-0.04932442880135568
1056,sq_38_54,0.9998669097242988,0.9998721240200662,0.9999450742321117,13.0,44.0,12.99833761226086,43.997583266212914,-0.012787597993380029,-0.0054925767888347465,39.80923255277126,-0.0016623877391399589,-0.0024167337870864003
1057,sq_38_55,0.9998669097242988,0.999881927022766,0.999942700736598,130.0,42.0,129.98465051295958,41.997593430937115,-0.011807297723398502,-0.005729926340203306,42.02864412054938,-0.015349487040424492,-0.0024065690628845005
1058,sq_38_59,0.9998669097242988,0.999881099490886,0.9999429294075032,320.0,417.0,319.9619518370835,416.97620156292885,-0.011890050911400607,-0.005707059249682178,50.97230016406252,-0.03804816291648194,-0.023798437071150147
1059,sq_38_63,0.9998669097242988,0.9998819270227656,0.9999427007365982,55.0,44.0,54.9935059862521,43.99747883241032,-0.011807297723442911,-0.005729926340181102,59.98607593038307,-0.006494013747897043,-0.0025211675896770203
1060,sq_39_25,0.9998669097242988,0.9998801318739388,0.999943359894364,261.0,113.0,260.96871441909803,112.99359966806313,-0.011986812606123998,-0.005664010563599664,30.78630368464396,-0.031285580901965204,-0.006400331936873727
1061,sq_39_26,0.9998669097242988,0.9998818291762585,0.9999427382837665,2582.0,1842.0,2581.6948829330995,1841.8945239186978,-0.011817082374154797,-0.005726171623354759,28.70967621806006,-0.30511706690049323,-0.10547608130218578
1062,sq_39_29,0.9998669097242988,0.9998804210748974,0.9999432169114358,689.0,576.0,688.9176101206043,575.967292940987,-0.01195789251026147,-0.00567830885641607,22.73169143590346,-0.08238987939569142,-0.03270705901297788
1063,sq_39_30,0.9998669097242988,0.9998809359777636,0.9999426886011624,1062.0,449.0,1061.8735540083849,448.9742671819219,-0.011906402223638146,-0.005731139883757841,20.863122367182157,-0.12644599161512815,-0.025732818078097353
1064,sq_39_31,0.9998669097242988,0.9999623042485092,0.9998366726437572,33.0,112.0,32.9987560402008,111.98170733610081,-0.0037695751490818274,-0.016332735624280392,19.08749350574436,-0.001243959799197114,-0.01829266389918871
1065,sq_39_36,0.9998669097242988,0.9998819270227656,0.9999427007365972,32.0,62.0,31.9962216647285,61.99644744566903,-0.011807297723442911,-0.005729926340281022,12.941328523088439,-0.0037783352715017315,-0.0035525543309731233
1066,sq_39_40,0.9998669097242988,0.9998804231650256,0.999943237912591,671.0,306.0,670.9197639437322,305.98263080125287,-0.011957683497443305,-0.005676208740901245,14.120480984152993,-0.08023605626783592,-0.01736919874713294
1067,sq_39_41,0.9998669097242988,0.999880272721562,0.9999432527588196,849.0,444.0,848.8983515406061,443.9748042249159,-0.011972727843800879,-0.005674724118043262,15.286249283631012,-0.10164845939391398,-0.025195775084114302
1068,sq_39_42,0.9998669097242988,0.9998802722436142,0.9999431662532896,261.0,441.0,260.9687510555833,440.9749363177007,-0.011972775638580124,-0.0056833746710394095,16.687488594208606,-0.031248944416688573,-0.025063682299276024
1069,sq_39_43,0.9998669097242988,0.9998819372327614,0.999942685081071,1753.0,772.0,1752.7930359690308,771.9557528825868,-0.011806276723858034,-0.0057314918929018965,18.270098295661736,-0.20696403096917493,-0.04424711741319243
1070,sq_39_44,0.9998669097242988,0.9998817520531732,0.9999427418786824,1016.0,3352.0,1015.879860086024,3351.8080707773433,-0.01182479468267994,-0.005725812131762709,19.991048079997327,-0.12013991397600421,-0.19192922265665402
1071,sq_39_45,0.9998669097242988,0.9998812651354576,0.9999429308213804,1048.0,459.0,1047.8755658619596,458.9738052470136,-0.011873486454239135,-0.005706917861958427,21.8176248154665,-0.12443413804044212,-0.02619475298638463
1072,sq_39_46,0.9998669097242988,0.9997646850592083,1.0000089648360546,1407.0,600.0,1406.668911878306,600.0053789016328,-0.023531494079165327,0.0008964836054614622,23.725443855867102,-0.33108812169393786,0.005378901632752786
1073,sq_39_47,0.9998669097242988,0.9998745931678102,0.9999461963457126,431.0,162.0,430.9459496553262,161.99128380800545,-0.012540683218975612,-0.0053803654287420954,25.69641522058085,-0.054050344673783,-0.008716191994551536
1074,sq_39_48,0.9998669097242988,0.9998801246189049,0.9999433619182518,854.0,287.0,853.8976264245448,286.98374487053826,-0.011987538109514695,-0.005663808174816154,27.717069024296666,-0.10237357545520354,-0.016255129461740125
1075,sq_39_50,0.9998669097242988,0.9998800395363884,0.9999433787540392,704.0,283.0,703.9155478336174,282.98397618739307,-0.01199604636116236,-0.005662124596084173,31.869410938865162,-0.0844521663825617,-0.016023812606931642
1076,sq_39_51,0.9998669097242988,0.9998802009913969,0.999943242578527,384.0,197.0,383.9539971806964,196.98881878796982,-0.011979900860314974,-0.0056757421473041525,33.98753544135881,-0.04600281930362371,-0.011181212030180632
1077,sq_39_52,0.9998669097242988,0.9998794326457824,0.9999436311909392,744.0,252.0,743.9102978884621,251.9857950601167,-0.012056735421761555,-0.005636880906079167,36.12709143359121,-0.08970211153791752,-0.014204939883313727
1078,sq_39_53,0.9998669097242988,0.9998765451463096,0.9999444084420512,103.0,52.0,102.9872841500699,51.99710923898667,-0.012345485369036346,-0.005559155794876425,38.28448565407333,-0.012715849930103218,-0.0028907610133330763
1079,sq_39_55,0.9998669097242988,0.999873366201658,0.9999443101342554,6.0,17.0,5.999240197209948,16.999053272282342,-0.012663379834199073,-0.005568986574455703,42.64193707630488,-0.0007598027900517224,-0.0009467277176575806
1080,sq_39_58,0.9998669097242988,0.9998793903701856,0.9999436161914256,362.0,168.0,361.9563393140072,167.9905275201595,-0.012060962981441659,-0.005638380857442282,49.256379894267575,-0.043660685992790604,-0.009472479840496817
1081,sq_39_59,0.9998669097242988,0.9998791540472468,0.9999436725483836,232.0,135.0,231.97196373896125,134.99239579403178,-0.012084595275319021,-0.00563274516164336,51.476708050461475,-0.0280362610387499,-0.007604205968220867
1082,sq_39_63,0.9998669097242988,0.999876055454185,0.9999448555277616,167.0,91.0,166.9793012608489,90.9949818530263,-0.012394454581499126,-0.0055144472238422,60.41276976679509,-0.020698739151100654,-0.0050181469736969575
1083,sq_3_30,0.9998669097242988,0.9998819270227643,0.999942700736599,224.0,59.0,223.9735516530992,58.99661934345934,-0.011807297723565036,-0.005729926340103386,71.8323870171231,-0.026448346900792785,-0.0033806565406635514
1084,sq_3_31,0.9998669097242988,0.9998819693954536,0.9999422301277224,749.0,250.0,748.9115950771948,249.9855575319306,-0.011803060454640413,-0.00577698722775688,71.46500600171856,-0.08840492280523904,-0.014442468069404413
1085,sq_3_32,0.9998669097242988,0.999881797976107,0.9999427453692784,6901.0,3355.0,6900.1842878331145,3354.8079107139292,-0.011820202389301038,-0.005725463072159265,71.03631594236788,-0.8157121668855325,-0.19208928607076814
1086,sq_3_33,0.9998669097242988,0.9998817302585826,0.9999427842847224,4031.0,4485.0,4030.5232546723464,4484.74338751698,-0.011826974141737612,-0.0057215715277614265,70.68031249903375,-0.4767453276535889,-0.25661248302003514
1087,sq_40_24,0.9998669097242988,0.9998806294556672,0.9999430998534384,216.0,304.0,215.97421596242413,303.98270235544527,-0.011937054433275307,-0.0056900146561567055,33.829434305379024,-0.025784037575874663,-0.017297644554730596
1088,sq_40_25,0.9998669097242988,0.999871676388835,0.9999457878501014,28.0,32.0,27.99640693888738,31.998265211203243,-0.012832361116499325,-0.005421214989864698,31.786740455254375,-0.003593061112621143,-0.0017347887967567033
1089,sq_40_29,0.9998669097242988,0.9998816850827028,0.9999427616858036,1031.0,741.0,1030.8780173202665,740.9575864091805,-0.01183149172971909,-0.0057238314196350615,24.071969178707747,-0.12198267973349175,-0.042413590819478486
1090,sq_40_30,0.9998669097242988,0.99988115820584,0.9999429547995292,882.0,589.0,881.8951815375509,588.9664003769227,-0.011884179415999618,-0.005704520047078443,22.31645614650157,-0.10481846244908866,-0.03359962307729347
1091,sq_40_31,0.9998669097242988,0.9998819270227663,0.9999427007365982,152.0,64.0,151.98205290746048,63.996332847142284,-0.011807297723365195,-0.005729926340181102,20.66659152221543,-0.017947092539515097,-0.003667152857715905
1092,sq_40_34,0.9998669097242988,0.999881927022766,0.9999427007365984,318.0,320.0,317.9624527932396,319.9816642357115,-0.011807297723398502,-0.005729926340158897,16.657547596226895,-0.03754720676039369,-0.01833576428850847
1093,sq_40_35,0.9998669097242988,0.999881927022766,0.9999427007365984,8.0,13.0,7.999055416182128,12.99925510957578,-0.011807297723398502,-0.005729926340158897,15.76812194930525,-0.0009445838178718802,-0.0007448904242206567
1094,sq_40_36,0.9998669097242988,0.999881927022764,0.9999427007365982,9.0,8.0,8.998937343204876,7.9995416058927855,-0.011807297723598342,-0.005729926340181102,15.176039947001108,-0.0010626567951241839,-0.00045839410721448814
1095,sq_40_41,0.9998669097242988,0.9998921399909014,0.9999367602705028,1286.0,588.0,1285.8612920282992,587.9628150390556,-0.01078600090985704,-0.00632397294971776,17.218675231179127,-0.1387079717007964,-0.03718496094438706
1096,sq_40_42,0.9998669097242988,0.9998813698198972,0.999942866287098,1301.0,1503.0,1300.8456621356863,1502.9141280295084,-0.011863018010283,-0.005713371290194669,18.473546832407997,-0.1543378643136748,-0.08587197049155293
1097,sq_40_43,0.9998669097242988,0.9998819634703696,0.9999426439215368,1033.0,764.0,1032.878068264892,763.956179956054,-0.011803652963038314,-0.005735607846324431,19.91429809001474,-0.12193173510809174,-0.04382004394597061
1098,sq_40_44,0.9998669097242988,0.9998817882183672,0.9999427349245869,3040.0,2712.0,3039.6406361838362,2711.8446971154794,-0.011821178163284873,-0.005726507541314874,21.50359788564726,-0.35936381616375,-0.15530288452055174
1099,sq_40_45,0.9998669097242988,0.9998817887237926,0.9999427512138208,4208.0,2565.0,4207.502566949719,2564.8531568634503,-0.011821127620736949,-0.005724878617918705,23.21095076965918,-0.49743305028096074,-0.14684313654970538
1100,sq_40_46,0.9998669097242988,0.9998814534733056,0.9999429104705184,3528.0,2777.0,3527.581767853822,2776.84146237663,-0.011854652669440746,-0.005708952948157986,25.012192145670575,-0.41823214617807025,-0.15853762337019361
1101,sq_40_47,0.9998669097242988,0.999881655080105,0.999942791126269,1804.0,1311.0,1803.7865057645095,1310.9249991665388,-0.011834491989504148,-0.005720887373095174,26.888459124683862,-0.21349423549054336,-0.07500083346121755
1102,sq_40_48,0.9998669097242988,0.999878012239272,0.9999441180525964,530.0,173.0,529.9353464868142,172.99033242309918,-0.01219877607280262,-0.005588194740357988,28.82510408957708,-0.06465351318581725,-0.009667576900824315
1103,sq_40_49,0.9998669097242988,0.99987983687334,0.9999434614972604,529.0,160.0,528.9364337059969,159.99095383956166,-0.012016312665996676,-0.0056538502739567065,30.810743111225932,-0.06356629400306701,-0.009046160438344941
1104,sq_40_50,0.9998669097242988,0.9998819270227676,0.999942700736598,567.0,275.0,566.9330526219092,274.9842427025644,-0.011807297723243071,-0.005729926340203306,32.83648876707429,-0.06694737809084472,-0.015757297435584405
1105,sq_40_51,0.9998669097242988,0.999873272172624,0.9999457880559626,145.0,68.0,144.98162446503048,67.99631358780546,-0.01267278273759942,-0.0054211944037430015,34.89535650016451,-0.018375534969521823,-0.003686412194539912
1106,sq_40_54,0.9998669097242988,0.9998819270227652,0.9999427007365982,29.0,17.0,28.996575883660192,16.999025912522168,-0.011807297723476218,-0.005729926340181102,41.220689445578024,-0.003424116339807881,-0.0009740874778323416
1107,sq_40_55,0.9998669097242988,0.9998758358629068,0.9999449552375496,256.0,93.0,255.96821398090415,92.99488083709211,-0.012416413709315233,-0.005504476245044021,43.366659519520155,-0.031786019095846996,-0.005119162907888608
1108,sq_40_56,0.9998669097242988,0.9998819270227672,0.9999427007365982,149.0,278.0,148.98240712639233,277.9840708047743,-0.011807297723276378,-0.005729926340181102,45.52698976314751,-0.01759287360766848,-0.015929195225680814
1109,sq_40_57,0.9998669097242988,0.999856390428368,0.999952086168533,75.0,19.0,74.98922928212761,18.99908963720213,-0.014360957163195298,-0.004791383146696138,47.69972904809482,-0.010770717872389923,-0.0009103627978710449
1110,sq_40_58,0.9998669097242988,0.9998726759351924,0.9999461835857552,41.0,37.0,40.994779713342886,36.99800879267294,-0.012732406480764347,-0.005381641424484496,49.883255921320334,-0.005220286657113604,-0.0019912073270589303
1111,sq_40_63,0.9998669097242988,0.9998788400642692,0.999943532745588,90.0,248.0,89.98909560578423,247.98599612090584,-0.012115993573080797,-0.005646725441199596,60.92192236906344,-0.010904394215771163,-0.014003879094161675
1112,sq_41_23,0.9998669097242988,0.999881927022764,0.9999427007365992,48.0,30.0,47.99433249709267,29.998281022097977,-0.011807297723598342,-0.005729926340081182,36.9038876117853,-0.005667502907328981,-0.0017189779020228002
1113,sq_41_24,0.9998669097242988,0.9998706716638608,0.9999456656429776,8.0,14.0,7.998965373310886,13.999239319001687,-0.012932833613921169,-0.005433435702240086,34.891067172928736,-0.0010346266891136935,-0.00076068099831339
1114,sq_41_28,0.9998669097242988,0.9998819270227668,0.9999427007365967,135.0,77.0,134.98406014807352,76.99558795671796,-0.011807297723320787,-0.005729926340325431,27.28575848349149,-0.015939851926475512,-0.00441204328204492
1115,sq_41_29,0.9998669097242988,0.9998819270227666,0.999942700736598,22.0,210.0,21.997402394500863,209.98796715468558,-0.011807297723342991,-0.005729926340203306,25.545749410401918,-0.0025976054991367903,-0.012032845314422502
1116,sq_41_30,0.9998669097242988,0.9998816779599086,0.999942781886838,1102.0,1122.0,1101.8696091118193,1121.9358012770324,-0.011832204009143421,-0.00572181131619498,23.899251615787858,-0.13039088818072742,-0.06419872296760332
1117,sq_41_31,0.9998669097242988,0.999881927022767,0.9999427007365976,199.0,114.0,198.97650347753063,113.99346788397213,-0.011807297723298582,-0.005729926340236613,22.366922907740552,-0.023496522469372394,-0.006532116027869961
1118,sq_41_33,0.9998669097242988,0.9998819270227663,0.9999427007365967,43.0,36.0,42.99492286197895,35.997937226517486,-0.011807297723365195,-0.005729926340325431,19.749356952651347,-0.005077138021050587,-0.0020627734825140465
1119,sq_41_34,0.9998669097242988,0.9998819270227663,0.999942700736598,113.0,44.0,112.9866577535726,43.99747883241031,-0.011807297723365195,-0.005729926340203306,18.726711644856316,-0.013342246427399118,-0.002521167589691231
1120,sq_41_41,0.9998669097242988,1.0004431110757934,0.9994104713117696,259.0,194.0,259.1147657686305,193.88563143448332,0.04431110757934231,-0.05895286882303674,19.227362855418825,0.11476576863049104,-0.11436856551668484
1121,sq_41_42,0.9998669097242988,0.999881402758174,0.999942871198268,894.0,664.0,893.8939740658076,663.96206647565,-0.011859724182594622,-0.00571288017320315,20.35846044331832,-0.10602593419241657,-0.03793352435002362
1122,sq_41_43,0.9998669097242988,0.9998812626655604,0.999942926568921,926.0,1057.0,925.890049228309,1056.9396733833496,-0.011873733443956702,-0.0057073431078968895,21.67388622459791,-0.10995077169104661,-0.060326616650399956
1123,sq_41_44,0.9998669097242988,0.9998816973373418,0.999942783859975,8320.0,4761.0,8319.015721846683,4760.727593957341,-0.011830266265822065,-0.005721614002496267,23.14222801601149,-0.9842781533170637,-0.2724060426589858
1124,sq_41_45,0.9998669097242988,0.9998819334858524,0.9999426905971088,6218.0,5260.0,6217.26586241503,5259.698552540793,-0.011806651414758562,-0.005730940289117026,24.736268398809155,-0.7341375849700853,-0.3014474592073384
1125,sq_41_46,0.9998669097242988,0.9998817620776156,0.9999427493805008,2261.0,2814.0,2260.732664057489,2813.8388967567294,-0.01182379223844121,-0.0057250619499238375,26.43327564018914,-0.2673359425111812,-0.16110324327064518
1126,sq_41_48,0.9998669097242988,0.9998793472723504,0.9999436613978336,705.0,193.0,704.9149398270071,192.9891266497819,-0.01206527276496061,-0.005633860216636144,30.06547079176998,-0.08506017299293944,-0.010873350218105315
1127,sq_41_49,0.9998669097242988,0.999879676034416,0.99994344691956,265.0,138.0,264.96811414912025,137.99219567489928,-0.012032396558403491,-0.005655308043994722,31.973611554018426,-0.03188585087974616,-0.007804325100721599
1128,sq_41_51,0.9998669097242988,0.999880756601534,0.999943118525923,650.0,533.0,649.9224917909971,532.969682174317,-0.011924339846602905,-0.00568814740770085,35.92512203738013,-0.07750820900287181,-0.030317825683027877
1129,sq_41_53,0.9998669097242988,0.999881927022765,0.9999427007365976,10.0,2.0,9.99881927022765,1.9998854014731953,-0.011807297723498422,-0.005729926340236613,40.01219029396356,-0.0011807297723507304,-0.00011459852680473226
1130,sq_41_54,0.9998669097242988,0.9998819270227663,0.9999427007365984,157.0,54.0,156.98146254257432,53.99690583977632,-0.011807297723365195,-0.005729926340158897,42.09427178540237,-0.018537457425679804,-0.003094160223682252
1131,sq_41_57,0.9998669097242988,0.9998812742667108,0.9999430332349496,327.0,693.0,326.9611766852144,692.9605220318201,-0.011872573328919334,-0.0056966765050403545,48.45484528035706,-0.038823314785588536,-0.03947796817988092
1132,sq_41_63,0.9998669097242988,0.9998742072711956,0.9999449997313298,76.0,44.0,75.99043975261087,43.99757998817851,-0.012579272880441916,-0.005500026867022445,61.51140979375676,-0.00956024738913186,-0.0024200118214920963
1133,sq_42_22,0.9998669097242988,0.948488750033685,1.0803759245432971,6.0,78.0,5.69093250020211,84.26932211437718,-5.151124996631495,8.037592454329712,40.00220894986098,-0.30906749979788994,6.269322114377175
1134,sq_42_23,0.9998669097242988,0.9998819270227628,0.999942700736598,0.0,5.0,0.0,4.99971350368299,-0.011807297723720467,-0.005729926340203306,38.01573280648082,0.0,-0.0002864963170097212
1135,sq_42_26,0.9998669097242988,0.9998819270227648,0.999942700736598,2.0,8.0,1.9997638540455296,7.999541605892784,-0.011807297723520627,-0.005729926340203306,32.30071439040852,-0.00023614595447041253,-0.0004583941072162645
1136,sq_42_27,0.9998669097242988,0.9998819270227668,0.9999427007365972,125.0,38.0,124.98524087784585,37.99782262799069,-0.011807297723320787,-0.005729926340281022,30.50262166357908,-0.014759122154146098,-0.0021773720093065663
1137,sq_42_28,0.9998669097242988,0.9998819270227652,0.9999427007365984,7.0,3.0,6.999173489159356,2.9998281022097952,-0.011807297723476218,-0.005729926340158897,28.77493703304183,-0.0008265108406435573,-0.00017189779020476692
1138,sq_42_31,0.9998669097242988,0.9998819270227658,0.9999427007365976,36.0,7.0,35.99574937281957,6.9995989051561835,-0.011807297723420707,-0.005729926340236613,24.162713423993946,-0.004250627180432787,-0.0004010948438164519
1139,sq_42_32,0.9998669097242988,0.9998697454451658,0.9999468565833204,48.0,22.0,47.99374778136796,21.998830844833048,-0.013025455483417492,-0.005314341667961298,22.87959190820005,-0.006252218632042172,-0.0011691551669521516
1140,sq_42_34,0.9998669097242988,0.9998770135411548,0.9999445317692326,49.0,65.0,48.993973663516584,64.99639456500012,-0.012298645884523118,-0.005546823076740814,20.839666820595017,-0.006026336483415662,-0.0036054349998835278
1141,sq_42_40,0.9998669097242988,0.9435360530524632,1.0425112914248398,98.0,27.0,92.4665331991414,28.147804868470676,-5.646394694753676,4.251129142483978,20.470377528704564,-5.533466800858605,1.1478048684706756
1142,sq_42_41,0.9998669097242988,1.0226295688272,0.9858052912868356,196.0,118.0,200.4353954901312,116.3250243718466,2.262956882720002,-1.4194708713164417,21.290517628041837,4.435395490131214,-1.6749756281534047
1143,sq_42_42,0.9998669097242988,1.0002346181353534,0.999686590715053,416.0,232.0,416.097601144307,231.92728904589228,0.02346181353534149,-0.03134092849470527,22.31698500112221,0.0976011443070206,-0.07271095410771977
1144,sq_42_44,0.9998669097242988,0.999881884085257,0.999942714029398,10211.0,12455.0,10209.79391839456,12454.286503236153,-0.011811591474297778,-0.005728597060195018,24.881852760759923,-1.2060816054399766,-0.713496763846706
1145,sq_42_45,0.9998669097242988,0.99988187847166,0.9999427168477062,15308.0,15619.0,15306.19179564417,15618.105294444324,-0.011812152834000944,-0.005728315229380776,26.370505788933688,-1.80820435582973,-0.8947055556764099
1146,sq_42_46,0.9998669097242988,0.9998816920650148,0.9999427768438116,2660.0,2062.0,2659.6853008929393,2061.8820058519395,-0.011830793498524006,-0.005722315618839069,27.968056932961506,-0.3146991070607328,-0.11799414806046116
1147,sq_42_47,0.9998669097242988,0.9998818501580018,0.999942724330814,4828.0,4206.0,4827.429572562833,4205.759098535404,-0.011814984199820522,-0.005727566918600768,29.656912299791266,-0.5704274371673819,-0.24090146459639072
1148,sq_42_48,0.9998669097242988,0.9998804108692328,0.9999432419544992,1061.0,467.0,1060.873115932256,466.9734939927512,-0.011958913076715039,-0.005675804550075991,31.42235266343686,-0.12688406774395844,-0.02650600724882679
1149,sq_42_49,0.9998669097242988,0.9998798715511816,0.9999434002192072,492.0,290.0,491.9408968031814,289.9835860635701,-0.012012844881836848,-0.0056599780792754295,33.25218140201017,-0.05910319681862575,-0.016413936429898968
1150,sq_42_50,0.9998669097242988,0.9998817139154372,0.9999427145909248,310.0,1179.0,309.96333131378555,1178.9324605027002,-0.011828608456276868,-0.005728540907523616,35.13633980681485,-0.03666868621445474,-0.06753949729977649
1151,sq_42_51,0.9998669097242988,0.9998815315023948,0.9999428144217346,993.0,967.0,992.882360781878,966.9447015458173,-0.01184684976052175,-0.0057185578265395165,37.06654336526436,-0.11763921812200806,-0.05529845418266177
1152,sq_42_52,0.9998669097242988,0.9998810199051636,0.9999429298604696,221.0,369.0,220.97370539904117,368.97894111851326,-0.011898009483635175,-0.005707013953037965,39.03596197864552,-0.026294600958834735,-0.021058881486737846
1153,sq_42_53,0.9998669097242988,0.9998819270227658,0.9999427007365976,2.0,2.0,1.9997638540455316,1.9998854014731953,-0.011807297723420707,-0.005729926340236613,41.03895009189535,-0.00023614595446841413,-0.00011459852680473226
1154,sq_42_54,0.9998669097242988,0.9998819270227642,0.9999427007365966,1.0,0.0,0.9998819270227642,0.0,-0.011807297723576138,-0.005729926340336533,43.07082435507405,-0.00011807297723576138,0.0
1155,sq_42_57,0.9998669097242988,0.9998802725773044,0.999943296575978,325.0,129.0,324.9610885876239,128.99268525830115,-0.011972742269561465,-0.005670342402197548,49.30380911657002,-0.038911412376080534,-0.007314741698849048
1156,sq_42_63,0.9998669097242988,0.99987721448791,0.9999442757560127,106.0,85.0,105.98698473571847,84.99526343926108,-0.012278551208999566,-0.005572424398725406,62.17887171436014,-0.013015264281534655,-0.004736560738919593
1157,sq_43_20,0.9998669097242988,1.0000298166255106,0.9998056991075877,257.0,136.0,257.0076628727562,135.9735750786319,0.00298166255106036,-0.019430089241234683,45.113273077941926,0.007662872756213801,-0.026424921368089827
1158,sq_43_21,0.9998669097242988,1.0047902970479596,0.9911059928733646,9.0,49.0,9.043112673431636,48.56419365079487,0.4790297047959635,-0.889400712663535,43.119037278629044,0.043112673431636495,-0.43580634920513006
1159,sq_43_22,0.9998669097242988,1.0163795398636368,0.971297493815912,41.0,243.0,41.67156113440911,236.0252909972666,1.6379539863636827,-2.8702506184087984,41.15587843110556,0.6715611344091101,-6.974709002733391
1160,sq_43_25,0.9998669097242988,0.999881927022766,0.999942700736598,10.0,11.0,9.99881927022766,10.999369708102577,-0.011807297723398502,-0.005729926340203306,35.50402187775779,-0.0011807297723400723,-0.0006302918974228078
1161,sq_43_26,0.9998669097242988,0.9998819270227616,0.9999427007365996,0.0,14.0,0.0,13.999197810312396,-0.011807297723842591,-0.005729926340036773,33.72140200955432,0.0,-0.0008021896876044821
1162,sq_43_32,0.9998669097242988,0.9998750380050432,0.9999451261697876,125.0,107.0,124.9843797506304,106.99412850016728,-0.012496199495681815,-0.005487383021240966,24.848099228191252,-0.015620249369604267,-0.005871499832721838
1163,sq_43_34,0.9998669097242988,0.9998683108744308,0.9999476288199588,110.0,34.0,109.9855141961874,33.9982193798786,-0.013168912556915657,-0.005237118004119967,22.9841347865977,-0.014485803812604559,-0.001780620121401455
1164,sq_43_36,0.9998669097242988,0.9998698717142628,0.9999471933411264,147.0,62.0,146.98087114199663,61.99672598714984,-0.01301282857372188,-0.005280665887363867,21.935134181749742,-0.019128858003369942,-0.003274012850162933
1165,sq_43_37,0.9998669097242988,0.9998754759559072,0.9999450036810058,142.0,110.0,141.98231758573883,109.99395040491063,-0.012452404409279971,-0.005499631899419377,21.756692441514197,-0.017682414261173562,-0.006049595089365312
1166,sq_43_39,0.9998669097242988,0.9997426694345262,1.0000301748516711,194.0,159.0,193.9500778702981,159.00479780141572,-0.02573305654738345,0.0030174851671116443,22.119850357855718,-0.0499221297019119,0.004797801415719505
1167,sq_43_40,0.9998669097242988,0.9961834945306836,1.0019814975922494,203.0,88.0,202.22524938972876,88.17437178811795,-0.38165054693164446,0.1981497592249415,22.649904524993474,-0.7747506102712407,0.17437178811795206
1168,sq_43_42,0.9998669097242988,0.999884298260444,0.9999403903280052,973.0,529.0,972.887422207412,528.9684664835147,-0.01157017395559956,-0.0059609671994809155,24.33115830243544,-0.11257779258801293,-0.031533516485296786
1169,sq_43_43,0.9998669097242988,0.9998799085162722,0.999943438969418,814.0,218.0,813.9022455322455,217.98766969533312,-0.012009148372782441,-0.005656103058204742,25.441340785653257,-0.09775446775449836,-0.012330304666875236
1170,sq_43_44,0.9998669097242988,0.9998818476965552,0.9999427201366,5319.0,5303.0,5318.3715478979775,5302.69624488439,-0.011815230344480732,-0.005727986339998381,26.70256481971261,-0.6284521020224929,-0.3037551156103291
1171,sq_43_45,0.9998669097242988,0.9998818836920046,0.9999427148844556,9882.0,7650.0,9880.83277464439,7649.561768866086,-0.01181163079954084,-0.005728511554436988,28.09449497004819,-1.167225355609844,-0.43823113391408697
1172,sq_43_46,0.9998669097242988,0.9998819012027091,0.9999427000288902,1768.0,5775.0,1767.7912013263897,5774.669092666841,-0.011809879729085537,-0.005729997110981433,29.598696031835036,-0.20879867361031756,-0.33090733315930265
1173,sq_43_48,0.9998669097242988,0.999880210481576,0.9999433357939936,986.0,184.0,985.8818875348339,183.98957378609484,-0.011978951842395169,-0.005666420600636268,32.88118570024083,-0.11811246516606388,-0.01042621390516274
1174,sq_43_49,0.9998669097242988,0.999881438045544,0.999942860828916,1330.0,933.0,1329.8423126005735,932.9466891533787,-0.011856195445603124,-0.005713917108396416,34.633505396182265,-0.15768739942654975,-0.053310846621343444
1175,sq_43_50,0.9998669097242988,0.99988160038463,0.9999428021323098,2296.0,2001.0,2295.7281544831108,2000.885547066752,-0.011839961536996846,-0.0057197867690206294,36.445786179312265,-0.2718455168892433,-0.11445293324800332
1176,sq_43_51,0.9998669097242988,0.9998818368986884,0.9999425966641664,414.0,2931.0,413.951080476057,2930.831750822672,-0.011816310131163021,-0.005740333583359458,38.30951898319556,-0.04891952394302734,-0.16824917732810718
1177,sq_43_52,0.9998669097242988,0.9998814665159896,0.9999428464911928,1816.0,1858.0,1815.7847431930372,1857.8938087806362,-0.011853348401036357,-0.005715350880719505,40.217551057159646,-0.2152568069627705,-0.10619121936383635
1178,sq_43_53,0.9998669097242988,0.9998816041888064,0.999942816285951,1531.0,604.0,1530.8187360130626,603.9654610367145,-0.011839581119355014,-0.005718371404894729,42.16386857413601,-0.18126398693743795,-0.03453896328551309
1179,sq_43_57,0.9998669097242988,0.9998819270227668,0.999942700736598,116.0,41.0,115.98630353464095,40.99765073020052,-0.011807297723320787,-0.005729926340203306,50.24176994101293,-0.013696465359046783,-0.002349269799481135
1180,sq_43_58,0.9998669097242988,0.9998719400891016,0.9999463941111838,101.0,27.0,100.98706594899926,26.99855264100196,-0.012805991089837043,-0.005360588881619943,52.317462011686644,-0.012934051000740965,-0.00144735899803905
1181,sq_43_63,0.9998669097242988,0.999881534721334,0.9999427969984448,246.0,428.0,245.97085754144817,427.97551711533436,-0.011846527866599121,-0.005720300155520608,62.92175214246581,-0.029142458551831396,-0.024482884665644633
1182,sq_44_16,0.9998669097242988,0.999879954318466,0.9999434047120552,219.0,75.0,218.97370999574406,74.99575535340414,-0.012004568153400896,-0.0056595287944771755,54.160683345235604,-0.026290004255940858,-0.004244646595864765
1183,sq_44_17,0.9998669097242988,0.9998816942655596,0.9999427654116612,1298.0,1881.0,1297.8464391566963,1880.8923417393346,-0.011830573444038261,-0.005723458833883921,52.401933301931926,-0.15356084330369413,-0.10765826066540285
1184,sq_44_18,0.9998669097242988,0.9998816197427122,0.9999428400835408,1136.0,1887.0,1135.865520027721,1886.8921392376415,-0.01183802572878312,-0.005715991645915963,50.35338309130797,-0.13447997227899577,-0.10786076235854125
1185,sq_44_19,0.9998669097242988,0.9998809559453776,0.9999428099636108,705.0,367.0,704.9160739414913,366.9790112566452,-0.011904405462237477,-0.005719003638915421,48.22357695376847,-0.08392605850872314,-0.02098874335479195
1186,sq_44_20,0.9998669097242988,0.9998819516786166,0.9999423446541914,1031.0,1185.0,1030.8782921806537,1184.9316784152168,-0.01180483213834016,-0.005765534580859377,46.25042969046647,-0.12170781934628394,-0.06832158478323436
1187,sq_44_25,0.9998669097242988,0.9998819270227656,0.9999427007365982,31.0,27.0,30.996339737705732,26.99845291988815,-0.011807297723442911,-0.005729926340181102,36.94134564826913,-0.0036602622942680796,-0.0015470801118482314
1188,sq_44_30,0.9998669097242988,0.9998819270227668,0.9999427007365976,159.0,60.0,158.98122639661992,59.996562044195855,-0.011807297723320787,-0.005729926340236613,29.20452651488794,-0.01877360338008316,-0.0034379558041450764
1189,sq_44_32,0.9998669097242988,0.9998799268918944,0.9999434180871458,231.0,137.0,230.9722631120276,136.99224827793898,-0.012007310810557836,-0.005658191285418113,26.86536378933823,-0.027736887972395152,-0.007751722061016153
1190,sq_44_33,0.9998669097242988,0.999881927022766,0.9999427007365972,70.0,46.0,69.99173489159362,45.997364233883474,-0.011807297723398502,-0.005729926340281022,25.921594164790793,-0.008265108406376953,-0.0026357661165263835
1191,sq_44_34,0.9998669097242988,0.9998782501032398,0.9999439353978472,279.0,176.0,278.96603177880394,175.9901326300211,-0.012174989676017045,-0.005606460215279441,25.15186978769077,-0.03396822119606213,-0.009867369978906027
1192,sq_44_35,0.9998669097242988,0.9998797487323648,0.9999435241148146,439.0,435.0,438.94720969350817,434.97543298994435,-0.012025126763515193,-0.005647588518542523,24.572549699782332,-0.05279030649182914,-0.024567010055648097
1193,sq_44_36,0.9998669097242988,0.9998376236852252,0.9999543859873798,0.0,1.0,0.0,0.9999543859873798,-0.016237631477478143,-0.00456140126201543,24.19731144534936,0.0,-4.56140126201543e-05
1194,sq_44_37,0.9998669097242988,0.9998795807537308,0.9999435021029957,163.0,95.0,162.98037166285812,94.99463269978459,-0.012041924626915446,-0.005649789700434837,24.03571317677106,-0.019628337141881502,-0.005367300215411319
1195,sq_44_38,0.9998669097242988,0.999881927022767,0.9999427007365984,340.0,484.0,339.9598551877408,483.9722671565136,-0.011807297723298582,-0.005729926340158897,24.092052427914414,-0.04014481225920008,-0.02773284348637617
1196,sq_44_39,0.9998669097242988,0.9997380644348484,1.0000386779746306,1.0,1.0,0.9997380644348484,1.0000386779746306,-0.026193556515163863,0.0038677974630640932,24.364815691794593,-0.00026193556515163863,3.867797463064093e-05
1197,sq_44_41,0.9998669097242988,0.9998756532152852,0.9999440941827142,14.0,27.0,13.998259145013993,26.998490542933283,-0.012434678471484606,-0.005590581728576183,25.526373604853678,-0.0017408549860071787,-0.0015094570667173457
1198,sq_44_42,0.9998669097242988,0.9998798759684524,0.9999433665462002,485.0,336.0,484.94173984469944,335.9809711595233,-0.01201240315475971,-0.005663345379980367,26.38806274161531,-0.058260155300558836,-0.019028840476721598
1199,sq_44_43,0.9998669097242988,0.9998799893727386,0.9999433603819288,504.0,339.0,503.93951464386026,338.98079916947387,-0.01200106272614132,-0.00566396180712303,27.414766816133252,-0.06048535613973627,-0.019200830526131085
1200,sq_44_44,0.9998669097242988,0.999881415644709,0.9999428665994412,1811.0,1146.0,1810.785243732568,1145.9345251229597,-0.011858435529099598,-0.005713340055879534,28.58871176412868,-0.21475626743199427,-0.06547487704028754
1201,sq_44_45,0.9998669097242988,0.9998817105801494,0.9999427702439888,1611.0,1620.0,1610.8094357446207,1619.907287795262,-0.011828941985059238,-0.005722975601119007,29.892554254994156,-0.1905642553792859,-0.09271220473806352
1202,sq_44_46,0.9998669097242988,0.999881867936043,0.9999427166860032,6385.0,6702.0,6384.2457267716345,6701.616087229593,-0.011813206395705489,-0.00572833139967921,31.31006970738486,-0.7542732283654914,-0.38391277040682326
1203,sq_44_47,0.9998669097242988,0.9998818016381767,0.9999426803700228,388.0,2872.0,387.95413903561257,2871.8353780227053,-0.011819836182325183,-0.005731962997723716,32.82653480332846,-0.045860964387429703,-0.16462197729470063
1204,sq_44_48,0.9998669097242988,0.9998777619020228,0.9999442159630868,466.0,121.0,465.9430370463426,120.9932501315335,-0.012223809797717866,-0.005578403691319789,34.428876280756306,-0.05696295365737569,-0.00674986846649972
1205,sq_44_49,0.9998669097242988,0.999881797412524,0.9999427249105504,1413.0,2730.0,1412.8329797438964,2729.8436390058023,-0.011820258747596846,-0.005727508944963766,36.10566201503372,-0.1670202561035694,-0.156360994197712
1206,sq_44_50,0.9998669097242988,0.9998816841046748,0.9999427789297792,1516.0,1447.0,1515.820633102687,1446.9172011113906,-0.011831589532518283,-0.005722107022076983,37.84699822423358,-0.17936689731300248,-0.08279888860943174
1207,sq_44_51,0.9998669097242988,0.999881841212129,0.9999427272514588,9123.0,8358.0,9121.922037378252,8357.521314367694,-0.011815878787102552,-0.005727274854117059,39.644379502704616,-1.0779626217481564,-0.47868563230622385
1208,sq_44_52,0.9998669097242988,0.999881862816191,0.9999427216909058,15317.0,14703.0,15315.190492755597,14702.157837021388,-0.01181371838090417,-0.005727830909418863,41.490522505444645,-1.8095072444029938,-0.8421629786116682
1209,sq_44_53,0.9998669097242988,0.99988186630255,0.9999427184507996,6380.0,6209.0,6379.246307010269,6208.644338861015,-0.01181336974499514,-0.005728154920037198,43.37920178400934,-0.7536929897305527,-0.3556611389849422
1210,sq_44_56,0.9998669097242988,0.9998801045496996,0.9999433999666067,57.0,122.0,56.99316595933288,121.99309479592603,-0.011989545030044457,-0.005660003339325037,49.25099400949883,-0.006834040667122565,-0.006905204073973437
1211,sq_44_57,0.9998669097242988,0.9998814439626348,0.9999427998372604,350.0,320.0,349.9585053869222,319.98169594792336,-0.011855603736521392,-0.005720016273957906,51.26375133892575,-0.04149461307781621,-0.018304052076643984
1212,sq_44_58,0.9998669097242988,0.9998812890953326,0.9999428997548636,731.0,938.0,730.9132223286881,937.9464399700621,-0.01187109046674184,-0.005710024513638778,53.299052584071376,-0.08677767131189285,-0.053560029937898435
1213,sq_44_59,0.9998669097242988,0.9998771128958334,0.999944462024098,336.0,144.0,335.958709933,143.99200253147012,-0.012288710416663573,-0.005553797590196474,55.354411108445554,-0.04129006699997717,-0.00799746852987937
1214,sq_44_60,0.9998669097242988,0.9998691344010544,0.9999474530483254,98.0,40.0,97.98717517130333,39.99789812193302,-0.013086559894559535,-0.005254695167455914,57.42767346723384,-0.012824828696665236,-0.002101878066980589
1215,sq_44_61,0.9998669097242988,0.9998819270227663,0.9999427007365976,69.0,48.0,68.99185296457088,47.99724963535669,-0.011807297723365195,-0.005729926340236613,59.51696877774307,-0.008147035429118432,-0.002750364643311798
1216,sq_44_63,0.9998669097242988,0.999881927022764,0.9999427007365994,3.0,1.0,2.999645781068292,0.9999427007365994,-0.011807297723598342,-0.005729926340058977,63.73734039030996,-0.0003542189317080613,-5.729926340058977e-05
1217,sq_44_64,0.9998669097242988,0.9998819270227663,0.9999427007365986,45.0,23.0,44.99468671602449,22.99868211694177,-0.011807297723365195,-0.005729926340136693,65.86573998895891,-0.005313283975510785,-0.0013178830582312173
1218,sq_45_17,0.9998669097242988,0.9998815540729884,0.9999428510380902,2099.0,2269.0,2098.7513819992027,2268.870329005427,-0.011844592701160117,-0.0057148961909780915,53.32856638333026,-0.24861800079725072,-0.1296709945731891
1219,sq_45_18,0.9998669097242988,0.9998603902134854,0.9999632065170913,997.0,997.0,996.860809042845,996.9633168975399,-0.01396097865146162,-0.0036793482908747954,51.34754896547745,-0.13919095715505136,-0.036683102460074224
1220,sq_45_19,0.9998669097242988,0.9999437041278864,0.9998967798319296,346.0,332.0,345.98052162824865,331.9657309042006,-0.005629587211364306,-0.01032201680704059,49.39342774262066,-0.019478371751347368,-0.034269095799402294
1221,sq_45_20,0.9998669097242988,0.9998819270227666,0.9999427007365982,446.0,173.0,445.94733945215387,172.99008722743147,-0.011807297723342991,-0.005729926340181102,47.46952266490413,-0.05266054784613061,-0.009912772568526407
1222,sq_45_24,0.9998669097242988,0.9998819270227658,0.9999427007365984,107.0,94.0,106.98736619143594,93.99461386924025,-0.011807297723420707,-0.005729926340158897,40.16194044308229,-0.012633808564061155,-0.005386130759745811
1223,sq_45_25,0.9998669097242988,0.9998819270227662,0.9999427007365972,23.0,24.0,22.997284321523622,23.998624817678333,-0.011807297723376298,-0.005729926340281022,38.459703011498696,-0.0027156784763775477,-0.001375182321666557
1224,sq_45_30,0.9998669097242988,0.9998819270227662,0.9999427007365976,26.0,23.0,25.99693010259192,22.998682116941744,-0.011807297723376298,-0.005729926340236613,31.10535556587594,-0.0030698974080785035,-0.0013178830582560863
1225,sq_45_31,0.9998669097242988,0.9998819270227663,0.999942700736598,24.0,16.0,23.997166248546392,15.999083211785567,-0.011807297723365195,-0.005729926340203306,29.945495557819818,-0.002833751453607647,-0.000916788214432529
1226,sq_45_34,0.9998669097242988,0.999873180644974,0.9999453923790418,74.0,82.0,73.99061536772807,81.99552217508143,-0.012681935502600883,-0.005460762095821359,27.337165707441212,-0.009384632271931537,-0.004477824918566853
1227,sq_45_35,0.9998669097242988,0.9998795548849864,0.9999435457099052,192.0,117.0,191.97687453791738,116.99339484805891,-0.01204451150136343,-0.005645429009482061,26.805273073335403,-0.023125462082617787,-0.0066051519410876836
1228,sq_45_41,0.9998669097242988,0.9998819270227672,0.999942700736598,296.0,232.0,295.9650503987391,231.98670657089073,-0.011807297723276378,-0.005729926340203306,27.68197823590564,-0.03494960126090518,-0.013293429109268118
1229,sq_45_42,0.9998669097242988,0.999881927022766,0.9999427007365972,123.0,104.0,122.98547702380021,103.9940408766061,-0.011807297723398502,-0.005729926340281022,28.478275979530313,-0.014522976199785376,-0.005959123393893151
1230,sq_45_44,0.9998669097242988,0.9998810755949474,0.9999427962030332,46.0,240.0,45.99452947736758,239.98627108872796,-0.01189244050525673,-0.005720379696683153,30.528013766804857,-0.005470522632421648,-0.013728911272039568
1231,sq_45_45,0.9998669097242988,0.99988131152165,0.9999429369234054,101.0,512.0,100.98801246368666,511.97078370478357,-0.011868847834994867,-0.005706307659458787,31.751954947880556,-0.011987536313341707,-0.02921629521642899
1232,sq_45_46,0.9998669097242988,0.9998818370221384,0.9999427044935462,402.0,1567.0,401.9524984828996,1566.910217941387,-0.011816297786160224,-0.005729550645383608,33.08951184592031,-0.04750151710038608,-0.08978205861308197
1233,sq_45_47,0.9998669097242988,0.9998817602318968,0.9999427529618328,1875.0,1797.0,1874.7783004348064,1796.8971270724135,-0.011823976810321213,-0.005724703816722965,34.527482234035105,-0.22169956519360312,-0.10287292758653166
1234,sq_45_48,0.9998669097242988,0.9998806221319904,0.9999431623451136,674.0,238.0,673.9195393169615,237.98647263813703,-0.011937786800964023,-0.005683765488639914,36.053852837457995,-0.08046068303849552,-0.013527361862969656
1235,sq_45_49,0.9998669097242988,0.9998815733773048,0.999942790259892,778.0,1416.0,777.9078640875431,1415.918991008007,-0.011842662269523352,-0.0057209740108032925,37.657875396882034,-0.09213591245691077,-0.08100899199303058
1236,sq_45_50,0.9998669097242988,0.9998782514247996,0.9999440126079444,335.0,151.0,334.9592142273079,150.99154590379962,-0.012174857520041993,-0.005598739205558978,39.330049822067416,-0.040785772692117916,-0.0084540962003814
1237,sq_45_51,0.9998669097242988,0.9998815752032456,0.999942820262615,2808.0,1719.0,2807.6674631707137,1718.9017080314352,-0.011842479675439055,-0.005717973738494919,41.062050512665785,-0.33253682928625494,-0.09829196856480849
1238,sq_45_52,0.9998669097242988,0.9998818823302992,0.999942714721501,19472.0,18875.0,19469.700012735586,18873.91874036833,-0.011811766970082349,-0.005728527849901965,42.846622653688925,-2.299987264414085,-1.0812596316682175
1239,sq_45_53,0.9998669097242988,0.9998818846120656,0.9999427149102184,25837.0,18360.0,25833.94825272194,18358.94824575161,-0.011811538793438103,-0.005728508978164459,44.67746678745052,-3.051747278059338,-1.0517542483903526
1240,sq_45_54,0.9998669097242988,0.9998817376513895,0.9999427585437854,1561.0,2352.0,1560.815392473819,2351.8653680949833,-0.011826234861045393,-0.005724145621455179,46.549123212634115,-0.1846075261810256,-0.13463190501670397
1241,sq_45_55,0.9998669097242988,0.9998819449257011,0.9999426726592948,528.0,403.0,527.9376669207702,402.9768970816958,-0.011805507429885065,-0.0057327340705182195,48.45686287458697,-0.062333079229802024,-0.023102918304175546
1242,sq_45_56,0.9998669097242988,0.9998819270227668,0.9999427007365976,1028.0,1058.0,1027.8786209794043,1057.9393773793204,-0.011807297723320787,-0.005729926340236613,50.39658811057086,-0.12137902059566841,-0.06062262067962365
1243,sq_45_57,0.9998669097242988,0.999878263676055,0.999944106103051,130.0,89.0,129.98417427788715,88.99502544317153,-0.012173632394496536,-0.005589389694904412,52.364744516006205,-0.015825722112850826,-0.004974556828472032
1244,sq_45_58,0.9998669097242988,0.9998638988970696,0.9999484271521528,9.0,15.0,8.998775090073627,14.999226407282292,-0.013610110293038602,-0.005157284784718108,54.35824394653912,-0.00122490992637303,-0.0007735927177083823
1245,sq_45_59,0.9998669097242988,0.9998742274821786,0.99994535439317,65.0,71.0,64.99182478634161,70.99612016191507,-0.012577251782142085,-0.0054645606829994975,56.374397969040224,-0.008175213658390135,-0.0038798380849272007
1246,sq_45_60,0.9998669097242988,0.9998709179503033,0.9999462789044284,40.0,36.0,39.99483671801213,35.99806604055942,-0.01290820496967493,-0.005372109557155724,58.41086082784368,-0.005163281987869084,-0.001933959440577837
1247,sq_45_61,0.9998669097242988,0.999875684855084,0.9999448413853276,77.0,52.0,76.99042773384147,51.997131752037035,-0.012431514491595408,-0.005515861467242367,60.465580687096136,-0.009572266158528464,-0.0028682479629651425
1248,sq_45_62,0.9998669097242988,0.9998810548895724,0.9999429237033082,169.0,389.0,168.97989827633774,388.9777973205869,-0.011894511042764844,-0.005707629669182701,62.536758149611465,-0.020101723662264703,-0.02220267941311249
1249,sq_45_64,0.9998669097242988,0.9998819270227658,0.999942700736598,40.0,30.0,39.99527708091063,29.998281022097938,-0.011807297723420707,-0.005729926340203306,66.72234422251887,-0.0047229190893673945,-0.00171897790206188
1250,sq_46_17,0.9998669097242988,0.9998792733536664,0.9999436445315446,452.0,211.0,451.9454315558572,210.98810899615592,-0.012072664633355767,-0.005635546845539352,54.48266722180525,-0.05456844414277384,-0.01189100384408448
1251,sq_46_18,0.9998669097242988,0.9963289466793608,1.002512567129976,587.0,469.0,584.8450917007848,470.1783939839587,-0.3671053320639217,0.251256712997594,52.5457717628168,-2.154908299215208,1.1783939839586992
1252,sq_46_19,0.9998669097242988,1.0055669933584903,0.9962055730607916,618.0,190.0,621.440401895547,189.2790588815504,0.5566993358490313,-0.3794426939208395,50.63849509224842,3.4404018955469837,-0.7209411184495877
1253,sq_46_20,0.9998669097242988,1.0000190913807852,0.9998770908153882,557.0,171.0,557.0106338990973,170.9789825294314,0.0019091380785152268,-0.012290918461177469,48.76431096879508,0.010633899097342692,-0.021017470568608587
1254,sq_46_24,0.9998669097242988,0.988830397122522,1.0090441888366382,296.0,198.0,292.6937975482665,199.79074938965437,-1.1169602877478035,0.9044188836638156,41.68664061230388,-3.3062024517334976,1.7907493896543656
1255,sq_46_30,0.9998669097242988,0.9998819270227663,0.999942700736597,9.0,5.0,8.998937343204897,4.999713503682985,-0.011807297723365195,-0.005729926340303226,33.05345119138248,-0.0010626567951028676,-0.0002864963170150503
1256,sq_46_31,0.9998669097242988,0.9998819270227663,0.999942700736598,74.0,51.0,73.99126259968472,50.9970777375665,-0.011807297723365195,-0.005729926340203306,31.96468749099571,-0.00873740031528314,-0.0029222624335005776
1257,sq_46_34,0.9998669097242988,0.9998807554596804,0.9999431081442336,315.0,250.0,314.96243796979934,249.9857770360584,-0.011924454031964071,-0.005689185576640554,29.535966013802565,-0.037562030200660956,-0.014222963941591615
1258,sq_46_35,0.9998669097242988,0.9998819270227658,0.9999427007365982,37.0,35.0,36.99563129984234,34.99799452578094,-0.011807297723420707,-0.005729926340181102,29.044512121791076,-0.004368700157662886,-0.002005474219060943
1259,sq_46_36,0.9998669097242988,0.999881927022766,0.9999427007365974,45.0,12.0,44.99468671602447,11.999312408839168,-0.011807297723398502,-0.005729926340258817,28.72792669026163,-0.0053132839755321015,-0.0006875911608315022
1260,sq_46_37,0.9998669097242988,0.999881927022765,0.9999427007365976,21.0,8.0,20.997520467478065,7.999541605892781,-0.011807297723498422,-0.005729926340236613,28.592017380787635,-0.0024795325219351128,-0.00045839410721892904
1261,sq_46_38,0.9998669097242988,0.9998800030083708,0.999943294957879,121.0,132.0,120.98548036401286,131.99251493444004,-0.011999699162923427,-0.005670504212096361,28.639354981010754,-0.01451963598714201,-0.007485065559961868
1262,sq_46_39,0.9998669097242988,0.9998819270227668,0.9999427007365984,361.0,180.0,360.9573756552188,179.9896861325877,-0.011807297723320787,-0.005729926340158897,28.869036617523854,-0.04262434478118848,-0.01031386741229312
1263,sq_46_40,0.9998669097242988,0.9998819270227668,0.9999427007365984,200.0,290.0,199.97638540455335,289.98338321361354,-0.011807297723320787,-0.005729926340158897,29.2767696759119,-0.023614595446645126,-0.016616786386464355
1264,sq_46_41,0.9998669097242988,0.9998822286905208,0.9999422318655596,47.0,47.0,46.994464748454476,46.997284897681304,-0.011777130947920877,-0.005776813444036133,29.855258845476655,-0.005535251545524034,-0.0027151023186959833
1265,sq_46_42,0.9998669097242988,0.9998819270227663,0.9999427007365982,130.0,111.0,129.98465051295963,110.9936397817624,-0.011807297723365195,-0.005729926340181102,30.594818492510978,-0.015349487040367649,-0.006360218237603021
1266,sq_46_46,0.9998669097242988,0.9998819027380876,0.999942706348093,3010.0,5777.0,3009.6445272416436,5776.6690145729335,-0.011809726191236436,-0.005729365190698665,34.9264857392781,-0.3554727583564272,-0.33098542706648004
1267,sq_46_47,0.9998669097242988,0.99988155195081,0.9999428168239916,408.0,392.0,407.9516731959305,391.9775841950047,-0.011844804919003415,-0.005718317600844625,36.29133416369635,-0.04832680406951795,-0.022415804995318922
1268,sq_46_48,0.9998669097242988,0.9998776492586052,0.9999442383384,278.0,95.0,277.9659864938923,94.994702642148,-0.01223507413947722,-0.0055761661600040036,37.74601081598495,-0.034013506107726243,-0.005297357852001028
1269,sq_46_52,0.9998669097242988,0.9998817820159857,0.9999427520629948,6049.0,2425.0,6048.284899414697,2424.861173752762,-0.011821798401434602,-0.005724793700523367,44.278108252818974,-0.7151005853029346,-0.1388262472378301
1270,sq_46_53,0.9998669097242988,0.9998816968973602,0.9999427750914632,1736.0,1433.0,1735.7946258138172,1432.9179967060668,-0.011830310263982735,-0.00572249085367682,46.0515482781489,-0.20537418618278025,-0.08200329393321226
1271,sq_46_54,0.9998669097242988,0.999881630045713,0.9999427999477524,1558.0,1051.0,1557.8155796112208,1050.9398827450877,-0.011836995428704533,-0.005720005224763014,47.86896722183682,-0.1844203887792446,-0.06011725491225661
1272,sq_46_55,0.9998669097242988,0.9998810176346354,0.9999428492944068,234.0,307.0,233.9721581265047,306.9824547333829,-0.011898236536456164,-0.005715070559320079,49.725543028732304,-0.02784187349530498,-0.017545266617105426
1273,sq_46_56,0.9998669097242988,0.9998808240156296,0.9999430220946574,369.0,904.0,368.9560240617673,903.9484919735703,-0.01191759843703899,-0.0056977905342647794,51.617050573873634,-0.04397593823267698,-0.051508026429701204
1274,sq_46_57,0.9998669097242988,0.9998798417197232,0.9999433706625256,365.0,154.0,364.956142227699,153.99127908202894,-0.01201582802767831,-0.005662933747441201,53.5397876343783,-0.043857772301009845,-0.008720917971061226
1275,sq_46_58,0.9998669097242988,0.9998784600458988,0.9999439045657316,115.0,43.0,114.98602290527836,42.99758789632646,-0.01215399541012463,-0.0056095434268432776,55.49050801375217,-0.013977094721639105,-0.0024121036735422763
1276,sq_46_60,0.9998669097242988,0.9998782669237402,0.9999440196811956,73.0,48.0,72.99111348543303,47.99731294469739,-0.012173307625984453,-0.005598031880438281,59.46484462987987,-0.008886514566967207,-0.0026870553026085986
1277,sq_46_62,0.9998669097242988,0.9998787456259048,0.9999436194552416,83.0,98.0,82.98993588695011,97.99447470661367,-0.012125437409515882,-0.0056380544758427575,63.52112880892913,-0.010064113049892853,-0.005525293386327235
1278,sq_46_63,0.9998669097242988,0.9998806930608216,0.999942991827498,109.0,131.0,108.98699554362956,130.99253192940225,-0.011930693917838742,-0.00570081725019822,65.57526156047795,-0.013004456370438788,-0.007468070597752785
1279,sq_46_64,0.9998669097242988,0.9998795076946398,0.999943628738216,76.0,63.0,75.99084258479263,62.996448610507606,-0.012049230536015365,-0.0056371261784038396,67.64462148708493,-0.009157415207369013,-0.003551389492393753
1280,sq_47_17,0.9998669097242988,0.9998805406682773,0.9999430917595524,752.0,378.0,751.9101665825445,377.9784886851108,-0.01194593317227488,-0.005690824044757292,55.705708112215,-0.08983341745545204,-0.021511314889210098
1281,sq_47_18,0.9998669097242988,0.999880893627538,0.999942980730936,801.0,374.0,800.9045957956579,373.9786747933701,-0.011910637246204114,-0.00570192690639848,53.81343032174826,-0.09540420434211683,-0.021325206629910554
1282,sq_47_19,0.9998669097242988,0.9999107283749162,0.99992452288887,1509.0,620.0,1508.8652891177485,619.9532041910994,-0.00892716250837644,-0.007547711112998456,51.95328121030789,-0.13471088225151107,-0.046795808900583324
1283,sq_47_20,0.9998669097242988,0.9998817935093663,0.9999425257575602,1382.0,913.0,1381.8366386299442,912.9475260166524,-0.01182064906336544,-0.005747424243984778,50.128835858263784,-0.16336137005578166,-0.05247398334756781
1284,sq_47_21,0.9998669097242988,0.9998800685340582,0.9999433666949068,695.0,296.0,694.9166476311705,295.9832365416924,-0.01199314659418027,-0.005663330509320108,48.34413498078752,-0.08335236882953723,-0.016763458307593737
1285,sq_47_22,0.9998669097242988,0.9998847068412834,0.999940302898347,1332.0,859.0,1331.8464295125896,858.9487201896801,-0.011529315871661172,-0.005969710165298903,46.6037431612943,-0.153570487410434,-0.05127981031989748
1286,sq_47_23,0.9998669097242988,1.0005784847249206,0.999135813341858,261.0,134.0,261.15098451320426,133.88419898780896,0.057848472492061376,-0.08641866581420299,44.91280995737561,0.1509845132042642,-0.11580101219104222
1287,sq_47_24,0.9998669097242988,1.017658939404755,0.9851004073683064,139.0,128.0,141.45459257726094,126.09285214314322,1.7658939404755047,-1.4899592631693603,43.27713138943925,2.4545925772609394,-1.9071478568567812
1288,sq_47_29,0.9998669097242988,0.999844230784842,0.9999508250990286,0.0,3.0,0.0,2.999852475297086,-0.015576921515803033,-0.004917490097144928,36.18180311311272,0.0,-0.00014752470291412578
1289,sq_47_30,0.9998669097242988,0.9998792521944436,0.9999436297304812,73.0,192.0,72.99118541019439,191.9891769082524,-0.012074780555637599,-0.0056370269518768445,35.040796986325674,-0.008814589805609785,-0.010823091747596436
1290,sq_47_31,0.9998669097242988,0.9998819270227663,0.999942700736598,19.0,13.0,18.99775661343256,12.999255109575774,-0.011807297723365195,-0.005729926340203306,34.01601213591239,-0.002243386567439387,-0.0007448904242259857
1291,sq_47_37,0.9998669097242988,0.9998820379657458,0.9999425315012612,131.0,85.0,130.9845469735127,84.9951151776072,-0.011796203425418206,-0.005746849873877746,30.869253149590886,-0.015453026487307397,-0.004884822392796195
1292,sq_47_38,0.9998669097242988,0.9998800709385612,0.9999433488462374,289.0,279.0,288.9653405012442,278.9841943281002,-0.011992906143876159,-0.005665115376263241,30.913084632110564,-0.034659498755786444,-0.0158056718997841
1293,sq_47_40,0.9998669097242988,0.9998819270227668,0.9999427007365984,564.0,264.0,563.9334068408405,263.98487299446197,-0.011807297723320787,-0.005729926340158897,31.50434109132169,-0.06659315915953812,-0.0151270055380337
1294,sq_47_41,0.9998669097242988,0.9998813399387296,0.9999429258547098,311.0,455.0,310.9630967209449,454.9740312638929,-0.011866006127037032,-0.0057074145290214595,32.04247255374982,-0.03690327905508184,-0.02596873610707462
1295,sq_47_46,0.9998669097242988,0.999881690909574,0.9999427785969373,909.0,642.0,908.8924570368027,641.9632638592337,-0.011830909042598314,-0.0057221403062746035,36.812252226273074,-0.10754296319726109,-0.036736140766265635
1296,sq_47_47,0.9998669097242988,0.9998813983337058,0.9999428710102458,653.0,763.0,652.9225531119099,762.9564105808175,-0.011860166629418245,-0.00571289897541849,38.109234029721534,-0.07744688809009403,-0.04358941918246728
1297,sq_47_48,0.9998669097242988,0.9998797277632752,0.9999435060009736,521.0,193.0,520.9373381646664,192.9890966581879,-0.012027223672483878,-0.005649399902640795,39.49659756933589,-0.06266183533364256,-0.010903341812110057
1298,sq_47_52,0.9998669097242988,0.9998819270227672,0.9999427007365976,589.0,394.0,588.93045501641,393.9774240902195,-0.011807297723276378,-0.005729926340236613,45.77780536619936,-0.06954498359004901,-0.022575909780528036
1299,sq_47_56,0.9998669097242988,0.9998809340135912,0.9999430346622986,686.0,379.0,685.9183207333236,378.97841013701117,-0.011906598640876176,-0.005696533770138679,52.907111760919925,-0.08167926667636038,-0.02158986298883292
1300,sq_47_58,0.9998669097242988,0.9998819270227672,0.999942700736598,186.0,145.0,185.97803842623472,144.9916916068067,-0.011807297723276378,-0.005729926340203306,56.691383861536714,-0.021961573765281628,-0.008308393193289021
1301,sq_47_64,0.9998669097242988,0.9998777192813468,0.99994415046432,59.0,35.0,58.992785437599466,34.9980452662512,-0.012228071865316714,-0.0055849535680052576,68.6298558281682,-0.007214562400534419,-0.0019547337488035055
1302,sq_47_65,0.9998669097242988,0.9998786172902406,0.9999438303952346,63.0,46.0,62.99235288928516,45.997416198180794,-0.01213827097593656,-0.005616960476539923,70.68344211343539,-0.0076471107148421424,-0.002583801819206144
1303,sq_47_66,0.9998669097242988,0.999881927022766,0.9999427007365974,125.0,118.0,124.98524087784575,117.99323868691849,-0.011807297723398502,-0.005729926340258817,72.75119604707687,-0.014759122154245574,-0.006761313081511844
1304,sq_47_67,0.9998669097242988,0.9998819270227663,0.9999427007365984,23.0,16.0,22.997284321523626,15.999083211785575,-0.011807297723365195,-0.005729926340158897,74.51918000163039,-0.002715678476373995,-0.0009167882144254236
1305,sq_48_13,0.9998669097242988,0.9998811773837132,0.9999429762986016,388.0,273.0,387.9538968248807,272.98443252951824,-0.011882261628681778,-0.0057023701398373206,64.87263017145459,-0.04610317511929907,-0.015567470481755663
1306,sq_48_14,0.9998669097242988,0.9998697670787762,0.9999471527445584,70.0,33.0,69.99088369551433,32.998256040570425,-0.013023292122382735,-0.005284725544163482,62.711497357886024,-0.0091163044856728,-0.0017439594295751704
1307,sq_48_16,0.9998669097242988,0.9998639357529234,0.9999454542178328,3.0,13.0,2.99959180725877,12.999290904831826,-0.013606424707657272,-0.005454578216723682,58.87185630345674,-0.0004081927412298292,-0.0007090951681743007
1308,sq_48_17,0.9998669097242988,0.999874136771942,0.9999441478781722,16.0,117.0,15.997986188351073,116.99346530174614,-0.012586322805796524,-0.005585212182779298,56.99316863267613,-0.002013811648927444,-0.006534698253858551
1309,sq_48_19,0.9998669097242988,0.9998814615066066,0.999942664979486,312.0,563.0,311.96301599006125,562.9677203834507,-0.011853849339338307,-0.00573350205139711,53.33254209706497,-0.03698400993874884,-0.032279616549317325
1310,sq_48_20,0.9998669097242988,0.999881932526845,0.9999426920744882,9661.0,7804.0,9659.859350141849,7803.552768949306,-0.011806747315501465,-0.005730792551184027,51.55746963631282,-1.1406498581509368,-0.4472310506944268
1311,sq_48_21,0.9998669097242988,0.9998816642661514,0.9999427894353934,3281.0,3650.0,3280.611740457243,3649.791181439186,-0.011833573384856244,-0.0057210564606613445,49.82449777141351,-0.3882595427571687,-0.20881856081405203
1312,sq_48_22,0.9998669097242988,0.9998813061135564,0.999942882700054,695.0,1052.0,694.9175077489217,1051.9399126004569,-0.011869388644358825,-0.005711729994595238,48.138171920324815,-0.08249225107829261,-0.06008739954313569
1313,sq_48_24,0.9998669097242988,1.0010405441170618,0.9991940107870289,111.0,52.0,111.11550039699385,51.9580885609255,0.10405441170617813,-0.08059892129711477,44.92632146448636,0.11550039699385195,-0.04191143907449657
1314,sq_48_25,0.9998669097242988,0.9999179048047384,0.9999180777713722,177.0,200.0,176.9854691504387,199.98361555427445,-0.008209519526158893,-0.008192222862779541,43.41269181545936,-0.014530849561310788,-0.016384445725549313
1315,sq_48_29,0.9998669097242988,0.9998807633282556,0.9999430702450124,131.0,203.0,130.98437999600148,202.98844325973752,-0.011923667174440489,-0.0056929754987611325,38.14125692705214,-0.015620003998520815,-0.01155674026247766
1316,sq_48_37,0.9998669097242988,0.9998819270227672,0.9999427007365976,282.0,159.0,281.96670342042034,158.99088941711904,-0.011807297723276378,-0.005729926340236613,33.145857131752,-0.03329657957965537,-0.009110582880964557
1317,sq_48_45,0.9998669097242988,0.9998819270227616,0.9999427007365982,0.0,24.0,0.0,23.998624817678355,-0.011807297723842591,-0.005729926340181102,37.604580077068,0.0,-0.0013751823216452408
1318,sq_48_46,0.9998669097242988,0.9998812340222905,0.9999428811822734,272.0,210.0,271.967695654063,209.98800504827742,-0.011876597770954511,-0.00571188177266313,38.7395654634192,-0.03230434593700693,-0.011994951722584801
1319,sq_48_47,0.9998669097242988,0.9998811133520118,0.9999429732141504,462.0,408.0,461.94507436862943,407.97673307137336,-0.011888664798820336,-0.005702678584962317,39.973691258101525,-0.0549256313705655,-0.023266928626640038
1320,sq_48_52,0.9998669097242988,0.9998817356969566,0.9999426090508766,367.0,524.0,366.95659700078306,523.9699271426593,-0.011826430304340274,-0.00573909491233815,47.33913252998557,-0.04340299921693713,-0.0300728573406559
1321,sq_48_56,0.9998669097242988,0.9998772428027642,0.999944098794752,30.0,45.0,29.996317284082927,44.99748444576384,-0.012275719723575662,-0.005590120524801012,54.26172134148342,-0.0036827159170726986,-0.0025155542361616767
1322,sq_48_58,0.9998669097242988,0.999878854826184,0.9999437504091532,116.0,97.0,115.98594715983734,96.99454378968785,-0.012114517381600631,-0.005624959084682413,57.95652571978665,-0.014052840162662505,-0.005456210312146936
1323,sq_48_59,0.9998669097242988,0.9998774424538472,0.9999443296780816,216.0,61.0,215.973527570031,60.99660411036297,-0.012255754615275727,-0.005567032191844401,59.84989226487514,-0.026472429969004452,-0.003395889637026528
1324,sq_48_65,0.9998669097242988,0.9998819270227668,0.9999427007365976,81.0,65.0,80.9904360888441,64.99627554787885,-0.011807297723320787,-0.005729926340236613,71.69835276894162,-0.009563911155893834,-0.003724452121147692
1325,sq_49_14,0.9998669097242988,0.999881927022766,0.999942700736598,464.0,625.0,463.9452141385634,624.9641879603737,-0.011807297723398502,-0.005729926340203306,63.93702202508178,-0.05478586143658504,-0.035812039626307524
1326,sq_49_15,0.9998669097242988,0.9998807649577426,0.9999430597011768,390.0,319.0,389.95349833351963,318.9818360446754,-0.01192350422574151,-0.005694029882319374,62.04311555230719,-0.04650166648036702,-0.018163955324610015
1327,sq_49_16,0.9998669097242988,0.9998785887100692,0.9999436011661382,90.0,204.0,89.98907298390623,203.9884946378922,-0.012141128993081729,-0.005639883386177047,60.17679415085353,-0.010927016093774,-0.011505362107811834
1328,sq_49_20,0.9998669097242988,0.9998818979634329,0.9999427099721324,18179.0,21339.0,18176.853023077245,21337.777488095333,-0.011810203656714702,-0.005729002786758475,53.04494424972045,-2.1469769227551296,-1.2225119046670443
1329,sq_49_21,0.9998669097242988,0.9998818396028064,0.9999427256486424,5794.0,6738.0,5793.31537865866,6737.614085420552,-0.011816039719358962,-0.005727435135760572,51.362697266980895,-0.6846213413400619,-0.3859145794476717
1330,sq_49_25,0.9998669097242988,0.9998789443499142,0.9999432313117358,206.0,92.0,205.97506253608233,91.9947772806797,-0.012105565008579955,-0.005676868826420822,45.17174802704363,-0.02493746391766649,-0.005222719320300939
1331,sq_49_29,0.9998669097242988,0.9998819270227652,0.9999427007365982,21.0,21.0,20.99752046747807,20.99879671546856,-0.011807297723476218,-0.005729926340181102,40.13363518586024,-0.00247953252193156,-0.0012032845314386975
1332,sq_49_30,0.9998669097242988,0.999881927022767,0.999942700736597,26.0,8.0,25.996930102591943,7.999541605892776,-0.011807297723298582,-0.005729926340303226,39.10871418034207,-0.0030698974080571872,-0.0004583941072242581
1333,sq_49_45,0.9998669097242988,0.9998819270227663,0.9999427007365976,9.0,7.0,8.998937343204897,6.9995989051561835,-0.011807297723365195,-0.005729926340236613,39.624022775028735,-0.0010626567951028676,-0.0004010948438164519
1334,sq_49_52,0.9998669097242988,0.9998814578301962,0.9999428725997228,1647.0,2487.0,1646.8047610463332,2486.857924155511,-0.01185421698037814,-0.005712740027719043,48.95609768079346,-0.19523895366683064,-0.14207584448922717
1335,sq_49_53,0.9998669097242988,0.9998819270227663,0.999942700736598,1282.0,806.0,1281.8486304431865,805.9538167936979,-0.011807297723365195,-0.005729926340203306,50.564290130129976,-0.15136955681350628,-0.046183206302089275
1336,sq_49_54,0.9998669097242988,0.9998819270227663,0.999942700736598,202.0,299.0,201.9761492585988,298.9828675202428,-0.011807297723365195,-0.005729926340203306,52.22341005912454,-0.02385074140119059,-0.01713247975720833
1337,sq_49_55,0.9998669097242988,0.9998819270227663,0.9999427007365972,60.0,63.0,59.99291562136598,62.99639014640562,-0.011807297723365195,-0.005729926340281022,53.928757193661376,-0.007084378634019117,-0.0036098535943764887
1338,sq_49_56,0.9998669097242988,0.9998819270227656,0.9999427007365984,16.0,39.0,15.99811083236425,38.99776532872734,-0.011807297723442911,-0.005729926340158897,55.67608382724166,-0.0018891676357508658,-0.0022346712726601936
1339,sq_49_59,0.9998669097242988,0.999881927022766,0.999942700736598,46.0,42.0,45.99456864304724,41.997593430937115,-0.011807297723398502,-0.005729926340203306,61.13352306447027,-0.005431356952762201,-0.0024065690628845005
1340,sq_49_65,0.9998669097242988,0.9998819270227648,0.999942700736599,17.0,4.0,16.997992759387003,3.999770802946396,-0.011807297723520627,-0.005729926340103386,72.77003859725963,-0.0020072406129969522,-0.00022919705360413545
1341,sq_4_12,0.9998669097242988,0.9998803553782756,0.9999432382671568,470.0,258.0,469.94376702778953,257.98535547292647,-0.011964462172442403,-0.00567617328431913,89.2776085849363,-0.056232972210466414,-0.01464452707352848
1342,sq_4_13,0.9998669097242988,0.9998811436383084,0.9999429800838552,1077.0,819.0,1076.871991698458,818.9533006886774,-0.011885636169162161,-0.005701991614481816,87.79149831507326,-0.12800830154196774,-0.046699311322640824
1343,sq_4_14,0.9998669097242988,0.9998805066130196,0.9999431314497914,405.0,239.0,404.9516051782729,238.98640841650015,-0.011949338698036271,-0.005686855020858861,85.9928259251643,-0.04839482172707221,-0.013591583499845683
1344,sq_4_30,0.9998669097242988,0.9998742177482058,0.9999455331639604,77.0,24.0,76.99031476661185,23.99869279593505,-0.01257822517941598,-0.005446683603960167,69.67791884392356,-0.009685233388154302,-0.0013072040649504402
1345,sq_4_31,0.9998669097242988,0.9998795024990814,0.999943549750765,399.0,185.0,398.95192149713347,184.98955670389154,-0.012049750091858158,-0.005645024923495168,69.2063138385817,-0.048078502866530926,-0.010443296108462619
1346,sq_4_33,0.9998669097242988,0.999881038090386,0.9999430158352828,1115.0,462.0,1114.8673574707805,461.97367331590067,-0.011896190961402375,-0.005698416471722201,68.3959708237148,-0.13264252921953812,-0.026326684099331032
1347,sq_50_15,0.9998669097242988,0.999880775216033,0.9999428234959176,111.0,305.0,110.98676604897966,304.98256116625487,-0.011922478396697578,-0.005717650408243458,63.36357431006853,-0.013233951020339418,-0.017438833745131888
1348,sq_50_16,0.9998669097242988,0.9998815235399404,0.9999428236023044,538.0,797.0,537.9362596644879,796.9544304110366,-0.011847646005958001,-0.005717639769564631,61.5378695183598,-0.06374033551207958,-0.04556958896341712
1349,sq_50_17,0.9998669097242988,0.999881927022766,0.9999427007365976,255.0,111.0,254.96989139080534,110.99363978176234,-0.011807297723398502,-0.005729926340236613,59.74416986345581,-0.030108609194655855,-0.006360218237659865
1350,sq_50_20,0.9998669097242988,0.9998813613240256,0.999942874944726,1894.0,1370.0,1893.7752983477044,1369.9217386742746,-0.011863867597439182,-0.00571250552739988,54.586363728234154,-0.22470165229560735,-0.078261325725407
1351,sq_50_21,0.9998669097242988,0.9998813589112174,0.9999428906079546,1715.0,1212.0,1714.796530532738,1211.930783416841,-0.01186410887825673,-0.005710939204539578,52.953604970083944,-0.20346946726203896,-0.06921658315900459
1352,sq_50_22,0.9998669097242988,0.9998813967968024,0.9999428846536909,1736.0,1074.0,1735.794104839249,1073.938658118064,-0.011860320319756479,-0.00571153463091445,51.371064098352775,-0.2058951607509698,-0.061341881935959464
1353,sq_50_23,0.9998669097242988,0.999881328802791,0.9999428932287168,1559.0,1066.0,1558.814991603551,1065.939124181812,-0.0118671197208986,-0.005710677128323294,49.84352307249541,-0.1850083964488931,-0.06087581818792387
1354,sq_50_24,0.9998669097242988,0.9998781907417372,0.9999440367713804,455.0,215.0,454.94457678749046,214.9879679058468,-0.012180925826277278,-0.0055963228619559935,48.37619069532021,-0.05542321250953819,-0.012032094153198614
1355,sq_50_25,0.9998669097242988,0.9998811336557276,0.9999429132338532,434.0,250.0,433.9484120065858,249.9857283084633,-0.011886634427238363,-0.005708676614679664,46.97470790296613,-0.05158799341421627,-0.014271691536691833
1356,sq_50_26,0.9998669097242988,0.9998819270227642,0.9999427007365966,1.0,0.0,0.9998819270227642,0.0,-0.011807297723576138,-0.005729926340336533,45.64513906289811,-0.00011807297723576138,0.0
1357,sq_50_28,0.9998669097242988,0.999876185568758,0.999944849666524,254.0,79.0,253.96855113446455,78.9956431236554,-0.012381443124198643,-0.005515033347602838,43.22792841630356,-0.03144886553545234,-0.004356876344601801
1358,sq_50_29,0.9998669097242988,0.9998819270227663,0.9999427007365984,68.0,40.0,67.99197103754811,39.997708029463936,-0.011807297723365195,-0.005729926340158897,42.154158420765334,-0.008028962451888333,-0.002291970536063559
1359,sq_50_35,0.9998669097242988,0.9998819270227648,0.999942700736598,2.0,11.0,1.9997638540455296,10.999369708102577,-0.011807297723520627,-0.005729926340203306,38.04110373959654,-0.00023614595447041253,-0.0006302918974228078
1360,sq_50_36,0.9998669097242988,0.9998819270227652,0.9999427007365982,47.0,11.0,46.994450570069965,10.99936970810258,-0.011807297723476218,-0.005729926340181102,37.800213236008716,-0.005549429930034933,-0.0006302918974192551
1361,sq_50_45,0.9998669097242988,0.9998819270227662,0.9999427007365982,19.0,17.0,18.997756613432557,16.999025912522168,-0.011807297723376298,-0.005729926340181102,41.669325431948906,-0.00224338656744294,-0.0009740874778323416
1362,sq_50_46,0.9998669097242988,0.9998819270227666,0.9999427007365976,68.0,51.0,67.99197103754813,50.99707773756648,-0.011807297723342991,-0.005729926340236613,42.69577220924169,-0.008028962451874122,-0.002922262433521894
1363,sq_50_51,0.9998669097242988,0.999881927022766,0.999942700736598,850.0,358.0,849.8996379693511,357.97948686370205,-0.011807297723398502,-0.005729926340203306,49.1243632550597,-0.10036203064885285,-0.02051313629795004
1364,sq_50_52,0.9998669097242988,0.9998819770822708,0.9999426226311766,329.0,774.0,328.9611704600671,773.9555899165307,-0.011802291772922135,-0.005737736882338584,50.623277015555054,-0.03882953993291949,-0.04441008346930175
1365,sq_50_54,0.9998669097242988,0.9998819270227662,0.9999427007365984,65.0,102.0,64.9923252564798,101.99415547513304,-0.011807297723376298,-0.005729926340158897,53.78847910584195,-0.007674743520198035,-0.005844524866958523
1366,sq_50_59,0.9998669097242988,0.9998773078029206,0.9999442131805376,74.0,45.0,73.99092077741612,44.99748959312419,-0.012269219707938817,-0.005578681946238895,62.47332431932212,-0.009079222583878277,-0.0025104068758068365
1367,sq_50_60,0.9998669097242988,0.9998767416004684,0.9999441677414984,40.0,78.0,39.995069664018736,77.99564508383688,-0.012325839953164497,-0.005583225850158691,64.314208332441,-0.004930335981264022,-0.004354916163123335
1368,sq_50_64,0.9998669097242988,0.9998781284596278,0.9999440822090098,89.0,51.0,88.98915343290687,50.997148192659495,-0.012187154037224257,-0.0055917790990234195,71.93595997705974,-0.010846567093125259,-0.0028518073405052746
1369,sq_50_65,0.9998669097242988,0.9998737233687892,0.999945516182769,79.0,62.0,78.99002414613435,61.99662200333167,-0.012627663121078658,-0.0054483817231054665,73.89596599141792,-0.009975853865654472,-0.0033779966683269436
1370,sq_51_17,0.9998669097242988,0.9998819576942336,0.999942653888086,471.0,246.0,470.944402073984,245.98589285646915,-0.011804230576639707,-0.005734611191399175,61.19964273554343,-0.05559792601599156,-0.014107143530850408
1371,sq_51_18,0.9998669097242988,0.99988032320236,0.999943315407605,607.0,332.0,606.9273561838326,331.98118071532485,-0.01196767976400226,-0.005668459239505097,59.48448734768362,-0.07264381616744231,-0.018819284675146264
1372,sq_51_20,0.9998669097242988,0.9998807960778268,0.9999430760393752,632.0,788.0,631.9246631211865,787.9551439190276,-0.011920392217323883,-0.005692396062484395,56.17720423388773,-0.07533687881345941,-0.04485608097240856
1373,sq_51_22,0.9998669097242988,0.9998819270227663,0.9999427007365972,217.0,124.0,216.9743781639403,123.99289489133805,-0.011807297723365195,-0.005729926340281022,53.059357045030595,-0.025621836059713132,-0.007105108661946247
1374,sq_51_23,0.9998669097242988,0.9998795771855972,0.9999433748499232,296.0,210.0,295.96435484693677,209.9881087184839,-0.012042281440283187,-0.005662515007676117,51.582285409956036,-0.03564515306322846,-0.01189128151611385
1375,sq_51_24,0.9998669097242988,0.999879523442769,0.9999435438245308,402.0,198.0,401.95156842399314,197.98882167725708,-0.012047655723101958,-0.005645617546923276,50.16626620778064,-0.04843157600686254,-0.01117832274292141
1376,sq_51_25,0.9998669097242988,0.99988108329541,0.9999429697825768,613.0,504.0,612.9271040600863,503.9712567704187,-0.01189167045899664,-0.005703021742320402,48.81661106380495,-0.07289593991367838,-0.02874322958132325
1377,sq_51_26,0.9998669097242988,0.9998803167027982,0.9999432546722864,199.0,110.0,198.97618302385683,109.9937580139515,-0.011968329720180026,-0.005674532771360319,47.53897115502416,-0.023816976143166357,-0.006241986048493686
1378,sq_51_27,0.9998669097242988,0.999879413158971,0.9999434258159732,163.0,204.0,162.98034434491228,203.98845886645853,-0.01205868410290023,-0.005657418402682524,46.33930207289895,-0.019655655087717605,-0.011541133541470572
1379,sq_51_28,0.9998669097242988,0.9998799644260808,0.9999431829113218,112.0,162.0,111.98655601572105,161.99079563163414,-0.012003557391915276,-0.005681708867821822,45.223807864304426,-0.013443984278950438,-0.009204368365857363
1380,sq_51_36,0.9998669097242988,0.999881927022766,0.9999427007365976,66.0,33.0,65.99220718350256,32.998109124307724,-0.011807297723398502,-0.005729926340236613,40.068992577365485,-0.007792816497442345,-0.0018908756922755288
1381,sq_51_37,0.9998669097242988,0.9998819270227658,0.9999427007365984,64.0,33.0,63.99244332945701,32.998109124307746,-0.011807297723420707,-0.005729926340158897,39.97178386700741,-0.007556670542989252,-0.0018908756922542125
1382,sq_51_38,0.9998669097242988,0.9998819270227656,0.9999427007365976,52.0,35.0,51.99386020518381,34.99799452578092,-0.011807297723442911,-0.005729926340236613,40.00558094564171,-0.006139794816192534,-0.0020054742190822594
1383,sq_51_46,0.9998669097242988,0.9998819270227652,0.9999427007365976,35.0,33.0,34.99586744579678,32.998109124307724,-0.011807297723476218,-0.005729926340236613,44.71546951350704,-0.004132554203216898,-0.0018908756922755288
1384,sq_51_51,0.9998669097242988,0.999881927022765,0.9999427007365986,25.0,64.0,24.997048175569127,63.99633284714231,-0.011807297723498422,-0.005729926340136693,50.887784784505456,-0.0029518244308732733,-0.0036671528576874834
1385,sq_51_60,0.9998669097242988,0.9998791256328824,0.999943613466426,200.0,114.0,199.97582512657647,113.99357193517257,-0.012087436711760713,-0.005638653357398216,65.66701011591326,-0.024174873423532972,-0.006428064827431967
1386,sq_51_61,0.9998669097242988,0.999878230096534,0.9999439633011328,72.0,99.0,71.99123256695044,98.99445236681214,-0.012176990346601801,-0.00560366988672234,67.49792022510216,-0.008767433049555962,-0.0055476331878594465
1387,sq_51_62,0.9998669097242988,0.9998819270227643,0.9999427007365989,54.0,35.0,53.993624059229276,34.99799452578096,-0.011807297723565036,-0.005729926340114488,69.35607485896362,-0.006375940770723787,-0.002005474219039627
1388,sq_51_63,0.9998669097242988,0.9998819270227672,0.9999427007365976,56.0,55.0,55.993387913274965,54.99684854051287,-0.011807297723276378,-0.005729926340236613,71.23934232589832,-0.0066120867250347715,-0.0031514594871282497
1389,sq_51_64,0.9998669097242988,0.9998803099103264,0.9999432710334174,297.0,207.0,296.9644520433669,206.9882571039174,-0.01196900896736075,-0.005672896658259763,73.14578310989265,-0.03554795663308141,-0.011742896082608922
1390,sq_51_65,0.9998669097242988,0.999881251523942,0.9999428009779772,232.0,490.0,231.97245035355456,489.97197247920883,-0.011874847605797267,-0.005719902202283578,75.07363202846948,-0.027549646445436338,-0.02802752079116999
1391,sq_51_66,0.9998669097242988,0.9998819270227652,0.9999427007365986,19.0,9.0,18.99775661343254,8.999484306629387,-0.011807297723476218,-0.005729926340136693,76.27872118669363,-0.0022433865674607034,-0.0005156933706125244
1392,sq_52_18,0.9998669097242988,0.9998799736826112,0.999942289468724,18.0,67.0,17.997839526287002,66.99613339440451,-0.012002631738883274,-0.005771053127601178,61.03105468507848,-0.002160473712997657,-0.0038666055954905687
1393,sq_52_19,0.9998669097242988,0.999880948640312,0.9999430197623944,798.0,423.0,797.9049970149689,422.9758973594928,-0.011905135968803826,-0.005698023760558613,59.39985319308475,-0.09500298503110116,-0.024102640507180695
1394,sq_52_20,0.9998669097242988,0.9998783244382572,0.999943975094126,470.0,279.0,469.9428124859809,278.9843690512612,-0.01216755617428067,-0.0056024905873974795,57.81330503912264,-0.05718751401911959,-0.015630948738817096
1395,sq_52_21,0.9998669097242988,0.9998804777907002,0.9999430967087356,342.0,297.0,341.9591234044195,296.9830997224945,-0.011952220929978274,-0.0056903291264398526,56.275185591972516,-0.04087659558052792,-0.01690027750549916
1396,sq_52_22,0.9998669097242988,0.999877631852381,0.9999442057705504,201.0,199.0,200.9754040023286,198.98889694833954,-0.012236814761901194,-0.0055794229449568356,54.7895722034765,-0.02459599767141185,-0.011103051660455776
1397,sq_52_23,0.9998669097242988,0.9998757587544232,0.9999450164788792,322.0,206.0,321.95999431892426,205.9886733946491,-0.012424124557675054,-0.00549835211207661,53.36084905368032,-0.04000568107574054,-0.01132660535088803
1398,sq_52_24,0.9998669097242988,0.9998819270227666,0.999942700736598,528.0,402.0,527.9376574680208,401.97696569611236,-0.011807297723342991,-0.005729926340203306,51.99370473418175,-0.0623425319791977,-0.023034303887641272
1399,sq_52_25,0.9998669097242988,0.9998780478944316,0.9999440889760914,316.0,198.0,315.9614631346404,197.9889296172661,-0.012195210556842362,-0.00559110239085614,50.69312021882692,-0.03853686535961742,-0.011070382733890938
1400,sq_52_26,0.9998669097242988,0.9998798647188742,0.9999433736961116,368.0,196.0,367.9557902165457,195.98890124443787,-0.0120135281125755,-0.005662630388836298,49.46434460556416,-0.04420978345427784,-0.011098755562130691
1401,sq_52_27,0.9998669097242988,0.9998817343483252,0.9999427641697068,3047.0,3254.0,3046.639644559347,3253.813754608226,-0.01182656516748315,-0.0057235830293156376,48.31285589291259,-0.3603554406531657,-0.1862453917738094
1402,sq_52_36,0.9998669097242988,0.999879843110034,0.9999435868678286,97.0,421.0,96.98834478167329,420.9762500713558,-0.012015688996602769,-0.005641313217141786,42.33774239383581,-0.011655218326708905,-0.023749928644178908
1403,sq_52_37,0.9998669097242988,0.9998555731305152,0.9999510878327684,25.0,5.0,24.99638932826288,4.999755439163842,-0.014442686948479277,-0.004891216723157399,42.24577631860361,-0.0036106717371211516,-0.00024456083615831403
1404,sq_52_39,0.9998669097242988,0.9998819270227643,0.999942700736598,2.0,4.0,1.9997638540455287,3.999770802946392,-0.011807297723565036,-0.005729926340203306,42.43335232997205,-0.0002361459544713007,-0.00022919705360813225
1405,sq_52_40,0.9998669097242988,0.9998819270227632,0.9999427007365984,6.0,0.0,5.999291562136579,0.0,-0.011807297723676058,-0.005729926340158897,42.71126097740532,-0.0007084378634205635,0.0
1406,sq_52_46,0.9998669097242988,0.9998762057191856,0.999945400496372,58.0,43.0,57.99281993171276,42.997652221344,-0.012379428081443766,-0.005459950362796118,46.75798802602072,-0.007180068287240715,-0.0023477786560022196
1407,sq_52_51,0.9998669097242988,0.9998819270227656,0.9999427007365984,133.0,72.0,132.9842962940278,71.99587445303509,-0.011807297723442911,-0.005729926340158897,52.68986726287532,-0.015703705972185844,-0.004125546964914406
1408,sq_52_62,0.9998669097242988,0.999880579705614,0.9999431708661564,227.0,113.0,226.97289159317435,112.99357830787567,-0.011942029438605228,-0.005682913384363886,70.684116210547,-0.02710840682564708,-0.0064216921243342995
1409,sq_52_63,0.9998669097242988,0.9998817729220422,0.9999427402120888,579.0,1113.0,578.9315465218624,1112.9362698560549,-0.011822707795783316,-0.005725978791115693,72.53235538874016,-0.06845347813759872,-0.06373014394512211
1410,sq_52_64,0.9998669097242988,0.9998819270227656,0.9999427007365974,3.0,2.0,2.999645781068297,1.9998854014731948,-0.011807297723442911,-0.005729926340258817,74.40511153066717,-0.0003542189317031763,-0.00011459852680517635
1411,sq_52_66,0.9998669097242988,0.9998819270227663,0.9999427007365976,63.0,26.0,62.992561402434276,25.998510219151537,-0.011807297723365195,-0.005729926340236613,78.21710865667654,-0.007438597565723626,-0.0014897808484626296
1412,sq_52_67,0.9998669097242988,0.9998819270227658,0.999942700736598,37.0,15.0,36.99563129984234,14.999140511048969,-0.011807297723420707,-0.005729926340203306,80.12693438302354,-0.004368700157662886,-0.00085948895103094
1413,sq_53_22,0.9998669097242988,0.9998784848326384,0.999943939589982,415.0,170.0,414.94957120554494,169.99046973029692,-0.012151516736158552,-0.005606041001804396,56.557779327118155,-0.05042879445505832,-0.009530269703077465
1414,sq_53_23,0.9998669097242988,0.9998788618348916,0.9999437396214982,283.0,134.0,282.96571789927435,133.99246110928075,-0.012113816510839204,-0.0056260378501815644,55.17528017517359,-0.034282100725647524,-0.007538890719246183
1415,sq_53_24,0.9998669097242988,0.9998815973308726,0.9999427862429252,781.0,1400.0,780.9075275154115,1399.9199007400953,-0.011840266912743758,-0.005721375707479215,53.85461582657404,-0.0924724845884839,-0.08009925990472766
1416,sq_53_25,0.9998669097242988,0.9998725640238328,0.999946191785188,353.0,114.0,352.955015100413,113.99386586351143,-0.012743597616715618,-0.005380821481204556,52.6004426533128,-0.04498489958700702,-0.006134136488569197
1417,sq_53_27,0.9998669097242988,0.9998710308119012,0.9999465414016472,129.0,48.0,128.98336297473526,47.99743398727907,-0.01289691880987931,-0.0053458598352817965,50.311194630788144,-0.016637025264742533,-0.002566012720933486
1418,sq_53_28,0.9998669097242988,0.9998767431072424,0.999944556347659,99.0,130.0,98.987797567617,129.99279232519567,-0.01232568927576061,-0.00554436523410029,49.28629477710877,-0.012202432383006112,-0.007207674804334374
1419,sq_53_30,0.9998669097242988,0.9998819270227663,0.999942700736598,89.0,30.0,88.98949150502621,29.998281022097938,-0.011807297723365195,-0.005729926340203306,47.501775409508404,-0.010508494973791471,-0.00171897790206188
1420,sq_53_31,0.9998669097242988,0.9998819270227663,0.9999427007365972,51.0,12.0,50.99397827816108,11.999312408839167,-0.011807297723365195,-0.005729926340281022,46.752280065473705,-0.006021721838919802,-0.0006875911608332785
1421,sq_53_32,0.9998669097242988,0.9998819270227656,0.9999427007365984,53.0,27.0,52.99374213220658,26.99845291988816,-0.011807297723442911,-0.005729926340158897,46.104345126378846,-0.0062578677934226334,-0.001547080111841126
1422,sq_53_33,0.9998669097242988,0.9998819270227668,0.9999427007365974,42.0,13.0,41.99504093495621,12.999255109575767,-0.011807297723320787,-0.005729926340258817,45.56230241737051,-0.004959065043792066,-0.0007448904242330912
1423,sq_53_34,0.9998669097242988,0.9998819270227656,0.9999427007365972,82.0,71.0,81.99031801586678,70.9959317522984,-0.011807297723442911,-0.005729926340281022,45.129966449406666,-0.009681984133223409,-0.004068247701596306
1424,sq_53_35,0.9998669097242988,0.999881927022766,0.999942700736598,81.0,54.0,80.99043608884405,53.99690583977629,-0.011807297723398502,-0.005729926340203306,44.81051158688855,-0.009563911155950677,-0.0030941602237106736
1425,sq_53_36,0.9998669097242988,0.999881927022766,0.9999427007365972,31.0,7.0,30.996339737705746,6.99959890515618,-0.011807297723398502,-0.005729926340281022,44.60636205213651,-0.0036602622942538687,-0.0004010948438200046
1426,sq_53_40,0.9998669097242988,0.999881927022766,0.9999427007365976,12.0,18.0,11.998583124273193,17.998968613258757,-0.011807297723398502,-0.005729926340236613,44.96090743977641,-0.0014168757268073762,-0.0010313867412428124
1427,sq_53_41,0.9998669097242988,0.999881927022766,0.9999427007365984,46.0,23.0,45.99456864304724,22.998682116941765,-0.011807297723398502,-0.005729926340158897,45.338890972542416,-0.005431356952762201,-0.00131788305823477
1428,sq_53_46,0.9998669097242988,0.9998461633227416,0.999954119610793,4.0,5.0,3.9993846532909663,4.999770598053964,-0.01538366772584343,-0.004588038920705362,48.82036743780338,-0.0006153467090337372,-0.00022940194603560116
1429,sq_53_51,0.9998669097242988,0.999881927022766,0.9999427007365976,150.0,473.0,149.9822890534149,472.97289744841066,-0.011807297723398502,-0.005729926340236613,54.52669164840573,-0.017710946585111742,-0.027102551589337054
1430,sq_53_62,0.9998669097242988,0.9998805343690096,0.999943168087991,329.0,214.0,328.96069580740414,213.98783797083007,-0.011946563099041185,-0.005683191200900328,72.059044288128,-0.03930419259586415,-0.0121620291699287
1431,sq_53_63,0.9998669097242988,0.9998815078815926,0.9999427891909038,510.0,1024.0,509.93956901961224,1023.9414161314855,-0.011849211840742058,-0.005721080909615317,73.8723471417933,-0.060430980387764066,-0.058583868514460846
1432,sq_53_64,0.9998669097242988,0.99987746196599,0.9999442433963454,134.0,85.0,133.98357990344266,84.99526068868936,-0.012253803400996688,-0.005575660365464419,75.7114130425192,-0.016420096557340003,-0.004739311310643757
1433,sq_54_25,0.9998669097242988,0.9998774160962832,0.9999443189765655,307.0,127.0,306.9623667415589,126.99292851002383,-0.012258390371677752,-0.005568102343445069,54.53525947447789,-0.03763325844107612,-0.007071489976169687
1434,sq_54_26,0.9998669097242988,0.9998810480460928,0.9999429940523628,475.0,677.0,474.9434978218941,676.9614069734496,-0.011895195390720925,-0.005700594763724531,53.395662140607584,-0.056502178105915846,-0.03859302655041574
1435,sq_54_27,0.9998669097242988,0.999879023347864,0.9999437173812348,403.0,222.0,402.9512464091892,221.98750525863412,-0.012097665213595121,-0.0056282618765224335,52.33138942830511,-0.048753590810804326,-0.012494741365884465
1436,sq_54_28,0.9998669097242988,0.9998709275539652,0.9999467806016832,116.0,68.0,115.98502759625997,67.99638108091446,-0.012907244603477253,-0.005321939831681721,51.347124029724,-0.014972403740031837,-0.0036189190855395736
1437,sq_54_29,0.9998669097242988,0.9998813973088392,0.9999428895961116,378.0,485.0,377.9551681827412,484.9723014541141,-0.011860269116081845,-0.005711040388844957,50.447547885898615,-0.044831817258796036,-0.027698545885925796
1438,sq_54_30,0.9998669097242988,0.9998804096018412,0.9999432827565596,47.0,122.0,46.99437925128654,121.99308049630028,-0.011959039815878647,-0.0056717243440362886,49.63726443922177,-0.00562074871346141,-0.006919503699720053
1439,sq_54_34,0.9998669097242988,0.9998819270227652,0.9999427007365976,21.0,36.0,20.99752046747807,35.997937226517514,-0.011807297723476218,-0.005729926340236613,47.373171322997834,-0.00247953252193156,-0.0020627734824856248
1440,sq_54_41,0.9998669097242988,0.999881927022764,0.9999427007365989,2.0,3.0,1.999763854045528,2.9998281022097966,-0.011807297723598342,-0.005729926340114488,47.57214421097587,-0.00023614595447196685,-0.00017189779020343465
1441,sq_54_42,0.9998669097242988,0.9998819270227652,0.999942700736598,5.0,10.0,4.999409635113826,9.99942700736598,-0.011807297723476218,-0.005729926340203306,48.03856501928079,-0.0005903648861735888,-0.0005729926340194424
1442,sq_54_46,0.9998669097242988,0.9998819270227666,0.999942700736598,52.0,55.0,51.993860205183864,54.996848540512886,-0.011807297723342991,-0.005729926340203306,50.90010150904754,-0.006139794816135691,-0.003151459487114039
1443,sq_54_51,0.9998669097242988,0.9998734314163902,0.9999445641068252,4.0,20.0,3.9994937256655607,19.998891282136505,-0.01265685836098207,-0.005543589317480446,56.39478018937389,-0.0005062743344392828,-0.001108717863495201
1444,sq_54_52,0.9998669097242988,0.9998736186936108,0.9999455275114418,54.0,30.0,53.993175409454985,29.998365825343257,-0.012638130638920053,-0.0054472488558166,57.70356759061016,-0.0068245905450154964,-0.0016341746567434257
1445,sq_54_54,0.9998669097242988,0.9998819270227648,0.9999427007365984,1.0,2.0,0.9998819270227648,1.9998854014731968,-0.011807297723520627,-0.005729926340158897,60.49613847405416,-0.00011807297723520627,-0.00011459852680317795
1446,sq_54_55,0.9998669097242988,0.999881927022767,0.9999427007365976,76.0,102.0,75.9910264537303,101.99415547513296,-0.011807297723298582,-0.005729926340236613,61.9720365718442,-0.008973546269700705,-0.005844524867043788
1447,sq_54_56,0.9998669097242988,0.9998819270227663,0.9999427007365984,212.0,138.0,211.97496852882648,137.9920927016506,-0.011807297723365195,-0.005729926340158897,63.49611952997518,-0.025031471173520004,-0.00790729834940862
1448,sq_54_57,0.9998669097242988,0.9998819270227666,0.9999427007365984,355.0,805.0,354.9580840930821,804.9538740929618,-0.011807297723342991,-0.005729926340158897,65.06500135490998,-0.04191590691789315,-0.04612590703823116
1449,sq_54_58,0.9998669097242988,0.9998819270227668,0.9999427007365982,152.0,125.0,151.98205290746054,124.99283759207478,-0.011807297723320787,-0.005729926340181102,66.67551975532102,-0.017947092539458254,-0.007162407925221714
1450,sq_54_61,0.9998669097242988,0.9998819270227656,0.9999427007365984,47.0,30.0,46.99445057006998,29.998281022097952,-0.011807297723442911,-0.005729926340158897,71.72849192676934,-0.005549429930020722,-0.0017189779020476692
1451,sq_54_63,0.9998669097242988,0.9998666120719428,0.9999480734996392,41.0,18.0,40.99453109494966,17.999065322993506,-0.013338792805717148,-0.0051926500360788275,75.25674587700014,-0.005468905050342698,-0.000934677006494411
1452,sq_54_64,0.9998669097242988,0.999879402358302,0.9999436169831808,351.0,279.0,350.95767022776397,278.98426913830747,-0.012059764169802811,-0.005638301681920588,77.0622380856635,-0.042329772236030294,-0.015730861692532017
1453,sq_55_25,0.9998669097242988,0.9998799666054392,0.999943387373154,133.0,97.0,132.9840355585234,96.99450857519594,-0.012003339456079232,-0.0056612626845975456,56.494662894012215,-0.015964441476597813,-0.005491424804063172
1454,sq_55_27,0.9998669097242988,0.9998819270227658,0.999942700736598,20.0,77.0,19.997638540455316,76.99558795671804,-0.011807297723420707,-0.005729926340203306,54.37091786766413,-0.0023614595446836972,-0.0044120432819596545
1455,sq_55_28,0.9998669097242988,0.9998322385048194,0.9999592368092486,0.0,1.0,0.0,0.9999592368092486,-0.016776149518060723,-0.004076319075141388,53.42452413679976,0.0,-4.076319075141388e-05
1456,sq_55_29,0.9998669097242988,0.999842913825449,0.9999555095132592,5.0,4.0,4.999214569127245,3.9998220380530367,-0.015708617455101326,-0.0044490486740822455,52.56077243357128,-0.0007854308727548442,-0.00017796194696328982
1457,sq_55_30,0.9998669097242988,0.9998771719607116,0.9999444118916748,112.0,52.0,111.98624325959969,51.99710941836709,-0.012282803928842512,-0.0055588108325177465,51.78379713172298,-0.013756740400310719,-0.0028905816329114487
1458,sq_55_31,0.9998669097242988,0.999881927022765,0.9999427007365984,11.0,15.0,10.998701197250416,14.999140511048976,-0.011807297723498422,-0.005729926340158897,51.097555716792904,-0.0012988027495843824,-0.0008594889510238346
1459,sq_55_42,0.9998669097242988,0.999881927022766,0.9999427007365972,14.0,9.0,13.998346978318724,8.999484306629375,-0.011807297723398502,-0.005729926340281022,50.253830672588556,-0.0016530216812764564,-0.0005156933706249589
1460,sq_55_43,0.9998669097242988,0.9998819270227656,0.999942700736598,21.0,23.0,20.997520467478076,22.998682116941755,-0.011807297723442911,-0.005729926340203306,50.79861111668663,-0.0024795325219244546,-0.0013178830582454282
1461,sq_55_44,0.9998669097242988,0.9998819270227648,0.9999427007365976,3.0,10.0,2.9996457810682946,9.999427007365977,-0.011807297723520627,-0.005729926340236613,51.43948726760788,-0.00035421893170539676,-0.0005729926340229952
1462,sq_55_46,0.9998669097242988,0.9998355142017116,0.9999609648937192,22.0,9.0,21.996381312437656,8.999648684043473,-0.016448579828842735,-0.003903510628078255,52.995058622826384,-0.0036186875623442916,-0.00035131595652693193
1463,sq_55_50,0.9998669097242988,0.999881927022766,0.999942700736598,8.0,32.0,7.999055416182128,31.998166423571135,-0.011807297723398502,-0.005729926340203306,57.08792841071354,-0.0009445838178718802,-0.001833576428865058
1464,sq_55_51,0.9998669097242988,0.9998819270227668,0.999942700736598,15.0,18.0,14.998228905341502,17.998968613258764,-0.011807297723320787,-0.005729926340203306,58.29104671803317,-0.0017710946584976739,-0.001031386741235707
1465,sq_55_52,0.9998669097242988,0.9998819270227663,0.999942700736598,27.0,12.0,26.99681202961469,11.999312408839176,-0.011807297723365195,-0.005729926340203306,59.55779474568646,-0.0031879703853086028,-0.0006875911608243968
1466,sq_55_53,0.9998669097242988,0.9998253513013508,0.9999638494134152,20.0,3.0,19.996507026027015,2.9998915482402455,-0.017464869864924903,-0.003615058658479331,60.88420082930348,-0.0034929739729854248,-0.00010845175975449095
1467,sq_55_54,0.9998669097242988,0.9998519943679351,0.9999574401625648,11.0,22.0,10.998371938047287,21.999063683576427,-0.014800563206485151,-0.004255983743517433,62.26645241843713,-0.0016280619527133666,-0.0009363164235729471
1468,sq_55_61,0.9998669097242988,0.9998819270227663,0.999942700736598,116.0,89.0,115.9863035346409,88.99490036555721,-0.011807297723365195,-0.005729926340203306,73.22466907922579,-0.013696465359103627,-0.0050996344427858276
1469,sq_55_62,0.9998669097242988,0.9998819270227656,0.999942700736598,99.0,61.0,98.9883107752538,60.99650474493247,-0.011807297723442911,-0.005729926340203306,74.93890017343593,-0.01168922474620615,-0.0034952550675271254
1470,sq_55_63,0.9998669097242988,0.9998719335291196,0.999946393582278,103.0,72.0,102.98680915349932,71.99614033792402,-0.012806647088037248,-0.005360641772200747,76.68308539576775,-0.013190846500677367,-0.0038596620759818734
1471,sq_55_64,0.9998669097242988,0.9998736279952792,0.9999456907253051,264.0,105.0,263.96663779075374,104.99429752615704,-0.012637200472076504,-0.005430927469485258,78.45522715442429,-0.03336220924626332,-0.005702473842958966
1472,sq_55_65,0.9998669097242988,0.9998747720034532,0.9999453999573809,187.0,70.0,186.97658236464574,69.99617799701666,-0.012522799654679506,-0.005460004261914619,80.25347366917576,-0.023417635354263666,-0.0038220029833411218
1473,sq_55_66,0.9998669097242988,0.999881927022766,0.9999427007365976,45.0,46.0,44.99468671602447,45.99736423388349,-0.011807297723398502,-0.005729926340236613,82.07610934498202,-0.0053132839755321015,-0.0026357661165121726
1474,sq_55_67,0.9998669097242988,0.9998819270227656,0.9999427007365984,56.0,35.0,55.99338791327487,34.997994525780946,-0.011807297723442911,-0.005729926340158897,83.92154535641953,-0.006612086725127142,-0.0020054742190538377
1475,sq_56_25,0.9998669097242988,0.9998819270227606,0.999942700736599,0.0,4.0,0.0,3.999770802946396,-0.011807297723942511,-0.005729926340103386,58.47610126761899,0.0,-0.00022919705360413545
1476,sq_56_26,0.9998669097242988,0.9998819270227648,0.999942700736598,4.0,6.0,3.999527708091059,5.999656204419588,-0.011807297723520627,-0.005729926340203306,57.41541375698768,-0.00047229190894082507,-0.0003437955804121984
1477,sq_56_27,0.9998669097242988,0.9998819270227652,0.9999427007365992,2.0,1.0,1.9997638540455305,0.9999427007365992,-0.011807297723476218,-0.005729926340081182,56.42760051277587,-0.00023614595446952436,-5.729926340081182e-05
1478,sq_56_31,0.9998669097242988,0.9998819270227668,0.999942700736597,35.0,29.0,34.99586744579684,28.998338321361313,-0.011807297723320787,-0.005729926340303226,53.28169886797098,-0.004132554203160055,-0.0016616786386869364
1479,sq_56_43,0.9998669097242988,0.999881927022766,0.9999427007365976,10.0,3.0,9.99881927022766,2.999828102209793,-0.011807297723398502,-0.005729926340236613,52.99509385876118,-0.0011807297723400723,-0.00017189779020698737
1480,sq_56_44,0.9998669097242988,0.999881927022766,0.9999427007365976,24.0,12.0,23.997166248546385,11.999312408839172,-0.011807297723398502,-0.005729926340236613,53.609528320716414,-0.0028337514536147523,-0.0006875911608279495
1481,sq_56_45,0.9998669097242988,0.9998522704046552,0.9999540332516788,17.0,13.0,16.997488596879137,12.999402432271824,-0.014772959534481434,-0.00459667483212467,54.31344608258029,-0.002511403120863065,-0.0005975677281764291
1482,sq_56_46,0.9998669097242988,0.9998414166357809,0.9999605701519344,26.0,23.0,25.995876832530303,22.999093113494492,-0.015858336421914476,-0.003942984806559746,55.103417463055095,-0.004123167469696654,-0.0009068865055077424
1483,sq_56_48,0.9998669097242988,0.999881927022763,0.9999427007365992,0.0,1.0,0.0,0.9999427007365992,-0.011807297723698262,-0.005729926340081182,56.92680111211589,0.0,-5.729926340081182e-05
1484,sq_56_50,0.9998669097242988,0.9998819270227643,0.9999427007365992,85.0,60.0,84.98996379693497,59.996562044195954,-0.011807297723565036,-0.005729926340081182,59.049160862404634,-0.010036203065027394,-0.0034379558040456004
1485,sq_56_52,0.9998669097242988,0.999881927022766,0.9999427007365976,64.0,37.0,63.992443329457025,36.99787992725411,-0.011807297723398502,-0.005729926340236613,61.43951898358029,-0.007556670542975041,-0.00212007274588899
1486,sq_56_53,0.9998669097242988,0.9998629947179182,0.999951057999156,62.0,59.0,61.991505672510925,58.9971124219502,-0.013700528208182572,-0.004894200084404332,62.72575722536099,-0.008494327489074749,-0.0028875780498012205
1487,sq_56_54,0.9998669097242988,0.9998596875242914,0.999951191518234,43.0,20.0,42.99396656354453,19.999023830364678,-0.014031247570855943,-0.004880848176602726,64.06788410694566,-0.006033436455467722,-0.0009761696353223215
1488,sq_56_62,0.9998669097242988,0.9998819270227666,0.9999427007365984,176.0,649.0,175.9792191560069,648.9628127780524,-0.011807297723342991,-0.005729926340158897,76.4388077178321,-0.020780843993094322,-0.03718722194764723
1489,sq_56_63,0.9998669097242988,0.999882027138738,0.9999425910498412,129.0,73.0,128.98478150089718,72.99580914663841,-0.011797286126202788,-0.0057408950158821526,78.14900930490818,-0.01521849910281503,-0.004190853361592417
1490,sq_56_64,0.9998669097242988,0.999868504967993,0.999947746903076,57.0,27.0,56.9925047831756,26.998589166383052,-0.013149503200704515,-0.0052253096924026465,79.88811599862302,-0.007495216824402462,-0.0014108336169478264
1491,sq_56_65,0.9998669097242988,0.99985368274382,0.9999531433593164,17.0,12.0,16.99751260664494,11.999437720311796,-0.014631725617997304,-0.004685664068360129,81.6542811083708,-0.002487393355060874,-0.0005622796882036596
1492,sq_56_66,0.9998669097242988,0.999881927022766,0.999942700736598,27.0,17.0,26.99681202961468,16.999025912522164,-0.011807297723398502,-0.005729926340203306,83.44578675320146,-0.003187970385319261,-0.0009740874778358943
1493,sq_56_67,0.9998669097242988,0.9998819270227636,0.9999427007365992,75.0,49.0,74.99114452670727,48.99719233609336,-0.011807297723642751,-0.005729926340081182,85.26103581226614,-0.008855473292726401,-0.0028076639066370035
1494,sq_56_68,0.9998669097242988,0.9998525683630144,0.9999529566916652,11.0,7.0,10.998378251993158,6.999670696841656,-0.014743163698560657,-0.004704330833482651,87.09854401673267,-0.0016217480068423384,-0.0003293031583435635
1495,sq_57_26,0.9998669097242988,0.9606283751829472,1.0353847715933089,0.0,2.0,0.0,2.0707695431866178,-3.937162481705281,3.5384771593308884,59.452665350655295,0.0,0.07076954318661777
1496,sq_57_27,0.9998669097242988,0.9454861319242008,1.0342757442904371,17.0,25.0,16.073264242711414,25.85689360726093,-5.451386807579917,3.4275744290437116,58.499547981561086,-0.9267357572885864,0.856893607260929
1497,sq_57_31,0.9998669097242988,0.999881927022764,0.9999427007365994,3.0,1.0,2.999645781068292,0.9999427007365994,-0.011807297723598342,-0.005729926340058977,55.472192624860725,-0.0003542189317080613,-5.729926340058977e-05
1498,sq_57_45,0.9998669097242988,0.9998808635776094,0.9999431810207496,121.0,405.0,120.98558449289074,404.9769883134036,-0.011913642239058664,-0.00568189792503615,56.46355153787053,-0.014415507109262649,-0.023011686596419167
1499,sq_57_46,0.9998669097242988,0.9998285684627872,0.9999645742768116,17.0,3.0,16.997085663867384,2.9998937228304348,-0.017143153721277393,-0.003542572318837589,57.22361481874553,-0.0029143361326156025,-0.0001062771695652387
1500,sq_57_47,0.9998669097242988,0.9998819270227656,0.9999427007365976,3.0,13.0,2.999645781068297,12.999255109575769,-0.011807297723442911,-0.005729926340236613,58.063892528736474,-0.0003542189317031763,-0.0007448904242313148
1501,sq_57_48,0.9998669097242988,0.999881927022764,0.9999427007365989,2.0,3.0,1.999763854045528,2.9998281022097966,-0.011807297723598342,-0.005729926340114488,58.98095604754903,-0.00023614595447196685,-0.00017189779020343465
1502,sq_57_49,0.9998669097242988,0.9998819270227663,0.9999427007365984,73.0,125.0,72.99138067266195,124.9928375920748,-0.011807297723365195,-0.005729926340158897,59.97128258933568,-0.00861932733805304,-0.007162407925193293
1503,sq_57_50,0.9998669097242988,0.9998819270227668,0.9999427007365972,28.0,28.0,27.996693956637472,27.99839562062472,-0.011807297723320787,-0.005729926340281022,61.03130555506239,-0.003306043362528044,-0.0016043793752800184
1504,sq_57_53,0.9998669097242988,0.999881927022766,0.9999427007365984,19.0,116.0,18.997756613432554,115.99335328544541,-0.011807297723398502,-0.005729926340158897,64.59411983842105,-0.0022433865674464926,-0.006646714554591426
1505,sq_57_54,0.9998669097242988,0.9998819270227662,0.999942700736598,50.0,191.0,49.99409635113831,190.9890558406902,-0.011807297723376298,-0.005729926340203306,65.89781049801098,-0.005903648861689703,-0.010944159309786983
1506,sq_57_64,0.9998669097242988,0.9998510708577278,0.9999536487557896,11.0,6.0,10.998361779435006,5.999721892534738,-0.014892914227215837,-0.004635124421037418,81.3587389016428,-0.001638220564993631,-0.00027810746526224506
1507,sq_57_65,0.9998669097242988,0.9998577790664556,0.9999519120098268,24.0,24.0,23.996586697594935,23.99884588823584,-0.014222093354443466,-0.004808799017319565,83.093129178654,-0.0034133024050646554,-0.001154111764158472
1508,sq_57_67,0.9998669097242988,0.9998797389082236,0.99994353920187,121.0,108.0,120.98544840789505,107.99390223380196,-0.012026109177643018,-0.0056460798130042456,86.63894958721151,-0.014551592104950828,-0.006097766198038812
1509,sq_57_68,0.9998669097242988,0.9998741304235648,0.9999455600731276,72.0,45.0,71.99093739049667,44.99755020329074,-0.012586957643523355,-0.005443992687237387,88.44729174134117,-0.009062609503331487,-0.002449796709257157
1510,sq_57_69,0.9998669097242988,0.9998819270227672,0.999942700736598,44.0,34.0,43.99480478900176,33.99805182504433,-0.011807297723276378,-0.005729926340203306,90.27736911339635,-0.0051952109982380534,-0.0019481749556717887
1511,sq_57_70,0.9998669097242988,0.999881927022766,0.999942700736598,130.0,224.0,129.98465051295958,223.98716496499793,-0.011807297723398502,-0.005729926340203306,92.12788671725963,-0.015349487040424492,-0.012835035002069617
1512,sq_58_27,0.9998669097242988,1.0548130350991545,0.9209856493258354,16.0,25.0,16.87700856158647,23.024641233145886,5.481303509915447,-7.901435067416463,60.585116813994595,0.8770085615864716,-1.9753587668541144
1513,sq_58_28,0.9998669097242988,1.0667336183161351,0.8845122802425974,6.0,28.0,6.40040170989681,24.76634384679273,6.673361831613511,-11.548771975740257,59.73801102786343,0.40040170989681023,-3.2336561532072707
1514,sq_58_29,0.9998669097242988,0.999881927022764,0.9999427007365989,2.0,3.0,1.999763854045528,2.9998281022097966,-0.011807297723598342,-0.005729926340114488,58.96749956410064,-0.00023614595447196685,-0.00017189779020343465
1515,sq_58_30,0.9998669097242988,0.9998187605902386,0.999969326177651,1.0,3.0,0.9998187605902386,2.9999079785329528,-0.01812394097614467,-0.003067382234900329,58.27661955219699,-0.0001812394097614467,-9.202146704723191e-05
1516,sq_58_45,0.9998669097242988,0.9998685810611896,0.999947591099174,94.0,84.0,93.98764661975181,83.99559765233062,-0.013141893881041256,-0.005240890082602867,58.62210014383804,-0.012353380248185886,-0.004402347669383744
1517,sq_58_46,0.9998669097242988,0.9998789578497764,0.9999437774525488,77.0,60.0,76.99067975443279,59.99662664715293,-0.012104215022357145,-0.005622254745119015,59.35430310033971,-0.009320245567209895,-0.003373352847070521
1518,sq_58_54,0.9998669097242988,0.9998819270227666,0.9999427007365972,52.0,48.0,51.993860205183864,47.99724963535667,-0.011807297723342991,-0.005729926340281022,67.7538536784361,-0.006139794816135691,-0.002750364643333114
1519,sq_58_55,0.9998669097242988,0.999881927022766,0.9999427007365972,6.0,5.0,5.999291562136596,4.999713503682986,-0.011807297723398502,-0.005729926340281022,69.07325412510927,-0.0007084378634036881,-0.0002864963170141621
1520,sq_58_64,0.9998669097242988,0.9998744008645356,0.9999455801145825,40.0,49.0,39.99497603458143,48.99733342561454,-0.012559913546439372,-0.005441988541754483,82.86503031920931,-0.005023965418573084,-0.0026665743854579205
1521,sq_58_65,0.9998669097242988,0.9998731861862789,0.9999458975695612,61.0,55.0,60.99226435736301,54.99702436632587,-0.012681381372114942,-0.005410243043879603,84.56802081464265,-0.00773564263698745,-0.0029756336741328937
1522,sq_58_66,0.9998669097242988,0.9998738807911828,0.999945507465726,61.0,38.0,60.99230672826215,37.99792928369759,-0.012611920881722138,-0.0054492534274031,86.29801778594712,-0.007693271737849727,-0.002070716302412734
1523,sq_58_67,0.9998669097242988,0.9998787419933858,0.9999438512432852,262.0,98.0,261.96823040226707,97.99449742184196,-0.012125800661422215,-0.0056148756714780035,88.05342967116022,-0.0317695977329322,-0.0055025781580440025
1524,sq_58_68,0.9998669097242988,0.9998815695180072,0.9999428107292546,610.0,1125.0,609.9277574059844,1124.9356620704114,-0.011843048199278172,-0.00571892707453836,89.83276683544217,-0.07224259401561994,-0.06433792958864615
1525,sq_58_70,0.9998669097242988,0.9998819270227668,0.9999427007365976,104.0,219.0,103.98772041036774,218.9874514613149,-0.011807297723320787,-0.005729926340236613,93.3691903862253,-0.01227958963225717,-0.012548538685109634
1526,sq_58_71,0.9998669097242988,0.9998819270227676,0.9999427007365976,53.0,92.0,52.993742132206684,91.99472846776698,-0.011807297723243071,-0.005729926340236613,95.30084241288853,-0.006257867793316052,-0.005271532233024345
1527,sq_58_72,0.9998669097242988,0.9998819270227666,0.9999427007365984,76.0,95.0,75.99102645373026,94.99455656997685,-0.011807297723342991,-0.005729926340158897,97.16282353914902,-0.008973546269743338,-0.005443430023149176
1528,sq_58_73,0.9998669097242988,0.9998819270227658,0.999942700736598,50.0,76.0,49.99409635113829,75.99564525598144,-0.011807297723420707,-0.005729926340203306,99.04261301385002,-0.0059036488617110194,-0.004354744018556289
1529,sq_58_74,0.9998669097242988,0.9998819270227666,0.999942700736598,130.0,107.0,129.98465051295966,106.99386897881598,-0.011807297723342991,-0.005729926340203306,100.9392162541319,-0.015349487040339227,-0.006131021184017982
1530,sq_59_28,0.9998669097242988,0.8538146009777323,1.0885160866569294,3.0,7.0,2.561443802933197,7.619612606598507,-14.618539902226768,8.851608665692945,61.86474120808265,-0.43855619706680304,0.6196126065985066
1531,sq_59_30,0.9998669097242988,0.9998393129640968,0.9999625011118576,12.0,8.0,11.99807175556916,7.999700008894861,-0.016068703590321753,-0.003749888814241764,60.45520113860501,-0.0019282444308394986,-0.00029999110513934113
1532,sq_59_31,0.9998669097242988,0.9998819270227648,0.999942700736598,16.0,12.0,15.998110832364237,11.999312408839176,-0.011807297723520627,-0.005729926340203306,59.8691286248337,-0.0018891676357633003,-0.0006875911608243968
1533,sq_59_32,0.9998669097242988,0.9998608326146016,0.9999508514505148,33.0,12.0,32.995407476281855,11.999410217406178,-0.013916738539843099,-0.004914854948523395,59.36541691048814,-0.004592523718145003,-0.0005897825938223633
1534,sq_59_33,0.9998669097242988,0.99984604497984,0.9999542858791928,5.0,4.0,4.9992302248991995,3.999817143516771,-0.015395502016002371,-0.004571412080722759,58.946176493085595,-0.0007697751008004516,-0.00018285648322891035
1535,sq_59_45,0.9998669097242988,0.999837306182923,0.999955702233817,0.0,2.0,0.0,1.999911404467634,-0.01626938170770087,-0.004429776618297687,60.788115395476225,0.0,-8.859553236595374e-05
1536,sq_59_46,0.9998669097242988,0.9998673349939348,0.9999483803844704,47.0,16.0,46.99376474471494,15.999174086151527,-0.013266500606523568,-0.00516196155295745,61.49431563914373,-0.006235255285062635,-0.000825913848473192
1537,sq_59_55,0.9998669097242988,0.9998819270227656,0.9999427007365974,39.0,37.0,38.995395153887856,36.997879927254104,-0.011807297723442911,-0.005729926340258817,70.91790114326179,-0.004604846112144401,-0.0021200727458960955
1538,sq_59_64,0.9998669097242988,0.999881927022766,0.999942700736598,34.0,35.0,33.99598551877404,34.99799452578093,-0.011807297723398502,-0.005729926340203306,84.40502514646138,-0.004014481225958377,-0.0020054742190680486
1539,sq_5_10,0.9998669097242988,0.9998819270227652,0.9999427007365989,11.0,14.0,10.998701197250417,13.999197810312385,-0.011807297723476218,-0.005729926340114488,89.70126611625643,-0.001298802749582606,-0.0008021896876151402
1540,sq_5_11,0.9998669097242988,0.9998807628482608,0.9999431241498336,672.0,304.0,671.9198726340312,303.9827097415494,-0.011923715173922655,-0.005687585016644903,88.70848970320455,-0.08012736596879222,-0.017290258450600504
1541,sq_5_12,0.9998669097242988,0.9998786257687924,0.9999438594027024,387.0,135.0,386.95302817252264,134.99242101936483,-0.012137423120761603,-0.0056140597297638095,87.53579561774725,-0.04697182747736406,-0.007578980635173593
1542,sq_5_14,0.9998669097242988,0.9998815476284614,0.999942821766842,1039.0,1466.0,1038.8769279859714,1465.9161767101905,-0.011845237153862431,-0.005717823315798398,84.54005940744977,-0.12307201402859391,-0.0838232898095157
1543,sq_5_15,0.9998669097242988,0.9998811117372096,0.9999429790713608,972.0,418.0,971.8844406085677,417.9761652518288,-0.011888826279038422,-0.00570209286392398,82.79626043956455,-0.11555939143227079,-0.02383474817122533
1544,sq_5_16,0.9998669097242988,0.999880822290605,0.9999430903563234,785.0,332.0,784.906445498125,331.98110599829937,-0.011917770939495753,-0.005690964367655038,81.34477479925562,-0.09355450187501901,-0.01889400170063027
1545,sq_5_17,0.9998669097242988,0.999878046603529,0.999944140926178,534.0,147.0,533.9348768862844,146.99178871614816,-0.012195339647103065,-0.005585907382199551,80.55866819737709,-0.06512311371557189,-0.00821128385183556
1546,sq_5_19,0.9998669097242988,0.9998494087306616,0.9999499195767648,0.0,3.0,0.0,2.9998497587302944,-0.015059126933836264,-0.005008042323517703,76.55768931379967,0.0,-0.0001502412697056421
1547,sq_5_30,0.9998669097242988,0.9998755374590964,0.9999450451875176,373.0,88.0,372.95357547224296,87.99516397650154,-0.012446254090359155,-0.005495481248241063,67.29506987719013,-0.04642452775703987,-0.004836023498455688
1548,sq_5_31,0.9998669097242988,0.999877631421698,0.999944270602661,637.0,261.0,636.9220512156217,260.98545462729453,-0.01223685783019457,-0.00557293973389994,66.95158858767692,-0.07794878437834996,-0.014545372705470072
1549,sq_5_32,0.9998669097242988,0.999879820473566,0.9999434635714516,625.0,239.0,624.9248877959787,238.98648779357694,-0.012017952643395002,-0.00565364285484149,66.49409709942802,-0.07511220402125218,-0.013512206423058615
1550,sq_5_33,0.9998669097242988,0.9998804875364076,0.9999431964809674,752.0,377.0,751.9101266273785,376.9785850733247,-0.01195124635924305,-0.0056803519032588845,66.11388318838576,-0.08987337262146866,-0.021414926675277002
1551,sq_5_34,0.9998669097242988,0.9998817087991512,0.9999427707232248,986.0,856.0,985.883364875963,855.9510117390804,-0.011829120084883016,-0.005722927677520584,65.8122853859259,-0.11663512403697496,-0.04898826091960018
1552,sq_5_35,0.9998669097242988,0.9998793572511064,0.9999431409160616,574.0,281.0,573.9307510621351,280.98402259741334,-0.012064274889356241,-0.0056859083938376465,65.59038737419553,-0.06924893786492703,-0.015977402586656808
1553,sq_5_36,0.9998669097242988,0.9997912202841508,0.999986415574244,269.0,52.0,268.94383825643655,51.999293609860686,-0.02087797158492055,-0.0013584425756052454,65.448999028617,-0.05616174356345027,-0.0007063901393138394
1554,sq_5_37,0.9998669097242988,0.9982432815231832,1.001176773227701,706.0,1191.0,704.7597567553673,1192.4015369141919,-0.17567184768167987,0.11767732277010445,65.38864186756344,-1.2402432446326657,1.4015369141918654
1555,sq_5_38,0.9998669097242988,0.9998791295434688,0.9999437495389336,3046.0,1759.0,3045.631828589406,1758.9010554389843,-0.012087045653119688,-0.00562504610663872,65.09346212820827,-0.36817141059418645,-0.09894456101574178
1556,sq_5_39,0.9998669097242988,0.9998816875852908,0.999942767116022,357.0,631.0,356.95776246794884,630.9638860502099,-0.01183124147091652,-0.0057232883977964555,65.19111690528038,-0.04223753205116054,-0.03611394979009219
1557,sq_60_30,0.9998669097242988,0.999881927022763,0.9999427007365992,0.0,1.0,0.0,0.9999427007365992,-0.011807297723698262,-0.005729926340081182,62.63956981298921,0.0,-5.729926340081182e-05
1558,sq_60_31,0.9998669097242988,0.9998819270227668,0.999942700736597,35.0,29.0,34.99586744579684,28.998338321361313,-0.011807297723320787,-0.005729926340303226,62.074290226078595,-0.004132554203160055,-0.0016616786386869364
1559,sq_60_33,0.9998669097242988,0.9998724799913437,0.9999462384984222,117.0,87.0,116.9850801589872,86.99532274936273,-0.01275200086563455,-0.0053761501577764825,61.184870307054844,-0.014919841012797974,-0.004677250637271868
1560,sq_60_34,0.9998669097242988,0.999881546764659,0.99994281096387,110.0,481.0,109.98697014411249,480.9724920736215,-0.011845323534098728,-0.005718903612994541,60.86425212466296,-0.013029855887509711,-0.027507926378518732
1561,sq_60_35,0.9998669097242988,0.9998819270227656,0.9999427007365989,74.0,44.0,73.99126259968465,43.99747883241035,-0.011807297723442911,-0.005729926340114488,60.628223533599964,-0.008737400315354193,-0.0025211675896485986
1562,sq_60_36,0.9998669097242988,0.9998819270227668,0.9999427007365982,28.0,12.0,27.996693956637472,11.999312408839177,-0.011807297723320787,-0.005729926340181102,60.47777413726542,-0.003306043362528044,-0.0006875911608226204
1563,sq_60_37,0.9998669097242988,0.999881927022766,0.9999427007365972,13.0,2.0,12.998465051295959,1.9998854014731944,-0.011807297723398502,-0.005729926340281022,60.41354253813259,-0.0015349487040410281,-0.00011459852680562044
1564,sq_60_38,0.9998669097242988,0.9998819270227668,0.9999427007365984,90.0,85.0,89.989373432049,84.99512956261087,-0.011807297723320787,-0.005729926340158897,60.43580291079421,-0.010626567950993149,-0.004870437389129734
1565,sq_60_39,0.9998669097242988,0.9998819270227652,0.999942700736598,17.0,6.0,16.99799275938701,5.999656204419588,-0.011807297723476218,-0.005729926340203306,60.54445916654769,-0.002007240612989847,-0.0003437955804121984
1566,sq_60_40,0.9998669097242988,0.999881927022766,0.999942700736598,18.0,13.0,17.997874686409787,12.999255109575774,-0.011807297723398502,-0.005729926340203306,60.739046996490984,-0.0021253135902128406,-0.0007448904242259857
1567,sq_60_41,0.9998669097242988,0.999881927022766,0.999942700736598,44.0,32.0,43.994804789001705,31.998166423571135,-0.011807297723398502,-0.005729926340203306,61.018743692406346,-0.005195210998294897,-0.001833576428865058
1568,sq_60_42,0.9998669097242988,0.9998816091259228,0.9999427638927764,135.0,453.0,134.9840172319996,452.97407204342767,-0.011839087407716775,-0.0057236107223634924,61.3823852658202,-0.01598276800041276,-0.025927956572331823
1569,sq_60_43,0.9998669097242988,0.9998775675664529,0.999944235794212,88.0,32.0,87.98922594584785,31.998215545414784,-0.012243243354714828,-0.0055764205788011445,61.82849004831908,-0.010774054152150825,-0.0017844545852163662
1570,sq_60_44,0.9998669097242988,0.999881927022767,0.9999427007365972,53.0,25.0,52.99374213220665,24.99856751841493,-0.011807297723298582,-0.005729926340281022,62.355287687692886,-0.006257867793351579,-0.0014324815850699224
1571,sq_60_45,0.9998669097242988,0.9998773023204932,0.9999446834325822,49.0,58.0,48.993987813704166,57.99679163908977,-0.012269767950678911,-0.005531656741775137,62.96075227301717,-0.006012186295833999,-0.0032083609102286914
1572,sq_60_55,0.9998669097242988,0.9998819270227663,0.999942700736598,18.0,26.0,17.997874686409794,25.998510219151548,-0.011807297723365195,-0.005729926340203306,72.78598645531136,-0.002125313590205735,-0.0014897808484519715
1573,sq_60_64,0.9998669097242988,0.9998819270227652,0.9999427007365976,277.0,586.0,276.96729378530597,585.9664226316462,-0.011807297723476218,-0.005729926340236613,85.76616859405279,-0.03270621469403068,-0.03357736835380365
1574,sq_61_34,0.9998669097242988,0.999881927022765,0.9999427007365984,24.0,11.0,23.99716624854636,10.999369708102583,-0.011807297723498422,-0.005729926340158897,63.11586828813778,-0.0028337514536396213,-0.0006302918974174787
1575,sq_61_35,0.9998669097242988,0.9998819270227642,0.9999427007365966,1.0,0.0,0.9998819270227642,0.0,-0.011807297723576138,-0.005729926340336533,62.88835382386333,-0.00011807297723576138,0.0
1576,sq_61_41,0.9998669097242988,0.999881927022765,0.999942700736598,1.0,5.0,0.999881927022765,4.99971350368299,-0.011807297723498422,-0.005729926340203306,63.264775341399904,-0.00011807297723498422,-0.0002864963170097212
1577,sq_61_43,0.9998669097242988,0.9998819270227658,0.9999427007365976,2.0,2.0,1.9997638540455316,1.9998854014731953,-0.011807297723420707,-0.005729926340236613,64.04588473815016,-0.00023614595446841413,-0.00011459852680473226
1578,sq_61_44,0.9998669097242988,0.999881927022766,0.9999427007365976,24.0,19.0,23.997166248546385,18.998911313995354,-0.011807297723398502,-0.005729926340236613,64.55443100273132,-0.0028337514536147523,-0.0010886860046461777
1579,sq_61_45,0.9998669097242988,0.9998819270227663,0.9999427007365976,65.0,34.0,64.99232525647982,33.99805182504432,-0.011807297723365195,-0.005729926340236613,65.13927630355218,-0.007674743520183824,-0.001948174955678894
1580,sq_61_55,0.9998669097242988,0.9998819270227652,0.9999427007365982,29.0,17.0,28.996575883660192,16.999025912522168,-0.011807297723476218,-0.005729926340181102,74.67568836484031,-0.003424116339807881,-0.0009740874778323416
1581,sq_62_43,0.9998669097242988,0.9998819270227643,0.9999427007365976,1.0,1.0,0.9998819270227643,0.9999427007365976,-0.011807297723565036,-0.005729926340236613,66.26603076460094,-0.00011807297723565036,-5.729926340236613e-05
1582,sq_62_44,0.9998669097242988,0.9998797572412276,0.9999435331736573,168.0,70.0,167.97979921652623,69.996047322156,-0.01202427587724264,-0.005646682634274924,66.75751277424473,-0.020200783473768524,-0.003952677843997776
1583,sq_62_45,0.9998669097242988,0.999881222810984,0.9999428806455674,215.0,877.0,214.97446290436156,876.9499063261626,-0.011877718901598389,-0.0057119354432644265,67.32304641173263,-0.025537095638441087,-0.05009367383740937
1584,sq_62_54,0.9998669097242988,0.9998819270227662,0.9999427007365984,36.0,47.0,35.99574937281958,46.99730693462013,-0.011807297723376298,-0.005729926340158897,75.39898135889547,-0.004250627180418576,-0.0026930653798729054
1585,sq_62_55,0.9998669097242988,0.9998819270227643,0.999942700736599,9.0,6.0,8.99893734320488,5.999656204419594,-0.011807297723565036,-0.005729926340103386,76.58534560634655,-0.0010626567951206312,-0.00034379558040598113
1586,sq_63_45,0.9998669097242988,0.9998757366302384,0.9999443165217868,54.0,45.0,53.993289778032874,44.99749424348041,-0.012426336976156804,-0.005568347821316433,69.51150080190831,-0.0067102219671255625,-0.002505756519589397
1587,sq_63_46,0.9998669097242988,0.9998693821498535,0.999947457758831,104.0,33.0,103.98641574358477,32.99826610604142,-0.013061785014645277,-0.005254224116901796,70.12914715154379,-0.013584256415228424,-0.001733893958579813
1588,sq_63_53,0.9998669097242988,0.9998819270227662,0.999942700736598,13.0,14.0,12.99846505129596,13.99919781031237,-0.011807297723376298,-0.005729926340203306,76.25154783058352,-0.0015349487040392518,-0.0008021896876293511
1589,sq_63_54,0.9998669097242988,0.9998819270227662,0.9999427007365984,5.0,1.0,4.999409635113831,0.9999427007365984,-0.011807297723376298,-0.005729926340158897,77.35701096412598,-0.000590364886169148,-5.7299263401588973e-05
1590,sq_64_46,0.9998669097242988,0.9998496018566388,0.9999538198014996,12.0,7.0,11.998195222279666,6.999676738610497,-0.015039814336115231,-0.004618019850044508,72.30287755251872,-0.0018047777203342719,-0.0003232613895027825
1591,sq_64_47,0.9998669097242988,0.9998745424688966,0.9999458726972408,67.0,58.0,66.99159434541608,57.99686061643997,-0.012545753110337898,-0.005412730275922151,72.96827893098487,-0.008405654583924616,-0.003139383560032627
1592,sq_64_48,0.9998669097242988,0.999857717561843,0.9999508320948084,13.0,16.0,12.998150328303959,15.999213313516934,-0.014228243815694874,-0.004916790519160497,73.69854333386948,-0.0018496716960409998,-0.0007866864830656795
1593,sq_64_51,0.9998669097242988,0.999881927022766,0.9999427007365972,21.0,12.0,20.997520467478086,11.999312408839167,-0.011807297723398502,-0.005729926340281022,76.25905313019476,-0.0024795325219137965,-0.0006875911608332785
1594,sq_64_52,0.9998669097242988,0.9998819270227652,0.9999427007365984,1.0,3.0,0.9998819270227652,2.9998281022097952,-0.011807297723476218,-0.005729926340158897,77.22898496578499,-0.00011807297723476218,-0.00017189779020476692
1595,sq_64_53,0.9998669097242988,0.9998819270227668,0.9999427007365974,26.0,18.0,25.996930102591936,17.998968613258754,-0.011807297723320787,-0.005729926340258817,78.25363142423804,-0.0030698974080642927,-0.001031386741246365
1596,sq_64_54,0.9998669097242988,0.999881927022766,0.9999427007365976,27.0,24.0,26.99681202961468,23.998624817678344,-0.011807297723398502,-0.005729926340236613,79.02093413630581,-0.003187970385319261,-0.001375182321655899
1597,sq_64_55,0.9998669097242988,0.9998819270227646,0.999942700736598,5.0,12.0,4.999409635113823,11.999312408839176,-0.011807297723542831,-0.005729926340203306,79.94161194656158,-0.0005903648861771416,-0.0006875911608243968
1598,sq_65_48,0.9998669097242988,0.9998727343592608,0.9999462626143087,60.0,35.0,59.99236406155565,34.998119191500805,-0.012726564073917146,-0.005373738569125486,75.83660726507972,-0.007635938444352064,-0.0018808084991945861
1599,sq_65_49,0.9998669097242988,0.999881047292434,0.9999429833118716,139.0,392.0,138.98346557364832,391.97764945825367,-0.011895270756601128,-0.005701668812840843,76.60745451124122,-0.016534426351682896,-0.02235054174633433
1600,sq_65_50,0.9998669097242988,0.9998723576238118,0.9999464022296588,77.0,54.0,76.9901715370335,53.99710572040158,-0.01276423761882306,-0.005359777034119606,77.4380518513003,-0.009828462966495977,-0.0028942795984221448
1601,sq_65_51,0.9998669097242988,0.9998504962849376,0.9999540581348432,24.0,12.0,23.996411910838503,11.999448697618117,-0.014950371506239346,-0.004594186515682885,78.32649828890952,-0.003588089161496555,-0.0005513023818828344
1602,sq_65_52,0.9998669097242988,0.9998819270227663,0.9999427007365984,36.0,18.0,35.99574937281959,17.99896861325877,-0.011807297723365195,-0.005729926340158897,79.27084860965087,-0.00425062718041147,-0.0010313867412286015
1603,sq_65_53,0.9998669097242988,0.9998819270227666,0.9999427007365966,4.0,10.0,3.9995277080910663,9.999427007365966,-0.011807297723342991,-0.005729926340336533,80.26912960604075,-0.00047229190893371964,-0.0005729926340336533
1604,sq_66_48,0.9998669097242988,0.9998219495345554,0.9999623322005532,2.0,0.0,1.9996438990691108,0.0,-0.017805046544461245,-0.003766779944680554,77.98119950625797,-0.0003561009308892249,0.0
1605,sq_66_49,0.9998669097242988,0.9998666414871952,0.9999489931717894,58.0,41.0,57.99226520625732,40.99790872004337,-0.013335851280482647,-0.005100682821057578,78.73082102450884,-0.007734793742677937,-0.0020912799566303875
1606,sq_66_51,0.9998669097242988,0.9998610607373742,0.99995126638093,19.0,15.0,18.99736015401011,14.999268995713951,-0.013893926262575906,-0.004873361906998497,80.40396881602496,-0.0026398459898899773,-0.0007310042860488863
1607,sq_67_47,0.9998669097242988,0.9998706945931036,0.9999469845618102,98.0,47.0,97.98732807012415,46.99750827440508,-0.012930540689637393,-0.005301543818980736,79.46124515942472,-0.012671929875850196,-0.0024917255949219452
1608,sq_67_48,0.9998669097242988,0.9998578617211286,0.999952522389158,7.0,22.0,6.9990050320479,21.998955492561475,-0.014213827887143982,-0.004747761084200608,80.13173750035016,-0.0009949679521001897,-0.001044507438525244
1609,sq_67_51,0.9998669097242988,0.9998819270227642,0.9999427007365966,1.0,0.0,0.9998819270227642,0.0,-0.011807297723576138,-0.005729926340336533,82.2858592219327,-0.00011807297723576138,0.0
1610,sq_68_45,0.9998669097242988,0.999789564477364,0.9999856757465372,0.0,0.0,0.0,0.0,-0.021043552263599885,-0.0014324253462816294,80.50860482957033,0.0,0.0
1611,sq_68_46,0.9998669097242988,0.9997884398929958,0.9999820894304507,1.0,2.0,0.9997884398929958,1.9999641788609015,-0.021156010700418282,-0.0017910569549250965,81.04165212220808,-0.00021156010700418282,-3.582113909850193e-05
1612,sq_68_47,0.9998669097242988,0.9998665600975112,0.9999491675979636,111.0,90.0,110.98518817082375,89.99542508381673,-0.013343990248881887,-0.005083240203640482,81.63511909047457,-0.0148118291762529,-0.004574916183273103
1613,sq_68_48,0.9998669097242988,0.9998245716310592,0.999961025325613,0.0,0.0,0.0,0.0,-0.017542836894079983,-0.0038974674386960118,82.28769822108876,0.0,0.0
1614,sq_69_45,0.9998669097242988,0.999870195197252,0.999948079462162,71.0,38.0,70.99078385900489,37.99802701956216,-0.012980480274804584,-0.005192053783797945,82.71655487901779,-0.00921614099510748,-0.001972980437841443
1615,sq_6_10,0.9998669097242988,0.999881825726266,0.9999427248178412,1040.0,1795.0,1039.8770987553166,1794.897191048025,-0.011817427373395084,-0.005727518215881133,88.84965302547025,-0.12290124468336217,-0.10280895197502105
1616,sq_6_11,0.9998669097242988,0.9998798817644172,0.9999434491254108,602.0,221.0,601.9276888221792,220.98750225671577,-0.01201182355827779,-0.005655087458922292,87.4006865677193,-0.07231117782077945,-0.01249774328422859
1617,sq_6_12,0.9998669097242988,0.9998700697295476,0.9999471072623316,237.0,71.0,236.9692065259028,70.99624461562554,-0.012993027045238303,-0.005289273766839742,85.82112576934864,-0.030793474097208673,-0.003755384374457549
1618,sq_6_16,0.9998669097242988,0.999881047650288,0.9999430101971716,475.0,247.0,474.9434976338868,246.98592351870138,-0.01189523497120426,-0.005698980282842214,79.85683699788359,-0.05650236611319315,-0.014076481298616272
1619,sq_6_17,0.9998669097242988,0.9998818599382496,0.9999427195160828,2453.0,2398.0,2452.7102024285264,2397.8626413995667,-0.01181400617503714,-0.005728048391717699,78.45666928676992,-0.2897975714736276,-0.1373586004333447
1620,sq_6_19,0.9998669097242988,0.9998788638706652,0.9999438291237576,704.0,213.0,703.9147201649482,212.98803560336037,-0.01211361293348423,-0.0056170876242434,75.63175849706498,-0.08527983505177872,-0.011964396639626784
1621,sq_6_20,0.9998669097242988,0.9998761143640632,0.9999448078512264,306.0,112.0,305.96209099540334,111.99381847933736,-0.012388563593679347,-0.005519214877358625,74.42449717551327,-0.03790900459665636,-0.006181520662636331
1622,sq_6_22,0.9998669097242988,0.9998819270227656,0.9999427007365976,484.0,166.0,483.94285267901853,165.9904883222752,-0.011807297723442911,-0.005729926340236613,71.64349618017681,-0.05714732098147124,-0.009511677724788115
1623,sq_6_25,0.9998669097242988,0.9998807236919942,0.9999431395831704,631.0,315.0,630.9247366496484,314.9820889686987,-0.011927630800578903,-0.005686041682961829,68.95166249557447,-0.07526335035163356,-0.017911031301309777
1624,sq_6_26,0.9998669097242988,0.9998809107215776,0.9999430728074142,614.0,155.0,613.9268791830486,154.9911762851492,-0.01190892784224129,-0.005692719258576506,67.81485467420053,-0.0731208169513593,-0.008823714850791475
1625,sq_6_29,0.9998669097242988,0.999873630716968,0.99994554188495,102.0,50.0,101.98711033313073,49.9972770942475,-0.012636928303200179,-0.005445811505000453,65.67468378872603,-0.0128896668692704,-0.0027229057524991163
1626,sq_6_30,0.9998669097242988,0.9998789168164608,0.9999438205087864,527.0,162.0,526.9361891622748,161.99089892242338,-0.012108318353920566,-0.005617949121361487,65.2525895407471,-0.06381083772521379,-0.00910107757661649
1627,sq_6_31,0.9998669097242988,0.9998803231184964,0.9999432814033808,915.0,308.0,914.8904956534242,307.9825306722413,-0.011967688150360534,-0.005671859661915413,64.70117208840823,-0.10950434657581809,-0.017469327758703912
1628,sq_6_33,0.9998669097242988,0.9998811660826408,0.9999429556398548,261.0,426.0,260.96898434756923,425.9756991025781,-0.011883391735922899,-0.005704436014519754,63.83421747015413,-0.031015652430767204,-0.024300897421881018
1629,sq_6_35,0.9998669097242988,1.0001782344525438,0.9997919189043822,661.0,270.0,661.1178129731314,269.9438181041832,0.017823445254383508,-0.020808109561776256,63.292046536338844,0.11781297313143568,-0.056181895816791894
1630,sq_6_37,0.9998669097242988,1.0039149940337135,0.9960546286860436,481.0,224.0,482.8831121302162,223.11623682567375,0.3914994033713537,-0.3945371313956447,63.083027419664035,1.8831121302162046,-0.8837631743262477
1631,sq_6_38,0.9998669097242988,0.9998816308352076,0.9999428043946872,2523.0,1163.0,2522.701354597229,1162.9334815110212,-0.011836916479235349,-0.005719560531280976,63.10468855208027,-0.2986454027709442,-0.06651848897877244
1632,sq_70_40,0.9998669097242988,0.9998819270227656,0.9999427007365989,6.0,6.0,5.999291562136594,5.999656204419593,-0.011807297723442911,-0.005729926340114488,83.29821633539987,-0.0007084378634063526,-0.0003437955804068693
1633,sq_70_42,0.9998669097242988,0.9998819270227656,0.9999427007365976,31.0,19.0,30.996339737705732,18.998911313995354,-0.011807297723442911,-0.005729926340236613,83.76696160966758,-0.0036602622942680796,-0.0010886860046461777
1634,sq_70_43,0.9998669097242988,0.9998819270227668,0.999942700736598,22.0,14.0,21.99740239450087,13.99919781031237,-0.011807297723320787,-0.005729926340203306,84.09336666344986,-0.002597605499129685,-0.0008021896876293511
1635,sq_70_44,0.9998669097242988,0.9976799403817462,0.9979275252209012,50.0,351.0,49.88399701908731,350.27256135253634,-0.2320059618253767,-0.20724747790987763,84.48022251182452,-0.11600298091268968,-0.7274386474636572
1636,sq_70_45,0.9998669097242988,0.9998819270227658,0.9999427007365976,10.0,4.0,9.998819270227658,3.9997708029463905,-0.011807297723420707,-0.005729926340236613,84.92670273378629,-0.0011807297723418486,-0.00022919705360946452
1637,sq_71_39,0.9998669097242988,0.9998819270227648,0.9999427007365984,1.0,2.0,0.9998819270227648,1.9998854014731968,-0.011807297723520627,-0.005729926340158897,84.96867128413572,-0.00011807297723520627,-0.00011459852680317795
1638,sq_71_40,0.9998669097242988,0.9998819270227656,0.9999427007365972,40.0,21.0,39.995277080910626,20.99879671546854,-0.011807297723442911,-0.005729926340281022,85.55297250688847,-0.0047229190893745,-0.0012032845314600138
1639,sq_71_43,0.9998669097242988,0.999881927022766,0.999942700736598,22.0,10.0,21.997402394500853,9.99942700736598,-0.011807297723398502,-0.005729926340203306,86.32710651728102,-0.0025976054991474484,-0.0005729926340194424
1640,sq_71_44,0.9998669097242988,1.0214090431435892,0.9492305552296532,19.0,12.0,19.406771819728196,11.390766662755837,2.1409043143589157,-5.076944477034684,86.70387696715585,0.40677181972819554,-0.609233337244163
1641,sq_72_39,0.9998669097242988,0.999881927022763,0.9999427007365992,0.0,1.0,0.0,0.9999427007365992,-0.011807297723698262,-0.005729926340081182,87.67342812117747,0.0,-5.729926340081182e-05
1642,sq_72_41,0.9998669097242988,0.9998819270227668,0.9999427007365967,23.0,7.0,22.997284321523637,6.999598905156177,-0.011807297723320787,-0.005729926340325431,88.00031489867195,-0.002715678476363337,-0.00040109484382266913
1643,sq_72_42,0.9998669097242988,0.9998819270227652,0.999942700736598,12.0,2.0,11.998583124273182,1.999885401473196,-0.011807297723476218,-0.005729926340203306,88.25187669995097,-0.0014168757268180343,-0.00011459852680406613
1644,sq_72_43,0.9998669097242988,0.9998819270227656,0.999942700736598,11.0,5.0,10.998701197250421,4.99971350368299,-0.011807297723442911,-0.005729926340203306,88.56155510599592,-0.0012988027495790533,-0.0002864963170097212
1645,sq_72_44,0.9998669097242988,1.0066460153822845,0.989702263210309,22.0,18.0,22.14621233841026,17.81464073778556,0.6646015382284487,-1.0297736789691037,88.92874263461829,0.14621233841025827,-0.18535926221444043
1646,sq_73_39,0.9998669097242988,0.9998819270227656,0.9999427007365982,32.0,49.0,31.9962216647285,48.99719233609331,-0.011807297723442911,-0.005729926340181102,89.93084370426368,-0.0037783352715017315,-0.0028076639066867415
1647,sq_73_40,0.9998669097242988,0.9998819270227663,0.999942700736598,53.0,20.0,52.99374213220662,19.99885401473196,-0.011807297723365195,-0.005729926340203306,90.06138258969227,-0.006257867793380001,-0.001145985268038885
1648,sq_73_41,0.9998669097242988,0.9998819270227652,0.9999427007365984,7.0,3.0,6.999173489159356,2.9998281022097952,-0.011807297723476218,-0.005729926340158897,90.24944647325923,-0.0008265108406435573,-0.00017189779020476692
1649,sq_73_44,0.9998669097242988,1.0022179041935873,0.9979386373841606,13.0,7.0,13.028832754516634,6.985570461689123,0.221790419358725,-0.2061362615839446,91.15467953453552,0.028832754516633585,-0.014429538310876566
1650,sq_74_44,0.9998669097242988,1.0004206015710526,0.999492208318335,4.0,1.0,4.0016824062842105,0.999492208318335,0.04206015710526145,-0.05077916816650374,92.97968436106338,0.0016824062842104581,-0.0005077916816650374
1651,sq_75_44,0.9998669097242988,0.999072395762861,1.0009137217840705,10.0,11.0,9.99072395762861,11.010050939624776,-0.09276042371390014,0.09137217840704537,95.20943324221999,-0.009276042371389792,0.010050939624775879
1652,sq_76_44,0.9998669097242988,0.9963200930224064,1.0019161055748027,11.0,2.0,10.95952102324647,2.0038322111496054,-0.3679906977593572,0.19161055748027067,97.36961889962157,-0.04047897675352985,0.0038322111496054134
1653,sq_76_45,0.9998669097242988,0.9917133541770412,1.0048591962102198,4.0,6.0,3.966853416708165,6.029155177261319,-0.8286645822958794,0.4859196210219796,98.22275991130094,-0.033146583291835174,0.029155177261318777
1654,sq_77_45,0.9998669097242988,0.9695936019742204,1.009778651112247,7.0,2.0,6.787155213819543,2.019557302224494,-3.04063980257796,0.9778651112247072,100.44316220688529,-0.2128447861804572,0.019557302224494144
1655,sq_78_44,0.9998669097242988,1.7057822826461555,0.5323413946429228,0.0,0.0,0.0,0.0,70.57822826461555,-46.765860535707716,102.16283064430928,0.0,0.0
1656,sq_78_45,0.9998669097242988,0.9259413384251336,0.9903293006694592,0.0,0.0,0.0,0.0,-7.40586615748664,-0.9670699330540766,102.22471757883933,0.0,0.0
1657,sq_7_10,0.9998669097242988,0.9998819270227656,0.9999427007365976,8.0,11.0,7.999055416182125,10.999369708102574,-0.011807297723442911,-0.005729926340236613,87.36992360264085,-0.0009445838178754329,-0.0006302918974263605
1658,sq_7_12,0.9998669097242988,0.9998791951125808,0.9999434994393568,144.0,151.0,143.98260409621165,150.99146841534287,-0.012080488741916806,-0.0056500560643213404,84.13520252700134,-0.01739590378835487,-0.008531584657134772
1659,sq_7_13,0.9998669097242988,0.9998766414839502,0.99994453117176,281.0,222.0,280.96533625699,221.9876859201307,-0.012335851604983183,-0.005546882824003507,82.55803415774804,-0.034663743010014514,-0.012314079869298666
1660,sq_7_14,0.9998669097242988,0.9998758874724828,0.999944903074253,159.0,104.0,158.98026610812477,103.99426991972231,-0.012411252751720614,-0.0055096925747011305,81.01575847023992,-0.019733891875233667,-0.005730080277686511
1661,sq_7_15,0.9998669097242988,0.9998728061471224,0.9999459619226984,142.0,86.0,141.9819384728914,85.99535272535206,-0.01271938528776273,-0.005403807730164356,79.51040470041501,-0.018061527108613973,-0.004647274647936683
1662,sq_7_16,0.9998669097242988,0.9998774513805456,0.999944236132418,204.0,114.0,203.9750000816313,113.99364291909565,-0.012254861945437678,-0.00557638675819927,78.04410814272562,-0.02499991836870663,-0.0063570809043511645
1663,sq_7_17,0.9998669097242988,0.9998810532798036,0.999942997753446,587.0,415.0,586.9301782752447,414.9763440676801,-0.011894672019641117,-0.005700224655402764,76.43485091520799,-0.06982172475534298,-0.0236559323199117
1664,sq_7_18,0.9998669097242988,0.99988085391361,0.9999430721787956,678.0,384.0,677.9192189534276,383.97813971665755,-0.011914608638996516,-0.005692782120436668,75.01128124556426,-0.08078104657238327,-0.021860283342448383
1665,sq_7_19,0.9998669097242988,0.9998816053930212,0.999942810817101,2415.0,1158.0,2414.7140770241463,1157.933774926203,-0.01183946069788222,-0.005718918289898678,73.90249103222226,-0.2859229758537367,-0.06622507379711351
1666,sq_7_20,0.9998669097242988,0.9998809879568475,0.9999429754825716,670.0,798.0,669.9202619310879,797.9544944350921,-0.01190120431524555,-0.005702451742839454,72.36538572982317,-0.07973806891209279,-0.04550556490789859
1667,sq_7_21,0.9998669097242988,0.9998792078831198,0.9999436623535372,482.0,311.0,481.94177819966376,310.9824789919501,-0.012079211688020841,-0.0056337646462845115,71.14305061491856,-0.05822180033624136,-0.017521008049925513
1668,sq_7_22,0.9998669097242988,0.9998816003874588,0.9999428024722306,2704.0,2239.0,2703.6798474476886,2238.8719347353244,-0.011839961254123121,-0.005719752776944809,70.1990758414096,-0.320152552311356,-0.12806526467556978
1669,sq_7_23,0.9998669097242988,0.9998817134166962,0.9999427554010156,1596.0,1877.0,1595.811214613047,1876.8925518877063,-0.011828658330381714,-0.005724459898437395,69.07440014203705,-0.1887853869529863,-0.10744811229369589
1670,sq_7_24,0.9998669097242988,0.9998811301081324,0.9999429730837492,1041.0,701.0,1040.8762564425658,700.9600241317082,-0.011886989186760122,-0.005702691625075751,68.00927072602869,-0.12374355743418164,-0.03997586829177635
1671,sq_7_25,0.9998669097242988,0.9998810381711584,0.99994296907723,1168.0,1008.0,1167.861052583913,1007.9425128298478,-0.011896182884163498,-0.0057030922769985,67.00652614715027,-0.1389474160869213,-0.05748717015217153
1672,sq_7_26,0.9998669097242988,0.9998798278171208,0.9999433914319074,672.0,353.0,671.9192442931052,352.9800171754633,-0.012017218287918574,-0.005660856809264203,66.0690058400802,-0.08075570689481992,-0.01998282453672573
1673,sq_7_27,0.9998669097242988,0.9998780446559264,0.9999441192300808,372.0,152.0,371.9546326120046,151.99150612297228,-0.012195534407355435,-0.005588076991924762,65.14636667550313,-0.04536738799538398,-0.008493877027717645
1674,sq_7_28,0.9998669097242988,0.9998813964198868,0.9999428699009348,933.0,393.0,932.8893428597544,392.9775478710674,-0.011860358011317462,-0.005713009906516131,64.29693888665277,-0.11065714024562112,-0.022452128932627602
1675,sq_7_29,0.9998669097242988,0.999875263656711,0.9999442268701229,33.0,84.0,32.99588370067146,83.99531505709032,-0.01247363432890225,-0.005577312987714578,63.67559311471158,-0.004116299328536854,-0.004684942909676693
1676,sq_7_30,0.9998669097242988,0.9998801338732036,0.9999433463329512,785.0,363.0,784.9059050904649,362.9794347188613,-0.01198661267963752,-0.0056653667048767176,63.02634485047935,-0.09409490953510158,-0.020565281138715363
1677,sq_7_31,0.9998669097242988,0.9998806327689362,0.9999431055449238,664.0,772.0,663.9207401585736,771.9560774806812,-0.011936723106376057,-0.005689445507617297,62.45545460965239,-0.07925984142639209,-0.04392251931881219
1678,sq_7_32,0.9998669097242988,0.9998801421197568,0.9999433621617616,697.0,330.0,696.9164590574705,329.98130951338135,-0.011985788024315713,-0.005663783823839363,61.96508722700964,-0.08354094252945288,-0.018690486618652358
1679,sq_7_33,0.9998669097242988,0.9998712031437792,0.9999484651707078,1298.0,586.0,1297.8328216806253,585.9698005900348,-0.012879685622080306,-0.0051534829292210205,61.55716614812754,-0.16717831937467054,-0.030199409965234736
1680,sq_7_34,0.9998669097242988,1.0000138620498416,0.9998778331541676,1838.0,559.0,1838.0254784476087,558.9317087331797,0.0013862049841550927,-0.012216684583243875,61.23333820614286,0.025478447608747956,-0.06829126682032438
1681,sq_7_35,0.9998669097242988,1.013584199954627,0.9917983458168784,328.0,218.0,332.45561758511764,216.2120393880795,1.3584199954626897,-0.8201654183121576,60.99494192706544,4.455617585117636,-1.7879606119205107
1682,sq_7_36,0.9998669097242988,1.0000915820605805,0.9997798882312204,300.0,196.0,300.02747461817415,195.9568580933192,0.009158206058046403,-0.022011176877956284,60.8429807116456,0.02747461817415342,-0.04314190668080187
1683,sq_7_37,0.9998669097242988,0.9998819270227668,0.999942700736598,524.0,144.0,523.9381297599298,143.99174890607011,-0.011807297723320787,-0.005729926340203306,60.77810210360287,-0.06187024007022046,-0.008251093929885656
1684,sq_7_38,0.9998669097242988,0.9998792230586906,0.9999436857455124,704.0,169.0,703.9149730333181,168.9904828909916,-0.012077694130940841,-0.005631425448759941,60.800584121472575,-0.08502696668188037,-0.009517109008413627
1685,sq_7_39,0.9998669097242988,0.9998799686608184,0.9999434340211109,984.0,192.0,983.8818891622453,191.9891393320533,-0.012003133918159214,-0.005656597888914483,60.91032931791738,-0.11811083775467068,-0.010860667946701597
1686,sq_7_47,0.9998669097242988,0.9998790922471176,0.9999443081950866,310.0,120.0,309.96251859660646,119.9933169834104,-0.01209077528824265,-0.005569180491338255,65.09652306040559,-0.03748140339354222,-0.0066830165896050175
1687,sq_7_9,0.9998669097242988,0.9998819270227663,0.999942700736598,18.0,32.0,17.997874686409794,31.998166423571135,-0.011807297723365195,-0.005729926340203306,88.50864919535623,-0.002125313590205735,-0.001833576428865058
1688,sq_8_13,0.9998669097242988,0.9998782745430104,0.999943979382798,164.0,109.0,163.9800370250537,108.99389375272499,-0.012172545698962978,-0.005602061720200169,80.87077968374993,-0.01996297494630994,-0.006106247275013743
1689,sq_8_14,0.9998669097242988,0.9998819270227668,0.9999427007365984,89.0,45.0,88.98949150502625,44.99742153314693,-0.011807297723320787,-0.005729926340158897,79.29617964789766,-0.010508494973748839,-0.00257846685307328
1690,sq_8_15,0.9998669097242988,0.999881927022766,0.9999427007365972,96.0,28.0,95.98866499418554,27.99839562062472,-0.011807297723398502,-0.005729926340281022,77.75801703597446,-0.01133500581445901,-0.0016043793752800184
1691,sq_8_16,0.9998669097242988,0.9998801857465917,0.999943225888984,197.0,253.0,196.97639659207854,252.98563614991295,-0.011981425340834573,-0.0056774111016011375,76.25849548179622,-0.02360340792145621,-0.014363850087050878
1692,sq_8_17,0.9998669097242988,0.9998807283187244,0.9999431124324784,879.0,488.0,878.8951601921588,487.97223886704944,-0.011927168127556786,-0.005688756752164625,74.79993768293151,-0.10483980784124469,-0.02776113295055893
1693,sq_8_18,0.9998669097242988,0.999881524205094,0.9999428302793966,1137.0,825.0,1136.865293021192,824.9528349805022,-0.011847579490598115,-0.005716972060343384,73.38478494857314,-0.13470697880802618,-0.047165019497811045
1694,sq_8_20,0.9998669097242988,0.9998814032958984,0.9999428676868658,1092.0,1055.0,1091.870492399121,1054.9397254096434,-0.01185967041016367,-0.005713231313420053,70.69503687662336,-0.12950760087892377,-0.06027459035658467
1695,sq_8_21,0.9998669097242988,0.9998813687057352,0.9999428991552536,1831.0,699.0,1830.782786100201,698.9600865095223,-0.011863129426481489,-0.005710084474641608,69.42588484450873,-0.21721389979893502,-0.03991349047771564
1696,sq_8_22,0.9998669097242988,0.9998811512734024,0.9999429733726234,1881.0,1259.0,1880.7764455452698,1258.928203476133,-0.011884872659762014,-0.005702662737661068,68.21100706075802,-0.22355445473021973,-0.07179652386707858
1697,sq_8_23,0.9998669097242988,0.9998811834500898,0.999942962612462,1530.0,746.0,1529.8182106786373,745.9574501088966,-0.011881654991019452,-0.005703738753803922,67.0533524252838,-0.18178932136265757,-0.042549891103362825
1698,sq_8_25,0.9998669097242988,0.9998802525127526,0.9999432941274002,803.0,315.0,802.9038427677403,314.98213765013105,-0.011974748724741247,-0.005670587259976045,64.92180214459128,-0.09615723225965667,-0.017862349868948968
1699,sq_8_26,0.9998669097242988,0.999879770398958,0.999943460073052,397.0,263.0,396.9522688483863,262.9851299992127,-0.012022960104196567,-0.005653992694798493,63.95402903681204,-0.04773115161367514,-0.01487000078731171
1700,sq_8_27,0.9998669097242988,0.999879291658953,0.9999436540968096,723.0,267.0,722.912727869423,266.9849556438482,-0.012070834104704886,-0.005634590319036903,63.05566793299687,-0.0872721305770483,-0.01504435615180455
1701,sq_8_28,0.9998669097242988,0.9998805636178918,0.9999431721904476,1229.0,1014.0,1228.853212686389,1013.9423766011139,-0.011943638210820673,-0.005682780955240663,62.229723936861824,-0.14678731361095743,-0.05762339888610768
1702,sq_8_29,0.9998669097242988,0.9998788681199404,0.9999437092897184,353.0,200.0,352.957240446339,199.9887418579437,-0.012113188005957731,-0.005629071028157018,61.479114707935935,-0.04275955366102835,-0.011258142056306042
1703,sq_8_31,0.9998669097242988,0.9998774930292345,0.9999443566347126,918.0,174.0,917.8875386008373,173.99031805444,-0.012250697076554573,-0.005564336528740554,60.214883606159894,-0.11246139916272568,-0.009681945560004124
1704,sq_8_33,0.9998669097242988,0.9979292795302628,1.001181271572292,4907.0,3075.0,4896.838974654999,3078.6324100847983,-0.20707204697372195,0.11812715722920863,59.28295095156408,-10.16102534500078,3.6324100847982663
1705,sq_8_34,0.9998669097242988,0.9998780863816352,0.9999502501655946,1166.0,712.0,1165.8578487209866,711.9645781179033,-0.012191361836477732,-0.004974983440542147,58.946739088371196,-0.14215127901343294,-0.03542188209667074
1706,sq_8_35,0.9998669097242988,1.0021618385042534,1.0005866544365951,652.0,533.0,653.4095187047733,533.3126868147052,0.21618385042534438,0.05866544365951132,58.69913836358733,1.4095187047732907,0.3126868147052164
1707,sq_8_36,0.9998669097242988,0.996832562847443,1.0027192814899877,1450.0,689.0,1445.4072161287925,690.8735849466016,-0.3167437152556962,0.27192814899876794,58.541272272389996,-4.59278387120753,1.873584946601568
1708,sq_8_37,0.9998669097242988,0.9998536335642844,0.9999604891279248,1055.0,599.0,1054.84558341032,598.976332987627,-0.014636643571563912,-0.00395108720752102,58.473866787079615,-0.15441658968006777,-0.023667012373039142
1709,sq_8_38,0.9998669097242988,0.9998797751147692,0.9999435371797546,968.0,310.0,967.8836223110966,309.98249652572395,-0.012022488523077968,-0.00564628202454065,58.497233836337415,-0.11637768890341249,-0.017503474276054476
1710,sq_8_39,0.9998669097242988,0.999881804016854,0.9999427218633224,1815.0,3293.0,1814.78547429059,3292.811383095921,-0.011819598314599666,-0.0057278136677552105,58.61126411279101,-0.21452570941005433,-0.18861690407902643
1711,sq_8_44,0.9998669097242988,0.9998799203521882,0.9999435069446322,912.0,330.0,911.8904873611956,329.9813572917286,-0.012007964781179936,-0.005649305536781224,60.45795256136959,-0.10951263880440365,-0.018642708271386255
1712,sq_8_45,0.9998669097242988,0.9998310189776354,0.9999725121128588,895.0,649.0,894.8487619849836,648.9821603612453,-0.016898102236462265,-0.0027487887141242062,61.14272675303655,-0.1512380150163608,-0.017839638754708176
1713,sq_8_46,0.9998669097242988,0.9888767476292984,1.0042776370689188,744.0,148.0,735.724300236198,148.63309028619997,-1.1123252370701553,0.4277637068918816,61.855714554153145,-8.275699763801981,0.6330902861999732
1714,sq_8_47,0.9998669097242988,0.9998225477558084,0.9999769553853264,757.0,550.0,756.865668651147,549.9873254619295,-0.017745224419163375,-0.0023044614673617403,62.458934061176016,-0.13433134885303843,-0.01267453807054153
1715,sq_8_48,0.9998669097242988,0.9998819486442064,0.9999426667175034,280.0,64.0,279.9669456203778,63.99633066992022,-0.011805135579356918,-0.005733328249657443,63.424468530082116,-0.03305437962217184,-0.0036693300797807638
1716,sq_8_50,0.9998669097242988,0.9998819270227668,0.999942700736598,965.0,1360.0,964.88605957697,1359.9220730017732,-0.011807297723320787,-0.005729926340203306,65.2993939374056,-0.11394042303004426,-0.07792699822675786
1717,sq_8_51,0.9998669097242988,0.9998819270227656,0.9999427007365976,35.0,159.0,34.9958674457968,158.99088941711904,-0.011807297723442911,-0.005729926340236613,66.04886879384676,-0.004132554203202687,-0.009110582880964557
1718,sq_8_8,0.9998669097242988,0.999881927022766,0.9999427007365984,39.0,39.0,38.99539515388788,38.99776532872734,-0.011807297723398502,-0.005729926340158897,89.22132422184575,-0.004604846112123084,-0.0022346712726601936
1719,sq_8_9,0.9998669097242988,0.9998819270227652,0.9999427007365984,183.0,143.0,182.97839264516602,142.99180620533357,-0.011807297723476218,-0.005729926340158897,87.27118842801441,-0.021607354833975023,-0.008193794666425447
1720,sq_9_15,0.9998669097242988,0.999879856897524,0.9999434539817396,321.0,103.0,320.9614340641052,102.99417576011918,-0.012014310247598914,-0.005654601826043937,76.03559370455226,-0.03856593589478052,-0.0058242398808232565
1721,sq_9_16,0.9998669097242988,0.999879982342868,0.9999433838146736,477.0,178.0,476.94275157754805,177.9899223190119,-0.012001765713198775,-0.005661618532637469,74.50188546267077,-0.0572484224519485,-0.01007768098810402
1722,sq_9_18,0.9998669097242988,0.9998815397318566,0.9999428342458284,1801.0,833.0,1800.7866530570736,832.952380926775,-0.01184602681434388,-0.0057165754171584204,71.55858334091043,-0.21334694292636414,-0.047619073224950625
1723,sq_9_20,0.9998669097242988,0.9998816313977196,0.9999428034764564,2247.0,1320.0,2246.7340257506758,1319.9245005889225,-0.011836860228042756,-0.005719652354363447,68.79833550906541,-0.26597424932424474,-0.07549941107754421
1724,sq_9_22,0.9998669097242988,0.9998805349468456,0.9999432008360172,1071.0,350.0,1070.8720529280715,349.980120292606,-0.011946505315441058,-0.005679916398282359,66.24401796368777,-0.12794707192847454,-0.019879707394011348
1725,sq_9_23,0.9998669097242988,0.9998817563710416,0.9999427388718648,2830.0,3490.0,2829.6653705300478,3489.8001586628084,-0.011824362895840324,-0.005726112813519979,65.05173740565438,-0.3346294699522332,-0.19984133719162855
1726,sq_9_24,0.9998669097242988,0.9998815944637484,0.999942807280202,2584.0,2065.0,2583.694040094326,2064.881897033617,-0.01184055362516423,-0.005719271979798268,63.92031278541706,-0.30595990567417175,-0.11810296638304862
1727,sq_9_25,0.9998669097242988,0.999881515715888,0.9999428118565068,891.0,2374.0,890.8944305028563,2373.864235347347,-0.011848428411198597,-0.005718814349320311,62.85302940781487,-0.10556949714373332,-0.1357646526530516
1728,sq_9_26,0.9998669097242988,0.999879088663568,0.999943698078028,719.0,347.0,718.9130647491054,346.9804632330757,-0.01209113364319947,-0.00563019219720351,61.85320646560733,-0.08693525089461218,-0.019536766924318272
1729,sq_9_27,0.9998669097242988,0.99988108191003,0.9999429909743364,1335.0,988.0,1334.84124434989,987.9436750826443,-0.01189180899699993,-0.005700902566363464,60.92416414976162,-0.15875565010992432,-0.05632491735570966
1730,sq_9_28,0.9998669097242988,0.9998806341357548,0.9999431531474626,635.0,310.0,634.9242026762043,309.9823774757134,-0.011936586424521334,-0.005684685253737332,60.069185527420835,-0.07579732379565485,-0.017622524286593944
1731,sq_9_29,0.9998669097242988,0.9998765972732744,0.9999445467915956,71.0,37.0,70.99123840640249,36.99794823128904,-0.01234027267256188,-0.005545320840438794,59.29147354236679,-0.008761593597512274,-0.002051768710963131
1732,sq_9_30,0.9998669097242988,0.9998819270227672,0.9999427007365976,1800.0,505.0,1799.787468640981,504.9710638719818,-0.011807297723276378,-0.005729926340236613,58.59410383028692,-0.21253135901906717,-0.0289361280181879
1733,sq_9_31,0.9998669097242988,0.9998812979827952,0.9999429166502593,1194.0,316.0,1193.8582697914576,315.98196166148193,-0.01187020172047637,-0.005708334974074969,57.97997441133146,-0.14173020854241258,-0.018038338518067576
1734,sq_9_32,0.9998669097242988,0.9998819270227672,0.999942700736598,3708.0,1009.0,3707.5621854004207,1008.9421850432274,-0.011807297723276378,-0.005729926340203306,57.451753697424444,-0.43781459957926927,-0.057814956772631376
1735,sq_9_33,0.9998669097242988,1.001508213112963,0.9986026141524966,5280.0,2741.0,5287.963365236444,2737.169765391993,0.15082131129628973,-0.1397385847503374,57.01182859466,7.963365236443678,-3.8302346080067764
1736,sq_9_36,0.9998669097242988,0.9998772576828928,0.9999484229993184,1375.0,1172.0,1374.8312293139777,1171.9395517552011,-0.012274231710718286,-0.005157700068159077,56.240461186587,-0.16877068602229883,-0.060448244798863016
1737,sq_9_39,0.9998669097242988,0.9998812575399356,0.999942923719664,914.0,1148.0,913.8914693915011,1147.9344764301743,-0.01187424600643805,-0.005707628033602141,56.31331025535507,-0.10853060849888152,-0.06552356982570018
1738,sq_9_40,0.9998669097242988,0.9998814590554632,0.9999428505657104,1580.0,756.0,1579.8127053076319,755.9567950276771,-0.011854094453678243,-0.005714943428958286,56.52571873425427,-0.1872946923681411,-0.043204972322882895
1739,sq_9_41,0.9998669097242988,0.9998812228549248,0.9999429201422112,464.0,509.0,463.94488740468506,508.9709463523855,-0.011877714507524395,-0.005707985778879987,56.83082018000143,-0.05511259531493806,-0.029053647614489364
1740,sq_9_42,0.9998669097242988,0.9998782901625132,0.9999438672531712,116.0,201.0,115.98588165885153,200.98871731788742,-0.012170983748682751,-0.005613274682880753,57.227131422181046,-0.014118341148474656,-0.011282682112579323
1741,sq_9_43,0.9998669097242988,0.9998809803441868,0.9999429771843574,585.0,388.0,584.9303735013493,387.9778751475307,-0.011901965581317953,-0.005702281564257117,57.71277289876365,-0.0696264986506776,-0.022124852469289635
1742,sq_9_44,0.9998669097242988,0.9998812338598838,0.9999429074362172,1127.0,1041.0,1126.866150560089,1040.9405666411021,-0.01187661401161888,-0.005709256378283456,58.28551117832156,-0.13384943991104592,-0.05943335889787704
1743,sq_9_45,0.9998669097242988,0.9998816091598594,0.999942840127809,1609.0,2581.0,1608.8095091382138,2580.852470369875,-0.011839084014064749,-0.005715987219101493,58.94280689643097,-0.190490861786202,-0.1475296301250637
1744,sq_9_46,0.9998669097242988,1.0009663210665307,0.9978827749116116,776.0,1536.0,776.7498651476278,1532.7479422642355,0.09663210665307176,-0.2117225088388408,59.68186588808364,0.7498651476278155,-3.252057735764538
1745,sq_9_47,0.9998669097242988,0.9999003949399042,0.999921297858248,399.0,211.0,398.9602575810218,210.98339384809034,-0.00996050600957643,-0.007870214175198509,60.499691377641994,-0.039742418978221394,-0.016606151909655864
1746,sq_9_48,0.9998669097242988,0.999881597248048,0.9999426830077696,505.0,230.0,504.9402066102643,229.986817091787,-0.01184027519519626,-0.00573169922304384,61.393135304281984,-0.05979338973571657,-0.013182908212996836
1747,sq_9_49,0.9998669097242988,0.999881927022767,0.9999427007365976,851.0,302.0,850.8995198963747,301.98269562245247,-0.011807297723298582,-0.005729926340236613,62.358947173197436,-0.10048010362527293,-0.017304377547532113
1748,sq_9_50,0.9998669097242988,0.9998819270227666,0.999942700736598,378.0,984.0,377.95536841460574,983.9436175248125,-0.011807297723342991,-0.005729926340203306,63.39381918739784,-0.04463158539425649,-0.05638247518754724
1749,sq_9_51,0.9998669097242988,0.9998819270227672,0.9999427007365976,795.0,435.0,794.9061319831,434.97507482042,-0.011807297723276378,-0.005729926340236613,64.24881478761337,-0.09386801690004631,-0.02492517958000917
1750,sq_9_7,0.9998669097242988,0.9998788904419914,0.9999437770370696,195.0,159.0,194.97638363618833,158.99106054889407,-0.012110955800859191,-0.005622296293039675,89.50315402962646,-0.023616363811669316,-0.008939451105931084
1751,sq_9_8,0.9998669097242988,0.9998759801600416,0.9999445287728344,61.0,44.0,60.99243478976254,43.997559266004714,-0.012401983995835586,-0.005547122716564878,87.72094118639882,-0.007565210237459041,-0.002440733995285882
1752,sq_9_9,0.9998669097242988,0.9998819270227656,0.9999427007365974,5.0,3.0,4.999409635113828,2.999828102209792,-0.011807297723442911,-0.005729926340258817,85.96356504744642,-0.0005903648861718125,-0.00017189779020787554
1753,sq_18_49,0.9998669097242988,0.9998819347510112,0.9999426889520632,2351.0,759.0,2350.722428599627,758.956500914616,-0.011806524898883008,-0.005731104793682551,44.60617398346862,-0.27757140037283534,-0.04349908538404179
1754,sq_18_55,0.9998669097242988,0.9998819270227662,0.999942700736598,596.0,160.0,595.9296285055686,159.9908321178557,-0.011807297723376298,-0.005729926340203306,54.07263946013001,-0.07037149443135604,-0.00916788214431108
1755,sq_25_20,0.9998669097242988,0.9998819270227666,0.999942700736598,202.0,288.0,201.97614925859884,287.98349781214023,-0.011807297723342991,-0.005729926340203306,44.126127137985215,-0.023850741401162168,-0.01650218785977131
1756,sq_27_27,0.9998669097242988,0.9998819270227642,0.999942700736598,3.0,0.0,2.999645781068293,0.0,-0.011807297723576138,-0.005729926340203306,27.810998420249863,-0.0003542189317071731,0.0
1757,sq_46_59,0.9998669097242988,0.999881927022766,0.999942700736598,41.0,10.0,40.99515900793341,9.99942700736598,-0.011807297723398502,-0.005729926340203306,57.46636209001094,-0.004840992066590388,-0.0005729926340194424
1758,sq_48_36,0.9998669097242988,0.9998819270227663,0.999942700736597,9.0,5.0,8.998937343204897,4.999713503682985,-0.011807297723365195,-0.005729926340303226,33.26310588521917,-0.0010626567951028676,-0.0002864963170150503
1759,sq_53_67,0.9998669097242988,0.9998819270227642,0.9999427007365966,1.0,0.0,0.9998819270227642,0.0,-0.011807297723576138,-0.005729926340336533,80.92147791393558,-0.00011807297723576138,0.0
1760,sq_54_60,0.9998669097242988,0.9998819270227672,0.9999427007365976,79.0,48.0,78.99067223479861,47.99724963535669,-0.011807297723276378,-0.005729926340236613,70.00989929089062,-0.009327765201391003,-0.002750364643311798
1761,sq_4_35,0.9998669097242988,0.9998820315336316,0.9999425396887124,103.0,68.0,102.98784924796406,67.99609269883244,-0.011796846636835667,-0.005746031128761597,67.88990833710109,-0.012150752035935852,-0.00390730116755833
1762,sq_8_49,0.9998669097242988,0.9998819270227668,0.999942700736598,192.0,67.0,191.97732998837122,66.99616094935206,-0.011807297723320787,-0.005729926340203306,63.96082873355761,-0.02267001162877591,-0.003839050647940212
1763,sq_7_50,0.9998669097242988,0.999881927022766,0.9999427007365976,693.0,575.0,692.9181754267769,574.9670529235436,-0.011807297723398502,-0.005729926340236613,67.31016929434844,-0.0818245732231162,-0.03294707645636663
1764,sq_0_33,0.9998669097242988,0.999881927022766,0.9999427007365989,7.0,4.0,6.999173489159362,3.9997708029463954,-0.011807297723398502,-0.005729926340114488,76.96470847408939,-0.0008265108406382282,-0.00022919705360457954
1765,sq_0_34,0.9998669097242988,0.9998819270227662,0.999942700736598,98.0,16.0,97.9884288482311,15.999083211785567,-0.011807297723376298,-0.005729926340203306,76.60554578149636,-0.011571151768904997,-0.000916788214432529
1766,sq_0_35,0.9998669097242988,0.999881927022766,0.9999427007365982,75.0,20.0,74.99114452670744,19.998854014731965,-0.011807297723398502,-0.005729926340181102,76.57947525993904,-0.008855473292555871,-0.0011459852680353322
1767,sq_0_36,0.9998669097242988,0.9998819270227648,0.999942700736598,2.0,8.0,1.9997638540455296,7.999541605892784,-0.011807297723520627,-0.005729926340203306,76.45625720029038,-0.00023614595447041253,-0.0004583941072162645
1768,sq_0_37,0.9998669097242988,0.9998819270227662,0.999942700736598,63.0,77.0,62.992561402434276,76.99558795671804,-0.011807297723376298,-0.005729926340203306,76.66137345213899,-0.007438597565723626,-0.0044120432819596545
1769,sq_10_11,0.9998669097242988,0.9998819270227672,0.999942700736598,69.0,32.0,68.99185296457094,31.998166423571135,-0.011807297723276378,-0.005729926340203306,80.97294770145173,-0.008147035429061589,-0.001833576428865058
1770,sq_10_12,0.9998669097242988,0.9998819270227648,0.9999427007365986,19.0,33.0,18.997756613432532,32.99810912430775,-0.011807297723520627,-0.005729926340136693,79.26750530327764,-0.002243386567467809,-0.001890875692247107
1771,sq_10_13,0.9998669097242988,0.9998819270227648,0.9999427007365984,32.0,20.0,31.996221664728473,19.998854014731968,-0.011807297723520627,-0.005729926340158897,77.59300561088074,-0.0037783352715266005,-0.0011459852680317795
1772,sq_10_14,0.9998669097242988,0.9998819270227663,0.9999427007365976,137.0,163.0,136.98382400211898,162.99066022006542,-0.011807297723365195,-0.005729926340236613,75.95149389847201,-0.016175997881020976,-0.009339779934578019
1773,sq_10_15,0.9998669097242988,0.9998819270227652,0.999942700736599,49.0,17.0,48.9942144241155,16.999025912522182,-0.011807297723476218,-0.005729926340103386,74.34515395397176,-0.0057855758845022365,-0.0009740874778181308
1774,sq_10_2,0.9998669097242988,0.9998819270227662,0.999942700736598,39.0,14.0,38.995395153887884,13.99919781031237,-0.011807297723376298,-0.005729926340203306,97.31563215779768,-0.004604846112115979,-0.0008021896876293511
1775,sq_10_3,0.9998669097242988,0.999881927022766,0.999942700736598,36.0,44.0,35.995749372819574,43.99747883241031,-0.011807297723398502,-0.005729926340203306,95.48246060551858,-0.004250627180425681,-0.002521167589691231
1776,sq_10_38,0.9998669097242988,0.9998819270227662,0.9999427007365976,760.0,229.0,759.9102645373024,228.98687846868086,-0.011807297723376298,-0.005729926340236613,53.8928325819729,-0.08973546269760391,-0.013121531319143287
1777,sq_10_4,0.9998669097242988,0.9998819270227662,0.9999427007365984,147.0,40.0,146.98264327234665,39.997708029463936,-0.011807297723376298,-0.005729926340158897,93.63175657843499,-0.01735672765335039,-0.002291970536063559
1778,sq_10_49,0.9998669097242988,0.9998819270227666,0.999942700736597,135.0,95.0,134.9840601480735,94.99455656997671,-0.011807297723342991,-0.005729926340303226,60.29116331560055,-0.015939851926503934,-0.005443430023291285
1779,sq_10_52,0.9998669097242988,0.9998819270227668,0.999942700736598,377.0,106.0,376.9554864875831,105.99392627807939,-0.011807297723320787,-0.005729926340203306,63.67019918187186,-0.044513512416926915,-0.0060737219206146165
1780,sq_10_53,0.9998669097242988,0.999881927022766,0.9999427007365989,7.0,4.0,6.999173489159362,3.9997708029463954,-0.011807297723398502,-0.005729926340114488,63.82726817768242,-0.0008265108406382282,-0.00022919705360457954
1781,sq_10_6,0.9998669097242988,0.9998819270227663,0.9999427007365972,182.0,91.0,181.97851071814347,90.99478576703035,-0.011807297723365195,-0.005729926340281022,89.90161150467792,-0.02148928185653176,-0.005214232969649402
1782,sq_10_7,0.9998669097242988,0.999881927022766,0.999942700736598,29.0,13.0,28.996575883660213,12.999255109575774,-0.011807297723398502,-0.005729926340203306,88.06773397510165,-0.003424116339786565,-0.0007448904242259857
1783,sq_11_10,0.9998669097242988,0.9998819270227662,0.9999427007365976,10.0,10.0,9.998819270227662,9.999427007365977,-0.011807297723376298,-0.005729926340236613,81.21937110953529,-0.001180729772338296,-0.0005729926340229952
1784,sq_11_11,0.9998669097242988,0.9998819270227652,0.9999427007365992,2.0,1.0,1.9997638540455305,0.9999427007365992,-0.011807297723476218,-0.005729926340081182,79.45296495179763,-0.00023614595446952436,-5.729926340081182e-05
1785,sq_11_13,0.9998669097242988,0.9998819270227658,0.9999427007365984,24.0,9.0,23.997166248546378,8.999484306629386,-0.011807297723420707,-0.005729926340158897,76.0065337481935,-0.0028337514536218578,-0.0005156933706143008
1786,sq_11_14,0.9998669097242988,0.9998819270227648,0.999942700736598,2.0,8.0,1.9997638540455296,7.999541605892784,-0.011807297723520627,-0.005729926340203306,74.33051123407084,-0.00023614595447041253,-0.0004583941072162645
1787,sq_11_15,0.9998669097242988,0.9998819270227656,0.999942700736598,13.0,7.0,12.998465051295952,6.999598905156185,-0.011807297723442911,-0.005729926340203306,72.68886437739883,-0.0015349487040481335,-0.00040109484381467553
1788,sq_11_16,0.9998669097242988,0.999881927022765,0.9999427007365976,49.0,174.0,48.99421442411548,173.99002992816798,-0.011807297723498422,-0.005729926340236613,71.0839735249528,-0.005785575884516447,-0.009970071832015037
1789,sq_11_17,0.9998669097242988,0.9998819270227648,0.9999427007365984,20.0,11.0,19.997638540455295,10.999369708102583,-0.011807297723520627,-0.005729926340158897,69.51838300051901,-0.0023614595447050135,-0.0006302918974174787
1790,sq_11_28,0.9998669097242988,0.9998819270227666,0.9999427007365976,1061.0,584.0,1060.8747245711554,583.966537230173,-0.011807297723342991,-0.005729926340236613,55.78438116565839,-0.12527542884458853,-0.03346276982699692
1791,sq_11_3,0.9998669097242988,0.9998819270227652,0.9999427007365982,1.0,23.0,0.9998819270227652,22.998682116941758,-0.011807297723476218,-0.005729926340181102,94.2364701376609,-0.00011807297723476218,-0.0013178830582418755
1792,sq_11_34,0.9998669097242988,0.9998819270227663,0.9999427007365972,3090.0,4185.0,3089.635154500348,4184.760202582659,-0.011807297723365195,-0.005729926340281022,52.10038101070731,-0.36484549965189217,-0.23979741734092386
1793,sq_11_55,0.9998669097242988,0.9998819270227642,0.9999427007365966,1.0,0.0,0.9998819270227642,0.0,-0.011807297723576138,-0.005729926340336533,64.88066885822683,-0.00011807297723576138,0.0
1794,sq_11_6,0.9998669097242988,0.9998819270227668,0.999942700736598,83.0,48.0,82.99019994288965,47.9972496353567,-0.011807297723320787,-0.005729926340203306,88.53242782538639,-0.009800057110354032,-0.002750364643297587
1795,sq_11_8,0.9998669097242988,0.9998819270227648,0.9999427007365976,4.0,1.0,3.999527708091059,0.9999427007365976,-0.011807297723520627,-0.005729926340236613,84.82957767037082,-0.00047229190894082507,-5.729926340236613e-05
1796,sq_11_9,0.9998669097242988,0.9998819270227658,0.9999427007365976,2.0,2.0,1.9997638540455316,1.9998854014731953,-0.011807297723420707,-0.005729926340236613,83.01213188946251,-0.00023614595446841413,-0.00011459852680473226
1797,sq_12_11,0.9998669097242988,0.999881927022765,0.999942700736598,14.0,7.0,13.998346978318711,6.999598905156185,-0.011807297723498422,-0.005729926340203306,77.97178008976397,-0.001653021681288891,-0.00040109484381467553
1798,sq_12_12,0.9998669097242988,0.9998819270227652,0.9999427007365984,7.0,3.0,6.999173489159356,2.9998281022097952,-0.011807297723476218,-0.005729926340158897,76.20028907007213,-0.0008265108406435573,-0.00017189779020476692
1799,sq_12_15,0.9998669097242988,0.9998819270227658,0.9999427007365976,74.0,159.0,73.99126259968467,158.99088941711904,-0.011807297723420707,-0.005729926340236613,71.0690463339646,-0.008737400315325772,-0.009110582880964557
1800,sq_12_16,0.9998669097242988,0.999881927022766,0.9999427007365984,14.0,32.0,13.998346978318724,31.99816642357115,-0.011807297723398502,-0.005729926340158897,69.42722799501122,-0.0016530216812764564,-0.0018335764288508472
1801,sq_12_17,0.9998669097242988,0.9998819270227646,0.999942700736598,4.0,3.0,3.9995277080910583,2.999828102209794,-0.011807297723542831,-0.005729926340203306,67.82390002704751,-0.00047229190894171325,-0.0001718977902060992
1802,sq_12_18,0.9998669097242988,0.999881927022766,0.9999427007365976,433.0,256.0,432.9488744008577,255.985331388569,-0.011807297723398502,-0.005729926340236613,66.26185514205424,-0.05112559914232406,-0.01466861143100573
1803,sq_12_19,0.9998669097242988,0.9998819270227666,0.999942700736598,307.0,437.0,306.9637515959893,436.9749602218933,-0.011807297723342991,-0.005729926340203306,64.74408007124059,-0.03624840401067786,-0.025039778106702215
1804,sq_12_2,0.9998669097242988,0.9998819270227656,0.9999427007365976,8.0,8.0,7.999055416182125,7.999541605892781,-0.011807297723442911,-0.005729926340236613,94.43477560726386,-0.0009445838178754329,-0.00045839410721892904
1805,sq_12_24,0.9998669097242988,0.9998819270227676,0.9999427007365974,6266.0,2904.0,6265.260154724661,2903.833602939079,-0.011807297723243071,-0.005729926340258817,57.93754084181366,-0.7398452753386664,-0.16639706092109918
1806,sq_12_37,0.9998669097242988,0.9998819270227668,0.999942700736598,1967.0,886.0,1966.7677504537824,885.9492328526258,-0.011807297723320787,-0.005729926340203306,49.26384784835035,-0.23224954621764482,-0.050767147374244814
1807,sq_12_38,0.9998669097242988,0.9998819270227672,0.9999427007365976,2439.0,1269.0,2438.712020008529,1268.9272872347424,-0.011807297723276378,-0.005729926340236613,49.29157550549556,-0.2879799914708201,-0.07271276525762005
1808,sq_12_4,0.9998669097242988,0.999881927022766,0.9999427007365972,14.0,5.0,13.998346978318724,4.999713503682986,-0.011807297723398502,-0.005729926340281022,91.04142654064347,-0.0016530216812764564,-0.0002864963170141621
1809,sq_12_49,0.9998669097242988,0.999881927022767,0.9999427007365984,558.0,186.0,557.934115278704,185.98934233700732,-0.011807297723298582,-0.005729926340158897,56.212272258236865,-0.06588472129601541,-0.010657662992684891
1810,sq_12_5,0.9998669097242988,0.9998819270227648,0.999942700736599,15.0,5.0,14.998228905341472,4.999713503682995,-0.011807297723520627,-0.005729926340103386,89.11307368371934,-0.001771094658527872,-0.00028649631700528033
1811,sq_12_6,0.9998669097242988,0.999881927022766,0.9999427007365972,12.0,6.0,11.998583124273193,5.999656204419583,-0.011807297723398502,-0.005729926340281022,87.20293323829989,-0.0014168757268073762,-0.00034379558041663927
1812,sq_12_7,0.9998669097242988,0.9998819270227656,0.9999427007365984,3.0,7.0,2.999645781068297,6.999598905156189,-0.011807297723442911,-0.005729926340158897,85.31222716842488,-0.0003542189317031763,-0.0004010948438111228
1813,sq_12_8,0.9998669097242988,0.9998819270227642,0.9999427007365966,1.0,0.0,0.9998819270227642,0.0,-0.011807297723576138,-0.005729926340336533,83.4422751910977,-0.00011807297723576138,0.0
1814,sq_13_13,0.9998669097242988,0.9998819270227646,0.999942700736598,4.0,3.0,3.9995277080910583,2.999828102209794,-0.011807297723542831,-0.005729926340203306,72.94949713712067,-0.00047229190894171325,-0.0001718977902060992
1815,sq_13_15,0.9998669097242988,0.9998819270227652,0.9999427007365989,44.0,31.0,43.99480478900167,30.998223722834563,-0.011807297723476218,-0.005729926340114488,69.4881825715216,-0.005195210998330424,-0.0017762771654368237
1816,sq_13_16,0.9998669097242988,0.9998819270227663,0.9999427007365982,11.0,17.0,10.99870119725043,16.999025912522168,-0.011807297723365195,-0.005729926340181102,67.80861640302963,-0.0012988027495701715,-0.0009740874778323416
1817,sq_13_18,0.9998669097242988,0.999881927022767,0.9999427007365976,959.0,426.0,958.8867680148336,425.97559051379056,-0.011807297723298582,-0.005729926340236613,64.5649510224096,-0.11323198516640787,-0.024409486209435727
1818,sq_13_19,0.9998669097242988,0.999881927022767,0.9999427007365976,6346.0,6059.0,6345.2507088864795,6058.6528237630455,-0.011807297723298582,-0.005729926340236613,63.00679359696313,-0.7492911135204849,-0.3471762369545104
1819,sq_13_3,0.9998669097242988,0.9998819270227656,0.9999427007365974,3.0,2.0,2.999645781068297,1.9998854014731948,-0.011807297723442911,-0.005729926340258817,91.77832259462767,-0.0003542189317031763,-0.00011459852680517635
1820,sq_13_4,0.9998669097242988,0.9998819270227668,0.999942700736598,26.0,84.0,25.996930102591936,83.99518686187423,-0.011807297723320787,-0.005729926340203306,89.80731876070534,-0.0030698974080642927,-0.004813138125769001
1821,sq_13_40,0.9998669097242988,0.999881927022766,0.9999427007365972,1546.0,5464.0,1545.8174591771963,5463.686916824767,-0.011807297723398502,-0.005729926340281022,47.38715259759721,-0.1825408228037304,-0.3130831752332597
1822,sq_13_5,0.9998669097242988,0.9998819270227668,0.9999427007365976,26.0,17.0,25.996930102591936,16.99902591252216,-0.011807297723320787,-0.005729926340236613,87.85248230044311,-0.0030698974080642927,-0.000974087477839447
1823,sq_13_6,0.9998669097242988,0.9998819270227642,0.9999427007365992,18.0,7.0,17.997874686409755,6.999598905156194,-0.011807297723576138,-0.005729926340081182,85.91491540977631,-0.002125313590244815,-0.00040109484380579374
1824,sq_13_7,0.9998669097242988,0.9998819270227648,0.9999427007365974,5.0,17.0,4.999409635113824,16.999025912522157,-0.011807297723520627,-0.005729926340258817,83.99581179827763,-0.0005903648861762534,-0.0009740874778429998
1825,sq_14_13,0.9998669097242988,0.999881927022766,0.999942700736598,5.0,19.0,4.99940963511383,18.99891131399536,-0.011807297723398502,-0.005729926340203306,71.48375751010428,-0.0005903648861700361,-0.0010886860046390723
1826,sq_14_14,0.9998669097242988,0.9998819270227658,0.9999427007365976,10.0,4.0,9.998819270227658,3.9997708029463905,-0.011807297723420707,-0.005729926340236613,69.70071349242959,-0.0011807297723418486,-0.00022919705360946452
1827,sq_14_17,0.9998669097242988,0.9998819270227643,0.9999427007365976,1.0,1.0,0.9998819270227643,0.9999427007365976,-0.011807297723565036,-0.005729926340236613,64.54922809172886,-0.00011807297723565036,-5.729926340236613e-05
1828,sq_14_18,0.9998669097242988,0.9998819270227672,0.9999427007365976,375.0,1890.0,374.95572263353773,1889.8917043921695,-0.011807297723276378,-0.005729926340236613,62.906936068217846,-0.044277366462267764,-0.10829560783054148
1829,sq_14_3,0.9998669097242988,0.9998819270227652,0.9999427007365992,12.0,5.0,11.998583124273182,4.999713503682996,-0.011807297723476218,-0.005729926340081182,90.6124492161979,-0.0014168757268180343,-0.00028649631700439215
1830,sq_14_4,0.9998669097242988,0.9998819270227666,0.9999427007365974,56.0,68.0,55.99338791327493,67.99610365008863,-0.011807297723342991,-0.005729926340258817,88.61613110638872,-0.006612086725070299,-0.003896349911371999
1831,sq_14_49,0.9998669097242988,0.9998819270227658,0.9999427007365982,882.0,475.0,881.8958596340794,474.97278284988414,-0.011807297723420707,-0.005729926340181102,52.22307209438272,-0.10414036592055709,-0.027217150115859567
1832,sq_14_5,0.9998669097242988,0.9998819270227643,0.9999427007365992,10.0,5.0,9.998819270227644,4.999713503682996,-0.011807297723565036,-0.005729926340081182,86.63502964700815,-0.0011807297723560595,-0.00028649631700439215
1833,sq_14_55,0.9998669097242988,0.9998819270227648,0.9999427007365989,184.0,37.0,183.97827457218872,36.99787992725416,-0.011807297723520627,-0.005729926340114488,60.06229821314725,-0.021725427811276177,-0.002120072745839252
1834,sq_14_6,0.9998669097242988,0.999881927022765,0.999942700736598,1.0,5.0,0.999881927022765,4.99971350368299,-0.011807297723498422,-0.005729926340203306,84.67021154877794,-0.00011807297723498422,-0.0002864963170097212
1835,sq_15_14,0.9998669097242988,0.9998819270227643,0.9999427007365976,1.0,1.0,0.9998819270227643,0.9999427007365976,-0.011807297723565036,-0.005729926340236613,68.24372211877744,-0.00011807297723565036,-5.729926340236613e-05
1836,sq_15_15,0.9998669097242988,0.9998819270227668,0.9999427007365976,206.0,289.0,205.97567696668995,288.9834405128767,-0.011807297723320787,-0.005729926340236613,66.45408671081128,-0.024323033310054143,-0.016559487123288363
1837,sq_15_16,0.9998669097242988,0.9998819270227652,0.9999427007365984,11.0,11.0,10.998701197250417,10.999369708102583,-0.011807297723476218,-0.005729926340158897,64.69688578464842,-0.001298802749582606,-0.0006302918974174787
1838,sq_15_19,0.9998669097242988,0.9998819270227668,0.999942700736598,636.0,882.0,635.9249055864797,881.9494620496794,-0.011807297723320787,-0.005729926340203306,59.64828156892431,-0.07509441352033264,-0.05053795032063135
1839,sq_15_4,0.9998669097242988,0.9998819270227662,0.9999427007365972,13.0,10.0,12.99846505129596,9.999427007365972,-0.011807297723376298,-0.005729926340281022,87.46956321272899,-0.0015349487040392518,-0.0005729926340283242
1840,sq_15_55,0.9998669097242988,0.999881927022766,0.999942700736598,167.0,222.0,166.98028181280193,221.98727956352474,-0.011807297723398502,-0.005729926340203306,57.841985715765006,-0.01971818719806606,-0.012720436475262886
1841,sq_16_10,0.9998669097242988,0.999881927022764,0.9999427007365989,2.0,3.0,1.999763854045528,2.9998281022097966,-0.011807297723598342,-0.005729926340114488,74.40957783059946,-0.00023614595447196685,-0.00017189779020343465
1842,sq_16_11,0.9998669097242988,0.9998819270227642,0.9999427007365966,1.0,0.0,0.9998819270227642,0.0,-0.011807297723576138,-0.005729926340336533,72.48037028547219,-0.00011807297723576138,0.0
1843,sq_16_14,0.9998669097242988,0.999881927022764,0.9999427007365982,9.0,8.0,8.998937343204876,7.9995416058927855,-0.011807297723598342,-0.005729926340181102,66.8345222355274,-0.0010626567951241839,-0.00045839410721448814
1844,sq_16_15,0.9998669097242988,0.999881927022764,0.9999427007365992,34.0,41.0,33.99598551877398,40.99765073020057,-0.011807297723598342,-0.005729926340081182,65.00666693262234,-0.004014481226022326,-0.002349269799431397
1845,sq_16_16,0.9998669097242988,0.9998819270227656,0.9999427007365976,52.0,35.0,51.99386020518381,34.99799452578092,-0.011807297723442911,-0.005729926340236613,63.20979578100721,-0.006139794816192534,-0.0020054742190822594
1846,sq_16_17,0.9998669097242988,0.9998819270227648,0.9999427007365976,17.0,66.0,16.997992759387003,65.99621824861545,-0.011807297723520627,-0.005729926340236613,61.44662550665938,-0.0020072406129969522,-0.0037817513845510575
1847,sq_16_18,0.9998669097242988,0.9998819270227663,0.9999427007365967,43.0,36.0,42.99492286197895,35.997937226517486,-0.011807297723365195,-0.005729926340325431,59.72013959679005,-0.005077138021050587,-0.0020627734825140465
1848,sq_16_19,0.9998669097242988,0.9998819270227663,0.999942700736598,46.0,40.0,45.99456864304725,39.99770802946392,-0.011807297723365195,-0.005729926340203306,58.03361066241474,-0.00543135695274799,-0.00229197053607777
1849,sq_16_43,0.9998669097242988,0.9998819270227672,0.999942700736598,9825.0,4072.0,9823.839932998688,4071.766677399427,-0.011807297723276378,-0.005729926340203306,42.19616966833141,-1.1600670013121999,-0.23332260057304666
1850,sq_16_44,0.9998669097242988,0.999881927022767,0.9999427007365984,163.0,279.0,162.98075410471102,278.984013505511,-0.011807297723298582,-0.005729926340158897,42.97461263099712,-0.019245895288975134,-0.015986494489027336
1851,sq_16_49,0.9998669097242988,0.9998819270227666,0.9999427007365984,718.0,271.0,717.9152236023464,270.98447189961814,-0.011807297723342991,-0.005729926340158897,48.34499058950488,-0.0847763976536271,-0.015528100381857257
1852,sq_16_53,0.9998669097242988,0.9998819270227663,0.9999427007365972,498.0,133.0,497.9411996573376,132.99237919796744,-0.011807297723365195,-0.005729926340281022,54.03955606424608,-0.05880034266237999,-0.007620802032562324
1853,sq_16_7,0.9998669097242988,0.9998819270227666,0.999942700736598,67.0,47.0,66.99208911052536,46.997306934620106,-0.011807297723342991,-0.005729926340203306,80.31515846369022,-0.007910889474644023,-0.0026930653798942217
1854,sq_17_10,0.9998669097242988,0.999881927022764,0.999942700736599,13.0,8.0,12.998465051295932,7.999541605892792,-0.011807297723598342,-0.005729926340103386,73.18968492829445,-0.0015349487040676735,-0.0004583941072082709
1855,sq_17_19,0.9998669097242988,0.9998819270227663,0.9999427007365982,191.0,104.0,190.97744806134838,103.9940408766062,-0.011807297723365195,-0.005729926340181102,56.4668431234435,-0.022551938651616865,-0.005959123393793675
1856,sq_17_30,0.9998669097242988,0.9998819270227658,0.9999427007365984,28.0,112.0,27.996693956637444,111.99358248249902,-0.011807297723420707,-0.005729926340158897,41.277207972002884,-0.0033060433625564656,-0.006417517500977965
1857,sq_17_46,0.9998669097242988,0.9998819270227672,0.9999427007365982,1106.0,473.0,1105.8694112871806,472.97289744841095,-0.011807297723276378,-0.005729926340181102,42.80455329978749,-0.1305887128194172,-0.027102551589052837
1858,sq_17_5,0.9998669097242988,0.9998819270227642,0.9999427007365966,1.0,0.0,0.9998819270227642,0.0,-0.011807297723576138,-0.005729926340336533,82.94842642660949,-0.00011807297723576138,0.0
1859,sq_17_6,0.9998669097242988,0.9998819270227656,0.999942700736598,10.0,14.0,9.998819270227656,13.99919781031237,-0.011807297723442911,-0.005729926340203306,81.21497417855477,-0.001180729772343625,-0.0008021896876293511
1860,sq_17_9,0.9998669097242988,0.9998819270227656,0.9999427007365989,6.0,6.0,5.999291562136594,5.999656204419593,-0.011807297723442911,-0.005729926340114488,75.17061272829538,-0.0007084378634063526,-0.0003437955804068693
1861,sq_18_10,0.9998669097242988,0.9998819270227666,0.999942700736598,35.0,17.0,34.99586744579683,16.999025912522164,-0.011807297723342991,-0.005729926340203306,72.02282739910096,-0.00413255420316716,-0.0009740874778358943
1862,sq_18_11,0.9998669097242988,0.9998819270227672,0.9999427007365976,105.0,124.0,104.98760233739056,123.99289489133811,-0.011807297723276378,-0.005729926340236613,70.02912708818005,-0.012397662609444637,-0.007105108661889403
1863,sq_18_12,0.9998669097242988,0.9998819270227652,0.9999427007365984,23.0,20.0,22.9972843215236,19.998854014731968,-0.011807297723476218,-0.005729926340158897,68.0548466831105,-0.002715678476398864,-0.0011459852680317795
1864,sq_18_23,0.9998669097242988,0.999881927022766,0.9999427007365974,241.0,190.0,240.97154441248662,189.9891131399535,-0.011807297723398502,-0.005729926340258817,48.28802337456244,-0.028455587513377623,-0.010886860046497304
1865,sq_18_24,0.9998669097242988,0.999881927022767,0.9999427007365972,436.0,397.0,435.9485201819264,396.9772521924291,-0.011807297723298582,-0.005729926340281022,46.7569516408881,-0.051479818073573824,-0.022747807570908662
1866,sq_18_51,0.9998669097242988,0.9998819270227668,0.9999427007365976,389.0,144.0,388.95406961185626,143.99174890607006,-0.011807297723320787,-0.005729926340236613,47.538179818494655,-0.04593038814374495,-0.008251093929942499
1867,sq_18_53,0.9998669097242988,0.9998819270227663,0.9999427007365976,615.0,108.0,614.9273851190013,107.99381167955255,-0.011807297723365195,-0.005729926340236613,50.71881265407627,-0.0726148809986853,-0.006188320447449769
1868,sq_18_6,0.9998669097242988,0.9998819270227648,0.9999427007365984,1.0,2.0,0.9998819270227648,1.9998854014731968,-0.011807297723520627,-0.005729926340158897,80.16266872018205,-0.00011807297723520627,-0.00011459852680317795
1869,sq_18_7,0.9998669097242988,0.999881927022765,0.9999427007365976,18.0,31.0,17.99787468640977,30.998223722834528,-0.011807297723498422,-0.005729926340236613,78.10551912623966,-0.002125313590230604,-0.0017762771654723508
1870,sq_18_8,0.9998669097242988,0.999881927022766,0.9999427007365976,2.0,0.0,1.999763854045532,0.0,-0.011807297723398502,-0.005729926340236613,76.06237038445562,-0.00023614595446797004,0.0
1871,sq_18_9,0.9998669097242988,0.9998819270227642,0.9999427007365966,1.0,0.0,0.9998819270227642,0.0,-0.011807297723576138,-0.005729926340336533,74.03438015107415,-0.00011807297723576138,0.0
1872,sq_19_10,0.9998669097242988,0.9998819270227643,0.999942700736598,9.0,2.0,8.99893734320488,1.999885401473196,-0.011807297723565036,-0.005729926340203306,70.91155696848195,-0.0010626567951206312,-0.00011459852680406613
1873,sq_19_11,0.9998669097242988,0.9998819270227648,0.9999427007365984,7.0,21.0,6.999173489159354,20.998796715468565,-0.011807297723520627,-0.005729926340158897,68.88632583730308,-0.0008265108406462218,-0.0012032845314351448
1874,sq_19_15,0.9998669097242988,0.9998819270227648,0.9999427007365974,5.0,5.0,4.999409635113824,4.999713503682987,-0.011807297723520627,-0.005729926340258817,60.98135097064892,-0.0005903648861762534,-0.00028649631701327394
1875,sq_19_17,0.9998669097242988,0.9998819270227636,0.9999427007365984,22.0,4.0,21.9974023945008,3.9997708029463936,-0.011807297723642751,-0.005729926340158897,57.174792287963264,-0.002597605499200739,-0.0002291970536063559
1876,sq_19_18,0.9998669097242988,0.999881927022766,0.9999427007365976,7.0,11.0,6.999173489159362,10.999369708102574,-0.011807297723398502,-0.005729926340236613,55.31686077539823,-0.0008265108406382282,-0.0006302918974263605
1877,sq_19_19,0.9998669097242988,0.999881927022766,0.9999427007365976,12.0,18.0,11.998583124273193,17.998968613258757,-0.011807297723398502,-0.005729926340236613,53.493376227741706,-0.0014168757268073762,-0.0010313867412428124
1878,sq_19_22,0.9998669097242988,0.9998819270227652,0.999942700736598,4.0,69.0,3.999527708091061,68.99604635082525,-0.011807297723476218,-0.005729926340203306,48.26827367821677,-0.0004722919089390487,-0.003953649174746943
1879,sq_19_23,0.9998669097242988,0.999881927022766,0.9999427007365982,42.0,263.0,41.99504093495617,262.9849302937253,-0.011807297723398502,-0.005729926340181102,46.623628980897685,-0.004959065043827593,-0.015069706274687178
1880,sq_19_24,0.9998669097242988,0.9998819270227663,0.999942700736598,722.0,217.0,721.9147513104373,216.98756605984175,-0.011807297723365195,-0.005729926340203306,45.036501829294224,-0.08524868956271803,-0.01243394015824606
1881,sq_19_4,0.9998669097242988,0.999881927022764,0.9999427007365989,15.0,17.0,14.99822890534146,16.999025912522182,-0.011807297723598342,-0.005729926340114488,83.36411256075876,-0.0017710946585403065,-0.0009740874778181308
1882,sq_19_5,0.9998669097242988,0.9998819270227663,0.9999427007365972,33.0,65.0,32.99610359175129,64.99627554787882,-0.011807297723365195,-0.005729926340281022,81.25830194386968,-0.003896408248706962,-0.003724452121176114
1883,sq_19_54,0.9998669097242988,0.9998819270227656,0.9999427007365984,5.0,15.0,4.999409635113828,14.999140511048976,-0.011807297723442911,-0.005729926340158897,50.834129576020636,-0.0005903648861718125,-0.0008594889510238346
1884,sq_19_55,0.9998669097242988,0.999881927022766,0.9999427007365976,194.0,33.0,193.9770938424166,32.998109124307724,-0.011807297723398502,-0.005729926340236613,52.45821965707956,-0.02290615758340664,-0.0018908756922755288
1885,sq_19_7,0.9998669097242988,0.999881927022765,0.9999427007365974,7.0,6.0,6.9991734891593556,5.999656204419584,-0.011807297723498422,-0.005729926340258817,77.08019295298975,-0.0008265108406444455,-0.0003437955804157511
1886,sq_19_8,0.9998669097242988,0.9998819270227668,0.999942700736598,103.0,102.0,102.98783848334497,101.994155475133,-0.011807297723320787,-0.005729926340203306,75.00975819439495,-0.012161516655027071,-0.005844524867001155
1887,sq_19_9,0.9998669097242988,0.9998819270227656,0.9999427007365986,39.0,84.0,38.995395153887856,83.99518686187429,-0.011807297723442911,-0.005729926340136693,72.95314582644515,-0.004604846112144401,-0.0048131381257121575
1888,sq_1_34,0.9998669097242988,0.999881927022767,0.9999427007365972,568.0,267.0,567.9329345489317,266.9847010966715,-0.011807297723298582,-0.005729926340281022,74.99001855378914,-0.06706545106828798,-0.015298903328528013
1889,sq_1_35,0.9998669097242988,0.9998819270227668,0.999942700736598,160.0,224.0,159.98110832364267,223.98716496499793,-0.011807297723320787,-0.005729926340203306,74.79509370396913,-0.01889167635732747,-0.012835035002069617
1890,sq_1_36,0.9998669097242988,0.9998819270227652,0.9999427007365984,1.0,3.0,0.9998819270227652,2.9998281022097952,-0.011807297723476218,-0.005729926340158897,74.84242500203942,-0.00011807297723476218,-0.00017189779020476692
1891,sq_1_37,0.9998669097242988,0.9998819270227656,0.9999427007365982,6.0,19.0,5.999291562136594,18.998911313995364,-0.011807297723442911,-0.005729926340181102,75.10246965479269,-0.0007084378634063526,-0.0010886860046355196
1892,sq_20_10,0.9998669097242988,0.9998819270227652,0.9999427007365976,56.0,72.0,55.99338791327485,71.99587445303503,-0.011807297723476218,-0.005729926340236613,69.8584590088078,-0.006612086725148458,-0.0041255469649712495
1893,sq_20_11,0.9998669097242988,0.9998819270227656,0.9999427007365974,5.0,3.0,4.999409635113828,2.999828102209792,-0.011807297723442911,-0.005729926340258817,67.80241305885883,-0.0005903648861718125,-0.00017189779020787554
1894,sq_20_12,0.9998669097242988,0.9998819270227663,0.9999427007365982,40.0,52.0,39.995277080910654,51.9970204383031,-0.011807297723365195,-0.005729926340181102,65.76257505332072,-0.004722919089346078,-0.0029795616968968375
1895,sq_20_14,0.9998669097242988,0.9998819270227656,0.9999427007365976,6.0,8.0,5.999291562136594,7.999541605892781,-0.011807297723442911,-0.005729926340236613,61.737930023453664,-0.0007084378634063526,-0.00045839410721892904
1896,sq_20_17,0.9998669097242988,0.999881927022764,0.9999427007365992,3.0,21.0,2.999645781068292,20.998796715468583,-0.011807297723598342,-0.005729926340081182,55.86811852047027,-0.0003542189317080613,-0.0012032845314173812
1897,sq_20_5,0.9998669097242988,0.9998819270227666,0.999942700736598,36.0,19.0,35.995749372819596,18.99891131399536,-0.011807297723342991,-0.005729926340203306,80.3379690373673,-0.004250627180404365,-0.0010886860046390723
1898,sq_20_6,0.9998669097242988,0.9998819270227656,0.9999427007365989,22.0,29.0,21.997402394500842,28.998338321361366,-0.011807297723442911,-0.005729926340114488,78.21904026921997,-0.0025976054991581066,-0.0016616786386336457
1899,sq_20_7,0.9998669097242988,0.999881927022766,0.9999427007365972,3.0,12.0,2.999645781068298,11.999312408839167,-0.011807297723398502,-0.005729926340281022,76.11067260530353,-0.00035421893170184404,-0.0006875911608332785
1900,sq_20_9,0.9998669097242988,0.999881927022766,0.999942700736598,22.0,126.0,21.997402394500853,125.99278029281135,-0.011807297723398502,-0.005729926340203306,71.92932449619278,-0.0025976054991474484,-0.007219707188653501
1901,sq_21_10,0.9998669097242988,0.9998819270227643,0.999942700736599,9.0,6.0,8.99893734320488,5.999656204419594,-0.011807297723565036,-0.005729926340103386,68.86613389405449,-0.0010626567951206312,-0.00034379558040598113
1902,sq_21_11,0.9998669097242988,0.9998819270227642,0.9999427007365966,1.0,0.0,0.9998819270227642,0.0,-0.011807297723576138,-0.005729926340336533,66.78018575406296,-0.00011807297723576138,0.0
1903,sq_21_12,0.9998669097242988,0.999881927022766,0.999942700736598,160.0,123.0,159.98110832364256,122.99295219060156,-0.011807297723398502,-0.005729926340203306,64.7087703549454,-0.018891676357441156,-0.007047809398443405
1904,sq_21_13,0.9998669097242988,0.9998819270227663,0.999942700736598,143.0,290.0,142.9831155642556,289.9833832136134,-0.011807297723365195,-0.005729926340203306,62.653327504635385,-0.01688443574440157,-0.016616786386578042
1905,sq_21_14,0.9998669097242988,0.9998819270227668,0.9999427007365972,31.0,38.0,30.99633973770577,37.99782262799069,-0.011807297723320787,-0.005729926340281022,60.61548043990128,-0.0036602622942289997,-0.0021773720093065663
1906,sq_21_15,0.9998669097242988,0.999881927022766,0.9999427007365976,2.0,0.0,1.999763854045532,0.0,-0.011807297723398502,-0.005729926340236613,58.59706332264257,-0.00023614595446797004,0.0
1907,sq_21_17,0.9998669097242988,0.9998819270227652,0.999942700736598,10.0,70.0,9.998819270227653,69.99598905156186,-0.011807297723476218,-0.005729926340203306,54.6271069311236,-0.0011807297723471777,-0.004010948438136097
1908,sq_21_21,0.9998669097242988,0.9998819270227666,0.999942700736598,142.0,75.0,141.98323363723284,74.99570255524485,-0.011807297723342991,-0.005729926340203306,47.03308149502794,-0.01676636276715726,-0.004297444755152924
1909,sq_21_22,0.9998669097242988,0.9998819270227668,0.999942700736598,1070.0,649.0,1069.8736619143604,648.9628127780521,-0.011807297723320787,-0.005729926340203306,45.22788302350051,-0.12633808563964521,-0.037187221947874605
1910,sq_21_4,0.9998669097242988,0.999881927022766,0.9999427007365976,6.0,7.0,5.999291562136596,6.9995989051561835,-0.011807297723398502,-0.005729926340236613,81.62417101308748,-0.0007084378634036881,-0.0004010948438164519
1911,sq_21_5,0.9998669097242988,0.9998819270227652,0.999942700736598,57.0,34.0,56.99326984029762,33.99805182504433,-0.011807297723476218,-0.005729926340203306,79.47359256175888,-0.0067301597023785575,-0.0019481749556717887
1912,sq_21_8,0.9998669097242988,0.9998819270227643,0.9999427007365984,15.0,6.0,14.998228905341465,5.9996562044195905,-0.011807297723565036,-0.005729926340158897,73.07664766637579,-0.0017710946585349774,-0.00034379558040953384
1913,sq_22_13,0.9998669097242988,0.9998819270227658,0.999942700736598,33.0,24.0,32.99610359175127,23.99862481767835,-0.011807297723420707,-0.005729926340203306,61.63280586587408,-0.003896408248728278,-0.0013751823216487935
1914,sq_22_14,0.9998669097242988,0.9998819270227648,0.9999427007365992,9.0,23.0,8.998937343204883,22.998682116941783,-0.011807297723520627,-0.005729926340081182,59.56069189759292,-0.0010626567951170784,-0.0013178830582170065
1915,sq_22_21,0.9998669097242988,0.9998819270227658,0.999942700736598,28.0,169.0,27.996693956637444,168.99031642448506,-0.011807297723420707,-0.005729926340203306,45.6704985243461,-0.0033060433625564656,-0.009683575514941367
1916,sq_22_22,0.9998669097242988,0.9998819270227658,0.9999427007365986,151.0,250.0,150.98217098043764,249.98567518414967,-0.011807297723420707,-0.005729926340136693,43.809767642242285,-0.017829019562356052,-0.014324815850329742
1917,sq_22_23,0.9998669097242988,0.9998819270227656,0.999942700736598,12.0,33.0,11.998583124273187,32.99810912430773,-0.011807297723442911,-0.005729926340203306,41.99255635729725,-0.0014168757268127052,-0.0018908756922684233
1918,sq_22_24,0.9998669097242988,0.999881927022766,0.9999427007365976,107.0,850.0,106.98736619143597,849.9512956261079,-0.011807297723398502,-0.005729926340236613,40.224761365233846,-0.012633808564032734,-0.04870437389206472
1919,sq_22_5,0.9998669097242988,0.9998819270227663,0.999942700736598,44.0,17.0,43.99480478900172,16.999025912522164,-0.011807297723365195,-0.005729926340203306,78.66695718585243,-0.005195210998280686,-0.0009740874778358943
1920,sq_22_6,0.9998669097242988,0.9998819270227652,0.9999427007365972,28.0,7.0,27.996693956637426,6.99959890515618,-0.011807297723476218,-0.005729926340281022,76.50309058955885,-0.003306043362574229,-0.0004010948438200046
1921,sq_22_7,0.9998669097242988,0.999881927022766,0.9999427007365976,34.0,19.0,33.99598551877404,18.998911313995354,-0.011807297723398502,-0.005729926340236613,74.34740357217657,-0.004014481225958377,-0.0010886860046461777
1922,sq_22_8,0.9998669097242988,0.9998819270227656,0.999942700736598,39.0,35.0,38.995395153887856,34.99799452578093,-0.011807297723442911,-0.005729926340203306,72.20062721448348,-0.004604846112144401,-0.0020054742190680486
1923,sq_22_9,0.9998669097242988,0.9998819270227666,0.9999427007365966,4.0,10.0,3.9995277080910663,9.999427007365966,-0.011807297723342991,-0.005729926340336533,70.06357901087654,-0.00047229190893371964,-0.0005729926340336533
1924,sq_23_10,0.9998669097242988,0.999881927022766,0.9999427007365972,48.0,31.0,47.99433249709277,30.998223722834513,-0.011807297723398502,-0.005729926340281022,67.07414619401965,-0.005667502907229505,-0.0017762771654865617
1925,sq_23_15,0.9998669097242988,0.999881927022766,0.9999427007365976,17.0,30.0,16.99799275938702,29.998281022097927,-0.011807297723398502,-0.005729926340236613,56.48722535864418,-0.0020072406129791887,-0.0017189779020725382
1926,sq_23_16,0.9998669097242988,0.9998819270227652,0.9999427007365984,47.0,46.0,46.994450570069965,45.99736423388353,-0.011807297723476218,-0.005729926340158897,54.41422399444952,-0.005549429930034933,-0.00263576611646954
1927,sq_23_2,0.9998669097242988,0.999881927022764,0.9999427007365989,2.0,3.0,1.999763854045528,2.9998281022097966,-0.011807297723598342,-0.005729926340114488,84.23027217797238,-0.00023614595447196685,-0.00017189779020343465
1928,sq_23_20,0.9998669097242988,0.9998819270227656,0.9999427007365974,5.0,3.0,4.999409635113828,2.999828102209792,-0.011807297723442911,-0.005729926340258817,46.3364460467059,-0.0005903648861718125,-0.00017189779020787554
1929,sq_23_21,0.9998669097242988,0.9998819270227658,0.9999427007365982,8.0,19.0,7.999055416182126,18.998911313995364,-0.011807297723420707,-0.005729926340181102,44.38517145106545,-0.0009445838178736565,-0.0010886860046355196
1930,sq_23_22,0.9998669097242988,0.9998819270227652,0.9999427007365986,4.0,19.0,3.999527708091061,18.998911313995375,-0.011807297723476218,-0.005729926340136693,42.4687574938869,-0.0004722919089390487,-0.0010886860046248614
1931,sq_23_23,0.9998669097242988,0.999881927022767,0.9999427007365976,1840.0,642.0,1839.7827457218914,641.9632138728957,-0.011807297723298582,-0.005729926340236613,40.59213998544421,-0.2172542781086122,-0.03678612710427842
1932,sq_23_24,0.9998669097242988,0.9998819270227668,0.9999427007365972,11255.0,5716.0,11253.67108864124,5715.67247741039,-0.011807297723320787,-0.005729926340281022,38.7610976008619,-1.3289113587597967,-0.327522589610453
1933,sq_23_8,0.9998669097242988,0.9998819270227668,0.9999427007365984,86.0,107.0,85.98984572395794,106.99386897881602,-0.011807297723320787,-0.005729926340158897,71.38788905239102,-0.010154276042058541,-0.006131021183975349
1934,sq_23_9,0.9998669097242988,0.9998819270227652,0.9999427007365986,19.0,9.0,18.99775661343254,8.999484306629387,-0.011807297723476218,-0.005729926340136693,69.22642135062765,-0.0022433865674607034,-0.0005156933706125244
1935,sq_24_10,0.9998669097242988,0.9998819270227656,0.9999427007365984,9.0,44.0,8.99893734320489,43.99747883241033,-0.011807297723442911,-0.005729926340158897,66.27955070769933,-0.001062656795109973,-0.002521167589669915
1936,sq_24_11,0.9998669097242988,0.999881927022764,0.9999427007365974,1.0,15.0,0.999881927022764,14.999140511048962,-0.011807297723598342,-0.005729926340258817,64.11150437081247,-0.00011807297723598342,-0.0008594889510380455
1937,sq_24_13,0.9998669097242988,0.9998819270227658,0.9999427007365976,47.0,95.0,46.99445057006999,94.99455656997678,-0.011807297723420707,-0.005729926340236613,59.80482528947661,-0.005549429930006511,-0.00544343002322023
1938,sq_24_14,0.9998669097242988,0.9998819270227643,0.9999427007365976,1.0,1.0,0.9998819270227643,0.9999427007365976,-0.011807297723565036,-0.005729926340236613,57.66838569770958,-0.00011807297723565036,-5.729926340236613e-05
1939,sq_24_15,0.9998669097242988,0.9998819270227648,0.9999427007365972,1.0,4.0,0.9998819270227648,3.9997708029463888,-0.011807297723520627,-0.005729926340281022,55.54494610350295,-0.00011807297723520627,-0.00022919705361124088
1940,sq_24_16,0.9998669097242988,0.9998819270227658,0.9999427007365984,1.0,12.0,0.9998819270227658,11.999312408839181,-0.011807297723420707,-0.005729926340158897,53.43605452814433,-0.00011807297723420707,-0.0006875911608190677
1941,sq_24_17,0.9998669097242988,0.9998819270227656,0.9999427007365976,7.0,15.0,6.999173489159359,14.999140511048964,-0.011807297723442911,-0.005729926340236613,51.34350183673669,-0.0008265108406408928,-0.0008594889510362691
1942,sq_24_18,0.9998669097242988,0.9998819270227668,0.9999427007365982,361.0,196.0,360.9573756552188,195.98876934437325,-0.011807297723320787,-0.005729926340181102,49.269368053213256,-0.04262434478118848,-0.011230655626746966
1943,sq_24_19,0.9998669097242988,0.9998819270227642,0.9999427007365966,1.0,0.0,0.9998819270227642,0.0,-0.011807297723576138,-0.005729926340336533,47.21607871634474,-0.00011807297723576138,0.0
1944,sq_24_20,0.9998669097242988,0.9998819270227663,0.9999427007365984,12.0,39.0,11.998583124273196,38.99776532872734,-0.011807297723365195,-0.005729926340158897,45.18647354758913,-0.0014168757268038235,-0.0022346712726601936
1945,sq_24_21,0.9998669097242988,0.9998819270227652,0.9999427007365992,2.0,1.0,1.9997638540455305,0.9999427007365992,-0.011807297723476218,-0.005729926340081182,43.18389014116321,-0.00023614595446952436,-5.729926340081182e-05
1946,sq_24_22,0.9998669097242988,0.9998819270227663,0.9999427007365982,110.0,58.0,109.98701197250429,57.9966766427227,-0.011807297723365195,-0.005729926340181102,41.21226582554176,-0.01298802749570882,-0.0033233572773028186
1947,sq_24_24,0.9998669097242988,0.9998819270227668,0.999942700736597,10785.0,4707.0,10783.72658294054,4706.730292367162,-0.011807297723320787,-0.005729926340303226,37.38140889050786,-1.2734170594594616,-0.26970763283770793
1948,sq_24_27,0.9998669097242988,0.9998819270227672,0.9999427007365982,671.0,731.0,670.9207730322768,730.9581142384533,-0.011807297723276378,-0.005729926340181102,32.01609846142227,-0.07922696772322979,-0.04188576154672319
1949,sq_25_18,0.9998669097242988,0.999881927022766,0.9999427007365976,63.0,47.0,62.99256140243426,46.99730693462009,-0.011807297723398502,-0.005729926340236613,48.29752906124458,-0.007438597565737837,-0.0026930653799084325
1950,sq_25_19,0.9998669097242988,0.9998819270227663,0.9999427007365972,360.0,520.0,359.9574937281959,519.9702043830306,-0.011807297723365195,-0.005729926340281022,46.20171946352085,-0.04250627180408628,-0.02979561696940891
1951,sq_25_26,0.9998669097242988,0.9998819270227672,0.9999427007365984,2207.0,1801.0,2206.7394129392474,1800.8968040266138,-0.011807297723276378,-0.005729926340158897,32.313231202910465,-0.26058706075264126,-0.10319597338616404
1952,sq_25_27,0.9998669097242988,0.9998819270227662,0.9999427007365972,176.0,142.0,175.97921915600685,141.9918635045968,-0.011807297723376298,-0.005729926340281022,30.506347207450332,-0.020780843993151166,-0.008136495403192612
1953,sq_25_28,0.9998669097242988,0.9998819270227668,0.999942700736598,661.0,568.0,660.9219537620488,567.9674540183877,-0.011807297723320787,-0.005729926340203306,28.769723039620718,-0.0780462379511846,-0.0325459816123157
1954,sq_25_3,0.9998669097242988,0.9998819270227656,0.9999427007365984,4.0,11.0,3.9995277080910623,10.999369708102583,-0.011807297723442911,-0.005729926340158897,81.066658890457,-0.00047229190893771644,-0.0006302918974174787
1955,sq_25_47,0.9998669097242988,0.9998819270227668,0.999942700736598,2948.0,1550.0,2947.6519208631166,1549.9111861417268,-0.011807297723320787,-0.005729926340203306,29.65632434601005,-0.34807913688337067,-0.0888138582731699
1956,sq_25_5,0.9998669097242988,0.9998819270227663,0.9999427007365984,37.0,8.0,36.99563129984236,7.999541605892787,-0.011807297723365195,-0.005729926340158897,76.61047089308641,-0.00436870015764157,-0.0004583941072127118
1957,sq_25_6,0.9998669097242988,0.999881927022766,0.999942700736598,37.0,22.0,36.995631299842344,21.998739416205154,-0.011807297723398502,-0.005729926340203306,74.38885739255646,-0.0043687001576557805,-0.0012605837948456156
1958,sq_26_10,0.9998669097242988,0.9998819270227663,0.999942700736598,59.0,65.0,58.99303369434321,64.99627554787887,-0.011807297723365195,-0.005729926340203306,64.90520852511119,-0.006966305656789018,-0.0037244521211334813
1959,sq_26_14,0.9998669097242988,0.9998819270227663,0.999942700736598,23.0,15.0,22.997284321523626,14.999140511048969,-0.011807297723365195,-0.005729926340203306,56.08918568583142,-0.002715678476373995,-0.00085948895103094
1960,sq_26_2,0.9998669097242988,0.9998819270227676,0.9999427007365972,52.0,18.0,51.993860205183914,17.99896861325875,-0.011807297723243071,-0.005729926340281022,82.78467811962852,-0.006139794816085953,-0.0010313867412499178
1961,sq_26_26,0.9998669097242988,0.9998819270227658,0.999942700736598,84.0,32.0,83.99008186991233,31.998166423571135,-0.011807297723420707,-0.005729926340203306,30.987963623650884,-0.009918130087669397,-0.001833576428865058
1962,sq_26_27,0.9998669097242988,0.999881927022766,0.999942700736598,17.0,25.0,16.99799275938702,24.998567518414948,-0.011807297723398502,-0.005729926340203306,29.099496808995365,-0.0020072406129791887,-0.0014324815850521588
1963,sq_26_41,0.9998669097242988,0.9998819270227668,0.9999427007365984,674.0,726.0,673.9204188133448,725.9584007347704,-0.011807297723320787,-0.005729926340158897,19.166333070234977,-0.07958118665521852,-0.041599265229592675
1964,sq_26_5,0.9998669097242988,0.9998819270227668,0.9999427007365972,52.0,45.0,51.99386020518387,44.99742153314688,-0.011807297723320787,-0.005729926340281022,76.05136876902162,-0.006139794816128585,-0.002578466853123018
1965,sq_26_8,0.9998669097242988,0.999881927022766,0.9999427007365976,44.0,51.0,43.994804789001705,50.99707773756648,-0.011807297723398502,-0.005729926340236613,69.35007517896909,-0.005195210998294897,-0.002922262433521894
1966,sq_27_10,0.9998669097242988,0.9998819270227672,0.9999427007365974,22.0,21.0,21.99740239450088,20.998796715468547,-0.011807297723276378,-0.005729926340258817,64.32990567311069,-0.0025976054991190267,-0.0012032845314529084
1967,sq_27_11,0.9998669097242988,0.9998819270227668,0.9999427007365976,27.0,25.0,26.996812029614702,24.99856751841494,-0.011807297723320787,-0.005729926340236613,62.09589163222688,-0.0031879703852979446,-0.0014324815850592643
1968,sq_27_12,0.9998669097242988,0.9998819270227652,0.999942700736598,35.0,24.0,34.99586744579678,23.99862481767835,-0.011807297723476218,-0.005729926340203306,59.86673961623641,-0.004132554203216898,-0.0013751823216487935
1969,sq_27_23,0.9998669097242988,0.9998819270227663,0.999942700736598,33.0,48.0,32.99610359175129,47.9972496353567,-0.011807297723365195,-0.005729926340203306,35.92456136172924,-0.003896408248706962,-0.002750364643297587
1970,sq_27_28,0.9998669097242988,0.9998819270227652,0.9999427007365982,19.0,20.0,18.99775661343254,19.998854014731965,-0.011807297723476218,-0.005729926340181102,25.89544333354593,-0.0022433865674607034,-0.0011459852680353322
1971,sq_27_29,0.9998669097242988,0.9998819270227668,0.999942700736598,411.0,362.0,410.95147200635716,361.97925766664844,-0.011807297723320787,-0.005729926340203306,24.04698022227843,-0.048527993642835554,-0.020742333351563502
1972,sq_27_44,0.9998669097242988,0.9998819270227672,0.9999427007365972,2472.0,781.0,2471.7081236002805,780.9552492752824,-0.011807297723276378,-0.005729926340281022,21.464893860905892,-0.29187639971951285,-0.044750724717573576
1973,sq_27_5,0.9998669097242988,0.999881927022766,0.9999427007365976,19.0,14.0,18.997756613432554,13.999197810312367,-0.011807297723398502,-0.005729926340236613,75.557829818938,-0.0022433865674464926,-0.0008021896876329038
1974,sq_27_6,0.9998669097242988,0.9998819270227668,0.9999427007365984,44.0,24.0,43.99480478900174,23.998624817678362,-0.011807297723320787,-0.005729926340158897,73.30570663918559,-0.00519521099825937,-0.0013751823216381354
1975,sq_27_7,0.9998669097242988,0.9998819270227646,0.999942700736598,3.0,3.0,2.9996457810682937,2.999828102209794,-0.011807297723542831,-0.005729926340203306,71.05654403956203,-0.00035421893170628493,-0.0001718977902060992
1976,sq_28_10,0.9998669097242988,0.9998819270227652,0.999942700736598,12.0,9.0,11.998583124273182,8.999484306629382,-0.011807297723476218,-0.005729926340203306,63.83185918832948,-0.0014168757268180343,-0.0005156933706178535
1977,sq_28_12,0.9998669097242988,0.999881927022766,0.9999427007365972,13.0,11.0,12.998465051295959,10.999369708102568,-0.011807297723398502,-0.005729926340281022,59.33265384333101,-0.0015349487040410281,-0.0006302918974316896
1978,sq_28_13,0.9998669097242988,0.999881927022766,0.9999427007365972,5.0,8.0,4.99940963511383,7.9995416058927775,-0.011807297723398502,-0.005729926340281022,57.088818897524405,-0.0005903648861700361,-0.00045839410722248175
1979,sq_28_14,0.9998669097242988,0.999881927022766,0.9999427007365976,2.0,0.0,1.999763854045532,0.0,-0.011807297723398502,-0.005729926340236613,54.84945615222825,-0.00023614595446797004,0.0
1980,sq_28_2,0.9998669097242988,0.9998819270227668,0.9999427007365976,26.0,17.0,25.996930102591936,16.99902591252216,-0.011807297723320787,-0.005729926340236613,82.01289400672216,-0.0030698974080642927,-0.000974087477839447
1981,sq_28_20,0.9998669097242988,0.9998819270227658,0.9999427007365984,70.0,60.0,69.99173489159361,59.996562044195905,-0.011807297723420707,-0.005729926340158897,41.547483140691206,-0.008265108406391164,-0.0034379558040953384
1982,sq_28_21,0.9998669097242988,0.999881927022766,0.9999427007365976,61.0,41.0,60.99279754838873,40.997650730200505,-0.011807297723398502,-0.005729926340236613,39.362913163000435,-0.007202451611270533,-0.002349269799495346
1983,sq_28_22,0.9998669097242988,0.9998819270227648,0.9999427007365984,1.0,2.0,0.9998819270227648,1.9998854014731968,-0.011807297723520627,-0.005729926340158897,37.191978299765914,-0.00011807297723520627,-0.00011459852680317795
1984,sq_28_23,0.9998669097242988,0.9998819270227668,0.9999427007365976,121.0,73.0,120.98571316975479,72.99581715377163,-0.011807297723320787,-0.005729926340236613,35.03721091857807,-0.01428683024521149,-0.004182846228374615
1985,sq_28_26,0.9998669097242988,0.9998819270227663,0.999942700736598,158.0,138.0,157.98134446959708,137.9920927016505,-0.011807297723365195,-0.005729926340203306,28.706180987822194,-0.018655530402924114,-0.007907298349493885
1986,sq_28_27,0.9998669097242988,0.9998819270227676,0.999942700736598,3503.0,1134.0,3502.5863903607546,1133.9350226353022,-0.011807297723243071,-0.005729926340203306,26.657842475453776,-0.413609639245351,-0.06497736469782467
1987,sq_28_3,0.9998669097242988,0.9998819270227643,0.9999427007365976,1.0,1.0,0.9998819270227643,0.9999427007365976,-0.011807297723565036,-0.005729926340236613,79.66605727362226,-0.00011807297723565036,-5.729926340236613e-05
1988,sq_28_39,0.9998669097242988,0.9998819270227672,0.9999427007365982,11688.0,5367.0,11686.619963042103,5366.692474853323,-0.011807297723276378,-0.005729926340181102,13.163145522521617,-1.3800369578966638,-0.30752514667710784
1989,sq_28_5,0.9998669097242988,0.9998819270227642,0.9999427007365966,1.0,0.0,0.9998819270227642,0.0,-0.011807297723576138,-0.005729926340336533,75.13108347318861,-0.00011807297723576138,0.0
1990,sq_28_59,0.9998669097242988,0.9998819270227668,0.9999427007365982,114.0,811.0,113.98653968059541,810.9535302973811,-0.011807297723320787,-0.005729926340181102,50.97656016713957,-0.013460319404586585,-0.04646970261887873
1991,sq_29_10,0.9998669097242988,0.9998819270227668,0.9999427007365976,23.0,32.0,22.997284321523637,31.998166423571124,-0.011807297723320787,-0.005729926340236613,63.41281521429086,-0.002715678476363337,-0.0018335764288757161
1992,sq_29_12,0.9998669097242988,0.9998819270227642,0.9999427007365966,1.0,0.0,0.9998819270227642,0.0,-0.011807297723576138,-0.005729926340336533,58.88302307123888,-0.00011807297723576138,0.0
1993,sq_29_13,0.9998669097242988,0.9998819270227666,0.9999427007365986,43.0,41.0,42.994922861978964,40.99765073020055,-0.011807297723342991,-0.005729926340136693,56.62207081227804,-0.005077138021036376,-0.0023492697994527134
1994,sq_29_14,0.9998669097242988,0.999881927022766,0.9999427007365974,6.0,18.0,5.999291562136596,17.998968613258754,-0.011807297723398502,-0.005729926340258817,54.364182827474075,-0.0007084378634036881,-0.001031386741246365
1995,sq_29_15,0.9998669097242988,0.9998819270227648,0.9999427007365974,5.0,5.0,4.999409635113824,4.999713503682987,-0.011807297723520627,-0.005729926340258817,52.10975557748826,-0.0005903648861762534,-0.00028649631701327394
1996,sq_29_2,0.9998669097242988,0.9998819270227642,0.9999427007365966,1.0,0.0,0.9998819270227642,0.0,-0.011807297723576138,-0.005729926340336533,80.92490920735482,-0.00011807297723576138,0.0
1997,sq_29_20,0.9998669097242988,0.999881927022766,0.999942700736598,35.0,32.0,34.99586744579681,31.998166423571135,-0.011807297723398502,-0.005729926340203306,40.909450259283844,-0.0041325542031884765,-0.001833576428865058
1998,sq_29_22,0.9998669097242988,0.9998819270227662,0.9999427007365976,47.0,32.0,46.994450570070015,31.998166423571124,-0.011807297723376298,-0.005729926340236613,36.47926671234145,-0.005549429929985195,-0.0018335764288757161
1999,sq_29_23,0.9998669097242988,0.9998819270227662,0.9999427007365984,1.0,17.0,0.9998819270227662,16.99902591252217,-0.011807297723376298,-0.005729926340158897,34.280416509717114,-0.00011807297723376298,-0.0009740874778287889
2000,sq_29_24,0.9998669097242988,0.9998819270227648,0.9999427007365972,1.0,4.0,0.9998819270227648,3.9997708029463888,-0.011807297723520627,-0.005729926340281022,32.09536182769675,-0.00011807297723520627,-0.00022919705361124088
2001,sq_29_3,0.9998669097242988,0.9998819270227642,0.9999427007365966,1.0,0.0,0.9998819270227642,0.0,-0.011807297723576138,-0.005729926340336533,79.398247693584,-0.00011807297723576138,0.0
2002,sq_29_52,0.9998669097242988,0.9998819270227666,0.9999427007365972,805.0,703.0,804.9049512533271,702.9597186178278,-0.011807297723342991,-0.005729926340281022,35.359274136085475,-0.09504874667288732,-0.04028138217222477
2003,sq_29_53,0.9998669097242988,0.9998819270227668,0.999942700736598,294.0,81.0,293.9652865446934,80.99535875966444,-0.011807297723320787,-0.005729926340203306,37.65812764524444,-0.03471345530658709,-0.004641240335558905
2004,sq_29_54,0.9998669097242988,0.999881927022765,0.9999427007365986,283.0,117.0,282.9665853474425,116.99329598618203,-0.011807297723498422,-0.005729926340136693,39.74488640985558,-0.03341465255749654,-0.00670401381796637
2005,sq_29_57,0.9998669097242988,0.999881927022766,0.999942700736598,655.0,178.0,654.9226621999118,177.98980073111443,-0.011807297723398502,-0.005729926340203306,46.4390096203317,-0.07733780008823032,-0.010199268885571655
2006,sq_29_60,0.9998669097242988,0.999881927022766,0.999942700736598,299.0,147.0,298.96469617980705,146.9915770082799,-0.011807297723398502,-0.005729926340203306,52.728667031202846,-0.03530382019295075,-0.008422991720095752
2007,sq_29_8,0.9998669097242988,0.9998819270227642,0.9999427007365966,1.0,0.0,0.9998819270227642,0.0,-0.011807297723576138,-0.005729926340336533,67.95138113964252,-0.00011807297723576138,0.0
2008,sq_29_9,0.9998669097242988,0.999881927022766,0.9999427007365976,26.0,10.0,25.996930102591918,9.999427007365977,-0.011807297723398502,-0.005729926340236613,65.6811142443863,-0.0030698974080820562,-0.0005729926340229952
2009,sq_2_34,0.9998669097242988,0.9998819270227668,0.9999427007365976,280.0,342.0,279.9669395663747,341.9804036519164,-0.011807297723320787,-0.005729926340236613,72.69333438054419,-0.03306043362528044,-0.019596348083609882
2010,sq_2_35,0.9998669097242988,0.9998819270227672,0.999942700736598,73.0,152.0,72.991380672662,151.9912905119629,-0.011807297723276378,-0.005729926340203306,72.49230155772908,-0.008619327337996197,-0.008709488037112578
2011,sq_2_36,0.9998669097242988,0.9998819270227652,0.9999427007365986,33.0,95.0,32.99610359175125,94.99455656997687,-0.011807297723476218,-0.005729926340136693,72.34793924218478,-0.0038964082487495943,-0.005443430023134965
2012,sq_2_37,0.9998669097242988,0.9998819270227642,0.9999427007365966,1.0,0.0,0.9998819270227642,0.0,-0.011807297723576138,-0.005729926340336533,73.35247427914074,-0.00011807297723576138,0.0
2013,sq_30_10,0.9998669097242988,0.9998819270227663,0.999942700736598,14.0,11.0,13.998346978318729,10.999369708102577,-0.011807297723365195,-0.005729926340203306,63.07427377323598,-0.0016530216812711274,-0.0006302918974228078
2014,sq_30_11,0.9998669097242988,0.9998819270227662,0.9999427007365984,52.0,44.0,51.99386020518384,43.99747883241033,-0.011807297723376298,-0.005729926340158897,60.79624458703906,-0.006139794816157007,-0.002521167589669915
2015,sq_30_12,0.9998669097242988,0.9998819270227642,0.999942700736598,3.0,0.0,2.999645781068293,0.0,-0.011807297723576138,-0.005729926340203306,58.51971363963015,-0.0003542189317071731,0.0
2016,sq_30_21,0.9998669097242988,0.9998819270227663,0.9999427007365984,23.0,16.0,22.997284321523626,15.999083211785575,-0.011807297723365195,-0.005729926340158897,38.14216805418096,-0.002715678476373995,-0.0009167882144254236
2017,sq_30_22,0.9998669097242988,0.999881927022766,0.999942700736598,24.0,60.0,23.997166248546385,59.996562044195876,-0.011807297723398502,-0.005729926340203306,35.898885102729295,-0.0028337514536147523,-0.00343795580412376
2018,sq_30_23,0.9998669097242988,0.9998819270227648,0.9999427007365972,1.0,4.0,0.9998819270227648,3.9997708029463888,-0.011807297723520627,-0.005729926340281022,33.66284482848875,-0.00011807297723520627,-0.00022919705361124088
2019,sq_30_24,0.9998669097242988,0.9998819270227656,0.9999427007365982,160.0,84.0,159.9811083236425,83.99518686187425,-0.011807297723442911,-0.005729926340181102,31.435590368063508,-0.018891676357498,-0.00481313812575479
2020,sq_30_25,0.9998669097242988,0.9998819270227683,0.9999427007365967,2119.0,1728.0,2118.749803361246,1727.9009868728392,-0.011807297723165355,-0.005729926340325431,29.21912836818239,-0.2501966387540051,-0.09901312716078792
2021,sq_30_35,0.9998669097242988,0.9998819270227676,0.9999427007365972,24202.0,6295.0,24199.142397805022,6294.639301136879,-0.011807297723243071,-0.005729926340281022,9.470679773851087,-2.8576021949775168,-0.36069886312088784
2022,sq_30_63,0.9998669097242988,0.9998819270227672,0.9999427007365976,313.0,206.0,312.96304315812614,205.9881963517391,-0.011807297723276378,-0.005729926340236613,59.64355956406161,-0.0369568418738595,-0.011803648260894306
2023,sq_30_64,0.9998669097242988,0.999881927022766,0.999942700736598,5.0,45.0,4.99940963511383,44.997421533146905,-0.011807297723398502,-0.005729926340203306,61.32508970601411,-0.0005903648861700361,-0.0025784668530945964
2024,sq_30_65,0.9998669097242988,0.999881927022766,0.9999427007365972,6.0,5.0,5.999291562136596,4.999713503682986,-0.011807297723398502,-0.005729926340281022,64.86092794168309,-0.0007084378634036881,-0.0002864963170141621
2025,sq_31_10,0.9998669097242988,0.9998819270227652,0.9999427007365992,2.0,1.0,1.9997638540455305,0.9999427007365992,-0.011807297723476218,-0.005729926340081182,62.817461542286104,-0.00023614595446952436,-5.729926340081182e-05
2026,sq_31_11,0.9998669097242988,0.9998819270227652,0.9999427007365986,4.0,4.0,3.999527708091061,3.9997708029463945,-0.011807297723476218,-0.005729926340136693,60.53047298291865,-0.0004722919089390487,-0.00022919705360546772
2027,sq_31_12,0.9998669097242988,0.9998819270227652,0.999942700736598,16.0,22.0,15.998110832364244,21.998739416205154,-0.011807297723476218,-0.005729926340203306,58.24426013780087,-0.0018891676357561948,-0.0012605837948456156
2028,sq_31_21,0.9998669097242988,0.999881927022764,0.9999427007365982,9.0,8.0,8.998937343204876,7.9995416058927855,-0.011807297723598342,-0.005729926340181102,37.72608872434158,-0.0010626567951241839,-0.00045839410721448814
2029,sq_31_24,0.9998669097242988,0.999881927022767,0.9999427007365976,245.0,233.0,244.97107212057793,232.98664927162724,-0.011807297723298582,-0.005729926340236613,30.93170448201077,-0.028927879422070646,-0.013350728372756748
2030,sq_31_25,0.9998669097242988,0.9998819270227676,0.9999427007365967,3390.0,3048.0,3389.599732607182,3047.825351845147,-0.011807297723243071,-0.005729926340325431,28.677031892391383,-0.4002673928180229,-0.17464815485300278
2031,sq_31_30,0.9998669097242988,0.9998819270227663,0.9999427007365976,5450.0,5066.0,5449.356502274077,5065.709721931604,-0.011807297723365195,-0.005729926340236613,17.567215351594964,-0.6434977259232255,-0.29027806839621917
2032,sq_31_57,0.9998669097242988,0.9998819270227666,0.9999427007365976,643.0,147.0,642.9240790756389,146.99157700827985,-0.011807297723342991,-0.005729926340236613,45.72416304986155,-0.07592092436107123,-0.008422991720152595
2033,sq_31_63,0.9998669097242988,0.9998819270227666,0.9999427007365974,598.0,244.0,597.9293923596144,243.98601897972978,-0.011807297723342991,-0.005729926340258817,59.42077494116693,-0.07060764038556044,-0.013981020270222189
2034,sq_31_65,0.9998669097242988,0.9998819270227643,0.999942700736598,2.0,4.0,1.9997638540455287,3.999770802946392,-0.011807297723565036,-0.005729926340203306,63.994085407649536,-0.0002361459544713007,-0.00022919705360813225
2035,sq_31_66,0.9998669097242988,0.9998819270227656,0.999942700736598,17.0,13.0,16.997992759387014,12.999255109575774,-0.011807297723442911,-0.005729926340203306,65.55646469562316,-0.002007240612986294,-0.0007448904242259857
2036,sq_32_18,0.9998669097242988,0.999881927022766,0.9999427007365972,13.0,11.0,12.998465051295959,10.999369708102568,-0.011807297723398502,-0.005729926340281022,44.3106242103657,-0.0015349487040410281,-0.0006302918974316896
2037,sq_32_21,0.9998669097242988,0.9998819270227658,0.9999427007365982,28.0,24.0,27.996693956637444,23.998624817678355,-0.011807297723420707,-0.005729926340181102,37.44557635664143,-0.0033060433625564656,-0.0013751823216452408
2038,sq_32_22,0.9998669097242988,0.9998819270227666,0.9999427007365982,43.0,9.0,42.994922861978964,8.999484306629384,-0.011807297723342991,-0.005729926340181102,35.15930362750225,-0.005077138021036376,-0.0005156933706160771
2039,sq_32_23,0.9998669097242988,0.9998819270227658,0.9999427007365972,7.0,1.0,6.999173489159361,0.9999427007365972,-0.011807297723420707,-0.005729926340281022,32.874426254114,-0.0008265108406391164,-5.729926340281022e-05
2040,sq_32_24,0.9998669097242988,0.9998819270227658,0.9999427007365984,23.0,31.0,22.997284321523612,30.998223722834553,-0.011807297723420707,-0.005729926340158897,30.591254400589854,-0.002715678476388206,-0.0017762771654474818
2041,sq_32_25,0.9998669097242988,0.9998819270227668,0.9999427007365982,2343.0,1591.0,2342.723355014343,1590.9088368719276,-0.011807297723320787,-0.005729926340181102,28.310198093552515,-0.2766449856571853,-0.09116312807236682
2042,sq_32_57,0.9998669097242988,0.9998819270227668,0.9999427007365976,276.0,78.0,275.96741185828364,77.99553065745461,-0.011807297723320787,-0.005729926340236613,45.49080151350908,-0.03258814171636004,-0.0044693425453914415
2043,sq_32_58,0.9998669097242988,0.9998819270227663,0.9999427007365976,1037.0,707.0,1036.8775583226086,706.9594894207745,-0.011807297723365195,-0.005729926340236613,47.78079312252887,-0.12244167739140721,-0.04051057922549717
2044,sq_32_66,0.9998669097242988,0.999881927022766,0.9999427007365976,15.0,37.0,14.99822890534149,36.99787992725411,-0.011807297723398502,-0.005729926340236613,66.11572413710685,-0.0017710946585101084,-0.00212007274588899
2045,sq_33_14,0.9998669097242988,0.9998819270227666,0.9999427007365984,18.0,25.0,17.997874686409798,24.99856751841496,-0.011807297723342991,-0.005729926340158897,53.370162427635016,-0.0021253135902021825,-0.0014324815850415007
2046,sq_33_15,0.9998669097242988,0.9998819270227642,0.9999427007365966,1.0,0.0,0.9998819270227642,0.0,-0.011807297723576138,-0.005729926340336533,51.074846824675326,-0.00011807297723576138,0.0
2047,sq_33_24,0.9998669097242988,0.9998819270227648,0.9999427007365976,4.0,1.0,3.999527708091059,0.9999427007365976,-0.011807297723520627,-0.005729926340236613,30.419573429837886,-0.00047229190894082507,-5.729926340236613e-05
2048,sq_33_25,0.9998669097242988,0.999881927022766,0.9999427007365976,614.0,148.0,613.9275031919783,147.99151970901644,-0.011807297723398502,-0.005729926340236613,28.125318335065828,-0.07249680802169678,-0.00848029098355596
2049,sq_33_32,0.9998669097242988,0.9998819270227672,0.999942700736597,18308.0,4228.0,18305.838319932824,4227.757738714332,-0.011807297723276378,-0.005729926340303226,12.082596629559255,-2.1616800671763485,-0.24226128566806437
2050,sq_33_37,0.9998669097242988,0.999881927022767,0.9999427007365972,10757.0,3771.0,10755.729888983904,3770.783924477708,-0.011807297723298582,-0.005729926340281022,1.2187238392919264,-1.2701110160960525,-0.21607552229215798
2051,sq_33_54,0.9998669097242988,0.9998819270227676,0.999942700736598,516.0,196.0,515.9390743437481,195.9887693443732,-0.011807297723243071,-0.005729926340203306,38.48710206640439,-0.06092565625192492,-0.01123065562680381
2052,sq_33_69,0.9998669097242988,0.9998819270227662,0.999942700736598,24.0,18.0,23.99716624854639,17.998968613258764,-0.011807297723376298,-0.005729926340203306,72.82592569126884,-0.0028337514536111996,-0.001031386741235707
2053,sq_34_20,0.9998669097242988,0.9998819270227656,0.9999427007365974,3.0,2.0,2.999645781068297,1.9998854014731948,-0.011807297723442911,-0.005729926340258817,39.595911014503564,-0.0003542189317031763,-0.00011459852680517635
2054,sq_34_21,0.9998669097242988,0.9998819270227656,0.9999427007365984,141.0,98.0,140.98335171020994,97.99438467218664,-0.011807297723442911,-0.005729926340158897,37.30150533194807,-0.01664828979005506,-0.005615327813359272
2055,sq_34_24,0.9998669097242988,0.9998819270227668,0.9999427007365976,795.0,203.0,794.9061319830996,202.98836824952932,-0.011807297723320787,-0.005729926340236613,30.419364618483833,-0.09386801690038737,-0.01163175047068421
2056,sq_34_25,0.9998669097242988,0.9998819270227668,0.9999427007365976,164.0,80.0,163.98063603173375,79.99541605892782,-0.011807297723320787,-0.005729926340236613,28.12581377272877,-0.019363968266247866,-0.004583941072183961
2057,sq_34_34,0.9998669097242988,0.999881927022766,0.999942700736598,110.0,600.0,109.98701197250426,599.9656204419588,-0.011807297723398502,-0.005729926340203306,7.5375122333428815,-0.012988027495737242,-0.03437955804122339
2058,sq_34_37,0.9998669097242988,0.9998819270227666,0.9999427007365976,1493.0,2365.0,1492.8237170449904,2364.864487242053,-0.011807297723342991,-0.005729926340236613,1.3234947112406803,-0.17628295500958302,-0.13551275794679896
2059,sq_34_42,0.9998669097242988,0.9998819270227668,0.999942700736598,5686.0,2499.0,5685.328637051452,2498.8568091407583,-0.011807297723320787,-0.005729926340203306,10.987841802243496,-0.6713629485484489,-0.14319085924171304
2060,sq_34_58,0.9998669097242988,0.9998819270227663,0.9999427007365984,695.0,323.0,694.9179392808226,322.9814923379213,-0.011807297723365195,-0.005729926340158897,47.662400924208754,-0.0820607191774343,-0.018507662078718567
2061,sq_34_69,0.9998669097242988,0.9998819270227658,0.9999427007365984,45.0,26.0,44.99468671602446,25.99851021915156,-0.011807297723420707,-0.005729926340158897,72.90556774563578,-0.005313283975539207,-0.0014897808484413133
2062,sq_34_70,0.9998669097242988,0.9998819270227666,0.999942700736598,4.0,56.0,3.9995277080910663,55.99679124124948,-0.011807297723342991,-0.005729926340203306,75.2005799938751,-0.00047229190893371964,-0.0032087587505174042
2063,sq_34_71,0.9998669097242988,0.999881927022766,0.9999427007365984,49.0,31.0,48.99421442411553,30.998223722834553,-0.011807297723398502,-0.005729926340158897,77.28902696941154,-0.005785575884466709,-0.0017762771654474818
2064,sq_35_17,0.9998669097242988,0.9998819270227648,0.9999427007365982,15.0,12.0,14.998228905341472,11.999312408839177,-0.011807297723520627,-0.005729926340181102,46.58802192410602,-0.001771094658527872,-0.0006875911608226204
2065,sq_35_18,0.9998669097242988,0.9998819270227652,0.9999427007365984,68.0,87.0,67.99197103754804,86.99501496408406,-0.011807297723476218,-0.005729926340158897,44.299581462890266,-0.008028962451959387,-0.004985035915936464
2066,sq_35_19,0.9998669097242988,0.9998819270227656,0.9999427007365974,3.0,2.0,2.999645781068297,1.9998854014731948,-0.011807297723442911,-0.005729926340258817,42.01189086550292,-0.0003542189317031763,-0.00011459852680517635
2067,sq_35_22,0.9998669097242988,0.9998819270227668,0.9999427007365976,308.0,150.0,307.96363352301216,149.99140511048964,-0.011807297723320787,-0.005729926340236613,35.154758058876745,-0.036366476987836904,-0.008594889510362691
2068,sq_36_17,0.9998669097242988,0.9998819270227656,0.9999427007365982,20.0,20.0,19.997638540455313,19.998854014731965,-0.011807297723442911,-0.005729926340181102,46.753179750357354,-0.00236145954468725,-0.0011459852680353322
2069,sq_36_19,0.9998669097242988,0.9998819270227656,0.9999427007365984,31.0,26.0,30.996339737705732,25.99851021915156,-0.011807297723442911,-0.005729926340158897,42.256730150655955,-0.0036602622942680796,-0.0014897808484413133
2070,sq_36_21,0.9998669097242988,0.9998819270227668,0.9999427007365972,7.0,93.0,6.999173489159368,92.99467116850354,-0.011807297723320787,-0.005729926340281022,37.7152898556076,-0.000826510840632011,-0.005328831496456132
2071,sq_36_22,0.9998669097242988,0.9998819270227662,0.999942700736598,626.0,187.0,625.9260863162517,186.98928503774383,-0.011807297723376298,-0.005729926340203306,35.44924482640275,-0.07391368374828744,-0.010714962256173521
2072,sq_36_43,0.9998669097242988,0.9998819270227663,0.9999427007365976,1020.0,720.0,1019.8795655632217,719.9587445303503,-0.011807297723365195,-0.005729926340236613,14.419219983852688,-0.12043443677828236,-0.04125546964974092
2073,sq_37_17,0.9998669097242988,0.999881927022766,0.9999427007365976,6.0,7.0,5.999291562136596,6.9995989051561835,-0.011807297723398502,-0.005729926340236613,46.874698967791176,-0.0007084378634036881,-0.0004010948438164519
2074,sq_37_21,0.9998669097242988,0.9998819270227642,0.9999427007365966,1.0,0.0,0.9998819270227642,0.0,-0.011807297723576138,-0.005729926340336533,38.126350577183366,-0.00011807297723576138,0.0
2075,sq_37_22,0.9998669097242988,0.9998819270227648,0.999942700736598,4.0,6.0,3.999527708091059,5.999656204419588,-0.011807297723520627,-0.005729926340203306,35.88696805900424,-0.00047229190894082507,-0.0003437955804121984
2076,sq_37_52,0.9998669097242988,0.9998819270227668,0.9999427007365972,271.0,75.0,270.9680022231698,74.99570255524479,-0.011807297723320787,-0.005729926340281022,34.80537301089318,-0.031997776830223756,-0.004297444755209767
2077,sq_37_55,0.9998669097242988,0.9998819270227656,0.9999427007365982,24.0,78.0,23.997166248546375,77.99553065745467,-0.011807297723442911,-0.005729926340181102,41.53183044110843,-0.0028337514536254105,-0.004469342545334598
2078,sq_37_56,0.9998669097242988,0.999881927022767,0.999942700736598,94.0,118.0,93.9889011401401,117.99323868691856,-0.011807297723298582,-0.005729926340203306,43.78478174664164,-0.011098859859899335,-0.00676131308144079
2079,sq_37_57,0.9998669097242988,0.9998819270227652,0.9999427007365982,19.0,20.0,18.99775661343254,19.998854014731965,-0.011807297723476218,-0.005729926340181102,46.04181291393128,-0.0022433865674607034,-0.0011459852680353322
2080,sq_37_58,0.9998669097242988,0.999881927022765,0.9999427007365984,24.0,11.0,23.99716624854636,10.999369708102583,-0.011807297723498422,-0.005729926340158897,48.30235202970434,-0.0028337514536396213,-0.0006302918974174787
2081,sq_37_60,0.9998669097242988,0.9998819270227668,0.9999427007365974,244.0,160.0,243.9711901935551,159.99083211785558,-0.011807297723320787,-0.005729926340258817,52.8321525123405,-0.0288098064449116,-0.009167882144424766
2082,sq_37_61,0.9998669097242988,0.9998819270227656,0.9999427007365974,236.0,66.0,235.97213477737267,65.99621824861543,-0.011807297723442911,-0.005729926340258817,55.10069704752298,-0.027865222627326602,-0.0037817513845652684
2083,sq_37_64,0.9998669097242988,0.9998819270227676,0.9999427007365976,221.0,93.0,220.97390587203162,92.99467116850359,-0.011807297723243071,-0.005729926340236613,61.917704465973216,-0.026094127968377734,-0.0053288314964135
2084,sq_37_67,0.9998669097242988,0.999881927022766,0.9999427007365974,226.0,160.0,225.97331550714512,159.99083211785558,-0.011807297723398502,-0.005729926340258817,68.74782820467641,-0.0266844928548835,-0.009167882144424766
2085,sq_37_68,0.9998669097242988,0.999881927022766,0.999942700736598,79.0,308.0,78.99067223479851,307.98235182687216,-0.011807297723398502,-0.005729926340203306,71.02679832590131,-0.009327765201490479,-0.017648173127838618
2086,sq_37_71,0.9998669097242988,0.999881927022766,0.999942700736598,35.0,25.0,34.99586744579681,24.998567518414948,-0.011807297723398502,-0.005729926340203306,77.86709292244765,-0.0041325542031884765,-0.0014324815850521588
2087,sq_37_72,0.9998669097242988,0.9998819270227652,0.9999427007365996,8.0,6.0,7.999055416182122,5.999656204419598,-0.011807297723476218,-0.005729926340036773,79.68412999933065,-0.0009445838178780974,-0.0003437955804024284
2088,sq_38_20,0.9998669097242988,0.999881927022766,0.9999427007365976,2.0,0.0,1.999763854045532,0.0,-0.011807297723398502,-0.005729926340236613,40.883241081118754,-0.00023614595446797004,0.0
2089,sq_38_32,0.9998669097242988,0.9998819270227672,0.9999427007365976,1270.0,830.0,1269.8500473189144,829.952441611376,-0.011807297723276378,-0.005729926340236613,15.859653363080785,-0.14995268108555138,-0.047558388623997416
2090,sq_38_33,0.9998669097242988,0.9998819270227666,0.9999427007365976,274.0,117.0,273.967648004238,116.99329598618192,-0.011807297723342991,-0.005729926340236613,14.199322888128094,-0.03235199576198511,-0.006704013818080057
2091,sq_38_34,0.9998669097242988,0.9998819270227668,0.9999427007365984,1626.0,752.0,1625.8080133390188,751.956910953922,-0.011807297723320787,-0.005729926340158897,12.73727737898563,-0.19198666098122885,-0.043089046077966486
2092,sq_38_37,0.9998669097242988,0.9998819270227663,0.9999427007365984,1273.0,609.0,1272.8496930999816,608.9651047485885,-0.011807297723365195,-0.005729926340158897,10.355743233121958,-0.1503069000184496,-0.03489525141151262
2093,sq_38_56,0.9998669097242988,0.999881927022765,0.999942700736598,1.0,5.0,0.999881927022765,4.99971350368299,-0.011807297723498422,-0.005729926340203306,44.255654241874716,-0.00011807297723498422,-0.0002864963170097212
2094,sq_38_57,0.9998669097242988,0.9998819270227652,0.9999427007365982,29.0,17.0,28.996575883660192,16.999025912522168,-0.011807297723476218,-0.005729926340181102,46.489170885685766,-0.003424116339807881,-0.0009740874778323416
2095,sq_38_58,0.9998669097242988,0.999881927022766,0.999942700736598,402.0,266.0,401.95253466315194,265.98475839593505,-0.011807297723398502,-0.005729926340203306,48.7282993627017,-0.04746533684806309,-0.015241604064954117
2096,sq_38_60,0.9998669097242988,0.999881927022766,0.9999427007365972,435.0,356.0,434.94863825490324,355.9796014622286,-0.011807297723398502,-0.005729926340281022,53.22055707263279,-0.05136174509675584,-0.020398537771427527
2097,sq_38_61,0.9998669097242988,0.9998819270227666,0.9999427007365976,41.0,18.0,40.99515900793343,17.998968613258757,-0.011807297723342991,-0.005729926340236613,55.47255272772708,-0.004840992066569072,-0.0010313867412428124
2098,sq_38_62,0.9998669097242988,0.999881927022766,0.9999427007365972,54.0,28.0,53.99362405922936,27.99839562062472,-0.011807297723398502,-0.005729926340281022,57.72784973771343,-0.006375940770638522,-0.0016043793752800184
2099,sq_38_64,0.9998669097242988,0.999881927022764,0.9999427007365976,30.0,106.0,29.99645781068292,105.99392627807934,-0.011807297723598342,-0.005729926340236613,62.246912726187404,-0.003542189317080613,-0.006073721920657249
2100,sq_38_66,0.9998669097242988,0.9998819270227663,0.9999427007365972,102.0,87.0,101.98795655632216,86.99501496408395,-0.011807297723365195,-0.005729926340281022,66.77535815608904,-0.012043443677839605,-0.004985035916050151
2101,sq_38_67,0.9998669097242988,0.9998819270227643,0.999942700736598,2.0,4.0,1.9997638540455287,3.999770802946392,-0.011807297723565036,-0.005729926340203306,69.04252318891025,-0.0002361459544713007,-0.00022919705360813225
2102,sq_38_68,0.9998669097242988,0.999881927022766,0.999942700736598,261.0,210.0,260.96918295294194,209.98796715468558,-0.011807297723398502,-0.005729926340203306,71.31140078374611,-0.030817047058064873,-0.012032845314422502
2103,sq_38_70,0.9998669097242988,0.9998819270227656,0.9999427007365982,130.0,37.0,129.98465051295952,36.99787992725413,-0.011807297723442911,-0.005729926340181102,75.85368018624379,-0.015349487040481335,-0.002120072745867674
2104,sq_39_21,0.9998669097242988,0.9998819270227643,0.9999427007365976,1.0,1.0,0.9998819270227643,0.9999427007365976,-0.011807297723565036,-0.005729926340236613,39.33488145786464,-0.00011807297723565036,-5.729926340236613e-05
2105,sq_39_23,0.9998669097242988,0.9998819270227652,0.9999427007365974,9.0,9.0,8.998937343204886,8.999484306629377,-0.011807297723476218,-0.005729926340258817,35.020963899575044,-0.0010626567951135257,-0.0005156933706231825
2106,sq_39_24,0.9998669097242988,0.9998819270227663,0.999942700736598,41.0,62.0,40.995159007933424,61.99644744566908,-0.011807297723365195,-0.005729926340203306,32.89180113028559,-0.004840992066576177,-0.0035525543309233854
2107,sq_39_27,0.9998669097242988,0.9998819270227672,0.999942700736598,1258.0,2663.0,1257.8514641946413,2662.8474120615606,-0.011807297723276378,-0.005729926340203306,26.66866110627046,-0.14853580535873334,-0.1525879384394102
2108,sq_39_28,0.9998669097242988,0.9998819270227668,0.9999427007365974,970.0,285.0,969.8854692120838,284.98366970993027,-0.011807297723320787,-0.005729926340258817,24.6720953845077,-0.11453078791623739,-0.016330290069731745
2109,sq_39_32,0.9998669097242988,0.9998819270227648,0.9999427007365972,1.0,4.0,0.9998819270227648,3.9997708029463888,-0.011807297723520627,-0.005729926340281022,17.433223449488054,-0.00011807297723520627,-0.00022919705361124088
2110,sq_39_33,0.9998669097242988,0.9998819270227672,0.9999427007365972,51.0,51.0,50.99397827816113,50.99707773756646,-0.011807297723276378,-0.005729926340281022,15.938142236084461,-0.006021721838870064,-0.00292226243354321
2111,sq_39_34,0.9998669097242988,0.999881927022766,0.9999427007365976,54.0,14.0,53.99362405922936,13.999197810312367,-0.011807297723398502,-0.005729926340236613,14.651061245022861,-0.006375940770638522,-0.0008021896876329038
2112,sq_39_35,0.9998669097242988,0.9998819270227656,0.9999427007365984,37.0,12.0,36.99563129984232,11.999312408839181,-0.011807297723442911,-0.005729926340158897,13.631024550541328,-0.004368700157677097,-0.0006875911608190677
2113,sq_39_37,0.9998669097242988,0.9998819270227658,0.999942700736598,16.0,49.0,15.998110832364253,48.9971923360933,-0.011807297723420707,-0.005729926340203306,12.636176753409782,-0.001889167635747313,-0.0028076639067009523
2114,sq_39_39,0.9998669097242988,0.9998819270227663,0.9999427007365982,208.0,266.0,207.9754408207354,265.9847583959351,-0.011807297723365195,-0.005729926340181102,13.25247316525186,-0.024559179264599607,-0.015241604064897274
2115,sq_39_49,0.9998669097242988,0.9998819270227668,0.9999427007365976,162.0,145.0,161.9808721776882,144.99169160680665,-0.011807297723320787,-0.005729926340236613,29.777292129683982,-0.019127822311787668,-0.008308393193345864
2116,sq_39_54,0.9998669097242988,0.9998819270227662,0.9999427007365982,19.0,17.0,18.997756613432557,16.999025912522168,-0.011807297723376298,-0.005729926340181102,40.45686427388142,-0.00224338656744294,-0.0009740874778323416
2117,sq_39_56,0.9998669097242988,0.9998819270227642,0.9999427007365982,18.0,5.0,17.997874686409755,4.999713503682991,-0.011807297723576138,-0.005729926340181102,44.8378481356649,-0.002125313590244815,-0.00028649631700883305
2118,sq_39_57,0.9998669097242988,0.9998819270227662,0.9999427007365976,67.0,54.0,66.99208911052534,53.996905839776275,-0.011807297723376298,-0.005729926340236613,47.043079684565896,-0.007910889474658234,-0.0030941602237248844
2119,sq_39_60,0.9998669097242988,0.9998819270227668,0.9999427007365982,248.0,189.0,247.97071790164617,188.98917043921705,-0.011807297723320787,-0.005729926340181102,53.70319255237986,-0.029282098353831998,-0.01082956078295183
2120,sq_39_61,0.9998669097242988,0.9998819270227663,0.9999427007365974,165.0,85.0,164.98051795875645,84.99512956261079,-0.011807297723365195,-0.005729926340258817,55.9350983742682,-0.01948204124354902,-0.004870437389214999
2121,sq_39_62,0.9998669097242988,0.9998819270227668,0.9999427007365984,120.0,38.0,119.98583124273202,37.99782262799074,-0.011807297723320787,-0.005729926340158897,58.17180166905931,-0.014168757267981391,-0.0021773720092568283
2122,sq_39_64,0.9998669097242988,0.9998819270227663,0.999942700736598,25.0,38.0,24.99704817556916,37.99782262799072,-0.011807297723365195,-0.005729926340203306,62.65754528984218,-0.002951824430841299,-0.0021773720092781446
2123,sq_39_65,0.9998669097242988,0.9998819270227652,0.999942700736598,2.0,10.0,1.9997638540455305,9.99942700736598,-0.011807297723476218,-0.005729926340203306,64.90573344205974,-0.00023614595446952436,-0.0005729926340194424
2124,sq_39_67,0.9998669097242988,0.9998819270227668,0.9999427007365976,29.0,118.0,28.99657588366024,117.99323868691852,-0.011807297723320787,-0.005729926340236613,69.41102181679125,-0.003424116339761696,-0.006761313081483422
2125,sq_39_70,0.9998669097242988,0.999881927022766,0.9999427007365972,224.0,87.0,223.97355165309958,86.99501496408395,-0.011807297723398502,-0.005729926340281022,76.18728391577734,-0.026448346900423303,-0.004985035916050151
2126,sq_3_12,0.9998669097242988,0.9998819270227656,0.9999427007365982,40.0,9.0,39.995277080910626,8.999484306629384,-0.011807297723442911,-0.005729926340181102,90.65781301130605,-0.0047229190893745,-0.0005156933706160771
2127,sq_3_13,0.9998669097242988,0.9998819270227663,0.999942700736598,206.0,142.0,205.97567696668986,141.99186350459692,-0.011807297723365195,-0.005729926340203306,89.19339199004403,-0.024323033310139408,-0.008136495403078925
2128,sq_3_14,0.9998669097242988,0.9998819270227666,0.9999427007365984,136.0,106.0,135.98394207509625,105.99392627807943,-0.011807297723342991,-0.005729926340158897,88.30440328495773,-0.016057924903748244,-0.006073721920571984
2129,sq_3_34,0.9998669097242988,0.999881927022766,0.999942700736598,715.0,309.0,714.9155778212777,308.98229452760876,-0.011807297723398502,-0.005729926340203306,70.39809762552889,-0.0844221787223205,-0.017705472391241983
2130,sq_3_35,0.9998669097242988,0.9998819270227663,0.999942700736598,492.0,649.0,491.94190809520103,648.9628127780521,-0.011807297723365195,-0.005729926340203306,70.19056061819137,-0.05809190479897097,-0.037187221947874605
2131,sq_3_36,0.9998669097242988,0.9998819270227652,0.9999427007365986,10.0,383.0,9.998819270227653,382.97805438211725,-0.011807297723476218,-0.005729926340136693,68.97474599886576,-0.0011807297723471777,-0.021945617882749957
2132,sq_3_37,0.9998669097242988,0.9998819270227666,0.9999427007365984,149.0,1106.0,148.98240712639222,1105.936627014678,-0.011807297723342991,-0.005729926340158897,69.86990560754988,-0.017592873607782167,-0.06337298532207569
2133,sq_40_21,0.9998669097242988,0.9998819270227656,0.9999427007365974,5.0,3.0,4.999409635113828,2.999828102209792,-0.011807297723442911,-0.005729926340258817,40.120479498594094,-0.0005903648861718125,-0.00017189779020787554
2134,sq_40_22,0.9998669097242988,0.999881927022766,0.9999427007365976,8.0,12.0,7.999055416182128,11.999312408839172,-0.011807297723398502,-0.005729926340236613,38.00076945601947,-0.0009445838178718802,-0.0006875911608279495
2135,sq_40_23,0.9998669097242988,0.9998819270227636,0.9999427007365984,11.0,10.0,10.9987011972504,9.999427007365984,-0.011807297723642751,-0.005729926340158897,35.90242953522054,-0.0012988027496003696,-0.0005729926340158897
2136,sq_40_26,0.9998669097242988,0.999881927022764,0.9999427007365974,1.0,15.0,0.999881927022764,14.999140511048962,-0.011807297723598342,-0.005729926340258817,29.78058149017349,-0.00011807297723598342,-0.0008594889510380455
2137,sq_40_28,0.9998669097242988,0.999881927022766,0.9999427007365984,59.0,8.0,58.9930336943432,7.999541605892787,-0.011807297723398502,-0.005729926340158897,25.911668820942605,-0.006966305656803229,-0.0004583941072127118
2138,sq_40_32,0.9998669097242988,0.9998819270227656,0.9999427007365984,3.0,19.0,2.999645781068297,18.99891131399537,-0.011807297723442911,-0.005729926340158897,19.14969855892633,-0.0003542189317031763,-0.0010886860046284141
2139,sq_40_37,0.9998669097242988,0.9998819270227652,0.9999427007365986,10.0,12.0,9.998819270227653,11.999312408839184,-0.011807297723476218,-0.005729926340136693,14.91674744695233,-0.0011807297723471777,-0.000687591160815515
2140,sq_40_39,0.9998669097242988,0.9998819270227658,0.999942700736598,79.0,74.0,78.9906722347985,73.99575985450825,-0.011807297723420707,-0.005729926340203306,15.44212667634927,-0.00932776520150469,-0.0042401454917495585
2141,sq_40_40,0.9998669097242988,0.9998819270227663,0.999942700736598,69.0,19.0,68.99185296457088,18.99891131399536,-0.011807297723365195,-0.005729926340203306,16.19295734464336,-0.008147035429118432,-0.0010886860046390723
2142,sq_40_52,0.9998669097242988,0.999881927022766,0.9999427007365972,225.0,76.0,224.97343358012236,75.99564525598139,-0.011807297723398502,-0.005729926340281022,36.981814405878005,-0.02656641987763919,-0.0043547440186131325
2143,sq_40_53,0.9998669097242988,0.9998819270227652,0.9999427007365986,4.0,4.0,3.999527708091061,3.9997708029463945,-0.011807297723476218,-0.005729926340136693,39.091444677386896,-0.0004722919089390487,-0.00022919705360546772
2144,sq_40_59,0.9998669097242988,0.9998819270227652,0.9999427007365986,4.0,19.0,3.999527708091061,18.998911313995375,-0.011807297723476218,-0.005729926340136693,52.076213484716824,-0.0004722919089390487,-0.0010886860046248614
2145,sq_40_60,0.9998669097242988,0.9998819270227668,0.999942700736598,294.0,330.0,293.9652865446934,329.98109124307734,-0.011807297723320787,-0.005729926340203306,54.27745876454702,-0.03471345530658709,-0.01890875692265581
2146,sq_40_61,0.9998669097242988,0.9998819270227676,0.9999427007365976,579.0,944.0,578.9316357461825,943.9459094953481,-0.011807297723243071,-0.005729926340236613,56.48602298305482,-0.06836425381754907,-0.05409050465186738
2147,sq_40_62,0.9998669097242988,0.9998819270227656,0.999942700736598,13.0,7.0,12.998465051295952,6.999598905156185,-0.011807297723442911,-0.005729926340203306,58.701080199781536,-0.0015349487040481335,-0.00040109484381467553
2148,sq_40_64,0.9998669097242988,0.9998819270227656,0.9999427007365974,5.0,3.0,4.999409635113828,2.999828102209792,-0.011807297723442911,-0.005729926340258817,63.147939357841764,-0.0005903648861718125,-0.00017189779020787554
2149,sq_40_65,0.9998669097242988,0.9998819270227652,0.9999427007365992,2.0,1.0,1.9997638540455305,0.9999427007365992,-0.011807297723476218,-0.005729926340081182,65.37860283169597,-0.00023614595446952436,-5.729926340081182e-05
2150,sq_40_66,0.9998669097242988,0.9998819270227648,0.9999427007365984,1.0,2.0,0.9998819270227648,1.9998854014731968,-0.011807297723520627,-0.005729926340158897,67.61345317660081,-0.00011807297723520627,-0.00011459852680317795
2151,sq_40_67,0.9998669097242988,0.9998819270227656,0.9999427007365989,43.0,68.0,42.99492286197892,67.99610365008873,-0.011807297723442911,-0.005729926340114488,69.85208881917725,-0.0050771380210790085,-0.003896349911272523
2152,sq_40_68,0.9998669097242988,0.9998819270227656,0.9999427007365982,63.0,35.0,62.992561402434234,34.99799452578094,-0.011807297723442911,-0.005729926340181102,72.09415745431558,-0.007438597565766258,-0.002005474219060943
2153,sq_40_70,0.9998669097242988,0.9998819270227668,0.999942700736598,37.0,34.0,36.99563129984237,33.99805182504433,-0.011807297723320787,-0.005729926340203306,76.81180490407603,-0.004368700157627359,-0.0019481749556717887
2154,sq_41_19,0.9998669097242988,0.9998819270227668,0.999942700736598,26.0,32.0,25.996930102591936,31.998166423571135,-0.011807297723320787,-0.005729926340203306,44.997264111160725,-0.0030698974080642927,-0.001833576428865058
2155,sq_41_20,0.9998669097242988,0.9998819270227642,0.9999427007365966,1.0,0.0,0.9998819270227642,0.0,-0.011807297723576138,-0.005729926340336533,43.110680656629825,-0.00011807297723576138,0.0
2156,sq_41_21,0.9998669097242988,0.9998819270227656,0.9999427007365976,6.0,11.0,5.999291562136594,10.999369708102574,-0.011807297723442911,-0.005729926340236613,41.017909213663835,-0.0007084378634063526,-0.0006302918974263605
2157,sq_41_22,0.9998669097242988,0.9998819270227643,0.9999427007365986,12.0,8.0,11.998583124273171,7.999541605892789,-0.011807297723565036,-0.005729926340136693,38.94771246559417,-0.0014168757268286924,-0.00045839410721093543
2158,sq_41_27,0.9998669097242988,0.999881927022764,0.9999427007365982,3.0,6.0,2.999645781068292,5.999656204419589,-0.011807297723598342,-0.005729926340181102,29.102512979566008,-0.0003542189317080613,-0.0003437955804113102
2159,sq_41_32,0.9998669097242988,0.9998819270227652,0.9999427007365992,2.0,1.0,1.9997638540455305,0.9999427007365992,-0.011807297723476218,-0.005729926340081182,20.97379877075288,-0.00023614595446952436,-5.729926340081182e-05
2160,sq_41_35,0.9998669097242988,0.9998819270227663,0.999942700736598,147.0,45.0,146.98264327234665,44.997421533146905,-0.011807297723365195,-0.005729926340203306,17.940401875833146,-0.01735672765335039,-0.0025784668530945964
2161,sq_41_37,0.9998669097242988,0.9998819270227668,0.999942700736598,22.0,14.0,21.99740239450087,13.99919781031237,-0.011807297723320787,-0.005729926340203306,17.197127595530706,-0.002597605499129685,-0.0008021896876293511
2162,sq_41_38,0.9998669097242988,0.9998819270227652,0.9999427007365984,15.0,16.0,14.99822890534148,15.999083211785575,-0.011807297723476218,-0.005729926340158897,17.27587632376012,-0.0017710946585207665,-0.0009167882144254236
2163,sq_41_39,0.9998669097242988,0.9998819270227656,0.9999427007365982,55.0,41.0,54.9935059862521,40.997650730200526,-0.011807297723442911,-0.005729926340181102,17.654628418271756,-0.006494013747897043,-0.0023492697994740297
2164,sq_41_47,0.9998669097242988,0.999881927022767,0.9999427007365982,1222.0,771.0,1221.8557148218213,770.9558222679173,-0.011807297723298582,-0.005729926340181102,28.214675774505285,-0.14428517817873399,-0.044177732082744114
2165,sq_41_50,0.9998669097242988,0.9998819270227656,0.999942700736598,468.0,170.0,467.94474184665427,169.99025912522166,-0.011807297723442911,-0.005729926340203306,33.92942379822412,-0.05525815334573281,-0.009740874778344732
2166,sq_41_55,0.9998669097242988,0.9998819270227652,0.9999427007365982,7.0,27.0,6.999173489159356,26.99845291988815,-0.011807297723476218,-0.005729926340181102,44.19722404929611,-0.0008265108406435573,-0.0015470801118482314
2167,sq_41_56,0.9998669097242988,0.999881927022766,0.9999427007365972,4.0,2.0,3.999527708091064,1.9998854014731944,-0.011807297723398502,-0.005729926340281022,46.3182043375196,-0.0004722919089359401,-0.00011459852680562044
2168,sq_41_58,0.9998669097242988,0.9998819270227656,0.9999427007365984,21.0,6.0,20.997520467478076,5.9996562044195905,-0.011807297723442911,-0.005729926340158897,50.60516325667594,-0.0024795325219244546,-0.00034379558040953384
2169,sq_41_60,0.9998669097242988,0.999881927022767,0.9999427007365976,115.0,61.0,114.98642160761821,60.99650474493246,-0.011807297723298582,-0.005729926340236613,54.94039698103117,-0.013578392381788262,-0.0034952550675413363
2170,sq_41_61,0.9998669097242988,0.9998819270227672,0.9999427007365976,214.0,75.0,213.9747323828722,74.99570255524482,-0.011807297723276378,-0.005729926340236613,57.122687257586165,-0.02526761712780967,-0.0042974447551813455
2171,sq_41_62,0.9998669097242988,0.9998819270227672,0.9999427007365976,46.0,191.0,45.994568643047295,190.98905584069016,-0.011807297723276378,-0.005729926340236613,59.31332197281295,-0.005431356952705357,-0.010944159309843826
2172,sq_41_64,0.9998669097242988,0.9998819270227662,0.9999427007365976,26.0,23.0,25.99693010259192,22.998682116941744,-0.011807297723376298,-0.005729926340236613,63.71617958337054,-0.0030698974080785035,-0.0013178830582560863
2173,sq_41_65,0.9998669097242988,0.9998819270227652,0.9999427007365992,2.0,1.0,1.9997638540455305,0.9999427007365992,-0.011807297723476218,-0.005729926340081182,65.926961196815,-0.00023614595446952436,-5.729926340081182e-05
2174,sq_41_67,0.9998669097242988,0.9998819270227656,0.9999427007365976,4.0,54.0,3.9995277080910623,53.996905839776275,-0.011807297723442911,-0.005729926340236613,70.36429281391412,-0.00047229190893771644,-0.0030941602237248844
2175,sq_41_68,0.9998669097242988,0.9998819270227648,0.9999427007365972,1.0,4.0,0.9998819270227648,3.9997708029463888,-0.011807297723520627,-0.005729926340281022,72.49297354807868,-0.00011807297723520627,-0.00022919705361124088
2176,sq_42_19,0.9998669097242988,0.9998819270227672,0.999942700736598,118.0,84.0,117.98606738868654,83.99518686187423,-0.011807297723276378,-0.005729926340203306,46.19969920807609,-0.01393261131346435,-0.004813138125769001
2177,sq_42_24,0.9998669097242988,0.9998819270227658,0.9999427007365976,2.0,2.0,1.9997638540455316,1.9998854014731953,-0.011807297723420707,-0.005729926340236613,36.06562097313681,-0.00023614595446841413,-0.00011459852680473226
2178,sq_42_25,0.9998669097242988,0.9998819270227648,0.9999427007365989,3.0,5.0,2.9996457810682946,4.999713503682994,-0.011807297723520627,-0.005729926340114488,34.158100065551466,-0.00035421893170539676,-0.0002864963170061685
2179,sq_42_29,0.9998669097242988,0.9998819270227672,0.9999427007365976,467.0,205.0,466.9448599196323,204.9882536510025,-0.011807297723276378,-0.005729926340236613,27.131112026741782,-0.05514008036772111,-0.01174634899749094
2180,sq_42_30,0.9998669097242988,0.999881927022766,0.999942700736598,46.0,12.0,45.99456864304724,11.999312408839176,-0.011807297723398502,-0.005729926340203306,25.58731168824618,-0.005431356952762201,-0.0006875911608243968
2181,sq_42_33,0.9998669097242988,0.9998819270227656,0.9999427007365982,153.0,79.0,152.98193483448313,78.99547335819126,-0.011807297723442911,-0.005729926340181102,21.76298292652096,-0.018065165516873094,-0.004526641808737963
2182,sq_42_35,0.9998669097242988,0.999881927022766,0.9999427007365976,55.0,23.0,54.99350598625213,22.998682116941744,-0.011807297723398502,-0.005729926340236613,20.136248051846053,-0.006494013747868621,-0.0013178830582560863
2183,sq_42_36,0.9998669097242988,0.9998819270227663,0.9999427007365974,63.0,17.0,62.992561402434276,16.999025912522157,-0.011807297723365195,-0.005729926340258817,19.676321944791148,-0.007438597565723626,-0.0009740874778429998
2184,sq_42_43,0.9998669097242988,0.9998819270227666,0.9999427007365984,265.0,61.0,264.9687106610331,60.9965047449325,-0.011807297723342991,-0.005729926340158897,23.5227831170059,-0.03128933896687158,-0.0034952550674987037
2185,sq_42_55,0.9998669097242988,0.9998819270227662,0.9999427007365976,10.0,10.0,9.998819270227662,9.999427007365977,-0.011807297723376298,-0.005729926340236613,45.12768299429911,-0.001180729772338296,-0.0005729926340229952
2186,sq_42_56,0.9998669097242988,0.9998819270227668,0.999942700736598,90.0,17.0,89.989373432049,16.999025912522164,-0.011807297723320787,-0.005729926340203306,47.2062601931435,-0.010626567950993149,-0.0009740874778358943
2187,sq_42_58,0.9998669097242988,0.9998819270227652,0.9999427007365976,36.0,14.0,35.995749372819546,13.999197810312367,-0.011807297723476218,-0.005729926340236613,51.418008019028036,-0.004250627180454103,-0.0008021896876329038
2188,sq_42_59,0.9998669097242988,0.999881927022765,0.9999427007365992,74.0,27.0,73.99126259968462,26.998452919888177,-0.011807297723498422,-0.005729926340081182,53.54688478954109,-0.008737400315382615,-0.0015470801118233624
2189,sq_42_60,0.9998669097242988,0.999881927022765,0.9999427007365989,19.0,49.0,18.997756613432536,48.99719233609334,-0.011807297723498422,-0.005729926340114488,55.68875622121469,-0.002243386567464256,-0.0028076639066583198
2190,sq_42_61,0.9998669097242988,0.9998819270227672,0.999942700736598,148.0,49.0,147.98252519936955,48.9971923360933,-0.011807297723276378,-0.005729926340203306,57.84217889299519,-0.01747480063045259,-0.0028076639067009523
2191,sq_42_62,0.9998669097242988,0.9998819270227663,0.9999427007365976,215.0,157.0,214.97461430989478,156.99100401564584,-0.011807297723365195,-0.005729926340236613,60.00590935597357,-0.025385690105224512,-0.008995984354157827
2192,sq_42_64,0.9998669097242988,0.999881927022766,0.999942700736598,34.0,10.0,33.99598551877404,9.99942700736598,-0.011807297723398502,-0.005729926340203306,64.36013110776588,-0.004014481225958377,-0.0005729926340194424
2193,sq_42_66,0.9998669097242988,0.9998819270227652,0.9999427007365976,32.0,17.0,31.996221664728488,16.99902591252216,-0.011807297723476218,-0.005729926340236613,68.74437983693996,-0.0037783352715123897,-0.000974087477839447
2194,sq_42_67,0.9998669097242988,0.9998819270227668,0.9999427007365972,37.0,52.0,36.99563129984237,51.99702043830305,-0.011807297723320787,-0.005729926340281022,70.9460268789808,-0.004368700157627359,-0.0029795616969465755
2195,sq_42_68,0.9998669097242988,0.9998819270227656,0.9999427007365984,3.0,27.0,2.999645781068297,26.99845291988816,-0.011807297723442911,-0.005729926340158897,72.68920909593213,-0.0003542189317031763,-0.001547080111841126
2196,sq_43_18,0.9998669097242988,0.9998819270227666,0.9999427007365984,105.0,60.0,104.98760233739048,59.996562044195905,-0.011807297723342991,-0.005729926340158897,48.59660465672789,-0.012397662609515692,-0.0034379558040953384
2197,sq_43_19,0.9998669097242988,0.999881927022766,0.999942700736598,232.0,218.0,231.9726070692817,217.98750876057835,-0.011807297723398502,-0.005729926340203306,47.13464315597107,-0.02739293071829252,-0.012491239421649425
2198,sq_43_23,0.9998669097242988,0.9998819270227656,0.9999427007365984,35.0,89.0,34.9958674457968,88.99490036555726,-0.011807297723442911,-0.005729926340158897,39.22846049697209,-0.004132554203202687,-0.005099634442743195
2199,sq_43_27,0.9998669097242988,0.9998819270227648,0.9999427007365972,1.0,4.0,0.9998819270227648,3.9997708029463888,-0.011807297723520627,-0.005729926340281022,32.00375898832825,-0.00011807297723520627,-0.00022919705361124088
2200,sq_43_28,0.9998669097242988,0.9998819270227656,0.9999427007365976,194.0,77.0,193.9770938424165,76.99558795671801,-0.011807297723442911,-0.005729926340236613,30.36212021260213,-0.022906157583491904,-0.004412043281988076
2201,sq_43_29,0.9998669097242988,0.9998819270227643,0.9999427007365996,4.0,8.0,3.9995277080910574,7.999541605892797,-0.011807297723565036,-0.005729926340036773,28.809479131664585,-0.0004722919089426014,-0.0004583941072029418
2202,sq_43_30,0.9998669097242988,0.9998819270227668,0.9999427007365976,223.0,72.0,222.973669726077,71.99587445303503,-0.011807297723320787,-0.005729926340236613,27.360988597277146,-0.026330273923008463,-0.0041255469649712495
2203,sq_43_31,0.9998669097242988,0.9998819270227642,0.9999427007365966,1.0,0.0,0.9998819270227642,0.0,-0.011807297723576138,-0.005729926340336533,26.03403640129224,-0.00011807297723576138,0.0
2204,sq_43_41,0.9998669097242988,0.999881927022766,0.9999427007365982,216.0,138.0,215.97449623691745,137.99209270165056,-0.011807297723398502,-0.005729926340181102,23.393532442913784,-0.025503763082554087,-0.007907298349437042
2205,sq_43_47,0.9998669097242988,0.9998819270227668,0.9999427007365984,3271.0,1832.0,3270.61378329147,1831.8950277494482,-0.011807297723320787,-0.005729926340158897,31.19893262105623,-0.38621670852990064,-0.10497225055178205
2206,sq_43_54,0.9998669097242988,0.9998819270227663,0.9999427007365976,227.0,84.0,226.97319743416796,83.9951868618742,-0.011807297723365195,-0.005729926340236613,44.14340751977692,-0.026802565832042546,-0.004813138125797423
2207,sq_43_55,0.9998669097242988,0.9998819270227656,0.9999427007365976,2.0,18.0,1.9997638540455311,17.998968613258757,-0.011807297723442911,-0.005729926340236613,46.15189316676706,-0.00023614595446885822,-0.0010313867412428124
2208,sq_43_56,0.9998669097242988,0.9998819270227642,0.9999427007365966,1.0,0.0,0.9998819270227642,0.0,-0.011807297723576138,-0.005729926340336533,48.18570587560395,-0.00011807297723576138,0.0
2209,sq_43_59,0.9998669097242988,0.9998819270227652,0.9999427007365972,28.0,7.0,27.996693956637426,6.99959890515618,-0.011807297723476218,-0.005729926340281022,54.41053581515848,-0.003306043362574229,-0.0004010948438200046
2210,sq_43_60,0.9998669097242988,0.9998819270227656,0.9999427007365972,40.0,21.0,39.995277080910626,20.99879671546854,-0.011807297723442911,-0.005729926340281022,56.51906037708519,-0.0047229190893745,-0.0012032845314600138
2211,sq_43_62,0.9998669097242988,0.9998819270227663,0.9999427007365976,35.0,14.0,34.99586744579682,13.999197810312367,-0.011807297723365195,-0.005729926340236613,60.77601836350016,-0.004132554203181371,-0.0008021896876329038
2212,sq_43_64,0.9998669097242988,0.9998819270227658,0.9999427007365974,113.0,198.0,112.98665775357253,197.98865474584628,-0.011807297723420707,-0.005729926340258817,65.07747429537773,-0.013342246427470172,-0.011345254153724227
2213,sq_43_66,0.9998669097242988,0.9998819270227662,0.999942700736598,88.0,70.0,87.98960957800342,69.99598905156186,-0.011807297723376298,-0.005729926340203306,69.41515812154509,-0.010390421996575583,-0.004010948438136097
2214,sq_44_21,0.9998669097242988,0.9998819270227663,0.9999427007365982,125.0,975.0,124.9852408778458,974.9441332181832,-0.011807297723365195,-0.005729926340181102,44.30800253192284,-0.014759122154202942,-0.05586678181680327
2215,sq_44_22,0.9998669097242988,0.9998819270227658,0.9999427007365984,7.0,192.0,6.999173489159361,191.9889985414269,-0.011807297723420707,-0.005729926340158897,42.400515795460954,-0.0008265108406391164,-0.011001458573105083
2216,sq_44_29,0.9998669097242988,0.9998819270227656,0.9999427007365974,11.0,7.0,10.998701197250421,6.999598905156182,-0.011807297723442911,-0.005729926340258817,30.56538017671202,-0.0012988027495790533,-0.00040109484381822824
2217,sq_44_31,0.9998669097242988,0.999881927022766,0.999942700736598,57.0,26.0,56.993269840297664,25.998510219151548,-0.011807297723398502,-0.005729926340203306,27.96556530517146,-0.006730159702335925,-0.0014897808484519715
2218,sq_44_40,0.9998669097242988,0.9998819270227663,0.999942700736598,42.0,54.0,41.99504093495619,53.99690583977629,-0.011807297723365195,-0.005729926340203306,24.846874825091717,-0.004959065043813382,-0.0030941602237106736
2219,sq_44_54,0.9998669097242988,0.999881927022767,0.9999427007365972,795.0,331.0,794.9061319830997,330.98103394381366,-0.011807297723298582,-0.005729926340281022,45.305097698863946,-0.09386801690027369,-0.018966056186343394
2220,sq_44_55,0.9998669097242988,0.9998819270227658,0.9999427007365976,196.0,159.0,195.9768576964621,158.99088941711904,-0.011807297723420707,-0.005729926340236613,47.26366082837912,-0.02314230353789526,-0.009110582880964557
2221,sq_44_62,0.9998669097242988,0.9998819270227663,0.999942700736598,10.0,1.0,9.998819270227663,0.999942700736598,-0.011807297723365195,-0.005729926340203306,61.62066637957867,-0.0011807297723365195,-5.729926340203306e-05
2222,sq_44_65,0.9998669097242988,0.9998819270227663,0.999942700736598,201.0,148.0,200.97626733157603,147.9915197090165,-0.011807297723365195,-0.005729926340203306,68.00476445957327,-0.0237326684239747,-0.008480290983499117
2223,sq_44_66,0.9998669097242988,0.9998819270227646,0.999942700736598,3.0,3.0,2.9996457810682937,2.999828102209794,-0.011807297723542831,-0.005729926340203306,70.06842198914627,-0.00035421893170628493,-0.0001718977902060992
2224,sq_44_67,0.9998669097242988,0.9998819270227658,0.9999427007365984,6.0,16.0,5.9992915621365945,15.999083211785575,-0.011807297723420707,-0.005729926340158897,71.94071933169148,-0.0007084378634054644,-0.0009167882144254236
2225,sq_45_15,0.9998669097242988,0.9998819270227648,0.9999427007365976,10.0,15.0,9.998819270227647,14.999140511048964,-0.011807297723520627,-0.005729926340236613,57.035648025195,-0.0011807297723525068,-0.0008594889510362691
2226,sq_45_16,0.9998669097242988,0.9998819270227676,0.9999427007365976,342.0,125.0,341.9596190417865,124.99283759207471,-0.011807297723243071,-0.005729926340236613,55.42929463872652,-0.04038095821351817,-0.007162407925292769
2227,sq_45_21,0.9998669097242988,0.9998819270227646,0.999942700736598,3.0,3.0,2.9996457810682937,2.999828102209794,-0.011807297723542831,-0.005729926340203306,45.57965833717571,-0.00035421893170628493,-0.0001718977902060992
2228,sq_45_26,0.9998669097242988,0.999881927022766,0.9999427007365976,8.0,5.0,7.999055416182128,4.9997135036829885,-0.011807297723398502,-0.005729926340236613,36.82146236967305,-0.0009445838178718802,-0.0002864963170114976
2229,sq_45_27,0.9998669097242988,0.999881927022766,0.9999427007365976,8.0,27.0,7.999055416182128,26.998452919888138,-0.011807297723398502,-0.005729926340236613,35.2561388769613,-0.0009445838178718802,-0.0015470801118624422
2230,sq_45_28,0.9998669097242988,0.9998819270227672,0.9999427007365974,79.0,68.0,78.99067223479861,67.99610365008863,-0.011807297723276378,-0.005729926340258817,33.773870595777595,-0.009327765201391003,-0.003896349911371999
2231,sq_45_29,0.9998669097242988,0.9998819270227652,0.999942700736598,5.0,7.0,4.999409635113826,6.999598905156185,-0.011807297723476218,-0.005729926340203306,32.38606153715126,-0.0005903648861735888,-0.00040109484381467553
2232,sq_45_33,0.9998669097242988,0.9998819270227643,0.9999427007365976,1.0,1.0,0.9998819270227643,0.9999427007365976,-0.011807297723565036,-0.005729926340236613,28.04677441174042,-0.00011807297723565036,-5.729926340236613e-05
2233,sq_45_37,0.9998669097242988,0.9998819270227658,0.9999427007365972,225.0,139.0,224.9734335801223,138.99203540238702,-0.011807297723420707,-0.005729926340281022,26.314164146974626,-0.026566419877696035,-0.007964597612982516
2234,sq_45_40,0.9998669097242988,0.9998819270227666,0.999942700736598,91.0,36.0,90.98925535907176,35.99793722651753,-0.011807297723342991,-0.005729926340203306,27.056866175967627,-0.010744640928237459,-0.002062773482471414
2235,sq_45_43,0.9998669097242988,0.9998819270227668,0.999942700736598,147.0,77.0,146.9826432723467,76.99558795671804,-0.011807297723320787,-0.005729926340203306,29.43186694618628,-0.017356727653293547,-0.0044120432819596545
2236,sq_45_63,0.9998669097242988,0.999881927022766,0.9999427007365972,47.0,24.0,46.99445057007,23.998624817678333,-0.011807297723398502,-0.005729926340281022,64.62281099701168,-0.005549429929999405,-0.001375182321666557
2237,sq_45_65,0.9998669097242988,0.999881927022766,0.9999427007365989,7.0,4.0,6.999173489159362,3.9997708029463954,-0.011807297723398502,-0.005729926340114488,68.83412455553845,-0.0008265108406382282,-0.00022919705360457954
2238,sq_45_66,0.9998669097242988,0.9998819270227656,0.9999427007365976,18.0,11.0,17.99787468640978,10.999369708102574,-0.011807297723442911,-0.005729926340236613,70.67619340994194,-0.002125313590219946,-0.0006302918974263605
2239,sq_46_15,0.9998669097242988,0.9998819270227656,0.9999427007365989,1.0,9.0,0.9998819270227656,8.99948430662939,-0.011807297723442911,-0.005729926340114488,58.46618034299611,-0.00011807297723442911,-0.000515693370610748
2240,sq_46_16,0.9998669097242988,0.9998819270227668,0.999942700736598,225.0,165.0,224.97343358012253,164.99054562153867,-0.011807297723320787,-0.005729926340203306,56.44613406174691,-0.02656641987746866,-0.009454378461327906
2241,sq_46_21,0.9998669097242988,0.999881927022766,0.9999427007365976,178.0,83.0,177.97898301005236,82.9952441611376,-0.011807297723398502,-0.005729926340236613,46.92718277541034,-0.021016989947639786,-0.004755838862394057
2242,sq_46_22,0.9998669097242988,0.9998819270227658,0.999942700736598,99.0,124.0,98.98831077525381,123.99289489133815,-0.011807297723420707,-0.005729926340203306,45.13163416605672,-0.01168922474619194,-0.007105108661846771
2243,sq_46_25,0.9998669097242988,0.999881927022764,0.9999427007365982,3.0,6.0,2.999645781068292,5.999656204419589,-0.011807297723598342,-0.005729926340181102,40.04976145052743,-0.0003542189317080613,-0.0003437955804113102
2244,sq_46_27,0.9998669097242988,0.9998819270227656,0.9999427007365982,51.0,32.0,50.993978278161045,31.998166423571142,-0.011807297723442911,-0.005729926340181102,36.98514061933496,-0.0060217218389553295,-0.0018335764288579526
2245,sq_46_28,0.9998669097242988,0.9998819270227663,0.999942700736598,20.0,18.0,19.997638540455327,17.998968613258764,-0.011807297723365195,-0.005729926340203306,35.575415723167445,-0.002361459544673039,-0.001031386741235707
2246,sq_46_29,0.9998669097242988,0.9998819270227663,0.9999427007365972,6.0,4.0,5.999291562136598,3.9997708029463888,-0.011807297723365195,-0.005729926340281022,34.26106023257102,-0.0007084378634019117,-0.00022919705361124088
2247,sq_46_32,0.9998669097242988,0.9998819270227656,0.9999427007365984,8.0,54.0,7.999055416182125,53.99690583977632,-0.011807297723442911,-0.005729926340158897,31.007288904768895,-0.0009445838178754329,-0.003094160223682252
2248,sq_46_33,0.9998669097242988,0.999881927022767,0.999942700736598,212.0,270.0,211.9749685288266,269.98452919888143,-0.011807297723298582,-0.005729926340203306,30.193752356013707,-0.025031471173406317,-0.015470801118567579
2249,sq_46_43,0.9998669097242988,0.9998819270227663,0.999942700736598,198.0,114.0,197.97662155050773,113.99346788397217,-0.011807297723365195,-0.005729926340203306,31.484098999590618,-0.023378449492270192,-0.006532116027827328
2250,sq_46_44,0.9998669097242988,0.9998819270227662,0.999942700736598,53.0,66.0,52.99374213220661,65.99621824861546,-0.011807297723376298,-0.005729926340203306,32.510815622345916,-0.006257867793387106,-0.0037817513845368467
2251,sq_46_45,0.9998669097242988,0.999881927022766,0.9999427007365976,45.0,337.0,44.99468671602447,336.9806901482334,-0.011807297723398502,-0.005729926340236613,33.6623942833982,-0.0053132839755321015,-0.019309851766593056
2252,sq_46_49,0.9998669097242988,0.9998819270227672,0.9999427007365982,490.0,265.0,489.942144241156,264.9848156951985,-0.011807297723276378,-0.005729926340181102,39.280536627275566,-0.057855758844027605,-0.015184304801493909
2253,sq_46_50,0.9998669097242988,0.9998819270227663,0.9999427007365976,952.0,994.0,951.8875945256735,993.9430445321781,-0.011807297723365195,-0.005729926340236613,40.88592148467469,-0.11240547432646508,-0.05695546782192196
2254,sq_46_51,0.9998669097242988,0.9998819270227666,0.9999427007365976,337.0,392.0,336.96020940667233,391.9775386887463,-0.011807297723342991,-0.005729926340236613,42.55414615971601,-0.0397905933276661,-0.022461311253721306
2255,sq_46_61,0.9998669097242988,0.9998819270227652,0.9999427007365984,3.0,18.0,2.9996457810682955,17.99896861325877,-0.011807297723476218,-0.005729926340158897,61.48374922410761,-0.0003542189317045086,-0.0010313867412286015
2256,sq_46_65,0.9998669097242988,0.9998819270227668,0.999942700736598,41.0,14.0,40.99515900793344,13.99919781031237,-0.011807297723320787,-0.005729926340203306,69.72785310477295,-0.004840992066561967,-0.0008021896876293511
2257,sq_46_66,0.9998669097242988,0.999881927022766,0.9999427007365984,23.0,21.0,22.99728432152362,20.998796715468565,-0.011807297723398502,-0.005729926340158897,71.8237496361401,-0.0027156784763811004,-0.0012032845314351448
2258,sq_46_67,0.9998669097242988,0.9998819270227648,0.9999427007365974,5.0,5.0,4.999409635113824,4.999713503682987,-0.011807297723520627,-0.005729926340258817,73.29955522775181,-0.0005903648861762534,-0.00028649631701327394
2259,sq_47_16,0.9998669097242988,0.9998819270227656,0.9999427007365989,1.0,9.0,0.9998819270227656,8.99948430662939,-0.011807297723442911,-0.005729926340114488,57.6269511701812,-0.00011807297723442911,-0.000515693370610748
2260,sq_47_25,0.9998669097242988,0.9998819270227662,0.9999427007365984,30.0,17.0,29.996457810682987,16.99902591252217,-0.011807297723376298,-0.005729926340158897,41.70320778500674,-0.0035421893170131113,-0.0009740874778287889
2261,sq_47_28,0.9998669097242988,0.9998819270227656,0.9999427007365984,52.0,30.0,51.99386020518381,29.998281022097952,-0.011807297723442911,-0.005729926340158897,37.42840459387018,-0.006139794816192534,-0.0017189779020476692
2262,sq_47_32,0.9998669097242988,0.9998819270227652,0.9999427007365984,1.0,3.0,0.9998819270227652,2.9998281022097952,-0.011807297723476218,-0.005729926340158897,33.11823736185714,-0.00011807297723476218,-0.00017189779020476692
2263,sq_47_33,0.9998669097242988,0.9998819270227663,0.9999427007365976,148.0,115.0,147.98252519936943,114.99341058470873,-0.011807297723365195,-0.005729926340236613,32.35804437396644,-0.01747480063056628,-0.006589415291273326
2264,sq_47_34,0.9998669097242988,0.9998819270227676,0.9999427007365976,58.0,68.0,57.99315176732052,67.99610365008864,-0.011807297723243071,-0.005729926340236613,31.74531689259477,-0.006848232679480759,-0.003896349911357788
2265,sq_47_35,0.9998669097242988,0.9998819270227648,0.9999427007365984,1.0,47.0,0.9998819270227648,46.99730693462013,-0.011807297723520627,-0.005729926340158897,31.288717947979055,-0.00011807297723520627,-0.0026930653798729054
2266,sq_47_36,0.9998669097242988,0.9998819270227648,0.9999427007365984,3.0,106.0,2.9996457810682946,105.99392627807943,-0.011807297723520627,-0.005729926340158897,30.995146667709797,-0.00035421893170539676,-0.006073721920571984
2267,sq_47_39,0.9998669097242988,0.9998819270227652,0.9999427007365984,69.0,20.0,68.9918529645708,19.998854014731968,-0.011807297723476218,-0.005729926340158897,31.125922752970997,-0.008147035429203697,-0.0011459852680317795
2268,sq_47_42,0.9998669097242988,0.999881927022766,0.999942700736598,118.0,183.0,117.9860673886864,182.98951423479744,-0.011807297723398502,-0.005729926340203306,32.73243980669241,-0.013932611313606458,-0.01048576520256006
2269,sq_47_43,0.9998669097242988,0.999881927022765,0.999942700736598,78.0,83.0,77.99079030777567,82.99524416113763,-0.011807297723498422,-0.005729926340203306,33.564879654940256,-0.009209692224331434,-0.004755838862365636
2270,sq_47_44,0.9998669097242988,0.9998819270227668,0.9999427007365976,77.0,32.0,76.99090838075304,31.998166423571124,-0.011807297723320787,-0.005729926340236613,34.52948851455253,-0.009091619246959226,-0.0018335764288757161
2271,sq_47_45,0.9998669097242988,0.999881927022766,0.9999427007365976,56.0,93.0,55.993387913274894,92.99467116850359,-0.011807297723398502,-0.005729926340236613,35.61552822398219,-0.006612086725105826,-0.0053288314964135
2272,sq_47_49,0.9998669097242988,0.9998819270227668,0.999942700736598,536.0,509.0,535.936712884203,508.97083467492837,-0.011807297723320787,-0.005729926340203306,40.9651605375414,-0.0632871157970385,-0.029165325071630832
2273,sq_47_50,0.9998669097242988,0.9998819270227668,0.999942700736598,354.0,211.0,353.95820216605944,210.98790985542217,-0.011807297723320787,-0.005729926340203306,42.50650724221966,-0.04179783394056358,-0.012090144577825868
2274,sq_47_51,0.9998669097242988,0.9998819270227672,0.9999427007365982,536.0,195.0,535.9367128842032,194.98882664363666,-0.011807297723276378,-0.005729926340181102,44.11300861253231,-0.06328711579681112,-0.0111733563633436
2275,sq_47_53,0.9998669097242988,0.9998819270227668,0.9999427007365972,318.0,73.0,317.96245279323983,72.9958171537716,-0.011807297723320787,-0.005729926340281022,47.49476752006033,-0.03754720676016632,-0.0041828462284030365
2276,sq_47_54,0.9998669097242988,0.9998819270227668,0.999942700736598,238.0,98.0,237.9718986314185,97.9943846721866,-0.011807297723320787,-0.005729926340203306,49.25844033424309,-0.028101368581502584,-0.005615327813401905
2277,sq_47_55,0.9998669097242988,0.9998819270227668,0.9999427007365974,42.0,13.0,41.99504093495621,12.999255109575767,-0.011807297723320787,-0.005729926340258817,51.063983962352815,-0.004959065043792066,-0.0007448904242330912
2278,sq_47_57,0.9998669097242988,0.9998819270227668,0.9999427007365972,92.0,38.0,91.98913728609455,37.99782262799069,-0.011807297723320787,-0.005729926340281022,54.784030430250496,-0.010862713905453347,-0.0021773720093065663
2279,sq_47_60,0.9998669097242988,0.999881927022766,0.9999427007365976,20.0,19.0,19.99763854045532,18.998911313995354,-0.011807297723398502,-0.005729926340236613,60.585852691091475,-0.0023614595446801445,-0.0010886860046461777
2280,sq_47_61,0.9998669097242988,0.9998819270227652,0.999942700736598,11.0,2.0,10.998701197250417,1.999885401473196,-0.011807297723476218,-0.005729926340203306,62.568003794504186,-0.001298802749582606,-0.00011459852680406613
2281,sq_47_62,0.9998669097242988,0.9998819270227646,0.999942700736598,8.0,2.0,7.999055416182117,1.999885401473196,-0.011807297723542831,-0.005729926340203306,64.57058304561289,-0.0009445838178834265,-0.00011459852680406613
2282,sq_47_63,0.9998669097242988,0.9998819270227646,0.999942700736598,4.0,7.0,3.9995277080910583,6.999598905156185,-0.011807297723542831,-0.005729926340203306,66.59174766188292,-0.00047229190894171325,-0.00040109484381467553
2283,sq_48_15,0.9998669097242988,0.9998819270227656,0.9999427007365974,51.0,23.0,50.993978278161045,22.99868211694174,-0.011807297723442911,-0.005729926340258817,60.77882537651409,-0.0060217218389553295,-0.001317883058259639
2284,sq_48_18,0.9998669097242988,0.9998819270227668,0.999942700736598,221.0,176.0,220.97390587203145,175.98991532964124,-0.011807297723320787,-0.005729926340203306,55.145651284918365,-0.026094127968548264,-0.010084670358764924
2285,sq_48_23,0.9998669097242988,0.9998819270227662,0.9999427007365976,281.0,95.0,280.96682149339733,94.99455656997678,-0.011807297723376298,-0.005729926340236613,46.50356516841215,-0.03317850660266686,-0.00544343002322023
2286,sq_48_28,0.9998669097242988,0.999881927022765,0.9999427007365972,5.0,4.0,4.999409635113825,3.9997708029463888,-0.011807297723498422,-0.005729926340281022,39.325446570342265,-0.0005903648861753652,-0.00022919705361124088
2287,sq_48_30,0.9998669097242988,0.9998819270227648,0.9999427007365974,28.0,11.0,27.996693956637415,10.999369708102572,-0.011807297723520627,-0.005729926340258817,37.060952653775054,-0.0033060433625848873,-0.0006302918974281368
2288,sq_48_31,0.9998669097242988,0.9998819270227672,0.9999427007365976,60.0,41.0,59.99291562136604,40.997650730200505,-0.011807297723276378,-0.005729926340236613,36.09386129773903,-0.007084378633962274,-0.002349269799495346
2289,sq_48_33,0.9998669097242988,0.9998819270227656,0.9999427007365972,40.0,21.0,39.995277080910626,20.99879671546854,-0.011807297723442911,-0.005729926340281022,34.536259664953946,-0.0047229190893745,-0.0012032845314600138
2290,sq_48_38,0.9998669097242988,0.9998819270227666,0.9999427007365976,81.0,63.0,80.99043608884409,62.99639014640565,-0.011807297723342991,-0.005729926340236613,33.186663658049156,-0.009563911155908045,-0.003609853594348067
2291,sq_48_39,0.9998669097242988,0.999881927022766,0.9999427007365976,36.0,10.0,35.995749372819574,9.999427007365977,-0.011807297723398502,-0.005729926340236613,33.38494463611423,-0.004250627180425681,-0.0005729926340229952
2292,sq_48_40,0.9998669097242988,0.999881927022766,0.9999427007365976,2.0,17.0,1.999763854045532,16.99902591252216,-0.011807297723398502,-0.005729926340236613,33.737922523512125,-0.00023614595446797004,-0.000974087477839447
2293,sq_48_41,0.9998669097242988,0.9998819270227663,0.9999427007365972,25.0,33.0,24.99704817556916,32.99810912430771,-0.011807297723365195,-0.005729926340281022,34.24081238976232,-0.002951824430841299,-0.0018908756922897396
2294,sq_48_42,0.9998669097242988,0.9998819270227646,0.999942700736598,43.0,74.0,42.99492286197888,73.99575985450825,-0.011807297723542831,-0.005729926340203306,34.88713098451385,-0.005077138021121641,-0.0042401454917495585
2295,sq_48_43,0.9998669097242988,0.999881927022766,0.9999427007365982,29.0,39.0,28.996575883660213,38.99776532872733,-0.011807297723398502,-0.005729926340181102,35.66908150680398,-0.003424116339786565,-0.002234671272667299
2296,sq_48_44,0.9998669097242988,0.9998819270227656,0.9999427007365984,48.0,81.0,47.99433249709275,80.99535875966447,-0.011807297723442911,-0.005729926340158897,36.577965673909134,-0.005667502907250821,-0.004641240335530483
2297,sq_48_48,0.9998669097242988,0.999881927022767,0.999942700736598,253.0,100.0,252.97012753676006,99.99427007365979,-0.011807297723298582,-0.005729926340203306,41.29806993192211,-0.02987246323993986,-0.005729926340208635
2298,sq_48_49,0.9998669097242988,0.9998819270227662,0.999942700736598,106.0,73.0,105.98748426441323,72.99581715377165,-0.011807297723376298,-0.005729926340203306,42.704304870279394,-0.012515735586774213,-0.004182846228346193
2299,sq_48_50,0.9998669097242988,0.9998819270227672,0.999942700736598,466.0,167.0,465.94497799260955,166.99043102301187,-0.011807297723276378,-0.005729926340203306,44.1845808006465,-0.05502200739044838,-0.009568976988134636
2300,sq_48_51,0.9998669097242988,0.9998819270227666,0.9999427007365976,277.0,319.0,276.96729378530637,318.98172153497467,-0.011807297723342991,-0.005729926340236613,45.73170811844768,-0.032706214693632774,-0.01827846502533248
2301,sq_48_53,0.9998669097242988,0.9998819270227656,0.999942700736598,159.0,97.0,158.98122639661972,96.99444197145,-0.011807297723442911,-0.005729926340203306,49.000920218611675,-0.01877360338028211,-0.005558028549998539
2302,sq_48_54,0.9998669097242988,0.9998819270227652,0.9999427007365974,257.0,117.0,256.9696552448507,116.99329598618189,-0.011807297723476218,-0.005729926340258817,50.71172695301046,-0.030344755149315006,-0.0067040138181084785
2303,sq_48_55,0.9998669097242988,0.9998819270227663,0.999942700736598,252.0,172.0,251.9702456097371,171.99014452669485,-0.011807297723365195,-0.005729926340203306,52.466757669646015,-0.029754390262894503,-0.009855473305151463
2304,sq_48_57,0.9998669097242988,0.9998819270227648,0.9999427007365992,4.0,24.0,3.999527708091059,23.99862481767838,-0.011807297723520627,-0.005729926340081182,56.09278450883866,-0.00047229190894082507,-0.0013751823216203718
2305,sq_48_60,0.9998669097242988,0.9998819270227642,0.9999427007365966,1.0,0.0,0.9998819270227642,0.0,-0.011807297723576138,-0.005729926340336533,61.770160078268574,-0.00011807297723576138,0.0
2306,sq_48_61,0.9998669097242988,0.999881927022766,0.9999427007365976,2.0,0.0,1.999763854045532,0.0,-0.011807297723398502,-0.005729926340236613,63.71489702951639,-0.00023614595446797004,0.0
2307,sq_48_62,0.9998669097242988,0.999881927022766,0.9999427007365972,3.0,12.0,2.999645781068298,11.999312408839167,-0.011807297723398502,-0.005729926340281022,65.6819298139942,-0.00035421893170184404,-0.0006875911608332785
2308,sq_48_64,0.9998669097242988,0.9998819270227652,0.9999427007365976,10.0,8.0,9.998819270227653,7.999541605892781,-0.011807297723476218,-0.005729926340236613,69.67530924479517,-0.0011807297723471777,-0.00045839410721892904
2309,sq_48_66,0.9998669097242988,0.9998819270227662,0.999942700736597,17.0,9.0,16.997992759387024,8.999484306629373,-0.011807297723376298,-0.005729926340303226,73.73704191211027,-0.002007240612975636,-0.0005156933706267353
2310,sq_48_67,0.9998669097242988,0.9998819270227662,0.9999427007365984,5.0,1.0,4.999409635113831,0.9999427007365984,-0.011807297723376298,-0.005729926340158897,75.77677575778698,-0.000590364886169148,-5.7299263401588973e-05
2311,sq_49_13,0.9998669097242988,0.9998819270227656,0.9999427007365984,46.0,57.0,45.99456864304722,56.99673394198611,-0.011807297723442911,-0.005729926340158897,66.04808408557692,-0.005431356952783517,-0.003266058013892348
2312,sq_49_17,0.9998669097242988,0.9998819270227642,0.9999427007365992,45.0,70.0,44.99468671602439,69.99598905156195,-0.011807297723576138,-0.005729926340081182,58.34070366950522,-0.005313283975610261,-0.004010948438050832
2313,sq_49_18,0.9998669097242988,0.9998819270227658,0.999942700736598,60.0,51.0,59.992915621365945,50.9970777375665,-0.011807297723420707,-0.005729926340203306,56.53778790953004,-0.007084378634054644,-0.0029222624335005776
2314,sq_49_19,0.9998669097242988,0.9998819270227668,0.9999427007365984,2443.0,1030.0,2442.7115477166194,1029.9409817586964,-0.011807297723320787,-0.005729926340158897,54.77132144633663,-0.28845228338059314,-0.0590182413036473
2315,sq_49_22,0.9998669097242988,0.9998819270227663,0.9999427007365976,660.0,235.0,659.9220718350258,234.98653467310044,-0.011807297723365195,-0.005729926340236613,49.729057642941726,-0.07792816497419608,-0.013465326899563479
2316,sq_49_23,0.9998669097242988,0.9998819270227668,0.9999427007365984,527.0,208.0,526.9377755409981,207.98808175321247,-0.011807297723320787,-0.005729926340158897,48.148971601196784,-0.062224459001868127,-0.011918246787530506
2317,sq_49_24,0.9998669097242988,0.999881927022766,0.9999427007365986,235.0,530.0,234.97225285035,529.9696313903972,-0.011807297723398502,-0.005729926340136693,46.62788218231633,-0.027747149649997027,-0.030368609602760444
2318,sq_49_26,0.9998669097242988,0.9998819270227672,0.9999427007365974,52.0,28.0,51.99386020518389,27.998395620624727,-0.011807297723276378,-0.005729926340258817,43.78704824269337,-0.006139794816107269,-0.001604379375272913
2319,sq_49_27,0.9998669097242988,0.9998819270227668,0.9999427007365982,48.0,46.0,47.994332497092806,45.997364233883516,-0.011807297723320787,-0.005729926340181102,42.48076719789983,-0.0056675029071939775,-0.002635766116483751
2320,sq_49_31,0.9998669097242988,0.9998819270227658,0.9999427007365984,23.0,17.0,22.997284321523612,16.99902591252217,-0.011807297723420707,-0.005729926340158897,38.19378334752621,-0.002715678476388206,-0.0009740874778287889
2321,sq_49_32,0.9998669097242988,0.999881927022766,0.9999427007365972,4.0,2.0,3.999527708091064,1.9998854014731944,-0.011807297723398502,-0.005729926340281022,37.396914885749794,-0.0004722919089359401,-0.00011459852680562044
2322,sq_49_33,0.9998669097242988,0.9998819270227663,0.999942700736598,28.0,15.0,27.996693956637458,14.999140511048969,-0.011807297723365195,-0.005729926340203306,36.725793171172946,-0.0033060433625422547,-0.00085948895103094
2323,sq_49_34,0.9998669097242988,0.9998819270227668,0.999942700736597,45.0,24.0,44.9946867160245,23.998624817678326,-0.011807297723320787,-0.005729926340303226,36.18741360681128,-0.005313283975496574,-0.0013751823216736625
2324,sq_49_36,0.9998669097242988,0.9998819270227656,0.9999427007365984,23.0,10.0,22.99728432152361,9.999427007365984,-0.011807297723442911,-0.005729926340158897,35.531530723785494,-0.0027156784763917585,-0.0005729926340158897
2325,sq_49_38,0.9998669097242988,0.9998819270227643,0.9999427007365984,4.0,21.0,3.9995277080910574,20.998796715468565,-0.011807297723565036,-0.005729926340158897,35.45998870311612,-0.0004722919089426014,-0.0012032845314351448
2326,sq_49_39,0.9998669097242988,0.9998819270227662,0.9999427007365984,23.0,14.0,22.997284321523622,13.999197810312378,-0.011807297723376298,-0.005729926340158897,35.645564576020554,-0.0027156784763775477,-0.0008021896876222456
2327,sq_49_40,0.9998669097242988,0.9998819270227668,0.9999427007365974,26.0,18.0,25.996930102591936,17.998968613258754,-0.011807297723320787,-0.005729926340258817,35.976264173134986,-0.0030698974080642927,-0.001031386741246365
2328,sq_49_41,0.9998669097242988,0.9998819270227668,0.9999427007365976,38.0,23.0,37.995513226865135,22.998682116941744,-0.011807297723320787,-0.005729926340236613,36.448136487880035,-0.004486773134864563,-0.0013178830582560863
2329,sq_49_43,0.9998669097242988,0.999881927022766,0.9999427007365972,39.0,49.0,38.99539515388788,48.99719233609326,-0.011807297723398502,-0.005729926340281022,37.792668511928944,-0.004604846112123084,-0.0028076639067364795
2330,sq_49_44,0.9998669097242988,0.999881927022766,0.9999427007365976,2.0,0.0,1.999763854045532,0.0,-0.011807297723398502,-0.005729926340236613,38.651387237136895,-0.00023614595446797004,0.0
2331,sq_49_46,0.9998669097242988,0.9998819270227666,0.9999427007365976,18.0,69.0,17.997874686409798,68.99604635082524,-0.011807297723342991,-0.005729926340236613,40.702408734743855,-0.0021253135902021825,-0.0039536491747611535
2332,sq_49_48,0.9998669097242988,0.9998819270227672,0.999942700736598,89.0,36.0,88.98949150502628,35.99793722651753,-0.011807297723276378,-0.005729926340203306,43.143945461833525,-0.010508494973720417,-0.002062773482471414
2333,sq_49_49,0.9998669097242988,0.9998819270227666,0.999942700736598,201.0,78.0,200.97626733157608,77.99553065745464,-0.011807297723342991,-0.005729926340203306,44.49147113086956,-0.023732668423917858,-0.00446934254536302
2334,sq_49_51,0.9998669097242988,0.9998819270227652,0.9999427007365984,15.0,15.0,14.99822890534148,14.999140511048976,-0.011807297723476218,-0.005729926340158897,47.404016360699984,-0.0017710946585207665,-0.0008594889510238346
2335,sq_49_57,0.9998669097242988,0.9998819270227656,0.999942700736598,9.0,26.0,8.99893734320489,25.998510219151548,-0.011807297723442911,-0.005729926340203306,57.461560433982775,-0.001062656795109973,-0.0014897808484519715
2336,sq_49_58,0.9998669097242988,0.999881927022766,0.9999427007365984,130.0,124.0,129.98465051295958,123.99289489133821,-0.011807297723398502,-0.005729926340158897,59.281740055731944,-0.015349487040424492,-0.007105108661789927
2337,sq_49_61,0.9998669097242988,0.9998819270227656,0.9999427007365976,34.0,9.0,33.99598551877403,8.999484306629379,-0.011807297723442911,-0.005729926340236613,64.9210370296915,-0.004014481225972588,-0.0005156933706214062
2338,sq_49_62,0.9998669097242988,0.999881927022766,0.9999427007365976,2.0,0.0,1.999763854045532,0.0,-0.011807297723398502,-0.005729926340236613,66.85201230562427,-0.00023614595446797004,0.0
2339,sq_49_63,0.9998669097242988,0.999881927022765,0.999942700736598,1.0,5.0,0.999881927022765,4.99971350368299,-0.011807297723498422,-0.005729926340203306,68.80502362236675,-0.00011807297723498422,-0.0002864963170097212
2340,sq_49_64,0.9998669097242988,0.9998819270227656,0.9999427007365984,55.0,33.0,54.9935059862521,32.998109124307746,-0.011807297723442911,-0.005729926340158897,70.7782470446178,-0.006494013747897043,-0.0018908756922542125
2341,sq_4_11,0.9998669097242988,0.9998819270227663,0.999942700736598,129.0,85.0,128.98476858593685,84.99512956261083,-0.011807297723365195,-0.005729926340203306,90.08488419801921,-0.01523141406315176,-0.004870437389172366
2342,sq_4_15,0.9998669097242988,0.9998819270227652,0.999942700736598,60.0,35.0,59.99291562136592,34.99799452578093,-0.011807297723476218,-0.005729926340203306,85.25213533279208,-0.007084378634083066,-0.0020054742190680486
2343,sq_4_16,0.9998669097242988,0.9998819270227652,0.9999427007365984,1.0,3.0,0.9998819270227652,2.9998281022097952,-0.011807297723476218,-0.005729926340158897,82.52747716904477,-0.00011807297723476218,-0.00017189779020476692
2344,sq_4_32,0.9998669097242988,0.9998819270227672,0.999942700736597,317.0,171.0,316.9625708662172,170.99020182595808,-0.011807297723276378,-0.005729926340303226,68.76368453279186,-0.0374291337827799,-0.009798174041918628
2345,sq_4_34,0.9998669097242988,0.9998819270227663,0.999942700736598,332.0,236.0,331.9607997715584,235.98647737383712,-0.011807297723365195,-0.005729926340203306,68.10438537990554,-0.03920022844158666,-0.01352262616288158
2346,sq_4_36,0.9998669097242988,0.9998819270227656,0.9999427007365982,258.0,2112.0,257.9695371718735,2111.8789839556953,-0.011807297723442911,-0.005729926340181102,67.74238402895718,-0.03046282812647405,-0.12101604430472435
2347,sq_4_37,0.9998669097242988,0.9998819270227663,0.9999427007365984,999.0,2094.0,998.8820450957436,2093.880015342437,-0.011807297723365195,-0.005729926340158897,67.66663782189407,-0.11795490425640764,-0.11998465756278165
2348,sq_4_38,0.9998669097242988,0.9998819270227663,0.999942700736598,378.0,587.0,377.9553684146057,586.966365332383,-0.011807297723365195,-0.005729926340203306,67.1930699446061,-0.04463158539431333,-0.03363466761697964
2349,sq_4_39,0.9998669097242988,0.999881927022766,0.9999427007365976,2.0,0.0,1.999763854045532,0.0,-0.011807297723398502,-0.005729926340236613,67.27633319478554,-0.00023614595446797004,0.0
2350,sq_50_14,0.9998669097242988,0.9998819270227656,0.9999427007365982,62.0,49.0,61.992679475411464,48.99719233609331,-0.011807297723442911,-0.005729926340181102,65.21859786330914,-0.007320524588536159,-0.0028076639066867415
2351,sq_50_18,0.9998669097242988,0.999881927022766,0.999942700736598,24.0,60.0,23.997166248546385,59.996562044195876,-0.011807297723398502,-0.005729926340203306,57.9854440018833,-0.0028337514536147523,-0.00343795580412376
2352,sq_50_19,0.9998669097242988,0.9998819270227668,0.9999427007365976,1323.0,824.0,1322.8437894511205,823.9527854069564,-0.011807297723320787,-0.005729926340236613,56.26497012215919,-0.1562105488794714,-0.047214593043577224
2353,sq_50_27,0.9998669097242988,0.9998819270227663,0.9999427007365972,126.0,39.0,125.98512280486855,38.99776532872729,-0.011807297723365195,-0.005729926340281022,44.393944426824795,-0.014877195131447252,-0.0022346712727099316
2354,sq_50_31,0.9998669097242988,0.999881927022766,0.9999427007365972,14.0,5.0,13.998346978318724,4.999713503682986,-0.011807297723398502,-0.005729926340281022,40.312212624938425,-0.0016530216812764564,-0.0002864963170141621
2355,sq_50_34,0.9998669097242988,0.9998819270227663,0.999942700736598,44.0,46.0,43.99480478900172,45.99736423388351,-0.011807297723365195,-0.005729926340203306,38.417210173089714,-0.005195210998280686,-0.0026357661164908563
2356,sq_50_39,0.9998669097242988,0.9998819270227662,0.999942700736597,8.0,14.0,7.99905541618213,13.999197810312358,-0.011807297723376298,-0.005729926340303226,37.90737290540797,-0.0009445838178701038,-0.0008021896876417856
2357,sq_50_42,0.9998669097242988,0.999881927022766,0.999942700736598,34.0,35.0,33.99598551877404,34.99799452578093,-0.011807297723398502,-0.005729926340203306,39.23597511839191,-0.004014481225958377,-0.0020054742190680486
2358,sq_50_43,0.9998669097242988,0.9998819270227648,0.9999427007365992,6.0,3.0,5.999291562136589,2.9998281022097975,-0.011807297723520627,-0.005729926340081182,39.932430632829046,-0.0007084378634107935,-0.00017189779020254647
2359,sq_50_44,0.9998669097242988,0.9998819270227656,0.9999427007365974,5.0,3.0,4.999409635113828,2.999828102209792,-0.011807297723442911,-0.005729926340258817,40.74583023488724,-0.0005903648861718125,-0.00017189779020787554
2360,sq_50_49,0.9998669097242988,0.9998819270227668,0.9999427007365972,80.0,39.0,79.99055416182134,38.99776532872729,-0.011807297723320787,-0.005729926340281022,46.321000009242695,-0.009445838178663735,-0.0022346712727099316
2361,sq_50_50,0.9998669097242988,0.9998819270227656,0.9999427007365984,40.0,55.0,39.995277080910626,54.996848540512914,-0.011807297723442911,-0.005729926340158897,47.68832154467125,-0.0047229190893745,-0.003151459487085617
2362,sq_50_53,0.9998669097242988,0.9998819270227648,0.9999427007365984,1.0,27.0,0.9998819270227648,26.99845291988816,-0.011807297723520627,-0.005729926340158897,52.179644704019765,-0.00011807297723520627,-0.001547080111841126
2363,sq_50_55,0.9998669097242988,0.9998819270227656,0.9999427007365972,1.0,39.0,0.9998819270227656,38.99776532872729,-0.011807297723442911,-0.005729926340281022,55.445213065055015,-0.00011807297723442911,-0.0022346712727099316
2364,sq_50_61,0.9998669097242988,0.9998819270227656,0.9999427007365984,8.0,9.0,7.999055416182125,8.999484306629386,-0.011807297723442911,-0.005729926340158897,66.18311380629274,-0.0009445838178754329,-0.0005156933706143008
2365,sq_50_63,0.9998669097242988,0.9998819270227666,0.9999427007365976,30.0,12.0,29.996457810682998,11.999312408839172,-0.011807297723342991,-0.005729926340236613,69.9959784627035,-0.003542189317002453,-0.0006875911608279495
2366,sq_50_66,0.9998669097242988,0.9998819270227656,0.9999427007365984,3.0,20.0,2.999645781068297,19.998854014731968,-0.011807297723442911,-0.005729926340158897,75.73226012100724,-0.0003542189317031763,-0.0011459852680317795
2367,sq_51_13,0.9998669097242988,0.9998819270227646,0.9999427007365989,7.0,35.0,6.999173489159352,34.99799452578096,-0.011807297723542831,-0.005729926340114488,68.39757931947791,-0.0008265108406479982,-0.002005474219039627
2368,sq_51_14,0.9998669097242988,0.9998819270227658,0.9999427007365984,10.0,71.0,9.998819270227658,70.99593175229849,-0.011807297723420707,-0.005729926340158897,66.5529164059155,-0.0011807297723418486,-0.004068247701511041
2369,sq_51_19,0.9998669097242988,0.9998819270227656,0.9999427007365982,81.0,59.0,80.990436088844,58.996619343459294,-0.011807297723442911,-0.005729926340181102,57.809154054014385,-0.00956391115599331,-0.003380656540706184
2370,sq_51_21,0.9998669097242988,0.999881927022767,0.999942700736598,221.0,163.0,220.9739058720315,162.99066022006548,-0.011807297723298582,-0.005729926340203306,54.592527153648014,-0.02609412796849142,-0.009339779934521175
2371,sq_51_29,0.9998669097242988,0.9998819270227663,0.999942700736598,14.0,11.0,13.998346978318729,10.999369708102577,-0.011807297723365195,-0.005729926340203306,44.19886077651179,-0.0016530216812711274,-0.0006302918974228078
2372,sq_51_30,0.9998669097242988,0.9998819270227668,0.999942700736598,33.0,28.0,32.99610359175131,27.99839562062474,-0.011807297723320787,-0.005729926340203306,43.270894162588654,-0.003896408248692751,-0.0016043793752587021
2373,sq_51_32,0.9998669097242988,0.9998819270227642,0.9999427007365992,3.0,28.0,2.999645781068293,27.998395620624777,-0.011807297723576138,-0.005729926340081182,41.73110661529439,-0.0003542189317071731,-0.001604379375223175
2374,sq_51_39,0.9998669097242988,0.999881927022766,0.9999427007365984,8.0,13.0,7.999055416182128,12.99925510957578,-0.011807297723398502,-0.005729926340158897,40.17005210594653,-0.0009445838178718802,-0.0007448904242206567
2375,sq_51_42,0.9998669097242988,0.9998819270227658,0.9999427007365976,27.0,21.0,26.996812029614677,20.99879671546855,-0.011807297723420707,-0.005729926340236613,41.42575914695808,-0.0031879703853228136,-0.0012032845314493557
2376,sq_51_43,0.9998669097242988,0.9998819270227656,0.9999427007365976,7.0,29.0,6.999173489159359,28.99833832136133,-0.011807297723442911,-0.005729926340236613,42.08578931975094,-0.0008265108406408928,-0.0016616786386691729
2377,sq_51_59,0.9998669097242988,0.9998819270227643,0.9999427007365992,22.0,15.0,21.997402394500817,14.999140511048989,-0.011807297723565036,-0.005729926340081182,63.865687585137664,-0.0025976054991829756,-0.0008594889510114001
2378,sq_52_13,0.9998669097242988,0.9998819270227656,0.9999427007365984,149.0,379.0,148.98240712639208,378.9782835791708,-0.011807297723442911,-0.005729926340158897,69.74433589139589,-0.017592873607924275,-0.02171642082919334
2379,sq_52_28,0.9998669097242988,0.9998819270227663,0.999942700736598,20.0,59.0,19.997638540455327,58.99661934345928,-0.011807297723365195,-0.005729926340203306,47.24430417600416,-0.002361459544673039,-0.003380656540720395
2380,sq_52_29,0.9998669097242988,0.999881927022767,0.999942700736598,137.0,48.0,136.9838240021191,47.9972496353567,-0.011807297723298582,-0.005729926340203306,46.26443512076492,-0.01617599788090729,-0.002750364643297587
2381,sq_52_30,0.9998669097242988,0.9998819270227662,0.9999427007365976,45.0,14.0,44.99468671602448,13.999197810312367,-0.011807297723376298,-0.005729926340236613,45.378992507468745,-0.005313283975517891,-0.0008021896876329038
2382,sq_52_31,0.9998669097242988,0.9998819270227652,0.9999427007365989,2.0,25.0,1.9997638540455305,24.998567518414973,-0.011807297723476218,-0.005729926340114488,44.593600100122714,-0.00023614595446952436,-0.0014324815850272898
2383,sq_52_32,0.9998669097242988,0.9998819270227648,0.9999427007365976,3.0,10.0,2.9996457810682946,9.999427007365977,-0.011807297723520627,-0.005729926340236613,43.9136250964161,-0.00035421893170539676,-0.0005729926340229952
2384,sq_52_34,0.9998669097242988,0.9998819270227648,0.9999427007365989,37.0,26.0,36.995631299842294,25.99851021915157,-0.011807297723520627,-0.005729926340114488,42.889204959478995,-0.0043687001577055184,-0.0014897808484306552
2385,sq_52_35,0.9998669097242988,0.9998819270227648,0.9999427007365976,28.0,16.0,27.996693956637415,15.999083211785562,-0.011807297723520627,-0.005729926340236613,42.55283572898089,-0.0033060433625848873,-0.0009167882144378581
2386,sq_52_42,0.9998669097242988,0.9998819270227658,0.999942700736598,16.0,23.0,15.998110832364253,22.998682116941755,-0.011807297723420707,-0.005729926340203306,43.623587239238084,-0.001889167635747313,-0.0013178830582454282
2387,sq_52_43,0.9998669097242988,0.9998819270227646,0.999942700736598,5.0,12.0,4.999409635113823,11.999312408839176,-0.011807297723542831,-0.005729926340203306,44.25065368969498,-0.0005903648861771416,-0.0006875911608243968
2388,sq_52_60,0.9998669097242988,0.9998819270227663,0.9999427007365974,34.0,7.0,33.995985518774056,6.999598905156182,-0.011807297723365195,-0.005729926340258817,67.06926900774641,-0.0040144812259441665,-0.00040109484381822824
2389,sq_52_61,0.9998669097242988,0.9998819270227666,0.999942700736598,188.0,52.0,187.97780228028012,51.997020438303096,-0.011807297723342991,-0.005729926340203306,68.86236790976423,-0.022197719719883935,-0.002979561696903943
2390,sq_53_14,0.9998669097242988,0.9998819270227648,0.9999427007365984,3.0,83.0,2.9996457810682946,82.99524416113766,-0.011807297723520627,-0.005729926340158897,69.33785227375016,-0.00035421893170539676,-0.004755838862337214
2391,sq_53_17,0.9998669097242988,0.9998819270227652,0.9999427007365984,7.0,55.0,6.999173489159356,54.996848540512914,-0.011807297723476218,-0.005729926340158897,64.25205482529478,-0.0008265108406435573,-0.003151459487085617
2392,sq_53_21,0.9998669097242988,0.9998819270227658,0.999942700736598,10.0,285.0,9.998819270227658,284.98366970993044,-0.011807297723420707,-0.005729926340203306,57.99769284720033,-0.0011807297723418486,-0.016330290069561215
2393,sq_53_26,0.9998669097242988,0.9998819270227666,0.999942700736598,80.0,37.0,79.99055416182132,36.997879927254125,-0.011807297723342991,-0.005729926340203306,51.41762505167186,-0.009445838178677946,-0.0021200727458747792
2394,sq_53_29,0.9998669097242988,0.9998819270227652,0.9999427007365982,1.0,50.0,0.9998819270227652,49.99713503682991,-0.011807297723476218,-0.005729926340181102,48.348109386600626,-0.00011807297723476218,-0.002864963170090107
2395,sq_53_37,0.9998669097242988,0.9998819270227656,0.9999427007365984,38.0,110.0,37.99551322686509,109.99369708102583,-0.011807297723442911,-0.005729926340158897,44.51910308802866,-0.004486773134907196,-0.006302918974171234
2396,sq_53_42,0.9998669097242988,0.999881927022764,0.9999427007365982,9.0,8.0,8.998937343204876,7.9995416058927855,-0.011807297723598342,-0.005729926340181102,45.828199750236294,-0.0010626567951241839,-0.00045839410721448814
2397,sq_53_49,0.9998669097242988,0.999881927022766,0.999942700736598,2.0,20.0,1.999763854045532,19.99885401473196,-0.011807297723398502,-0.005729926340203306,52.01766513156697,-0.00023614595446797004,-0.001145985268038885
2398,sq_53_52,0.9998669097242988,0.9998819270227663,0.999942700736598,52.0,38.0,51.99386020518385,37.99782262799072,-0.011807297723365195,-0.005729926340203306,55.87965873954589,-0.006139794816149902,-0.0021773720092781446
2399,sq_53_54,0.9998669097242988,0.999881927022765,0.9999427007365984,29.0,5.0,28.996575883660185,4.999713503682992,-0.011807297723498422,-0.005729926340158897,58.75983465860115,-0.0034241163398149865,-0.00028649631700794487
2400,sq_53_55,0.9998669097242988,0.999881927022766,0.9999427007365982,25.0,16.0,24.99704817556915,15.999083211785571,-0.011807297723398502,-0.005729926340181102,60.2787183650745,-0.0029518244308484043,-0.0009167882144289763
2401,sq_53_58,0.9998669097242988,0.999881927022766,0.999942700736598,18.0,13.0,17.997874686409787,12.999255109575774,-0.011807297723398502,-0.005729926340203306,65.10606737228835,-0.0021253135902128406,-0.0007448904242259857
2402,sq_53_59,0.9998669097242988,0.9998819270227648,0.9999427007365982,15.0,12.0,14.998228905341472,11.999312408839177,-0.011807297723520627,-0.005729926340181102,66.79454843956155,-0.001771094658527872,-0.0006875911608226204
2403,sq_53_61,0.9998669097242988,0.9998819270227656,0.9999427007365989,18.0,6.0,17.99787468640978,5.999656204419593,-0.011807297723442911,-0.005729926340114488,70.27349865320012,-0.002125313590219946,-0.0003437955804068693
2404,sq_54_22,0.9998669097242988,0.9998819270227658,0.999942700736598,53.0,29.0,52.993742132206584,28.99833832136134,-0.011807297723420707,-0.005729926340203306,58.360444918413,-0.006257867793415528,-0.0016616786386585147
2405,sq_54_23,0.9998669097242988,0.9998819270227663,0.999942700736598,176.0,86.0,175.97921915600688,85.99507226334742,-0.011807297723365195,-0.005729926340203306,57.02207275046008,-0.020780843993122744,-0.004927736652575732
2406,sq_54_24,0.9998669097242988,0.9998819270227663,0.9999427007365982,104.0,51.0,103.9877204103677,50.99707773756651,-0.011807297723365195,-0.005729926340181102,55.745563298376126,-0.012279589632299803,-0.002922262433493472
2407,sq_54_31,0.9998669097242988,0.999881927022766,0.999942700736598,27.0,17.0,26.99681202961468,16.999025912522164,-0.011807297723398502,-0.005729926340203306,48.92070959454196,-0.003187970385319261,-0.0009740874778358943
2408,sq_54_32,0.9998669097242988,0.9998819270227656,0.9999427007365976,6.0,8.0,5.999291562136594,7.999541605892781,-0.011807297723442911,-0.005729926340236613,48.30205370327106,-0.0007084378634063526,-0.00045839410721892904
2409,sq_54_33,0.9998669097242988,0.9998819270227662,0.999942700736597,17.0,9.0,16.997992759387024,8.999484306629373,-0.011807297723376298,-0.005729926340303226,47.78509814941622,-0.002007240612975636,-0.0005156933706267353
2410,sq_54_35,0.9998669097242988,0.9998819270227643,0.9999427007365976,1.0,1.0,0.9998819270227643,0.9999427007365976,-0.011807297723565036,-0.005729926340236613,47.06902972099874,-0.00011807297723565036,-5.729926340236613e-05
2411,sq_54_36,0.9998669097242988,0.999881927022766,0.9999427007365972,46.0,14.0,45.99456864304724,13.99919781031236,-0.011807297723398502,-0.005729926340281022,46.87477041392928,-0.005431356952762201,-0.0008021896876400092
2412,sq_54_37,0.9998669097242988,0.999881927022766,0.9999427007365972,78.0,163.0,77.99079030777575,162.99066022006534,-0.011807297723398502,-0.005729926340281022,46.79176098650405,-0.009209692224246169,-0.009339779934663284
2413,sq_54_38,0.9998669097242988,0.999881927022766,0.9999427007365984,74.0,45.0,73.99126259968469,44.99742153314693,-0.011807297723398502,-0.005729926340158897,46.820592215671006,-0.008737400315311561,-0.00257846685307328
2414,sq_54_43,0.9998669097242988,0.9998819270227656,0.9999427007365982,35.0,40.0,34.9958674457968,39.99770802946393,-0.011807297723442911,-0.005729926340181102,48.60835672570073,-0.004132554203202687,-0.0022919705360706644
2415,sq_54_44,0.9998669097242988,0.999881927022765,0.9999427007365989,35.0,22.0,34.995867445796776,21.998739416205176,-0.011807297723498422,-0.005729926340114488,49.27793305907168,-0.004132554203224004,-0.0012605837948242993
2416,sq_54_45,0.9998669097242988,0.9998819270227646,0.999942700736598,3.0,3.0,2.9996457810682937,2.999828102209794,-0.011807297723542831,-0.005729926340203306,50.04328827000491,-0.00035421893170628493,-0.0001718977902060992
2417,sq_54_53,0.9998669097242988,0.9998819270227642,0.9999427007365966,1.0,0.0,0.9998819270227642,0.0,-0.011807297723576138,-0.005729926340336533,59.072037077273706,-0.00011807297723576138,0.0
2418,sq_54_59,0.9998669097242988,0.9998819270227663,0.9999427007365984,38.0,36.0,37.99551322686512,35.99793722651754,-0.011807297723365195,-0.005729926340158897,68.32473049280325,-0.004486773134878774,-0.002062773482457203
2419,sq_54_62,0.9998669097242988,0.999881927022766,0.9999427007365976,197.0,70.0,196.97673962348492,69.99598905156184,-0.011807297723398502,-0.005729926340236613,73.4781632904653,-0.023260376515082726,-0.004010948438164519
2420,sq_54_65,0.9998669097242988,0.9998819270227666,0.9999427007365976,34.0,30.0,33.99598551877406,29.998281022097927,-0.011807297723342991,-0.005729926340236613,78.89279262127475,-0.004014481225937061,-0.0017189779020725382
2421,sq_54_66,0.9998669097242988,0.9998819270227656,0.999942700736598,9.0,14.0,8.99893734320489,13.99919781031237,-0.011807297723442911,-0.005729926340203306,80.74670520550009,-0.001062656795109973,-0.0008021896876293511
2422,sq_54_67,0.9998669097242988,0.999881927022766,0.9999427007365972,48.0,21.0,47.99433249709277,20.99879671546854,-0.011807297723398502,-0.005729926340281022,82.6224037423425,-0.005667502907229505,-0.0012032845314600138
2423,sq_54_68,0.9998669097242988,0.9998819270227646,0.999942700736598,3.0,3.0,2.9996457810682937,2.999828102209794,-0.011807297723542831,-0.005729926340203306,84.64408740524013,-0.00035421893170628493,-0.0001718977902060992
2424,sq_55_23,0.9998669097242988,0.9998819270227652,0.9999427007365976,39.0,10.0,38.99539515388784,9.999427007365977,-0.011807297723476218,-0.005729926340236613,58.8981030995117,-0.0046048461121586115,-0.0005729926340229952
2425,sq_55_24,0.9998669097242988,0.9998819270227663,0.999942700736598,192.0,65.0,191.97732998837114,64.99627554787887,-0.011807297723365195,-0.005729926340203306,57.66351098302931,-0.022670011628861175,-0.0037244521211334813
2426,sq_55_26,0.9998669097242988,0.9998819270227656,0.9999427007365976,18.0,11.0,17.99787468640978,10.999369708102574,-0.011807297723442911,-0.005729926340236613,55.395719310221956,-0.002125313590219946,-0.0006302918974263605
2427,sq_55_34,0.9998669097242988,0.9998819270227643,0.9999427007365996,4.0,8.0,3.9995277080910574,7.999541605892797,-0.011807297723565036,-0.005729926340036773,49.618393699340864,-0.0004722919089426014,-0.0004583941072029418
2428,sq_55_35,0.9998669097242988,0.9998819270227642,0.9999427007365966,1.0,0.0,0.9998819270227642,0.0,-0.011807297723576138,-0.005729926340336533,49.32817939137848,-0.00011807297723576138,0.0
2429,sq_55_37,0.9998669097242988,0.9998819270227648,0.9999427007365976,24.0,7.0,23.997166248546357,6.9995989051561835,-0.011807297723520627,-0.005729926340236613,49.06374740237822,-0.002833751453643174,-0.0004010948438164519
2430,sq_55_38,0.9998669097242988,0.999881927022766,0.9999427007365972,5.0,18.0,4.99940963511383,17.99896861325875,-0.011807297723398502,-0.005729926340281022,49.09123004356598,-0.0005903648861700361,-0.0010313867412499178
2431,sq_55_39,0.9998669097242988,0.999881927022766,0.9999427007365986,63.0,53.0,62.99256140243426,52.99696313903973,-0.011807297723398502,-0.005729926340136693,49.22516980150153,-0.007438597565737837,-0.003036860960271781
2432,sq_55_41,0.9998669097242988,0.9998819270227642,0.9999427007365966,1.0,0.0,0.9998819270227642,0.0,-0.011807297723576138,-0.005729926340336533,49.80829980641455,-0.00011807297723576138,0.0
2433,sq_55_45,0.9998669097242988,0.9998819270227668,0.9999427007365972,14.0,10.0,13.998346978318736,9.999427007365972,-0.011807297723320787,-0.005729926340281022,52.17291746658801,-0.001653021681264022,-0.0005729926340283242
2434,sq_55_55,0.9998669097242988,0.999881927022766,0.9999427007365982,110.0,50.0,109.98701197250426,49.99713503682991,-0.011807297723398502,-0.005729926340181102,63.700914123409454,-0.012988027495737242,-0.002864963170090107
2435,sq_55_56,0.9998669097242988,0.9998819270227663,0.9999427007365982,12.0,51.0,11.998583124273196,50.99707773756651,-0.011807297723365195,-0.005729926340181102,65.18413911284306,-0.0014168757268038235,-0.002922262433493472
2436,sq_55_57,0.9998669097242988,0.9998819270227663,0.9999427007365976,35.0,14.0,34.99586744579682,13.999197810312367,-0.011807297723365195,-0.005729926340236613,66.71287497523984,-0.004132554203181371,-0.0008021896876329038
2437,sq_55_58,0.9998669097242988,0.9998819270227668,0.9999427007365984,120.0,77.0,119.98583124273202,76.99558795671808,-0.011807297723320787,-0.005729926340158897,68.2840651016033,-0.014168757267981391,-0.004412043281917022
2438,sq_55_59,0.9998669097242988,0.999881927022765,0.999942700736599,44.0,27.0,43.99480478900166,26.998452919888173,-0.011807297723498422,-0.005729926340103386,69.89484652897292,-0.005195210998337529,-0.001547080111826915
2439,sq_55_60,0.9998669097242988,0.999881927022766,0.9999427007365976,126.0,89.0,125.98512280486852,88.99490036555719,-0.011807297723398502,-0.005729926340236613,71.5425451855176,-0.014877195131475673,-0.005099634442814249
2440,sq_55_68,0.9998669097242988,0.9998819270227652,0.9999427007365986,12.0,24.0,11.998583124273182,23.99862481767837,-0.011807297723476218,-0.005729926340136693,85.78831056267886,-0.0014168757268180343,-0.00137518232163103
2441,sq_55_69,0.9998669097242988,0.999881927022764,0.9999427007365986,12.0,3.0,11.998583124273168,2.999828102209796,-0.011807297723598342,-0.005729926340136693,87.67504283431016,-0.0014168757268322452,-0.00017189779020387874
2442,sq_55_70,0.9998669097242988,0.9998819270227656,0.9999427007365982,14.0,16.0,13.998346978318718,15.999083211785571,-0.011807297723442911,-0.005729926340181102,89.58048084277029,-0.0016530216812817855,-0.0009167882144289763
2443,sq_55_71,0.9998669097242988,0.9998819270227646,0.999942700736598,4.0,3.0,3.9995277080910583,2.999828102209794,-0.011807297723542831,-0.005729926340203306,91.59345001941597,-0.00047229190894171325,-0.0001718977902060992
2444,sq_56_28,0.9998669097242988,0.9998819270227648,0.9999427007365976,4.0,1.0,3.999527708091059,0.9999427007365976,-0.011807297723520627,-0.005729926340236613,55.51655046851424,-0.00047229190894082507,-5.729926340236613e-05
2445,sq_56_37,0.9998669097242988,0.999881927022766,0.9999427007365976,2.0,0.0,1.999763854045532,0.0,-0.011807297723398502,-0.005729926340236613,51.33506017314174,-0.00023614595446797004,0.0
2446,sq_56_39,0.9998669097242988,0.9998819270227642,0.9999427007365992,2.0,5.0,1.9997638540455285,4.999713503682996,-0.011807297723576138,-0.005729926340081182,51.489303906864784,-0.00023614595447152276,-0.00028649631700439215
2447,sq_56_51,0.9998669097242988,0.999881927022766,0.9999427007365976,58.0,43.0,57.99315176732043,42.9975361316737,-0.011807297723398502,-0.005729926340236613,60.21275124035208,-0.00684823267957313,-0.0024638683263020766
2448,sq_56_55,0.9998669097242988,0.9998819270227652,0.9999427007365984,7.0,3.0,6.999173489159356,2.9998281022097952,-0.011807297723476218,-0.005729926340158897,65.46246209075994,-0.0008265108406435573,-0.00017189779020476692
2449,sq_56_57,0.9998669097242988,0.9998819270227663,0.999942700736598,13.0,12.0,12.998465051295963,11.999312408839176,-0.011807297723365195,-0.005729926340203306,68.39601811253199,-0.0015349487040374754,-0.0006875911608243968
2450,sq_56_58,0.9998669097242988,0.9998819270227663,0.9999427007365972,14.0,6.0,13.998346978318729,5.999656204419583,-0.011807297723365195,-0.005729926340281022,69.9289387209327,-0.0016530216812711274,-0.00034379558041663927
2451,sq_56_59,0.9998669097242988,0.9998819270227656,0.9999427007365972,40.0,21.0,39.995277080910626,20.99879671546854,-0.011807297723442911,-0.005729926340281022,71.50220031539185,-0.0047229190893745,-0.0012032845314600138
2452,sq_56_60,0.9998669097242988,0.999881927022766,0.9999427007365982,31.0,17.0,30.996339737705746,16.999025912522168,-0.011807297723398502,-0.005729926340181102,73.11319882377867,-0.0036602622942538687,-0.0009740874778323416
2453,sq_56_61,0.9998669097242988,0.9998819270227658,0.9999427007365984,64.0,45.0,63.99244332945701,44.99742153314693,-0.011807297723420707,-0.005729926340158897,74.75949479205836,-0.007556670542989252,-0.00257846685307328
2454,sq_56_69,0.9998669097242988,0.999881927022766,0.9999427007365974,20.0,16.0,19.99763854045532,15.999083211785559,-0.011807297723398502,-0.005729926340258817,88.95693228277237,-0.0023614595446801445,-0.0009167882144414108
2455,sq_56_70,0.9998669097242988,0.9998819270227658,0.999942700736598,30.0,22.0,29.996457810682973,21.998739416205154,-0.011807297723420707,-0.005729926340203306,90.83491935531761,-0.003542189317027322,-0.0012605837948456156
2456,sq_56_71,0.9998669097242988,0.9998819270227656,0.999942700736598,15.0,11.0,14.998228905341483,10.999369708102577,-0.011807297723442911,-0.005729926340203306,92.73131480855483,-0.0017710946585172138,-0.0006302918974228078
2457,sq_57_25,0.9998669097242988,0.9998819270227642,0.9999427007365966,1.0,0.0,0.9998819270227642,0.0,-0.011807297723576138,-0.005729926340336533,60.920478767847285,-0.00011807297723576138,0.0
2458,sq_57_33,0.9998669097242988,0.9998819270227648,0.9999427007365976,10.0,15.0,9.998819270227647,14.999140511048964,-0.011807297723520627,-0.005729926340236613,54.47421181408333,-0.0011807297723525068,-0.0008594889510362691
2459,sq_57_39,0.9998669097242988,0.9998819270227666,0.9999427007365984,33.0,36.0,32.9961035917513,35.99793722651754,-0.011807297723342991,-0.005729926340158897,53.75336962177978,-0.0038964082486998564,-0.002062773482457203
2460,sq_57_40,0.9998669097242988,0.9998819270227648,0.999942700736598,3.0,14.0,2.9996457810682946,13.99919781031237,-0.011807297723520627,-0.005729926340203306,53.97266461145405,-0.00035421893170539676,-0.0008021896876293511
2461,sq_57_41,0.9998669097242988,0.9998819270227656,0.9999427007365974,3.0,2.0,2.999645781068297,1.9998854014731948,-0.011807297723442911,-0.005729926340258817,54.2875376376468,-0.0003542189317031763,-0.00011459852680517635
2462,sq_57_42,0.9998669097242988,0.999881927022766,0.9999427007365972,4.0,2.0,3.999527708091064,1.9998854014731944,-0.011807297723398502,-0.005729926340281022,54.69633742685741,-0.0004722919089359401,-0.00011459852680562044
2463,sq_57_43,0.9998669097242988,0.9998819270227646,0.999942700736598,8.0,2.0,7.999055416182117,1.999885401473196,-0.011807297723542831,-0.005729926340203306,55.19697650076935,-0.0009445838178834265,-0.00011459852680406613
2464,sq_57_44,0.9998669097242988,0.999881927022765,0.999942700736598,76.0,38.0,75.99102645373014,37.99782262799072,-0.011807297723498422,-0.005729926340203306,55.78698183257922,-0.008973546269857025,-0.0021773720092781446
2465,sq_57_51,0.9998669097242988,0.9998819270227652,0.9999427007365986,10.0,12.0,9.998819270227653,11.999312408839184,-0.011807297723476218,-0.005729926340136693,62.157459025346625,-0.0011807297723471777,-0.000687591160815515
2466,sq_57_52,0.9998669097242988,0.9998819270227652,0.999942700736598,5.0,7.0,4.999409635113826,6.999598905156185,-0.011807297723476218,-0.005729926340203306,63.34621593400751,-0.0005903648861735888,-0.00040109484381467553
2467,sq_57_56,0.9998669097242988,0.9998819270227658,0.999942700736598,5.0,9.0,4.999409635113829,8.999484306629382,-0.011807297723420707,-0.005729926340203306,68.65970579344554,-0.0005903648861709243,-0.0005156933706178535
2468,sq_57_57,0.9998669097242988,0.999881927022765,0.999942700736598,14.0,7.0,13.998346978318711,6.999598905156185,-0.011807297723498422,-0.005729926340203306,70.11182387207349,-0.001653021681288891,-0.00040109484381467553
2469,sq_57_58,0.9998669097242988,0.9998819270227658,0.999942700736598,24.0,23.0,23.997166248546378,22.998682116941755,-0.011807297723420707,-0.005729926340203306,71.60757175730956,-0.0028337514536218578,-0.0013178830582454282
2470,sq_57_59,0.9998669097242988,0.999881927022766,0.9999427007365976,18.0,18.0,17.997874686409787,17.998968613258757,-0.011807297723398502,-0.005729926340236613,73.14427291100569,-0.0021253135902128406,-0.0010313867412428124
2471,sq_57_60,0.9998669097242988,0.9998819270227666,0.999942700736598,45.0,45.0,44.994686716024496,44.997421533146905,-0.011807297723342991,-0.005729926340203306,74.71940067673661,-0.00531328397550368,-0.0025784668530945964
2472,sq_57_61,0.9998669097242988,0.9998819270227656,0.9999427007365982,22.0,17.0,21.997402394500842,16.999025912522168,-0.011807297723442911,-0.005729926340181102,76.33057631398887,-0.0025976054991581066,-0.0009740874778323416
2473,sq_57_62,0.9998669097242988,0.9998819270227668,0.9999427007365972,39.0,9.0,38.995395153887905,8.999484306629375,-0.011807297723320787,-0.005729926340281022,77.97556544112082,-0.004604846112094663,-0.0005156933706249589
2474,sq_57_71,0.9998669097242988,0.999881927022766,0.9999427007365982,12.0,41.0,11.998583124273193,40.997650730200526,-0.011807297723398502,-0.005729926340181102,93.99763765144567,-0.0014168757268073762,-0.0023492697994740297
2475,sq_57_72,0.9998669097242988,0.9998819270227656,0.999942700736598,68.0,38.0,67.99197103754805,37.99782262799072,-0.011807297723442911,-0.005729926340203306,95.88549710165223,-0.008028962451945176,-0.0021773720092781446
2476,sq_57_74,0.9998669097242988,0.999881927022765,0.999942700736598,1.0,5.0,0.999881927022765,4.99971350368299,-0.011807297723498422,-0.005729926340203306,100.14545489935789,-0.00011807297723498422,-0.0002864963170097212
2477,sq_58_39,0.9998669097242988,0.9998819270227668,0.9999427007365972,14.0,10.0,13.998346978318736,9.999427007365972,-0.011807297723320787,-0.005729926340281022,56.01729157908741,-0.001653021681264022,-0.0005729926340283242
2478,sq_58_40,0.9998669097242988,0.999881927022765,0.999942700736598,1.0,5.0,0.999881927022765,4.99971350368299,-0.011807297723498422,-0.005729926340203306,56.22768830151561,-0.00011807297723498422,-0.0002864963170097212
2479,sq_58_41,0.9998669097242988,0.9998819270227656,0.9999427007365984,8.0,9.0,7.999055416182125,8.999484306629386,-0.011807297723442911,-0.005729926340158897,56.52990522259395,-0.0009445838178754329,-0.0005156933706143008
2480,sq_58_42,0.9998669097242988,0.9998819270227663,0.999942700736598,10.0,1.0,9.998819270227663,0.999942700736598,-0.011807297723365195,-0.005729926340203306,56.92247924906164,-0.0011807297723365195,-5.729926340203306e-05
2481,sq_58_47,0.9998669097242988,0.9998819270227656,0.9999427007365982,37.0,14.0,36.99563129984232,13.999197810312374,-0.011807297723442911,-0.005729926340181102,60.16458168193791,-0.004368700157677097,-0.0008021896876257983
2482,sq_58_48,0.9998669097242988,0.9998819270227656,0.9999427007365974,11.0,7.0,10.998701197250421,6.999598905156182,-0.011807297723442911,-0.005729926340258817,61.049826851704964,-0.0012988027495790533,-0.00040109484381822824
2483,sq_58_49,0.9998669097242988,0.9998819270227658,0.999942700736598,30.0,37.0,29.996457810682973,36.997879927254125,-0.011807297723420707,-0.005729926340203306,62.00682757510415,-0.003542189317027322,-0.0021200727458747792
2484,sq_58_51,0.9998669097242988,0.9998819270227648,0.999942700736599,15.0,5.0,14.998228905341472,4.999713503682995,-0.011807297723520627,-0.005729926340103386,64.12300411743026,-0.001771094658527872,-0.00028649631700528033
2485,sq_58_52,0.9998669097242988,0.9998819270227648,0.999942700736599,15.0,5.0,14.998228905341472,4.999713503682995,-0.011807297723520627,-0.005729926340103386,65.275625493616,-0.001771094658527872,-0.00028649631700528033
2486,sq_58_53,0.9998669097242988,0.9998819270227652,0.9999427007365984,7.0,3.0,6.999173489159356,2.9998281022097952,-0.011807297723476218,-0.005729926340158897,66.4869583694787,-0.0008265108406435573,-0.00017189779020476692
2487,sq_58_58,0.9998669097242988,0.9998819270227656,0.9999427007365982,14.0,16.0,13.998346978318718,15.999083211785571,-0.011807297723442911,-0.005729926340181102,73.31758153413863,-0.0016530216812817855,-0.0009167882144289763
2488,sq_58_60,0.9998669097242988,0.9998819270227656,0.9999427007365989,6.0,6.0,5.999291562136594,5.999656204419593,-0.011807297723442911,-0.005729926340114488,76.3588461516835,-0.0007084378634063526,-0.0003437955804068693
2489,sq_58_61,0.9998669097242988,0.999881927022765,0.999942700736599,60.0,29.0,59.9929156213659,28.99833832136137,-0.011807297723498422,-0.005729926340103386,77.93566094311035,-0.007084378634097277,-0.001661678638630093
2490,sq_58_62,0.9998669097242988,0.9998819270227656,0.999942700736598,92.0,80.0,91.98913728609443,79.99541605892784,-0.011807297723442911,-0.005729926340203306,79.54697875559935,-0.010862713905567034,-0.00458394107215554
2491,sq_58_63,0.9998669097242988,0.9998819270227663,0.9999427007365984,45.0,35.0,44.99468671602449,34.997994525780946,-0.011807297723365195,-0.005729926340158897,81.190745499946,-0.005313283975510785,-0.0020054742190538377
2492,sq_58_69,0.9998669097242988,0.9998819270227656,0.999942700736598,27.0,35.0,26.99681202961467,34.99799452578093,-0.011807297723442911,-0.005729926340203306,91.57065812253626,-0.003187970385329919,-0.0020054742190680486
2493,sq_58_75,0.9998669097242988,0.999881927022766,0.9999427007365972,13.0,2.0,12.998465051295959,1.9998854014731944,-0.011807297723398502,-0.005729926340281022,102.02784160029412,-0.0015349487040410281,-0.00011459852680562044
2494,sq_58_76,0.9998669097242988,0.9998819270227668,0.999942700736598,24.0,25.0,23.997166248546403,24.998567518414948,-0.011807297723320787,-0.005729926340203306,104.96794536682108,-0.0028337514535969888,-0.0014324815850521588
2495,sq_59_37,0.9998669097242988,0.9998819270227648,0.9999427007365984,1.0,2.0,0.9998819270227648,1.9998854014731968,-0.011807297723520627,-0.005729926340158897,58.14493988092468,-0.00011807297723520627,-0.00011459852680317795
2496,sq_59_39,0.9998669097242988,0.9998819270227652,0.9999427007365986,4.0,4.0,3.999527708091061,3.9997708029463945,-0.011807297723476218,-0.005729926340136693,58.281006133129324,-0.0004722919089390487,-0.00022919705360546772
2497,sq_59_41,0.9998669097242988,0.9998819270227658,0.9999427007365982,12.0,10.0,11.998583124273189,9.999427007365982,-0.011807297723420707,-0.005729926340181102,58.77371936040313,-0.0014168757268109289,-0.0005729926340176661
2498,sq_59_47,0.9998669097242988,0.9998819270227663,0.999942700736598,18.0,21.0,17.997874686409794,20.998796715468558,-0.011807297723365195,-0.005729926340203306,62.276516439123654,-0.002125313590205735,-0.0012032845314422502
2499,sq_59_52,0.9998669097242988,0.9998819270227663,0.9999427007365972,9.0,11.0,8.998937343204897,10.999369708102568,-0.011807297723365195,-0.005729926340281022,67.2257224097962,-0.0010626567951028676,-0.0006302918974316896
2500,sq_59_53,0.9998669097242988,0.9998819270227663,0.999942700736598,10.0,1.0,9.998819270227663,0.999942700736598,-0.011807297723365195,-0.005729926340203306,68.40217244666935,-0.0011807297723365195,-5.729926340203306e-05
2501,sq_59_54,0.9998669097242988,0.9998819270227646,0.999942700736598,4.0,3.0,3.9995277080910583,2.999828102209794,-0.011807297723542831,-0.005729926340203306,69.63385802094707,-0.00047229190894171325,-0.0001718977902060992
2502,sq_59_57,0.9998669097242988,0.9998819270227666,0.9999427007365982,23.0,23.0,22.99728432152363,22.998682116941758,-0.011807297723342991,-0.005729926340181102,73.63199241614612,-0.0027156784763704422,-0.0013178830582418755
2503,sq_59_58,0.9998669097242988,0.9998819270227652,0.999942700736598,15.0,9.0,14.99822890534148,8.999484306629382,-0.011807297723476218,-0.005729926340203306,75.05676110320822,-0.0017710946585207665,-0.0005156933706178535
2504,sq_59_63,0.9998669097242988,0.9998819270227652,0.9999427007365982,76.0,39.0,75.99102645373016,38.99776532872733,-0.011807297723476218,-0.005729926340181102,82.76240597571021,-0.008973546269842814,-0.002234671272667299
2505,sq_59_65,0.9998669097242988,0.9998819270227662,0.999942700736598,33.0,35.0,32.996103591751286,34.99799452578093,-0.011807297723376298,-0.005729926340203306,86.07704883719046,-0.003896408248714067,-0.0020054742190680486
2506,sq_59_66,0.9998669097242988,0.9998819270227658,0.999942700736598,27.0,11.0,26.996812029614677,10.999369708102577,-0.011807297723420707,-0.005729926340203306,87.77679691863766,-0.0031879703853228136,-0.0006302918974228078
2507,sq_59_68,0.9998669097242988,0.9998819270227648,0.9999427007365976,11.0,3.0,10.998701197250412,2.999828102209793,-0.011807297723520627,-0.005729926340236613,90.94810654665334,-0.001298802749587935,-0.00017189779020698737
2508,sq_59_71,0.9998669097242988,0.9998819270227668,0.9999427007365967,20.0,5.0,19.997638540455334,4.999713503682984,-0.011807297723320787,-0.005729926340325431,96.48923234752606,-0.0023614595446659337,-0.0002864963170159385
2509,sq_59_72,0.9998669097242988,0.9998819270227656,0.9999427007365984,8.0,9.0,7.999055416182125,8.999484306629386,-0.011807297723442911,-0.005729926340158897,98.29339181289403,-0.0009445838178754329,-0.0005156933706143008
2510,sq_59_73,0.9998669097242988,0.9998819270227672,0.9999427007365974,37.0,10.0,36.99563129984239,9.999427007365973,-0.011807297723276378,-0.005729926340258817,100.33014990605237,-0.004368700157613148,-0.0005729926340265479
2511,sq_59_74,0.9998669097242988,0.999881927022766,0.9999427007365972,4.0,2.0,3.999527708091064,1.9998854014731944,-0.011807297723398502,-0.005729926340281022,102.09139403647681,-0.0004722919089359401,-0.00011459852680562044
2512,sq_59_75,0.9998669097242988,0.999881927022766,0.9999427007365974,35.0,41.0,34.99586744579681,40.99765073020049,-0.011807297723398502,-0.005729926340258817,103.85346782633802,-0.0041325542031884765,-0.002349269799509557
2513,sq_5_13,0.9998669097242988,0.9998819270227663,0.9999427007365976,239.0,77.0,238.97178055844117,76.99558795671801,-0.011807297723365195,-0.005729926340236613,86.02006543454634,-0.02821944155883216,-0.004412043281988076
2514,sq_5_40,0.9998669097242988,0.9998819270227643,0.999942700736598,2.0,4.0,1.9997638540455287,3.999770802946392,-0.011807297723565036,-0.005729926340203306,65.5422650360949,-0.0002361459544713007,-0.00022919705360813225
2515,sq_60_28,0.9998669097242988,0.9998819270227643,0.9999427007365976,1.0,1.0,0.9998819270227643,0.9999427007365976,-0.011807297723565036,-0.005729926340236613,64.00062437142047,-0.00011807297723565036,-5.729926340236613e-05
2516,sq_60_32,0.9998669097242988,0.9998819270227643,0.999942700736598,9.0,2.0,8.99893734320488,1.999885401473196,-0.011807297723565036,-0.005729926340203306,61.5887578453064,-0.0010626567951206312,-0.00011459852680406613
2517,sq_60_46,0.9998669097242988,0.999881927022765,0.9999427007365972,5.0,4.0,4.999409635113825,3.9997708029463888,-0.011807297723498422,-0.005729926340281022,63.642638235020776,-0.0005903648861753652,-0.00022919705361124088
2518,sq_60_47,0.9998669097242988,0.9998819270227652,0.9999427007365996,8.0,6.0,7.999055416182122,5.999656204419598,-0.011807297723476218,-0.005729926340036773,64.39851767333053,-0.0009445838178780974,-0.0003437955804024284
2519,sq_60_56,0.9998669097242988,0.999881927022766,0.9999427007365972,21.0,19.0,20.997520467478086,18.998911313995347,-0.011807297723398502,-0.005729926340281022,74.08558206443674,-0.0024795325219137965,-0.0010886860046532831
2520,sq_60_57,0.9998669097242988,0.9998819270227652,0.9999427007365976,15.0,19.0,14.99822890534148,18.998911313995354,-0.011807297723476218,-0.005729926340236613,75.4320984400879,-0.0017710946585207665,-0.0010886860046461777
2521,sq_60_63,0.9998669097242988,0.9998819270227672,0.9999427007365974,52.0,28.0,51.99386020518389,27.998395620624727,-0.011807297723276378,-0.005729926340258817,84.16940396926394,-0.006139794816107269,-0.001604379375272913
2522,sq_60_65,0.9998669097242988,0.9998819270227662,0.999942700736598,30.0,26.0,29.996457810682987,25.998510219151548,-0.011807297723376298,-0.005729926340203306,87.36890007736157,-0.0035421893170131113,-0.0014897808484519715
2523,sq_61_30,0.9998669097242988,0.9998819270227652,0.9999427007365989,1.0,6.0,0.9998819270227652,5.999656204419593,-0.011807297723476218,-0.005729926340114488,64.82906834204032,-0.00011807297723476218,-0.0003437955804068693
2524,sq_61_31,0.9998669097242988,0.9998819270227652,0.9999427007365992,12.0,5.0,11.998583124273182,4.999713503682996,-0.011807297723476218,-0.005729926340081182,64.28320506221357,-0.0014168757268180343,-0.00028649631700439215
2525,sq_61_38,0.9998669097242988,0.9998819270227663,0.9999427007365976,24.0,21.0,23.997166248546392,20.99879671546855,-0.011807297723365195,-0.005729926340236613,62.70290761978036,-0.002833751453607647,-0.0012032845314493557
2526,sq_61_42,0.9998669097242988,0.999881927022766,0.9999427007365972,29.0,9.0,28.996575883660213,8.999484306629375,-0.011807297723398502,-0.005729926340281022,63.61546780263989,-0.003424116339786565,-0.0005156933706249589
2527,sq_61_51,0.9998669097242988,0.9998819270227662,0.999942700736598,11.0,13.0,10.998701197250428,12.999255109575774,-0.011807297723376298,-0.005729926340203306,70.12638343926606,-0.0012988027495719479,-0.0007448904242259857
2528,sq_61_52,0.9998669097242988,0.9998819270227648,0.9999427007365984,1.0,2.0,0.9998819270227648,1.9998854014731968,-0.011807297723520627,-0.005729926340158897,71.18089628598099,-0.00011807297723520627,-0.00011459852680317795
2529,sq_62_30,0.9998669097242988,0.999881927022766,0.9999427007365972,26.0,33.0,25.996930102591918,32.99810912430771,-0.011807297723398502,-0.005729926340281022,67.02312409948001,-0.0030698974080820562,-0.0018908756922897396
2530,sq_62_31,0.9998669097242988,0.9998819270227662,0.999942700736597,8.0,14.0,7.99905541618213,13.999197810312358,-0.011807297723376298,-0.005729926340303226,66.49542865862796,-0.0009445838178701038,-0.0008021896876417856
2531,sq_62_34,0.9998669097242988,0.999881927022766,0.9999427007365976,2.0,0.0,1.999763854045532,0.0,-0.011807297723398502,-0.005729926340236613,65.36793566701851,-0.00023614595446797004,0.0
2532,sq_62_38,0.9998669097242988,0.9998819270227652,0.9999427007365986,34.0,15.0,33.99598551877402,14.99914051104898,-0.011807297723476218,-0.005729926340136693,64.96938820656791,-0.004014481225979694,-0.0008594889510202819
2533,sq_62_39,0.9998669097242988,0.9998819270227656,0.9999427007365967,5.0,6.0,4.999409635113828,5.999656204419581,-0.011807297723442911,-0.005729926340325431,65.07040188845492,-0.0005903648861718125,-0.0003437955804193038
2534,sq_62_41,0.9998669097242988,0.999881927022767,0.9999427007365972,22.0,6.0,21.997402394500874,5.999656204419583,-0.011807297723298582,-0.005729926340281022,65.51163920968136,-0.002597605499126132,-0.00034379558041663927
2535,sq_62_50,0.9998669097242988,0.9998819270227642,0.9999427007365966,1.0,0.0,0.9998819270227642,0.0,-0.011807297723576138,-0.005729926340336533,71.19165709302756,-0.00011807297723576138,0.0
2536,sq_62_51,0.9998669097242988,0.9998819270227652,0.9999427007365989,14.0,15.0,13.998346978318713,14.999140511048983,-0.011807297723476218,-0.005729926340114488,72.15794122145442,-0.0016530216812871146,-0.0008594889510167292
2537,sq_62_52,0.9998669097242988,0.9998819270227658,0.9999427007365976,3.0,4.0,2.9996457810682973,3.9997708029463905,-0.011807297723420707,-0.005729926340236613,73.18287391359468,-0.0003542189317027322,-0.00022919705360946452
2538,sq_62_53,0.9998669097242988,0.9998819270227656,0.9999427007365976,17.0,7.0,16.997992759387014,6.9995989051561835,-0.011807297723442911,-0.005729926340236613,74.2640267988072,-0.002007240612986294,-0.0004010948438164519
2539,sq_63_31,0.9998669097242988,0.999881927022765,0.9999427007365972,5.0,4.0,4.999409635113825,3.9997708029463888,-0.011807297723498422,-0.005729926340281022,68.67904573738245,-0.0005903648861753652,-0.00022919705361124088
2540,sq_63_34,0.9998669097242988,0.9998819270227643,0.9999427007365992,3.0,8.0,2.999645781068293,7.9995416058927935,-0.011807297723565036,-0.005729926340081182,67.62033992322011,-0.0003542189317071731,-0.00045839410720649454
2541,sq_63_35,0.9998669097242988,0.9998819270227643,0.9999427007365984,29.0,35.0,28.996575883660167,34.997994525780946,-0.011807297723565036,-0.005729926340158897,67.40814735940513,-0.00342411633983275,-0.0020054742190538377
2542,sq_63_36,0.9998669097242988,0.9998819270227656,0.9999427007365984,21.0,30.0,20.997520467478076,29.998281022097952,-0.011807297723442911,-0.005729926340158897,67.27296775011773,-0.0024795325219244546,-0.0017189779020476692
2543,sq_63_37,0.9998669097242988,0.9998819270227656,0.9999427007365976,17.0,8.0,16.997992759387014,7.999541605892781,-0.011807297723442911,-0.005729926340236613,67.21526506713712,-0.002007240612986294,-0.00045839410721892904
2544,sq_63_38,0.9998669097242988,0.9998819270227656,0.9999427007365976,21.0,16.0,20.997520467478076,15.999083211785562,-0.011807297723442911,-0.005729926340236613,67.23523813791613,-0.0024795325219244546,-0.0009167882144378581
2545,sq_63_41,0.9998669097242988,0.9998819270227662,0.9999427007365984,45.0,33.0,44.99468671602448,32.998109124307746,-0.011807297723376298,-0.005729926340158897,67.75918339916856,-0.005313283975517891,-0.0018908756922542125
2546,sq_63_42,0.9998669097242988,0.9998819270227656,0.9999427007365976,6.0,8.0,5.999291562136594,7.999541605892781,-0.011807297723442911,-0.005729926340236613,68.08652159388613,-0.0007084378634063526,-0.00045839410721892904
2547,sq_63_43,0.9998669097242988,0.9998819270227656,0.9999427007365972,14.0,4.0,13.998346978318718,3.9997708029463888,-0.011807297723442911,-0.005729926340281022,68.48859219082298,-0.0016530216812817855,-0.00022919705361124088
2548,sq_63_44,0.9998669097242988,0.999881927022766,0.999942700736598,41.0,12.0,40.99515900793341,11.999312408839176,-0.011807297723398502,-0.005729926340203306,68.96408765612901,-0.004840992066590388,-0.0006875911608243968
2549,sq_63_47,0.9998669097242988,0.9998819270227656,0.999942700736598,34.0,12.0,33.99598551877403,11.999312408839176,-0.011807297723442911,-0.005729926340203306,70.81518867764184,-0.004014481225972588,-0.0006875911608243968
2550,sq_63_48,0.9998669097242988,0.9998819270227648,0.9999427007365976,4.0,1.0,3.999527708091059,0.9999427007365976,-0.011807297723520627,-0.005729926340236613,71.56765820975927,-0.00047229190894082507,-5.729926340236613e-05
2551,sq_63_49,0.9998669097242988,0.9998819270227662,0.9999427007365972,13.0,10.0,12.99846505129596,9.999427007365972,-0.011807297723376298,-0.005729926340281022,72.38448385701012,-0.0015349487040392518,-0.0005729926340283242
2552,sq_64_34,0.9998669097242988,0.9998819270227642,0.9999427007365966,1.0,0.0,0.9998819270227642,0.0,-0.011807297723576138,-0.005729926340336533,69.21872020272579,-0.00011807297723576138,0.0
2553,sq_64_40,0.9998669097242988,0.9998819270227646,0.9999427007365986,9.0,10.0,8.998937343204881,9.999427007365986,-0.011807297723542831,-0.005729926340136693,69.76394239167452,-0.0010626567951188548,-0.0005729926340141134
2554,sq_64_41,0.9998669097242988,0.9998819270227646,0.999942700736598,4.0,3.0,3.9995277080910583,2.999828102209794,-0.011807297723542831,-0.005729926340203306,70.00727550520723,-0.00047229190894171325,-0.0001718977902060992
2555,sq_64_42,0.9998669097242988,0.9998819270227648,0.9999427007365976,5.0,2.0,4.999409635113824,1.9998854014731953,-0.011807297723520627,-0.005729926340236613,70.32404886714716,-0.0005903648861762534,-0.00011459852680473226
2556,sq_64_43,0.9998669097242988,0.999881927022766,0.999942700736598,37.0,22.0,36.995631299842344,21.998739416205154,-0.011807297723398502,-0.005729926340203306,70.71327505274847,-0.0043687001576557805,-0.0012605837948456156
2557,sq_64_49,0.9998669097242988,0.9998819270227662,0.9999427007365984,5.0,1.0,4.999409635113831,0.9999427007365984,-0.011807297723376298,-0.005729926340158897,74.49176290738981,-0.000590364886169148,-5.7299263401588973e-05
2558,sq_65_39,0.9998669097242988,0.9998819270227658,0.999942700736598,30.0,22.0,29.996457810682973,21.998739416205154,-0.011807297723420707,-0.005729926340203306,71.85638510098556,-0.003542189317027322,-0.0012605837948456156
2559,sq_65_40,0.9998669097242988,0.999881927022766,0.9999427007365972,16.0,6.0,15.998110832364256,5.999656204419583,-0.011807297723398502,-0.005729926340281022,72.02014121088813,-0.0018891676357437603,-0.00034379558041663927
2560,sq_65_43,0.9998669097242988,0.9998819270227652,0.999942700736598,12.0,9.0,11.998583124273182,8.999484306629382,-0.011807297723476218,-0.005729926340203306,72.9398210566287,-0.0014168757268180343,-0.0005156933706178535
2561,sq_65_46,0.9998669097242988,0.9998819270227643,0.9999427007365992,22.0,15.0,21.997402394500817,14.999140511048989,-0.011807297723565036,-0.005729926340081182,74.48144120327079,-0.0025976054991829756,-0.0008594889510114001
2562,sq_65_47,0.9998669097242988,0.9998819270227652,0.9999427007365974,16.0,9.0,15.998110832364244,8.999484306629377,-0.011807297723476218,-0.005729926340258817,75.12734957390568,-0.0018891676357561948,-0.0005156933706231825
2563,sq_66_38,0.9998669097242988,0.9998819270227646,0.999942700736598,7.0,2.0,6.999173489159352,1.999885401473196,-0.011807297723542831,-0.005729926340203306,74.0739989663452,-0.0008265108406479982,-0.00011459852680406613
2564,sq_66_39,0.9998669097242988,0.9998819270227663,0.9999427007365982,44.0,58.0,43.99480478900172,57.9966766427227,-0.011807297723365195,-0.005729926340181102,74.11748839977123,-0.005195210998280686,-0.0033233572773028186
2565,sq_66_41,0.9998669097242988,0.999881927022764,0.9999427007365989,2.0,3.0,1.999763854045528,2.9998281022097966,-0.011807297723598342,-0.005729926340114488,74.5046537366949,-0.00023614595447196685,-0.00017189779020343465
2566,sq_66_42,0.9998669097242988,0.9998819270227668,0.9999427007365976,27.0,16.0,26.996812029614702,15.999083211785562,-0.011807297723320787,-0.005729926340236613,74.80219289132158,-0.0031879703852979446,-0.0009167882144378581
2567,sq_66_43,0.9998669097242988,0.9998819270227652,0.9999427007365992,2.0,1.0,1.9997638540455305,0.9999427007365992,-0.011807297723476218,-0.005729926340081182,75.16800236964745,-0.00023614595446952436,-5.729926340081182e-05
2568,sq_66_50,0.9998669097242988,0.9998819270227642,0.9999427007365966,1.0,0.0,0.9998819270227642,0.0,-0.011807297723576138,-0.005729926340336533,79.53899943482676,-0.00011807297723576138,0.0
2569,sq_66_52,0.9998669097242988,0.999881927022764,0.9999427007365984,8.0,0.0,7.999055416182112,0.0,-0.011807297723598342,-0.005729926340158897,81.32391692232379,-0.0009445838178878674,0.0
2570,sq_67_37,0.9998669097242988,0.9998819270227658,0.9999427007365984,14.0,8.0,13.998346978318722,7.999541605892787,-0.011807297723420707,-0.005729926340158897,76.2746702161523,-0.0016530216812782328,-0.0004583941072127118
2571,sq_67_38,0.9998669097242988,0.9998819270227663,0.999942700736598,14.0,11.0,13.998346978318729,10.999369708102577,-0.011807297723365195,-0.005729926340203306,76.29222758053618,-0.0016530216812711274,-0.0006302918974228078
2572,sq_67_39,0.9998669097242988,0.9998819270227662,0.9999427007365976,19.0,10.0,18.997756613432557,9.999427007365977,-0.011807297723376298,-0.005729926340236613,76.37810997079316,-0.00224338656744294,-0.0005729926340229952
2573,sq_67_41,0.9998669097242988,0.9998819270227656,0.9999427007365982,21.0,11.0,20.997520467478076,10.99936970810258,-0.011807297723442911,-0.005729926340181102,76.75374794142658,-0.0024795325219244546,-0.0006302918974192551
2574,sq_67_42,0.9998669097242988,0.999881927022764,0.9999427007365994,3.0,1.0,2.999645781068292,0.9999427007365994,-0.011807297723598342,-0.005729926340058977,77.0425085653857,-0.0003542189317080613,-5.729926340058977e-05
2575,sq_67_44,0.9998669097242988,0.999881927022766,0.9999427007365972,6.0,5.0,5.999291562136596,4.999713503682986,-0.011807297723398502,-0.005729926340281022,77.81816542784976,-0.0007084378634036881,-0.0002864963170141621
2576,sq_67_45,0.9998669097242988,0.9998819270227658,0.9999427007365976,2.0,2.0,1.9997638540455316,1.9998854014731953,-0.011807297723420707,-0.005729926340236613,78.30309824155952,-0.00023614595446841413,-0.00011459852680473226
2577,sq_67_49,0.9998669097242988,0.9998819270227648,0.9999427007365994,15.0,7.0,14.998228905341472,6.999598905156196,-0.011807297723520627,-0.005729926340058977,80.86119996033955,-0.001771094658527872,-0.0004010948438040174
2578,sq_67_52,0.9998669097242988,0.9998819270227648,0.999942700736597,5.0,0.0,4.999409635113824,0.0,-0.011807297723520627,-0.005729926340303226,83.02275290535148,-0.0005903648861762534,0.0
2579,sq_68_36,0.9998669097242988,0.9998819270227652,0.9999427007365972,10.0,7.0,9.998819270227653,6.99959890515618,-0.011807297723476218,-0.005729926340281022,78.37111327034067,-0.0011807297723471777,-0.0004010948438200046
2580,sq_68_37,0.9998669097242988,0.9998819270227656,0.999942700736598,8.0,7.0,7.999055416182125,6.999598905156185,-0.011807297723442911,-0.005729926340203306,78.53781117320327,-0.0009445838178754329,-0.00040109484381467553
2581,sq_68_41,0.9998669097242988,0.9998819270227652,0.9999427007365972,10.0,7.0,9.998819270227653,6.99959890515618,-0.011807297723476218,-0.005729926340281022,79.00300247889182,-0.0011807297723471777,-0.0004010948438200046
2582,sq_68_44,0.9998669097242988,0.999881927022765,0.999942700736598,11.0,9.0,10.998701197250416,8.999484306629382,-0.011807297723498422,-0.005729926340203306,80.03718470623862,-0.0012988027495843824,-0.0005156933706178535
2583,sq_68_49,0.9998669097242988,0.9998819270227656,0.9999427007365986,18.0,12.0,17.99787468640978,11.999312408839184,-0.011807297723442911,-0.005729926340136693,82.99799496443744,-0.002125313590219946,-0.000687591160815515
2584,sq_69_35,0.9998669097242988,0.9998819270227656,0.999942700736598,13.0,7.0,12.998465051295952,6.999598905156185,-0.011807297723442911,-0.005729926340203306,80.94116172236242,-0.0015349487040481335,-0.00040109484381467553
2585,sq_69_36,0.9998669097242988,0.9998819270227668,0.999942700736598,39.0,23.0,38.995395153887905,22.998682116941755,-0.011807297723320787,-0.005729926340203306,80.84822086934555,-0.004604846112094663,-0.0013178830582454282
2586,sq_69_41,0.9998669097242988,0.9998819270227658,0.9999427007365976,2.0,2.0,1.9997638540455316,1.9998854014731953,-0.011807297723420707,-0.005729926340236613,81.25234645378245,-0.00023614595446841413,-0.00011459852680473226
2587,sq_69_47,0.9998669097242988,0.9998819270227656,0.9999427007365976,6.0,8.0,5.999291562136594,7.999541605892781,-0.011807297723442911,-0.005729926340236613,83.81305722321153,-0.0007084378634063526,-0.00045839410721892904
2588,sq_6_14,0.9998669097242988,0.9998819270227668,0.999942700736598,671.0,261.0,670.9207730322765,260.98504489225206,-0.011807297723320787,-0.005729926340203306,82.76429880173063,-0.07922696772345716,-0.01495510774793729
2589,sq_6_15,0.9998669097242988,0.999881927022767,0.999942700736598,354.0,91.0,353.95820216605955,90.99478576703042,-0.011807297723298582,-0.005729926340203306,81.2908768974377,-0.04179783394044989,-0.005214232969578347
2590,sq_6_18,0.9998669097242988,0.9998819270227648,0.9999427007365976,5.0,2.0,4.999409635113824,1.9998854014731953,-0.011807297723520627,-0.005729926340236613,77.84780412811318,-0.0005903648861762534,-0.00011459852680473226
2591,sq_6_21,0.9998669097242988,0.999881927022767,0.999942700736598,274.0,58.0,273.9676480042382,57.99667664272268,-0.011807297723298582,-0.005729926340203306,72.82946629402174,-0.03235199576181458,-0.0033233572773170295
2592,sq_6_23,0.9998669097242988,0.999881927022767,0.9999427007365976,513.0,244.0,512.9394285626795,243.98601897972983,-0.011807297723298582,-0.005729926340236613,70.86087188707059,-0.06057143732050463,-0.013981020270165345
2593,sq_6_24,0.9998669097242988,0.9998819270227668,0.999942700736598,500.0,280.0,499.9409635113834,279.98395620624746,-0.011807297723320787,-0.005729926340203306,69.74856358246988,-0.05903648861658439,-0.01604379375254439
2594,sq_6_27,0.9998669097242988,0.999881927022766,0.999942700736598,10.0,11.0,9.99881927022766,10.999369708102577,-0.011807297723398502,-0.005729926340203306,67.38951077970182,-0.0011807297723400723,-0.0006302918974228078
2595,sq_6_32,0.9998669097242988,0.9998819270227666,0.9999427007365984,541.0,154.0,540.9361225193168,153.99117591343617,-0.011807297723342991,-0.005729926340158897,64.22780291503241,-0.06387748068323162,-0.008824086563834044
2596,sq_6_34,0.9998669097242988,0.9998819270227656,0.999942700736598,421.0,111.0,420.9502912765843,110.99363978176237,-0.011807297723442911,-0.005729926340203306,63.52189793827141,-0.04970872341567656,-0.006360218237631443
2597,sq_6_36,0.9998669097242988,0.9998819270227652,0.9999427007365989,541.0,160.0,540.936122519316,159.9908321178558,-0.011807297723476218,-0.005729926340114488,63.14556303027315,-0.06387748068402743,-0.009167882144197392
2598,sq_6_39,0.9998669097242988,0.9998819270227652,0.9999427007365986,945.0,768.0,944.8884210365131,767.9559941657078,-0.011807297723476218,-0.005729926340136693,63.21045918173238,-0.11157896348686336,-0.04400583429219296
2599,sq_6_40,0.9998669097242988,0.999881927022766,0.9999427007365972,550.0,107.0,549.9350598625213,106.9938689788159,-0.011807297723398502,-0.005729926340281022,63.3328469266572,-0.06494013747874305,-0.006131021184103247
2600,sq_70_35,0.9998669097242988,0.9998819270227652,0.9999427007365986,22.0,13.0,21.997402394500835,12.999255109575783,-0.011807297723476218,-0.005729926340136693,83.21794547136166,-0.002597605499165212,-0.0007448904242171039
2601,sq_70_37,0.9998669097242988,0.9998819270227656,0.999942700736598,17.0,13.0,16.997992759387014,12.999255109575774,-0.011807297723442911,-0.005729926340203306,82.70169426937066,-0.002007240612986294,-0.0007448904242259857
2602,sq_70_46,0.9998669097242988,0.9998819270227668,0.9999427007365976,41.0,20.0,40.99515900793344,19.998854014731954,-0.011807297723320787,-0.005729926340236613,85.43187220951205,-0.004840992066561967,-0.0011459852680459903
2603,sq_71_34,0.9998669097242988,0.9998819270227652,0.9999427007365974,9.0,9.0,8.998937343204886,8.999484306629377,-0.011807297723476218,-0.005729926340258817,85.64195259581967,-0.0010626567951135257,-0.0005156933706231825
2604,sq_71_35,0.9998669097242988,0.9998819270227656,0.9999427007365967,5.0,6.0,4.999409635113828,5.999656204419581,-0.011807297723442911,-0.005729926340325431,85.90569384009265,-0.0005903648861718125,-0.0003437955804193038
2605,sq_71_46,0.9998669097242988,0.9998819270227652,0.9999427007365989,1.0,6.0,0.9998819270227652,5.999656204419593,-0.011807297723476218,-0.005729926340114488,87.63109147324214,-0.00011807297723476218,-0.0003437955804068693
2606,sq_73_43,0.9998669097242988,0.9998819270227656,0.9999427007365984,17.0,3.0,16.997992759387014,2.9998281022097952,-0.011807297723442911,-0.005729926340158897,90.7966086109878,-0.002007240612986294,-0.00017189779020476692
2607,sq_73_45,0.9998669097242988,0.999881927022765,0.9999427007365976,21.0,8.0,20.997520467478065,7.999541605892781,-0.011807297723498422,-0.005729926340236613,91.56823021678646,-0.0024795325219351128,-0.00045839410721892904
2608,sq_74_42,0.9998669097242988,0.999881927022765,0.999942700736598,11.0,9.0,10.998701197250416,8.999484306629382,-0.011807297723498422,-0.005729926340203306,92.43827219606442,-0.0012988027495843824,-0.0005156933706178535
2609,sq_7_11,0.9998669097242988,0.9998819270227668,0.9999427007365984,163.0,54.0,162.980754104711,53.99690583977632,-0.011807297723320787,-0.005729926340158897,85.74533937267746,-0.019245895289003556,-0.003094160223682252
2610,sq_7_40,0.9998669097242988,0.999881927022766,0.9999427007365976,204.0,81.0,203.97591311264426,80.99535875966441,-0.011807297723398502,-0.005729926340236613,60.61934190445787,-0.024086887355736053,-0.004641240335587327
2611,sq_7_41,0.9998669097242988,0.9998819270227672,0.999942700736597,246.0,51.0,245.97095404760074,50.99707773756644,-0.011807297723276378,-0.005729926340303226,60.9426978848029,-0.029045952399258113,-0.002922262433557421
2612,sq_7_44,0.9998669097242988,0.9998819270227643,0.999942700736598,2.0,4.0,1.9997638540455287,3.999770802946392,-0.011807297723565036,-0.005729926340203306,62.26074720873446,-0.0002361459544713007,-0.00022919705360813225
2613,sq_7_45,0.9998669097242988,0.9998819270227643,0.9999427007365992,3.0,8.0,2.999645781068293,7.9995416058927935,-0.011807297723565036,-0.005729926340081182,62.82177127808231,-0.0003542189317071731,-0.00045839410720649454
2614,sq_7_46,0.9998669097242988,0.9998819270227656,0.9999427007365982,13.0,34.0,12.998465051295952,33.998051825044335,-0.011807297723442911,-0.005729926340181102,63.59651272191818,-0.0015349487040481335,-0.0019481749556646832
2615,sq_8_10,0.9998669097242988,0.999881927022766,0.999942700736598,83.0,54.0,82.99019994288957,53.99690583977629,-0.011807297723398502,-0.005729926340203306,85.79292365100314,-0.009800057110425087,-0.0030941602237106736
2616,sq_8_11,0.9998669097242988,0.9998819270227656,0.9999427007365976,6.0,9.0,5.999291562136594,8.999484306629379,-0.011807297723442911,-0.005729926340236613,84.12106527281209,-0.0007084378634063526,-0.0005156933706214062
2617,sq_8_12,0.9998669097242988,0.9998819270227648,0.9999427007365974,76.0,53.0,75.99102645373013,52.996963139039664,-0.011807297723520627,-0.005729926340258817,82.47973151675632,-0.008973546269871235,-0.00303686096033573
2618,sq_8_19,0.9998669097242988,0.9998819270227663,0.9999427007365982,751.0,265.0,750.9113271940976,264.9848156951985,-0.011807297723365195,-0.005729926340181102,72.01559489046132,-0.08867280590243354,-0.015184304801493909
2619,sq_8_24,0.9998669097242988,0.9998819270227676,0.9999427007365974,805.0,566.0,804.9049512533279,565.9675686169141,-0.011807297723243071,-0.005729926340258817,65.95593295404743,-0.09504874667209151,-0.03243138308585003
2620,sq_8_30,0.9998669097242988,0.9998819270227663,0.999942700736598,334.0,148.0,333.960563625604,147.9915197090165,-0.011807297723365195,-0.005729926340203306,60.80662909614287,-0.039436374396018437,-0.008480290983499117
2621,sq_8_32,0.9998669097242988,0.9998819270227668,0.999942700736598,2368.0,2465.0,2367.720403189912,2464.858757315714,-0.011807297723320787,-0.005729926340203306,59.706277919999685,-0.27959681008815096,-0.141242684286226
2622,sq_8_40,0.9998669097242988,0.999881927022767,0.9999427007365972,910.0,1235.0,909.892553590718,1234.9292354096976,-0.011807297723298582,-0.005729926340281022,58.815429591855604,-0.10744640928203353,-0.07076459030236038
2623,sq_8_41,0.9998669097242988,0.9998819270227663,0.999942700736598,31.0,88.0,30.996339737705757,87.99495766482062,-0.011807297723365195,-0.005729926340203306,59.1087956273393,-0.0036602622942432106,-0.005042335179382462
2624,sq_8_42,0.9998669097242988,0.999881927022766,0.999942700736598,586.0,133.0,585.9308092353409,132.99237919796752,-0.011807297723398502,-0.005729926340203306,59.369083874300465,-0.06919076465908347,-0.007620802032477059
2625,sq_8_43,0.9998669097242988,0.999881927022767,0.9999427007365976,290.0,145.0,289.96575883660245,144.99169160680665,-0.011807297723298582,-0.005729926340236613,59.46718873038558,-0.03424116339755301,-0.008308393193345864
2626,sq_8_52,0.9998669097242988,0.9998819270227642,0.9999427007365992,76.0,15.0,75.99102645373009,14.999140511048989,-0.011807297723576138,-0.005729926340081182,67.15288754483522,-0.008973546269913868,-0.0008594889510114001
2627,sq_8_6,0.9998669097242988,0.999881927022766,0.9999427007365976,36.0,20.0,35.995749372819574,19.998854014731954,-0.011807297723398502,-0.005729926340236613,92.75216818913623,-0.004250627180425681,-0.0011459852680459903
2628,sq_9_10,0.9998669097242988,0.9998819270227662,0.9999427007365972,38.0,4.0,37.995513226865114,3.9997708029463888,-0.011807297723376298,-0.005729926340281022,84.23257884823204,-0.00448677313488588,-0.00022919705361124088
2629,sq_9_11,0.9998669097242988,0.9998819270227656,0.9999427007365984,79.0,37.0,78.99067223479848,36.99787992725414,-0.011807297723442911,-0.005729926340158897,82.52964181180435,-0.0093277652015189,-0.0021200727458605684
2630,sq_9_12,0.9998669097242988,0.9998819270227648,0.9999427007365976,28.0,16.0,27.996693956637415,15.999083211785562,-0.011807297723520627,-0.005729926340236613,80.85652489727745,-0.0033060433625848873,-0.0009167882144378581
2631,sq_9_13,0.9998669097242988,0.9998819270227652,0.9999427007365976,7.0,5.0,6.999173489159356,4.9997135036829885,-0.011807297723476218,-0.005729926340236613,79.21511632893541,-0.0008265108406435573,-0.0002864963170114976
2632,sq_9_17,0.9998669097242988,0.999881927022767,0.9999427007365972,259.0,96.0,258.96941909889665,95.99449927071333,-0.011807297723298582,-0.005729926340281022,73.00870344496148,-0.03058090110334888,-0.005500729286666228
2633,sq_9_19,0.9998669097242988,0.999881927022767,0.9999427007365976,922.0,343.0,921.8911367149911,342.980346352653,-0.011807297723298582,-0.005729926340236613,70.15419425339658,-0.10886328500885156,-0.019653647347013248
2634,sq_9_21,0.9998669097242988,0.9998819270227662,0.999942700736598,449.0,140.0,448.94698523322205,139.99197810312373,-0.011807297723376298,-0.005729926340203306,67.49393063201649,-0.05301476677794881,-0.008021896876272194
2635,sq_9_34,0.9998669097242988,0.9998819270227672,0.9999427007365976,423.0,435.0,422.9500551306305,434.97507482042,-0.011807297723276378,-0.005729926340236613,56.66225474933665,-0.04994486936948306,-0.02492517958000917
2636,sq_9_35,0.9998669097242988,0.9998819270227668,0.999942700736598,1254.0,512.0,1253.8519364865494,511.97066277713816,-0.011807297723320787,-0.005729926340203306,56.40471113658382,-0.1480635134505519,-0.029337222861840928
2637,sq_9_37,0.9998669097242988,0.9998819270227672,0.9999427007365972,1054.0,309.0,1053.8755510819967,308.98229452760853,-0.011807297723276378,-0.005729926340281022,56.170322462548995,-0.1244489180032815,-0.017705472391469357
2638,sq_9_38,0.9998669097242988,0.9998819270227662,0.999942700736598,500.0,97.0,499.94096351138313,96.99444197145,-0.011807297723376298,-0.005729926340203306,56.19464654450984,-0.05903648861686861,-0.005558028549998539
2639,sq_9_4,0.9998669097242988,0.9998819270227666,0.999942700736598,159.0,87.0,158.9812263966199,86.99501496408402,-0.011807297723342991,-0.005729926340203306,94.98474796502015,-0.01877360338011158,-0.004985035915979097
2640,sq_9_5,0.9998669097242988,0.999881927022766,0.9999427007365972,145.0,123.0,144.98287941830108,122.99295219060146,-0.011807297723398502,-0.005729926340281022,93.13637184477635,-0.017120581698918613,-0.007047809398542881
2641,sq_9_6,0.9998669097242988,0.9998819270227668,0.999942700736598,574.0,893.0,573.9322261110682,892.9488317577819,-0.011807297723320787,-0.005729926340203306,91.30875049583342,-0.06777388893181069,-0.05116824221806837
2642,sq_12_3,0.9998669097242988,0.999881927022763,0.999942700736601,0.0,3.0,0.0,2.999828102209803,-0.011807297723698262,-0.005729926339903546,92.98686003781137,0.0,-0.0001718977901972174
2643,sq_20_15,0.9998669097242988,0.9998819270227628,0.9999427007365992,0.0,25.0,0.0,24.99856751841498,-0.011807297723720467,-0.005729926340081182,59.75682615866917,0.0,-0.0014324815850201844
2644,sq_20_16,0.9998669097242988,0.999881927022763,0.9999427007365992,0.0,1.0,0.0,0.9999427007365992,-0.011807297723698262,-0.005729926340081182,57.79939350211823,0.0,-5.729926340081182e-05
2645,sq_12_13,0.9998669097242988,0.999881927022763,0.999942700736601,0.0,3.0,0.0,2.999828102209803,-0.011807297723698262,-0.005729926339903546,74.45791553323836,0.0,-0.0001718977901972174
2646,sq_13_55,0.9998669097242988,0.9998819270227628,0.9999427007365992,0.0,2.0,0.0,1.9998854014731984,-0.011807297723720467,-0.005729926340081182,61.04353084295133,0.0,-0.00011459852680162363
2647,sq_15_11,0.9998669097242988,0.999881927022763,0.999942700736601,0.0,3.0,0.0,2.999828102209803,-0.011807297723698262,-0.005729926339903546,73.78343718277829,0.0,-0.0001718977901972174
2648,sq_14_15,0.9998669097242988,0.999881927022763,0.9999427007365992,0.0,1.0,0.0,0.9999427007365992,-0.011807297723698262,-0.005729926340081182,67.94892265405758,0.0,-5.729926340081182e-05
2649,sq_17_12,0.9998669097242988,0.999881927022763,0.9999427007365992,0.0,1.0,0.0,0.9999427007365992,-0.011807297723698262,-0.005729926340081182,69.2873405369337,0.0,-5.729926340081182e-05
2650,sq_20_8,0.9998669097242988,0.9998819270227628,0.9999427007365992,0.0,2.0,0.0,1.9998854014731984,-0.011807297723720467,-0.005729926340081182,74.01376704876203,0.0,-0.00011459852680162363
2651,sq_25_2,0.9998669097242988,0.999881927022763,0.999942700736601,0.0,3.0,0.0,2.999828102209803,-0.011807297723698262,-0.005729926339903546,83.30054289374164,0.0,-0.0001718977901972174
2652,sq_22_20,0.9998669097242988,0.9998819270227628,0.999942700736598,0.0,5.0,0.0,4.99971350368299,-0.011807297723720467,-0.005729926340203306,47.56964401801512,0.0,-0.0002864963170097212
2653,sq_39_38,0.9998669097242988,0.9998819270227606,0.999942700736599,0.0,4.0,0.0,3.999770802946396,-0.011807297723942511,-0.005729926340103386,12.743220871404063,0.0,-0.00022919705360413545
2654,sq_25_12,0.9998669097242988,0.9998819270227628,0.9999427007365992,0.0,2.0,0.0,1.9998854014731984,-0.011807297723720467,-0.005729926340081182,61.17938736723485,0.0,-0.00011459852680162363
2655,sq_26_4,0.9998669097242988,0.9998819270227628,0.9999427007365992,0.0,2.0,0.0,1.9998854014731984,-0.011807297723720467,-0.005729926340081182,78.29265302369122,0.0,-0.00011459852680162363
2656,sq_26_9,0.9998669097242988,0.9998819270227616,0.9999427007365996,0.0,14.0,0.0,13.999197810312396,-0.011807297723842591,-0.005729926340036773,67.12507595962852,0.0,-0.0008021896876044821
2657,sq_24_23,0.9998669097242988,0.999881927022763,0.999942700736601,0.0,3.0,0.0,2.999828102209803,-0.011807297723698262,-0.005729926339903546,39.27626119461109,0.0,-0.0001718977901972174
2658,sq_23_13,0.9998669097242988,0.999881927022763,0.9999427007365992,0.0,1.0,0.0,0.9999427007365992,-0.011807297723698262,-0.005729926340081182,60.68221972714075,0.0,-5.729926340081182e-05
2659,sq_28_7,0.9998669097242988,0.999881927022763,0.9999427007365992,0.0,1.0,0.0,0.9999427007365992,-0.011807297723698262,-0.005729926340081182,70.60401022553823,0.0,-5.729926340081182e-05
2660,sq_28_8,0.9998669097242988,0.9998819270227628,0.9999427007365992,0.0,2.0,0.0,1.9998854014731984,-0.011807297723720467,-0.005729926340081182,68.34392284594269,0.0,-0.00011459852680162363
2661,sq_21_51,0.9998669097242988,0.999881927022763,0.9999427007365992,0.0,1.0,0.0,0.9999427007365992,-0.011807297723698262,-0.005729926340081182,42.85231740577991,0.0,-5.729926340081182e-05
2662,sq_18_5,0.9998669097242988,0.999881927022763,0.9999427007365992,0.0,1.0,0.0,0.9999427007365992,-0.011807297723698262,-0.005729926340081182,82.18985604652927,0.0,-5.729926340081182e-05
2663,sq_23_11,0.9998669097242988,0.999881927022763,0.9999427007365992,0.0,1.0,0.0,0.9999427007365992,-0.011807297723698262,-0.005729926340081182,64.93197605153183,0.0,-5.729926340081182e-05
2664,sq_50_48,0.9998669097242988,0.999881927022763,0.9999427007365992,0.0,1.0,0.0,0.9999427007365992,-0.011807297723698262,-0.005729926340081182,45.0286596116515,0.0,-5.729926340081182e-05
2665,sq_17_56,0.9998669097242988,0.9998819270227628,0.9999427007365992,0.0,2.0,0.0,1.9998854014731984,-0.011807297723720467,-0.005729926340081182,56.80651928549687,0.0,-0.00011459852680162363
2666,sq_27_50,0.9998669097242988,0.9998819270227596,0.9999427007366,0.0,8.0,0.0,7.9995416058928,-0.011807297724042431,-0.005729926340003466,32.07594062532301,0.0,-0.0004583941072002773
2667,sq_25_13,0.9998669097242988,0.9998819270227606,0.999942700736599,0.0,4.0,0.0,3.999770802946396,-0.011807297723942511,-0.005729926340103386,59.00380796846038,0.0,-0.00022919705360413545
2668,sq_42_21,0.9998669097242988,0.999881927022762,0.9999427007365984,0.0,10.0,0.0,9.999427007365984,-0.011807297723798182,-0.005729926340158897,42.0198941892315,0.0,-0.0005729926340158897
2669,sq_28_6,0.9998669097242988,0.999881927022763,0.999942700736601,0.0,3.0,0.0,2.999828102209803,-0.011807297723698262,-0.005729926339903546,72.86646798038106,0.0,-0.0001718977901972174
2670,sq_27_2,0.9998669097242988,0.999881927022763,0.9999427007365992,0.0,1.0,0.0,0.9999427007365992,-0.011807297723698262,-0.005729926340081182,82.32954582298456,0.0,-5.729926340081182e-05
2671,sq_29_19,0.9998669097242988,0.999881927022763,0.9999427007365992,0.0,1.0,0.0,0.9999427007365992,-0.011807297723698262,-0.005729926340081182,43.13745144741764,0.0,-5.729926340081182e-05
2672,sq_28_53,0.9998669097242988,0.999881927022763,0.9999427007365992,0.0,1.0,0.0,0.9999427007365992,-0.011807297723698262,-0.005729926340081182,38.60644116506782,0.0,-5.729926340081182e-05
2673,sq_31_64,0.9998669097242988,0.999881927022763,0.9999427007365992,0.0,1.0,0.0,0.9999427007365992,-0.011807297723698262,-0.005729926340081182,61.70707002768602,0.0,-5.729926340081182e-05
2674,sq_39_66,0.9998669097242988,0.999881927022763,0.999942700736601,0.0,3.0,0.0,2.999828102209803,-0.011807297723698262,-0.005729926339903546,67.15699176368351,0.0,-0.0001718977901972174
2675,sq_33_13,0.9998669097242988,0.999881927022763,0.9999427007365992,0.0,1.0,0.0,0.9999427007365992,-0.011807297723698262,-0.005729926340081182,55.66566072706823,0.0,-5.729926340081182e-05
2676,sq_38_22,0.9998669097242988,0.9998819270227606,0.999942700736599,0.0,4.0,0.0,3.999770802946396,-0.011807297723942511,-0.005729926340103386,36.46264071346422,0.0,-0.00022919705360413545
2677,sq_37_19,0.9998669097242988,0.999881927022763,0.9999427007365992,0.0,1.0,0.0,0.9999427007365992,-0.011807297723698262,-0.005729926340081182,42.62273123382674,0.0,-5.729926340081182e-05
2678,sq_38_69,0.9998669097242988,0.9998819270227628,0.9999427007365992,0.0,2.0,0.0,1.9998854014731984,-0.011807297723720467,-0.005729926340081182,73.58183285884527,0.0,-0.00011459852680162363
2679,sq_39_68,0.9998669097242988,0.9998819270227606,0.999942700736599,0.0,4.0,0.0,3.999770802946396,-0.011807297723942511,-0.005729926340103386,71.66756239367446,0.0,-0.00022919705360413545
2680,sq_40_33,0.9998669097242988,0.9998819270227606,0.999942700736599,0.0,4.0,0.0,3.999770802946396,-0.011807297723942511,-0.005729926340103386,17.79980204378804,0.0,-0.00022919705360413545
2681,sq_38_23,0.9998669097242988,0.999881927022763,0.9999427007365992,0.0,1.0,0.0,0.9999427007365992,-0.011807297723698262,-0.005729926340081182,34.26888843365995,0.0,-5.729926340081182e-05
2682,sq_42_37,0.9998669097242988,0.999881927022763,0.9999427007365992,0.0,1.0,0.0,0.9999427007365992,-0.011807297723698262,-0.005729926340081182,19.477142984533007,0.0,-5.729926340081182e-05
2683,sq_40_27,0.9998669097242988,0.9998819270227628,0.9999427007365992,0.0,2.0,0.0,1.9998854014731984,-0.011807297723720467,-0.005729926340081182,27.818860195544126,0.0,-0.00011459852680162363
2684,sq_41_66,0.9998669097242988,0.999881927022763,0.9999427007365992,0.0,1.0,0.0,0.9999427007365992,-0.011807297723698262,-0.005729926340081182,68.14316977260371,0.0,-5.729926340081182e-05
2685,sq_40_69,0.9998669097242988,0.999881927022763,0.9999427007365992,0.0,1.0,0.0,0.9999427007365992,-0.011807297723698262,-0.005729926340081182,73.69136950849125,0.0,-5.729926340081182e-05
2686,sq_68_39,0.9998669097242988,0.999881927022763,0.999942700736601,0.0,3.0,0.0,2.999828102209803,-0.011807297723698262,-0.005729926339903546,78.63823185448999,0.0,-0.0001718977901972174
2687,sq_43_61,0.9998669097242988,0.999881927022763,0.999942700736601,0.0,3.0,0.0,2.999828102209803,-0.011807297723698262,-0.005729926339903546,58.64136918620765,0.0,-0.0001718977901972174
2688,sq_43_38,0.9998669097242988,0.999881927022763,0.9999427007365992,0.0,1.0,0.0,0.9999427007365992,-0.011807297723698262,-0.005729926340081182,21.818942463241967,0.0,-5.729926340081182e-05
2689,sq_44_24,0.9998669097242988,0.9998819270227628,0.9999427007365992,0.0,2.0,0.0,1.9998854014731984,-0.011807297723720467,-0.005729926340081182,38.71092679733621,0.0,-0.00011459852680162363
2690,sq_52_17,0.9998669097242988,0.999881927022763,0.999942700736601,0.0,3.0,0.0,2.999828102209803,-0.011807297723698262,-0.005729926339903546,62.70342603810789,0.0,-0.0001718977901972174
2691,sq_53_48,0.9998669097242988,0.999881927022763,0.999942700736601,0.0,3.0,0.0,2.999828102209803,-0.011807297723698262,-0.005729926339903546,50.87131888800333,0.0,-0.0001718977901972174
2692,sq_56_47,0.9998669097242988,0.999881927022763,0.9999427007365992,0.0,1.0,0.0,0.9999427007365992,-0.011807297723698262,-0.005729926340081182,55.97579879381875,0.0,-5.729926340081182e-05
2693,sq_58_56,0.9998669097242988,0.9998819270227628,0.9999427007365992,0.0,2.0,0.0,1.9998854014731984,-0.011807297723720467,-0.005729926340081182,70.44220940422099,0.0,-0.00011459852680162363
2694,sq_58_57,0.9998669097242988,0.999881927022763,0.9999427007365992,0.0,1.0,0.0,0.9999427007365992,-0.011807297723698262,-0.005729926340081182,71.8578873518365,0.0,-5.729926340081182e-05
2695,sq_59_48,0.9998669097242988,0.9998819270227606,0.999942700736599,0.0,4.0,0.0,3.999770802946396,-0.011807297723942511,-0.005729926340103386,63.13189258208222,0.0,-0.00022919705360413545
2696,sq_45_22,0.9998669097242988,0.999881927022763,0.9999427007365992,0.0,1.0,0.0,0.9999427007365992,-0.011807297723698262,-0.005729926340081182,43.72824671394941,0.0,-5.729926340081182e-05
2697,sq_44_28,0.9998669097242988,0.999881927022763,0.9999427007365992,0.0,1.0,0.0,0.9999427007365992,-0.011807297723698262,-0.005729926340081182,32.03259670869992,0.0,-5.729926340081182e-05
2698,sq_52_12,0.9998669097242988,0.9998819270227608,0.9999427007365994,0.0,7.0,0.0,6.999598905156196,-0.011807297723920307,-0.005729926340058977,71.4636424067198,0.0,-0.0004010948438040174
2699,sq_49_60,0.9998669097242988,0.999881927022763,0.9999427007365992,0.0,1.0,0.0,0.9999427007365992,-0.011807297723698262,-0.005729926340081182,63.014123437416664,0.0,-5.729926340081182e-05
2700,sq_49_50,0.9998669097242988,0.999881927022763,0.9999427007365992,0.0,1.0,0.0,0.9999427007365992,-0.011807297723698262,-0.005729926340081182,45.91373715337709,0.0,-5.729926340081182e-05
2701,sq_49_66,0.9998669097242988,0.9998819270227606,0.999942700736599,0.0,4.0,0.0,3.999770802946396,-0.011807297723942511,-0.005729926340103386,74.6625367942813,0.0,-0.00022919705360413545
2702,sq_51_16,0.9998669097242988,0.999881927022763,0.9999427007365992,0.0,1.0,0.0,0.9999427007365992,-0.011807297723698262,-0.005729926340081182,62.95136672363566,0.0,-5.729926340081182e-05
2703,sq_54_14,0.9998669097242988,0.999881927022765,0.9999427007365989,0.0,6.0,0.0,5.999656204419593,-0.011807297723498422,-0.005729926340114488,70.50731462462298,0.0,-0.0003437955804068693
2704,sq_50_37,0.9998669097242988,0.9998819270227628,0.9999427007365992,0.0,2.0,0.0,1.9998854014731984,-0.011807297723720467,-0.005729926340081182,37.69712967360391,0.0,-0.00011459852680162363
2705,sq_54_50,0.9998669097242988,0.999881927022763,0.9999427007365992,0.0,1.0,0.0,0.9999427007365992,-0.011807297723698262,-0.005729926340081182,55.14992426365414,0.0,-5.729926340081182e-05
2706,sq_53_50,0.9998669097242988,0.999881927022763,0.9999427007365992,0.0,1.0,0.0,0.9999427007365992,-0.011807297723698262,-0.005729926340081182,53.23777325920441,0.0,-5.729926340081182e-05
2707,sq_53_65,0.9998669097242988,0.999881927022763,0.9999427007365992,0.0,1.0,0.0,0.9999427007365992,-0.011807297723698262,-0.005729926340081182,77.57440990731678,0.0,-5.729926340081182e-05
2708,sq_55_36,0.9998669097242988,0.999881927022763,0.9999427007365992,0.0,1.0,0.0,0.9999427007365992,-0.011807297723698262,-0.005729926340081182,49.1429013334751,0.0,-5.729926340081182e-05
2709,sq_57_63,0.9998669097242988,0.999881927022763,0.9999427007365992,0.0,1.0,0.0,0.9999427007365992,-0.011807297723698262,-0.005729926340081182,79.65227326047604,0.0,-5.729926340081182e-05
2710,sq_57_73,0.9998669097242988,0.9998819270227628,0.9999427007365992,0.0,2.0,0.0,1.9998854014731984,-0.011807297723720467,-0.005729926340081182,97.79041664553615,0.0,-0.00011459852680162363
2711,sq_59_61,0.9998669097242988,0.999881927022763,0.9999427007365992,0.0,1.0,0.0,0.9999427007365992,-0.011807297723698262,-0.005729926340081182,79.57263216625832,0.0,-5.729926340081182e-05
2712,sq_59_38,0.9998669097242988,0.999881927022763,0.9999427007365992,0.0,1.0,0.0,0.9999427007365992,-0.011807297723698262,-0.005729926340081182,58.168081623265955,0.0,-5.729926340081182e-05
2713,sq_60_62,0.9998669097242988,0.999881927022763,0.9999427007365992,0.0,1.0,0.0,0.9999427007365992,-0.011807297723698262,-0.005729926340081182,82.70437770651938,0.0,-5.729926340081182e-05
2714,sq_62_42,0.9998669097242988,0.9998819270227628,0.9999427007365992,0.0,2.0,0.0,1.9998854014731984,-0.011807297723720467,-0.005729926340081182,65.85025891804493,0.0,-0.00011459852680162363
2715,sq_62_47,0.9998669097242988,0.999881927022763,0.9999427007365992,0.0,1.0,0.0,0.9999427007365992,-0.011807297723698262,-0.005729926340081182,68.66870952926686,0.0,-5.729926340081182e-05
2716,sq_66_45,0.9998669097242988,0.999881927022763,0.999942700736601,0.0,3.0,0.0,2.999828102209803,-0.011807297723698262,-0.005729926339903546,76.10030903841165,0.0,-0.0001718977901972174
2717,sq_69_46,0.9998669097242988,0.999881927022763,0.9999427007365992,0.0,1.0,0.0,0.9999427007365992,-0.011807297723698262,-0.005729926340081182,83.23530140464806,0.0,-5.729926340081182e-05
2718,sq_6_13,0.9998669097242988,0.999881927022765,0.9999427007365989,0.0,6.0,0.0,5.999656204419593,-0.011807297723498422,-0.005729926340114488,84.275038280644,0.0,-0.0003437955804068693
2719,sq_73_38,0.9998669097242988,0.9998819270227606,0.999942700736599,0.0,4.0,0.0,3.999770802946396,-0.011807297723942511,-0.005729926340103386,89.71912771975518,0.0,-0.00022919705360413545
2720,sq_16_9,0.9998669097242988,0.999881927022763,0.9999427007365992,0.0,1.0,0.0,0.9999427007365992,-0.011807297723698262,-0.005729926340081182,76.3594501556641,0.0,-5.729926340081182e-05
2721,sq_7_42,0.9998669097242988,0.999881927022763,0.9999427007365992,0.0,1.0,0.0,0.9999427007365992,-0.011807297723698262,-0.005729926340081182,60.82350076141104,0.0,-5.729926340081182e-05
2722,sq_9_52,0.9998669097242988,0.9998819270227628,0.9999427007365992,0.0,2.0,0.0,1.9998854014731984,-0.011807297723720467,-0.005729926340081182,64.9947524344897,0.0,-0.00011459852680162363
2723,sq_8_5,0.9998669097242988,0.999881927022763,0.9999427007365992,0.0,1.0,0.0,0.9999427007365992,-0.011807297723698262,-0.005729926340081182,94.54428935344635,0.0,-5.729926340081182e-05
